RelationshipId,ParentAsset,ChildAsset,RelationshipType,Start,End,CreatedByLine,ClosedByLine
62047f50-6f92-5ca0-aaeb-8d703b5f003b,DL-BE-30001,GEO-BG-30000,Kit,2006-12-18T19:39:14Z,2007-11-06T21:51:37Z,89ea3f17-1d77-577c-b8b5-bee259189de3,c3de1cd5-7c09-5370-8aca-1088cfef12ca
04486324-57cc-5b66-91be-43bc36268ba0,DL-BE-30003,GEO-BG-30002,Kit,2007-04-30T13:28:25Z,2007-05-29T21:07:33Z,ab00603c-2928-57e2-96ee-4f6f9ec58634,cbeb9032-386e-5143-8661-9efb775106d1
755a8fa4-6c7d-56ec-b537-70f06f4cb666,DL-BE-30000,GEO-BG-30001,Kit,2007-05-07T12:18:52Z,2007-05-31T20:56:57Z,d4b36946-e4b9-52af-8ed1-6964287f24fb,1f87da16-345a-5a6e-b800-808363fea8c9
4bc28fa3-dc81-5934-a39b-dd18459d4f27,DL-BE-30003,GEO-BG-30002,Kit,2007-06-04T13:39:30Z,2007-06-12T17:52:34Z,9e728348-afaf-5ed7-82ba-d52d7ad517f6,55405ddd-4ad8-53f5-9f4b-ba1ed4451364
79589990-be95-5cdf-981a-d023550b73fe,DL-BE-30000,GEO-BG-30001,Kit,2007-08-07T19:53:06Z,2007-10-14T19:51:06Z,87b3bb00-87a6-5018-939e-99456a643317,59ba4482-91b9-5d8c-bf9e-a9c8d28ea3a7
1b6659ed-9525-5194-a45c-80cd4fde377b,DL-BE-30003,GEO-BG-30002,Kit,2007-08-07T19:26:41Z,2008-01-25T19:04:35Z,976e6a7a-9d73-5c16-ad8d-585c7267b19d,eaa4a35d-6e92-5aaa-ad7c-e61c15b0f7df
b47659b4-81c4-5181-8ad1-bd80a978cc36,DL-BE-30006,GEO-BG-30004,Kit,2007-09-11T19:46:26Z,2007-10-09T19:09:06Z,963a719a-35e9-5456-9a4a-781399ed66c2,d4400e57-99ac-58f0-bf45-15da4eea6b52
3be15b1e-ed39-5d63-ab58-5d932185b43a,DL-BE-30006,GEO-BG-30004,Kit,2007-10-18T16:49:17Z,2007-12-31T22:29:20Z,a7b61388-da4f-51d2-b412-b04995a9167c,fe41d4f8-15b8-5c2c-b72f-7680bcd5fd66
7b421fda-c854-58d8-acd6-f65b357f97f6,DL-BE-30000,GEO-BG-30001,Kit,2007-10-22T17:26:09Z,2008-03-03T18:25:42Z,6c259b6a-66ef-50b6-881d-f9b4b8e1df92,e68c2817-72a8-5040-8964-57ca67d49c9e
83c17b20-1885-59fc-8475-a1e8c41f3bc6,DL-BE-30007,GEO-BG-30005,Kit,2008-01-02T13:36:42Z,2008-09-19T18:48:17Z,8f675743-2f02-542b-9811-c014772df321,31f34ae1-c7db-5454-8676-0eb6bea24e99
2bb2a20f-fa04-5442-9424-054fb691f6e0,DL-BE-30006,GEO-BG-30004,Kit,2008-01-24T15:47:55Z,2008-02-12T18:46:11Z,6d2d1429-c1e8-590c-8a7b-c4d30197611a,916a028a-ef2e-5ee6-b4c2-f240d1a47866
014f3f78-b96c-5c00-a057-7e31d77d51db,DL-BE-30001,GEO-BG-30000,Kit,2008-02-19T20:13:02Z,2008-06-12T17:42:50Z,8c337684-0269-5aab-89c0-dda723558ea1,5ece4087-c0ba-5b93-a07d-23f33bf1394f
e9acdb26-26cf-5ba0-8915-b067a608665d,DL-BE-30006,GEO-BG-30004,Kit,2008-03-03T22:52:12Z,2008-07-07T20:14:13Z,59aec6ee-af0c-5921-9c07-86382f6e77c7,80bef9fc-65e2-5e20-a02c-e6e5cae80279
98f6578f-86fd-5cef-a1c2-2f1655ab1701,DL-BE-30002,GEO-BG-30003,Kit,2008-03-04T16:34:20Z,2008-03-17T19:49:32Z,86da3e4f-8db7-54d3-b969-45bb103507bc,8b89e61c-3d8f-5faa-99c4-d6912b66b0ee
93332beb-7355-5302-8c5b-afecfe3f856b,DL-BE-30000,GEO-BG-30001,Kit,2008-03-13T20:29:38Z,2008-08-18T18:31:05Z,5568a476-3e19-5f57-9c0f-aeeb9cbff562,acd5d57b-8cbc-58f0-b1c6-5e03e5bd54fa
e6a94120-838c-5b39-a579-d34bf55b5242,DL-BE-30003,GEO-BG-30002,Kit,2008-03-21T20:52:52Z,2008-08-18T21:41:15Z,59df6606-de0f-503a-a0ef-087a5f0d8d5f,f7f46b2c-a8e0-5e75-814e-3a7cf6a71076
75078356-31f6-53f4-8488-ad5a2e009e63,TMP-5001,GEO-BG-30006,Kit,2008-04-25T19:56:39Z,2009-08-24T18:13:11Z,8ef204e6-fd8c-5e8c-a5a5-e800aacb8ff4,97a7db9c-0cc8-58fb-b164-839f8424360f
7de5c4f2-191f-5344-9d55-a03c67eadca4,DL-BE-30001,GEO-BG-30000,Kit,2008-07-23T13:29:43Z,2008-10-20T17:24:17Z,db18e13c-9d37-5e1c-8e51-36788179b7a6,86788c44-fe57-5b25-9a48-14dd284e41af
908d64f5-b2c5-5ae3-8f75-137d1b0d0242,DL-BE-30006,GEO-BG-30004,Kit,2008-08-26T18:29:32Z,2008-11-04T19:13:42Z,e6cd306b-e152-58b7-808a-295068015014,94350ba0-f8b1-57bb-92b9-31abbe4d32bb
3184574d-22b2-5f49-b762-1b51ac51ff3c,DL-BE-30000,GEO-BG-30001,Kit,2008-09-04T18:52:13Z,2008-12-15T18:35:17Z,55cb92bf-32c0-5669-a2a3-5016057b634a,3ac4672d-332b-5658-9268-336ebde09376
01a7e6f2-f39c-5992-8e02-cc9cd9aafa3c,DL-BE-30003,GEO-BG-30002,Kit,2008-10-01T21:37:12Z,2008-10-29T19:28:59Z,adec9ffc-52c1-528d-b8cb-01aa3e711dda,2aa01e09-9583-541e-a35a-69c8b1d2b736
be6174a0-05e2-5d59-aae9-6fa131cf1127,DL-BE-30007,GEO-BG-30005,Kit,2008-10-23T19:32:02Z,2008-11-24T20:53:40Z,e9292944-6804-5c87-b34b-2a9b2664a197,ccca8e0a-4791-5946-9a37-4c9c544145d6
979240ec-1beb-5ae9-b04d-cc18c21488b6,DL-BE-30003,GEO-BG-30002,Kit,2008-11-21T18:01:22Z,2009-01-09T22:12:29Z,1e1bb1da-77cc-5180-b5a1-c399eb95d334,f0139350-dd83-5518-a659-6899a154eb4d
b73948fd-b26d-5cf0-92e8-27f6ce903e19,DL-BE-30000,GEO-BG-30001,Kit,2008-12-29T11:07:35Z,2009-03-01T22:32:10Z,b39525cd-2a05-5c5e-ab97-a01fe3957b36,d41f018a-0a5b-515e-b147-0f41c9546cfd
8f0ff086-0a85-55ca-af08-b6f6bccf3de0,DL-BE-30007,GEO-BG-30005,Kit,2009-01-12T20:20:51Z,2009-05-13T17:39:25Z,6ad3a775-d517-5042-8b9c-c0d1cd43d426,5ae67f3d-463a-552d-9458-6ece54013c63
5fd255dd-d0ce-5dd4-8700-612bdfbae9b5,DL-BE-30006,GEO-BG-30004,Kit,2009-01-15T20:01:00Z,2009-09-04T18:57:13Z,87d9deb4-8dfc-563e-b187-7c8209d41c4a,e2f8e4ea-f2fa-5748-8b9c-d8b966a61020
7ca7d380-96f5-5744-b71a-dd951ab19b8d,DL-BE-30003,GEO-BG-30002,Kit,2009-01-19T17:58:14Z,2009-05-27T19:10:34Z,01cea343-4c7a-541e-859b-0a39136f631d,19f717da-650c-5f3f-831a-cf25b4e4cd0f
d765c50b-5351-54ad-8d17-b1923f0e5602,DL-BE-30000,GEO-BG-30001,Kit,2009-03-18T15:07:31Z,2009-06-29T17:11:37Z,3e271da2-c3a5-5352-9de6-93e0fad8fdd2,ea048136-8d1e-5822-801d-27ae8aa970cf
93fe998b-44c1-5608-a1bc-32598f6835d1,DL-BE-30001,GEO-BG-30000,Kit,2009-04-10T12:20:32Z,2009-05-21T17:48:12Z,04cc3527-f180-519c-a9aa-85e8ac96411e,9cc95736-1324-5dc9-a61d-eb9f356288b8
62168b6d-32a1-5a73-8f92-0ca15220c473,DL-BE-30008,GEO-BG-30009,Kit,2009-05-06T14:11:28Z,2009-05-14T17:03:53Z,b4609ebb-6003-59bf-83a0-f04d34a0ea77,1024b55d-e1f7-5be6-8605-ae69f05274b1
979c1036-4a13-548a-8074-cc4a9b2990c4,DL-BE-30005,GEO-BG-30007,Kit,2009-06-02T17:30:30Z,2009-10-05T20:34:42Z,67224b30-3de8-58b8-8839-d05f2efcbee1,303ad1be-5ba5-5771-a45b-fd9ff5746415
46a31c11-dfb6-55f4-b82b-63ee6af455ab,DL-BE-30005,GEO-BG-30008,Kit,2009-06-02T17:30:30Z,2009-10-05T20:34:42Z,67224b30-3de8-58b8-8839-d05f2efcbee1,303ad1be-5ba5-5771-a45b-fd9ff5746415
d68137f2-f81f-5468-a447-1eec9f5fde6a,DL-BE-30001,GEO-BG-30000,Kit,2009-06-05T19:38:15Z,2009-11-06T21:00:31Z,f1f222a6-aac7-5bcc-9fef-f4f33f866602,50ad5d24-9b39-525b-b903-725dfea5d168
142d2f52-c9c3-500c-b7e0-081abd9d7222,DL-BE-30008,GEO-BG-30009,Kit,2009-06-14T12:05:51Z,2009-06-30T10:53:33Z,7a00b180-df89-5f19-acff-f877d4b9450f,f2110bdd-a978-52ae-9c0a-1d0609e30ec0
fe209f80-7e59-5508-9db7-d86afe48ef0c,DL-BE-30003,GEO-BG-30002,Kit,2009-07-02T14:14:50Z,2009-10-16T20:09:00Z,60cfb38c-6f74-5e72-84d6-b6c442e76803,8c8da507-430b-5018-beee-53e140ff6bfa
6580d3a0-3981-552b-92d6-414cc977bb1d,DL-BE-30007,GEO-BG-30005,Kit,2009-07-15T15:16:15Z,2010-04-06T17:08:35Z,5bfa95ab-a86b-5ffb-a941-6c78b60b7a97,54501b37-4b01-5170-af52-3fd39ed2d4fd
0bdec72a-0a63-5f9a-a0db-d81ed05140d6,DL-BE-30008,GEO-BG-30009,Kit,2009-07-27T18:02:48Z,2009-10-28T18:07:14Z,8cf25d47-e041-5b15-9885-57577897963c,1e72626c-0d52-5e12-b436-ec965deb76b0
854cab03-23b3-523a-a245-912878b5e9cc,DL-BE-30000,GEO-BG-30001,Kit,2009-08-20T16:27:04Z,2010-01-22T21:59:43Z,d9337ac1-7827-5ba1-8425-095e24744cfd,db9e3a88-9ca9-5f5e-9d77-12e580f29333
d501a414-60e7-54af-9d5f-6b08c00ec941,TMP-5001,GEO-BG-30006,Kit,2009-11-11T13:56:53Z,2010-06-05T19:11:11Z,5714a0d9-5b14-5410-abc3-2dfb7f80b4e6,83ef42d2-b31c-5201-b4ea-409ca1334717
4ed695d2-de15-5227-a2df-7c07d98d0732,DL-BE-30008,GEO-BG-30009,Kit,2009-11-20T20:13:06Z,2009-12-21T19:28:45Z,43d3f50f-8284-59be-b031-367357c9df71,3ee29ce1-ed6b-5e5c-a685-3fcd5511cc7e
a56fa02f-f477-52fe-98fe-29d191403a64,DL-BE-30003,GEO-BG-30002,Kit,2009-11-25T19:48:07Z,2010-03-22T21:56:45Z,37883e94-8836-5e53-b3dd-2eb52aaae701,ca33f84b-09db-511d-9497-a145e01803ee
f0124a9d-ef5a-504d-8619-3ac460aeb598,DL-BE-30001,GEO-BG-30000,Kit,2009-12-13T18:23:19Z,2011-02-18T18:37:27Z,078ceb02-0edf-5be8-a61d-931c2ccaeaf4,809ca0ce-580d-5397-b406-beb561387b22
f4a9fd55-d437-535d-811e-90f8c1b65a64,DL-BE-30006,GEO-BG-30004,Kit,2009-12-15T17:16:07Z,2010-06-21T21:33:25Z,432547b4-4ea7-5412-8c7b-afbed3e85bbd,9fc406e5-5d11-5449-973a-2539b03773b1
2d7055f9-f69b-56de-9a17-6d562750b9e0,DL-BE-30000,GEO-BG-30001,Kit,2010-02-08T15:09:53Z,2010-11-22T20:53:14Z,ed8e6c2f-dd96-56e0-a58a-815446939cc8,31e95745-1815-56ec-b8df-321ed422f26e
546d30af-4871-5142-92ec-6068c585ce96,DL-BE-30008,GEO-BG-30009,Kit,2010-03-09T19:38:00Z,2010-03-17T21:03:43Z,198ef9a3-adf3-5ca2-90c2-cd268b9914e7,9b1bf1a6-4676-542e-9717-4857a68aefd4
e50ac6d1-3bc4-5eae-8170-4613b0d36957,DL-BE-30002,GEO-BG-30012,Kit,2010-04-05T15:18:00Z,2010-07-26T21:56:40Z,e53dfd87-747e-5247-af60-1c9bda744634,7978aaca-b819-595b-a58a-c3ec00cc7c61
53a29fec-ede7-562d-acda-110057ac417e,DL-BE-30013,GEO-BG-30011,Kit,2010-04-12T14:29:22Z,2010-08-10T18:18:27Z,b33c4dc2-112f-5b41-b2ba-b61f46183ecb,759783ce-032d-557b-b85f-513115e73eda
ce512982-00e0-5de0-8059-37813e5e837c,DL-BE-30003,GEO-BG-30002,Kit,2010-04-15T12:05:42Z,2011-03-07T21:57:55Z,65e66fb6-13b8-5b8f-bd3c-d770c42189fe,06a31384-44e8-53ea-8f7b-e0701155cede
b6e87825-9bc9-5cd8-bb12-e8014ae8d375,DL-BE-30008,GEO-BG-30009,Kit,2010-04-30T14:39:43Z,2011-09-05T17:10:35Z,60445d7c-0518-5c4f-9b68-249b88e81b1c,bb940d6f-efbd-5210-8ad4-a664831ec6a5
99c5d056-92c5-5e9d-8894-e69633bff250,DL-BE-30007,GEO-BG-30005,Kit,2010-05-07T15:52:06Z,2010-05-24T21:51:23Z,9fb2a5dd-76f8-5621-bd12-4e9c401bdd07,8da50d01-7d89-579c-8cd7-97ae999a76fa
36e94f6b-e022-51f4-a3e2-f3c7018180c1,TMP-5001,GEO-BG-30006,Kit,2010-07-26T12:32:17Z,2010-08-09T19:43:31Z,bf079444-427a-54b0-8b6f-8275ec0241f3,09e30e9f-b33f-520e-82c3-d1594c23ab0f
3868aa39-657c-597d-bd80-99fd25ee8075,DL-BE-30005,GEO-BG-30007,Kit,2010-07-30T19:15:30Z,2010-09-13T17:15:42Z,1aafb286-d16a-5a83-8bb8-2bc99598b5f2,ca9581e8-e5aa-5176-a626-5ee6427d29b4
c68eb49a-da82-563d-b1ba-227762dce357,DL-BE-30005,GEO-BG-30008,Kit,2010-07-30T19:15:30Z,2010-09-13T17:15:42Z,1aafb286-d16a-5a83-8bb8-2bc99598b5f2,ca9581e8-e5aa-5176-a626-5ee6427d29b4
e99d7769-a7c0-5c47-a14d-c02a3c4433d2,DL-BE-30006,GEO-BG-30004,Kit,2010-08-05T17:39:40Z,2011-06-28T20:56:29Z,0ae6525c-97f9-53fb-acba-059afa059c40,3bd86ae7-5b8a-5093-b984-096415e06efa
9e9f5b85-b176-5197-8eef-cd138ef343dd,TMP-5001,GEO-BG-30006,Kit,2010-08-24T16:36:12Z,2010-09-02T10:24:09Z,cbbcdee6-007e-5028-9a57-031218a1a409,a87d409d-36d5-5e86-81e4-3ad07e3d1cc7
8ae31ae2-c6ab-5dd0-8e71-ea9a92388384,DL-BE-30013,GEO-BG-30011,Kit,2010-09-13T20:36:05Z,2010-11-03T18:21:18Z,80e1278c-61b3-5ccc-93fb-21ab1fdc0d65,7475878b-b715-582a-875f-5e65aea4449c
ab0aedd8-4bbb-53af-86bd-ce51bd83fb57,TMP-5001,GEO-BG-30006,Kit,2010-09-14T10:33:37Z,2010-10-07T20:03:24Z,e0347cca-cb6b-5aca-af2e-f59822dcfb1a,d9d0f169-0173-5c5b-b0e7-74e7124dc558
b8422291-a49a-53aa-9340-8bf3d969adc3,DL-BE-30007,GEO-BG-30005,Kit,2010-09-23T14:29:01Z,2010-10-08T19:28:48Z,4dc027b3-8717-5a1b-b007-c04fccf430fd,51907cee-92bf-58c9-b2f9-436abee16369
cd00dc8f-61c0-56b8-b48a-d5f908607bcc,DL-BE-30007,GEO-BG-30005,Kit,2010-10-17T17:56:31Z,2010-11-09T18:51:05Z,8d049690-b1b4-50a9-8798-782dfc4b32a5,cedccd49-5185-5b49-b828-c07cc4e425d4
fce87140-eae6-57b2-b6eb-5a181d0c300d,TMP-5001,GEO-BG-30006,Kit,2010-11-15T11:45:50Z,2010-12-06T20:11:18Z,293dd60e-fa84-5642-8ee9-0f120511730b,13a0c601-72fd-5d07-b7f2-579d168f7f59
4770e081-d8ac-5f59-9b49-5af7bc7f8177,DL-BE-30007,GEO-BG-30005,Kit,2010-11-22T17:46:04Z,2010-11-30T21:29:27Z,8193b420-9a64-5f76-949f-e94a22ce7f15,8d542966-602a-521c-aa88-a5154645e92f
f43b8edd-24c2-55a6-83f1-a187c38363f8,DL-BE-30002,GEO-BG-30012,Kit,2010-12-16T18:20:34Z,2011-03-09T22:18:22Z,7fd274e1-e7c0-5a42-bde6-344a172a2251,b5ee55ad-07e5-5b91-b487-8dde087f5f6e
29e5c5ff-af47-55d6-83fb-e6e2df31c511,TMP-5001,GEO-BG-30006,Kit,2011-01-05T18:56:27Z,2011-03-08T00:34:07Z,43d18ca1-5571-596b-83b3-669f0ae42121,f2de40a6-773a-580a-a530-3939f01f5359
f05b99b1-2271-5177-98a0-9b213f5e2ef8,DL-BE-30000,GEO-BG-30001,Kit,2011-01-06T14:11:02Z,2011-01-24T22:23:27Z,6928b6a3-78bc-588c-994f-95ca68652147,8417ce0c-b3ce-5fa5-a8ad-4e392e08b185
97bb111f-d5aa-5e43-9ed3-2e7382f4826c,DL-BE-30014,GEO-BG-30013,Kit,2011-01-08T00:49:47Z,2011-02-21T21:28:13Z,cc256c7b-a9c3-56ac-9bb0-7d63129858eb,d0eb7287-f879-5938-9e7e-eee59c7b46cf
bec98cab-93a6-5ae9-b111-6b7db4eac758,DL-BE-30005,GEO-BG-30007,Kit,2011-01-31T22:30:11Z,2011-03-30T17:36:32Z,495d4f7a-b864-5475-a5f6-d86f0ec1c641,752bc773-df86-5eb5-b953-156d507fed9c
2a7c95a5-126f-5e31-ac9d-1a9728051f94,DL-BE-30005,GEO-BG-30008,Kit,2011-01-31T22:30:11Z,2011-03-30T17:36:32Z,495d4f7a-b864-5475-a5f6-d86f0ec1c641,752bc773-df86-5eb5-b953-156d507fed9c
2c4b1b94-560c-59c9-bc47-f501bba6d6d8,DL-BE-30007,GEO-BG-30005,Kit,2011-03-02T14:19:07Z,2011-09-19T17:55:03Z,9b9e13ba-9b48-519f-a047-1aebf9a223ba,697cc43a-ee16-5aa2-a58c-c4d9b91f1452
b71d7c42-1ff4-52d0-b16a-9299865f3069,DL-BE-30000,GEO-BG-30001,Kit,2011-03-07T21:34:01Z,2011-06-24T19:52:34Z,09b06592-a0a1-58b4-8e43-9091c4fd8d29,792fbb4a-ca26-585d-9927-4d5c5e4b6e86
95198acf-a7d2-561e-80c6-24adc8d68dd1,TMP-5001,GEO-BG-30006,Kit,2011-03-19T11:19:45Z,2011-05-17T18:25:04Z,74ce0f74-18a0-5c74-af6d-66de44275531,5b010fed-67cc-589c-b0c8-96d42eefd598
23c7c391-d4f8-5b12-99a5-85c59e176f45,DL-BE-30001,GEO-BG-30000,Kit,2011-03-21T17:32:37Z,2011-08-30T20:27:17Z,29d914ee-30a9-58f2-a980-61f141dba3f7,3e52e1af-5187-562f-846a-a187a7b0f844
5cbcb99e-b20c-5223-8ba3-4193671153d1,DL-BE-30013,GEO-BG-30011,Kit,2011-03-30T10:26:59Z,2012-05-21T17:30:42Z,6fe11fbb-12fd-5b6a-9d37-30af4b42c744,e1f63d3b-84a0-58fa-a02e-db9f19e0c6a6
afacf9da-6f40-5a83-831b-49e5fe7ea0ea,DL-BE-30010,GEO-BG-30010,Kit,2011-04-20T18:55:27Z,2011-10-28T21:53:01Z,94e43a87-4b4b-530a-9ec2-c9635e5a85d5,8a9998e8-5132-54c1-a198-b435fa7940c1
656e34ac-7fa5-5595-8175-ac8d69b64dcf,DL-BE-30014,GEO-BG-30013,Kit,2011-05-02T13:17:26Z,2011-07-25T18:54:58Z,345ddd4f-672d-54f2-ba0c-fa0784389159,4c93144f-af24-5075-8eee-669496247276
e27be9af-c6d4-5c35-a920-1ce0eacbd06c,DL-BE-30003,GEO-BG-30002,Kit,2011-05-05T16:36:29Z,2011-06-27T21:11:10Z,595e8ee6-bdb2-57e0-bf71-d76f8d7d47bc,609321f6-4f9e-5014-82e9-9454dd0dc9b7
778efba4-db45-54f1-9071-8e5c7e640846,TMP-5001,GEO-BG-30006,Kit,2011-07-18T00:39:53Z,2012-04-11T18:19:04Z,6cda0f5d-9b18-58b8-bff1-e12d1089e4d0,e093b21c-1daf-5e3e-889f-67890037def8
240c4222-2220-54c5-83e2-cd28205bf67b,DL-BE-30015,GEO-BG-30014,Kit,2011-07-30T21:18:14Z,2011-11-07T19:29:55Z,26b65b6f-d31b-5642-b197-1a79820e0e8c,89475dce-7d29-5f5b-b8f9-f3c3a05525b7
a0473e2b-c662-508a-ba26-dca270b6fe28,DL-BE-30015,GEO-BG-30016,Kit,2011-07-30T21:18:14Z,2011-11-07T19:29:55Z,26b65b6f-d31b-5642-b197-1a79820e0e8c,89475dce-7d29-5f5b-b8f9-f3c3a05525b7
65ed4b4a-e07e-5d7a-a70a-93b95f2161f0,DL-BE-30000,GEO-BG-30001,Kit,2011-08-02T18:42:16Z,2011-09-06T19:25:26Z,ed3194d4-c46f-50ee-b2c5-38634934a7eb,afd5d2f6-d470-5ce8-9952-df46571be61a
5fe8a756-387f-5350-97d6-cce054335610,DL-BE-30003,GEO-BG-30002,Kit,2011-08-17T13:11:23Z,2011-10-06T21:34:01Z,bdc58180-2477-5932-bea0-c0b9ecfe92c4,261fcd1e-ca15-53ad-90c7-dd2e47f070f5
1e66a6d8-c166-5028-be15-451db2164dbd,DL-BE-30002,GEO-BG-30012,Kit,2011-08-24T20:24:01Z,2012-06-26T21:27:17Z,a140dda7-f8cf-589c-8a7e-740f36cc8e8d,0f68ec20-3b15-5ed2-b38a-a041a8e96aef
5bddb22a-9895-5598-b442-ea4009f7c4cd,DL-BE-30014,GEO-BG-30013,Kit,2011-09-09T10:47:01Z,2013-01-14T18:25:37Z,5d910eea-9089-50a0-bd10-471bdcc75e40,2a95c29f-fd03-5b32-beb9-fcc5c84f9c42
1a52eca1-8a5f-5502-bca6-9866cbd9dabb,DL-BE-30012,GEO-BG-30019,Kit,2011-10-20T20:43:59Z,2012-01-23T20:50:58Z,44356e59-20ce-5a82-9e4f-2ddfd769d9c2,b3ed9ada-4fa8-5155-9bae-ad7410a8e5de
52987149-ac74-5306-bdcb-f1a5a327cc3d,DL-BE-30001,GEO-BG-30000,Kit,2011-11-01T22:33:07Z,2012-03-01T19:30:20Z,bacce09c-ceec-594f-91cd-73523b7e4ed0,704bd769-0823-5b93-8f15-25347e1c4c5b
6fd4ed46-3c46-584d-92ea-cfddf96a3b06,DL-BE-30007,GEO-BG-30017,Kit,2011-11-07T19:03:22Z,2012-05-14T17:12:36Z,eee34b9c-af1a-5cdf-9780-b9ff02bd4bc2,28f00b0f-59be-5054-ae42-10522b95adb8
0d7e48c7-1806-5d93-9a68-1c975323a7f6,DL-BE-30003,GEO-BG-30002,Kit,2011-11-21T14:52:09Z,2011-12-19T21:18:10Z,f8bd648f-6864-53b2-ae93-bc65c22a13ea,f614b77e-6562-5994-8d32-8c58710e9815
3a33f0d8-722e-5f55-821e-5b499bf1be60,DL-BE-30000,GEO-BG-30001,Kit,2011-12-12T16:49:12Z,2012-05-07T20:19:38Z,acd22634-3a99-5630-b800-d124e3b965b0,a4e2c91d-402e-590c-9f00-53eca57d8bcf
b3b7eee2-d743-52a9-a97c-04bfa280f7c7,DL-BE-30015,GEO-BG-30014,Kit,2011-12-29T19:27:40Z,2012-03-21T18:14:03Z,e0063099-2379-5948-a7b3-253cb3b46d6d,e3228aba-d673-581b-b4d2-361f656e7a36
44934545-3270-58fd-91e4-7e30dfeb8bcf,DL-BE-30015,GEO-BG-30016,Kit,2011-12-29T19:27:40Z,2012-03-21T18:14:03Z,e0063099-2379-5948-a7b3-253cb3b46d6d,e3228aba-d673-581b-b4d2-361f656e7a36
a30541e5-77f4-550f-af2f-6f562d283958,DL-BE-30020,GEO-BG-30022,Kit,2012-01-19T18:08:16Z,2012-03-02T20:47:46Z,26790b18-82bb-585d-9894-3e90547027c0,b2c1eac4-9708-539d-82bb-2be70a10c87a
fdd8c116-14f8-54da-b4db-b9928d3e057a,DL-BE-30010,GEO-BG-30010,Kit,2012-01-20T13:04:32Z,2012-06-04T20:31:18Z,e40691d7-5c7c-57b7-bee7-b8c8e4166a01,238355fa-b734-5c3a-8ca0-08c1c92c41a1
9a40c8ba-2f7f-51ea-b58e-58ec7b7b0268,DL-BE-30018,GEO-BG-30021,Kit,2012-01-26T12:57:06Z,2012-03-08T21:03:58Z,14f62e41-da6f-5df8-ad52-5c792daefee3,05a6fc3e-ac2f-5e1f-a1ee-3413091b490e
3fb06fb7-3c3c-506b-86fd-e1452d16ce23,DL-BE-30012,GEO-BG-30019,Kit,2012-02-01T12:51:22Z,2012-12-21T21:33:12Z,910bb492-d784-50a4-93dd-b2d9e266d3f0,1bbeaad0-8ec3-5877-9b93-87e4d9974795
df092843-ef86-5060-bcc4-3fe86782f655,DL-BE-30009,GEO-BG-30020,Kit,2012-03-05T22:03:04Z,2012-05-23T21:56:43Z,7a500fb0-a394-5ab8-bb56-425715c44df0,c09cbba4-4a9b-5647-87e3-1258d03d96b7
e7b9d25d-ac5f-5bf8-9403-633828f8808b,DL-BE-30006,GEO-BG-30004,Kit,2012-04-01T13:38:03Z,2013-07-10T20:15:52Z,ff62c202-e795-5702-b1a4-c088313a1c89,2d4a3461-b4a4-5195-9c3c-9f06cb494996
a7aec918-8156-56d9-8fda-116491c323b6,DL-BE-30015,GEO-BG-30014,Kit,2012-04-13T19:59:20Z,2013-11-05T18:27:19Z,9133f669-dcf8-5572-ba20-1cc46d137fc4,5100f682-6045-5ffe-902b-d0ba5de164fb
fdb04f69-1c11-5560-bc65-25cd0621edc1,DL-BE-30015,GEO-BG-30016,Kit,2012-04-13T19:59:20Z,2013-11-05T18:27:19Z,9133f669-dcf8-5572-ba20-1cc46d137fc4,5100f682-6045-5ffe-902b-d0ba5de164fb
6c9c9fc0-6be8-54f7-809d-f257518e13d7,DL-BE-30020,GEO-BG-30022,Kit,2012-04-20T17:51:33Z,2012-09-17T21:06:35Z,3a8807d3-ef0b-560f-b944-88d49aebe955,0f7ef9e2-e771-5f0a-9173-6c4ee81371b7
3f85debe-511e-55c1-bb8f-50b1e2ef19a4,TMP-5001,GEO-BG-30006,Kit,2012-05-14T15:45:58Z,2013-02-07T22:03:17Z,72996d98-e354-54b6-bd71-0da332a7f9b7,22992d43-3bb9-517e-9b30-a7dc51396259
e7b7a9d2-744d-5470-b01a-defa1346e85b,DL-BE-30017,GEO-BG-30018,Kit,2012-05-14T17:39:52Z,2012-08-20T20:40:15Z,c6b38e49-3aa5-5302-b692-31b15a884961,c54231cd-2878-5f59-a80d-5802865a89c5
a294ab24-35e8-5fd7-9e75-06a077fc3a2d,DL-BE-30011,GEO-BG-30015,Kit,2012-06-02T20:43:36Z,2013-03-19T21:06:53Z,6428bc25-d52b-53f9-8e1c-9acaaade0edd,be179c62-40eb-5ec1-9467-25b1579ad44b
094a8e0f-e188-5416-b69e-be04f1320195,DL-BE-30000,GEO-BG-30001,Kit,2012-06-04T21:14:22Z,2013-03-13T18:25:04Z,70658489-8b61-5ee2-8bc0-674caea55f8a,2f179a41-0f11-54c9-883b-edbf936834e9
7fc8be6c-c2c7-5d8d-a00c-e9d2ce9a7a3e,DL-BE-30013,GEO-BG-30011,Kit,2012-06-07T18:33:28Z,2013-01-18T20:26:22Z,e9889dfb-1536-5031-9ee1-0570cc45b186,103e603b-39e8-52ab-b59a-170b964e9c2d
1cd40ae4-d5b1-5ad7-80e0-ca2caec8ce39,DL-BE-30007,GEO-BG-30017,Kit,2012-06-12T11:20:03Z,2012-12-05T20:56:11Z,36f0194d-dbf6-5a2e-ae16-ed5496654b95,fa37ac56-976c-552d-adb2-722b762c329d
cf5239d2-103e-54a9-a992-22408171db69,DL-BE-30003,GEO-BG-30002,Kit,2012-07-04T19:15:29Z,2013-06-03T17:39:22Z,461d0b14-e0ad-5b45-9850-3abc69d0a09b,b123782a-7e3a-53a9-bab9-5b5c63b16227
5a12df3f-096a-5f79-abcc-0d4797cf4247,DL-BE-30009,GEO-BG-30020,Kit,2012-07-17T21:08:02Z,2012-10-08T17:42:39Z,b7ad5856-6189-59e2-977c-5b110ce13006,2d3bf535-b289-54cd-b9fe-0e4c437df6b5
14aacfe6-4efc-5456-95f5-f293633cb4d8,DL-BE-30001,GEO-BG-30000,Kit,2012-07-19T14:52:03Z,2013-06-03T18:23:30Z,70c29549-627c-506e-acfb-2fbbd885ad3f,6d562868-03ff-5d25-b49a-27502ec29686
72e4955a-7dfb-533c-b3b2-fbf03a583e1a,DL-BE-30018,GEO-BG-30021,Kit,2012-07-23T17:36:09Z,2012-08-13T18:25:26Z,dda32a22-b9e4-5d9b-8cdb-b9099e491ed0,b25c3006-0f14-50d1-a3cb-cab043dfc99b
a3b8e577-0fac-5c70-8097-96363f7e44b6,DL-BE-30010,GEO-BG-30010,Kit,2012-07-26T20:27:35Z,2012-08-07T19:51:41Z,6d4801ca-b6ce-5314-8580-ebbee4f95d40,892b1733-9c84-5699-b8b8-c0faacd9a8c1
2f467872-5e2e-515f-b5e5-3a42c08c0c40,DL-BE-30020,GEO-BG-30022,Kit,2012-09-26T14:53:42Z,2012-12-01T11:54:49Z,5dc2efbb-1c0b-5438-8a14-27a727b22bf4,1afe6a78-8da8-5b63-be91-17405d8a6357
945cd97c-65cf-5b03-86c7-c576673a799c,DL-BE-30020,GEO-BG-30023,Kit,2012-09-26T14:53:42Z,2012-12-01T11:54:49Z,5dc2efbb-1c0b-5438-8a14-27a727b22bf4,1afe6a78-8da8-5b63-be91-17405d8a6357
8759b77f-476d-5693-8748-e6cdeb87d587,DL-BE-30002,GEO-BG-30012,Kit,2012-10-01T14:29:25Z,2013-01-14T18:56:23Z,b350dd25-224e-5728-b345-c9d0f66bda45,f834e727-a077-5718-ac60-6894b45556af
211afada-b0b2-5580-9f3c-b940d9c4dd19,DL-BE-30009,GEO-BG-30020,Kit,2012-11-19T16:43:12Z,2014-03-04T19:31:55Z,6e19e4be-2c68-58c3-9821-d298e463e3d2,e1bfea18-c3b8-5665-b76f-cebb2b1282df
7b7f8fcf-1ea9-52e2-82d4-616eca99d469,DL-BE-30018,GEO-BG-30021,Kit,2012-12-24T17:43:26Z,2013-01-21T18:10:17Z,fade185a-2042-51bf-8d8b-8238c42939e6,a80810bc-460d-53f1-8771-059da3a19a18
ae4735dd-10bd-53ee-a5eb-632db810b4a9,DL-BE-30034,GEO-BG-30024,Kit,2012-12-31T20:24:14Z,2013-07-05T17:08:06Z,3317c3cf-d3a2-5ac7-bb9b-1a28bdc5cb9d,727c3760-da11-57ad-a2d1-034373f6fa5f
fa5ba7af-7d2f-5c97-b58c-1840efaefe6f,DL-BE-30007,GEO-BG-30017,Kit,2013-01-10T21:52:37Z,2013-04-22T20:53:50Z,dfe3b951-1474-5b7a-94ae-3fac9c212a94,a3259785-f856-502d-b4b3-d04bf7a932bb
eab6717a-8940-5a72-aaca-5159d3db7d9c,DL-BE-30013,GEO-BG-30011,Kit,2013-01-29T20:54:15Z,2013-03-04T20:32:28Z,ac570378-bd30-53dd-a097-efe2ef25978c,10838231-76d4-538d-8e14-650a769ca0b0
fdb4022a-fab1-5c39-ba7a-a29ff5956e21,DL-BE-30018,GEO-BG-30021,Kit,2013-02-01T18:16:40Z,2013-06-10T17:38:49Z,39f5a1fa-db4c-5507-93ae-491b3f7da8c5,a021c2b1-53c4-528c-b9e0-c0fb605b7423
06e43bcd-15ec-52a3-9e43-ef25420f9c8e,DL-BE-30020,GEO-BG-30022,Kit,2013-02-18T15:41:57Z,2013-09-10T00:17:21Z,9e96791b-4237-5233-9888-ccc6a5754b59,7b4003a8-96aa-5c43-9945-28e0e7fa80ae
f4cf8f3c-aeb6-5547-be59-871dc53bfd9b,DL-BE-30020,GEO-BG-30023,Kit,2013-02-18T15:41:57Z,2013-09-10T00:17:21Z,9e96791b-4237-5233-9888-ccc6a5754b59,7b4003a8-96aa-5c43-9945-28e0e7fa80ae
b425078b-fbeb-5ab1-abbe-9f151a82901e,DL-UM-40000,GEO-UM-40000,Kit,2013-03-04T20:39:55Z,2013-10-16T17:16:53Z,5941fdfc-9ed9-5ebf-bdaf-acb1a62c647c,3a805d6f-7f17-56c5-84a7-cd22cbd0cc12
3d9cb5b9-2dad-5f67-9360-5065e4230c3a,DL-BE-30013,GEO-BG-30011,Kit,2013-03-11T14:00:07Z,2013-07-04T21:15:21Z,7d7fb1df-67f6-50d7-8d5d-ca6daf7e68ce,ef3cb3e4-b5db-5aad-aaa5-8f9d736d431f
6f681742-f20d-5013-8b1d-6246ed194e02,DL-BE-30012,GEO-BG-30019,Kit,2013-03-26T19:05:55Z,2013-07-16T21:27:06Z,d0d26694-23b7-57a5-938b-d6eb7af47488,41732c80-f15f-5290-b9ac-b63c5c615aa7
4b2dad2c-e74c-53a3-9262-baf1a50e4933,DL-BE-30014,GEO-BG-30013,Kit,2013-04-08T19:31:54Z,2013-05-02T17:59:29Z,d50e11a2-b4f5-56df-85a1-d66ba0cddbf2,25eac528-b4b1-5548-98fc-86653514e41b
442253a6-4df3-5c41-8e0b-2ead7e0cfc5b,DL-BE-30011,GEO-BG-30015,Kit,2013-05-13T15:47:47Z,2013-08-23T17:57:46Z,edfba48d-b8c9-5a08-a3b3-6b1f604f4a89,a91d77ec-decc-5cbd-9cc3-d70e185dbde7
417caeb0-2059-571d-a721-672bcfa445db,DL-BE-30000,GEO-BG-30001,Kit,2013-05-21T12:38:57Z,2014-01-10T21:16:24Z,b0652326-4d08-509f-87d0-79ab23dbeb30,dcee9b3e-5f2f-57b2-be0e-568ef7de348e
a1dca4d2-3601-5b38-a7ab-e9522a273154,DL-BE-30017,GEO-BG-30018,Kit,2013-07-08T20:20:20Z,2013-09-11T17:33:14Z,1734f083-ec67-5710-8e37-6af114145829,50998fa5-cb02-5f8d-9bf0-78a27da7711f
f129a065-e5f2-5317-b5ac-93dca666cfcc,DL-BE-30006,GEO-BG-30004,Kit,2013-07-18T15:25:19Z,2014-09-29T21:22:19Z,19c88222-3bff-58af-9165-53ecc7eaaa9f,7358cd90-27d2-5eda-87dd-54dafd8f47c0
83b0d0ef-7fbe-5188-bb5a-8a96ecf75045,DL-BE-30003,GEO-BG-30002,Kit,2013-07-19T17:56:12Z,2014-05-26T17:48:54Z,4a297d01-b4df-555a-a635-fde51ad4bf03,ffdca6b7-1d0b-5e98-b0e8-867b27d4dde9
3dd5237f-6071-5c76-a999-a4ec38cb0715,DL-BE-30014,GEO-BG-30013,Kit,2013-07-21T14:50:37Z,2013-09-16T17:32:11Z,6198c457-c918-5637-8eeb-01b71f88b215,70470b17-21e5-5b03-adca-15eaf31f979c
2e5a2747-c607-5dee-a624-3a9fd8520596,DL-BE-30008,GEO-BG-30009,Kit,2013-07-22T18:57:38Z,2013-11-18T18:41:59Z,5b77cb96-8693-51c7-9353-aaffebb757c8,e1341c81-c6cb-5298-8c95-837e7d045425
a13ffdf6-f739-5a3b-86c9-f7385f150826,DL-BE-30013,GEO-BG-30011,Kit,2013-08-27T11:17:39Z,2014-08-11T21:26:49Z,80f687de-2970-523c-8c1d-6482497ab58a,5295be06-91e5-5922-b852-7dbfd6a0bd76
a4d5214f-581b-5123-b308-8e790a49206f,DL-BE-30023,GEO-BG-30027,Kit,2013-08-28T17:09:27Z,2013-09-05T21:25:13Z,16f8df32-2937-57e3-9bfd-8bfee0fc470f,370aa820-dd7d-5a23-92e4-2b61d8752db8
d2a51129-0cce-544f-ba63-40d300a6d783,DL-BE-30034,GEO-BG-30024,Kit,2013-08-29T13:33:30Z,2013-10-21T20:00:27Z,7fd2833f-cd7b-544e-9444-bd00a8b4b8cb,1e527328-8052-56da-a52b-f510d4218202
26a87c64-d630-598a-9fd8-61ce1c7d9eee,DL-BE-30034,GEO-BG-30026,Kit,2013-08-29T13:33:30Z,2013-10-21T20:00:27Z,7fd2833f-cd7b-544e-9444-bd00a8b4b8cb,1e527328-8052-56da-a52b-f510d4218202
1f2538de-d787-5759-a479-649869624d8f,DL-BE-30012,GEO-BG-30019,Kit,2013-09-04T14:03:25Z,2014-09-16T21:30:24Z,ebbcdc39-1f12-5c49-94db-14a348fd57e7,ef19e01c-af07-5931-9409-19a71e533485
80d229cc-042c-5143-a295-f35e17856a97,DL-BE-30041,GEO-BG-30029,Kit,2013-09-05T20:26:24Z,2014-05-20T17:02:48Z,8b4bff06-cbcd-5c90-95fe-77bc3c133efa,9c477306-1378-5a18-acf5-788e81c1a7c6
85e1674e-c0fd-5880-b200-adcc66173b77,DL-BE-30016,GEO-BG-30006,Kit,2013-09-21T15:24:46Z,2014-01-27T19:21:25Z,f65eeb07-377d-59e6-bdf2-305ea7857ab1,1f42a425-09ad-59e1-89a1-0581ff14c204
24317fff-3f29-588d-926e-16869b8087b3,DL-BE-30011,GEO-BG-30015,Kit,2013-09-23T14:06:18Z,2015-01-18T20:07:56Z,2e20200f-7d8f-5ecd-a3f1-13e44bb31237,51ed665e-0d38-5a18-8ecb-37a6069d5676
7cccda6b-57e1-5dac-9f03-ba9c7ebd7ca7,DL-BE-30017,GEO-BG-30018,Kit,2013-09-23T20:50:38Z,2013-10-20T18:07:29Z,fd9777d5-da57-55b1-8bf9-91a04d31c4e6,e7b9a6c8-e7fa-5863-b8e9-c868ec9549d1
7d1a72dc-39c6-5b38-a51c-b82de108ed15,DL-BE-30014,GEO-BG-30013,Kit,2013-09-30T17:32:32Z,2014-02-05T19:02:23Z,ad77c29a-626a-5dca-ac63-4e8ed1bbfc2d,9854bdce-2c4f-56df-bfb4-ef68e86fef9c
26a0bcb6-5301-5339-a1c5-a94cb4f0a0bc,DL-BE-30023,GEO-BG-30027,Kit,2013-09-30T13:35:06Z,2014-04-24T20:47:03Z,7ac2f96b-4fb6-5fd8-a6c0-92039bfa58d8,d4c6c74f-e0e0-50cf-acea-28d4b78cd1e9
22c62095-a4a4-5578-a0b7-94db1c8dd391,DL-BE-30018,GEO-BG-30021,Kit,2013-10-02T16:06:30Z,2013-11-18T20:45:58Z,3e835b3b-865d-548a-8155-d3535bf5990b,7c169bd3-9208-5f05-8301-99b8e5e6c9cc
a853028e-9e25-5bff-94cf-c23d8a2ad009,DL-BE-30001,GEO-BG-30000,Kit,2013-10-21T19:22:46Z,2014-04-14T21:32:08Z,4847eca5-6fba-5a9b-900c-8893fe17e512,e44d8ef5-e567-5e2c-8a83-756aa7ba3971
68998689-3770-50c2-a490-374bd8198f11,DL-UM-40000,GEO-UM-40000,Kit,2013-10-25T18:25:52Z,2014-07-21T19:16:14Z,bedb0faa-2020-5fe5-98ba-1de942a48cb8,1fcf534a-0184-5d53-ab26-a5e08a8b334c
cf1f9256-affc-55d8-8efd-484e99e0dc70,DL-BE-30034,GEO-BG-30024,Kit,2013-11-07T20:59:14Z,2014-04-24T17:54:49Z,6e02f75b-edbf-5622-b2a4-2f8da90b006e,0d8e4ea4-001b-5c5e-b84c-c4f172e69d28
5ab25bad-c94b-5dca-a96e-32dd727e0d26,DL-BE-30034,GEO-BG-30026,Kit,2013-11-07T20:59:14Z,2014-04-24T17:54:49Z,6e02f75b-edbf-5622-b2a4-2f8da90b006e,0d8e4ea4-001b-5c5e-b84c-c4f172e69d28
7a2c03d0-b767-5201-9c07-759fbde8aa2b,DL-BE-30010,GEO-BG-30010,Kit,2013-11-18T20:13:57Z,2014-04-03T20:01:00Z,c388257f-2ae5-5b6c-9bc1-18f436218816,8780e176-773a-5f28-9c7a-a285fad8d684
138a6195-e68c-5678-91dd-b7d75b260164,DL-BE-30018,GEO-BG-30021,Kit,2013-11-26T19:34:30Z,2014-06-09T17:23:47Z,a67fde50-1894-5e15-b5c5-216f03e5a4c8,e412c0aa-2154-5f96-9efe-ae7edac98b87
d492d9b8-9f20-5106-9d7f-cb8fcb25987e,DL-BE-30008,GEO-BG-30009,Kit,2013-11-28T15:28:10Z,2014-04-14T10:41:20Z,9412dec9-b8ff-579a-b508-ccb27471b37f,8487f1ec-8c9c-535c-ba82-55fdd75fa69a
7b09e9e7-6f3f-51dc-9ab1-8030d31aecf8,DL-BE-30051,GEO-BG-30032,Kit,2013-12-04T22:06:38Z,2013-12-18T20:04:57Z,3a607eff-5297-58be-b3a1-b5aa50fee8d3,c452e308-771b-5ea8-a808-2975ade6ae81
59ff8c0e-2bf4-5af6-8337-ba9ca94b99ba,DL-BE-30036,GEO-BG-30030,Kit,2013-12-12T17:29:26Z,2014-03-10T18:42:59Z,f33ba0f7-685f-54d7-918b-8559c245e5e6,86883920-77df-5fc4-8e79-ad243fb8739d
ca9b5376-6232-53ea-9452-c013a81aa112,SLM-LD-5000000,SLM-LD-PA-5000,Component,2013-12-16T16:20:10Z,,5ca568c4-c736-5505-8391-c00c7ec85133,
6b72a1f9-e200-5cae-88f6-f5a9dd6efa87,SLM-LD-5000000,SLM-LD-EL-700000,Component,2013-12-16T16:24:00Z,,414d73eb-ded7-5f68-8514-2b03ded89c01,
21c5b091-5283-5253-929b-4f633e159ddd,DL-BE-30017,GEO-BG-30018,Kit,2013-12-20T15:05:17Z,2014-01-15T18:50:35Z,a2653513-ddb4-528a-80da-92ca0be3d7ac,3088e8c2-4dd9-5913-88da-20a57b974c5f
bd2ed9ff-b89d-5c49-b338-a41bb9207948,DL-BE-30007,GEO-BG-30017,Kit,2014-01-01T23:43:08Z,2014-07-21T17:11:36Z,1ecf53cc-c4e4-55c7-a4bb-87dcb757efea,b688e99e-65a6-5010-a254-ebbf20fde4b9
06bdf6d7-c0cb-5ac8-be94-1642195f3a9a,DL-BE-30007,GEO-BG-30028,Kit,2014-01-01T23:43:08Z,2014-08-13T17:51:06Z,1ecf53cc-c4e4-55c7-a4bb-87dcb757efea,f5a6c625-2a83-52eb-876d-8ef073dc5305
93fe6a66-1ef5-546b-9edc-99bca938d5de,DL-BE-30020,GEO-BG-30022,Kit,2014-01-13T16:31:48Z,2014-06-09T18:08:04Z,f94630ef-633e-50b2-9ada-ad633c8a4adc,063d6f76-f29d-5933-9591-84dfd01f1ec3
0e352348-6a40-50f5-9173-4de89ce21520,DL-BE-30020,GEO-BG-30023,Kit,2014-01-13T16:31:48Z,2014-06-09T18:08:04Z,f94630ef-633e-50b2-9ada-ad633c8a4adc,063d6f76-f29d-5933-9591-84dfd01f1ec3
93352fda-d2e1-58b4-98b3-f17e000f00b7,DL-BE-30000,GEO-BG-30001,Kit,2014-01-16T14:13:16Z,2014-03-24T19:32:28Z,89d0286c-ff7b-5bc8-bf48-a80ff6861788,156e6ae1-bacf-5dfc-9503-b212ef8d305e
712e4c8f-1eef-5f7a-bed4-71161e14e2e6,DL-BE-30015,GEO-BG-30014,Kit,2014-01-27T15:48:03Z,2014-05-30T19:24:55Z,f98998a4-c8f7-5602-bc8c-cf7a09f48da2,f05b7028-0a83-5d94-9cac-134ef5c5ca73
5b2ff438-8a5d-5ec2-82e1-21a2c19750d3,DL-BE-30015,GEO-BG-30016,Kit,2014-01-27T15:48:03Z,2014-05-30T19:24:55Z,f98998a4-c8f7-5602-bc8c-cf7a09f48da2,f05b7028-0a83-5d94-9cac-134ef5c5ca73
96bdfc21-0b22-56ec-9632-c702d039a872,DL-BE-30051,GEO-BG-30032,Kit,2014-02-17T15:33:38Z,2014-04-29T21:00:04Z,37fed29a-9d12-59e1-8c56-58972ba2425a,e428220a-ea30-5ddf-8c10-4f01d4bb0324
46d772aa-6b85-5e8f-8512-b32ddc075d60,DL-BE-30017,GEO-BG-30018,Kit,2014-03-13T18:17:52Z,2015-10-28T17:33:46Z,57c3e02a-18ee-5863-ae44-04bf8f3754dd,bfd827d9-83bc-5d21-b0b6-f986f67db0bf
d11b619a-72ff-5ded-a1eb-bf65e4754805,DL-BE-30036,GEO-BG-30030,Kit,2014-04-14T19:37:33Z,2014-07-07T19:57:55Z,35c34c45-e5ec-5f0c-beee-05f8efb19d7c,a61fe61b-b1e9-5841-8d95-462f9bfb1246
7e7e453b-8ec9-5379-a946-49d020f67e2c,DL-BE-30036,GEO-BG-30033,Kit,2014-04-14T19:37:33Z,2014-07-07T19:57:55Z,35c34c45-e5ec-5f0c-beee-05f8efb19d7c,a61fe61b-b1e9-5841-8d95-462f9bfb1246
03a986f2-0ed6-56b5-aa9f-c48fe0bc2383,DL-BE-30010,GEO-BG-30010,Kit,2014-04-14T16:33:29Z,2014-11-24T21:04:30Z,904fb5f9-c957-50ea-80ef-b0e67a3b4cb5,ac278cdc-aa31-5e3c-9880-b4120e7bb75c
c17964af-abdb-5543-83ef-32ef518bdd13,DL-BE-30001,GEO-BG-30000,Kit,2014-04-23T15:18:18Z,2014-05-02T20:40:36Z,ee71ec51-f26e-54c9-a58c-532164e2edad,9a8e9d7e-a6ad-55b4-ba47-def82a3f1a4e
5c685092-d7b2-5730-8b44-6b8f77aac9dd,DL-BE-30009,GEO-BG-30020,Kit,2014-05-15T19:22:08Z,2014-12-11T22:52:44Z,ff26d287-c74a-5806-8962-07b9f3140878,b91fa985-c16a-5d46-a4d3-f095ec14819b
9d7b937c-b07c-598a-966e-81c3bc0cfb5f,DL-BE-30008,GEO-BG-30009,Kit,2014-05-21T18:56:02Z,2014-09-08T10:24:23Z,b26ed9e7-275d-57fb-87ee-afb8acf94d4d,dc24bb12-406c-53bb-b53b-89c9796f4fba
1162edbe-6932-5f58-a516-c68e0ebc213e,DL-BE-30034,GEO-BG-30024,Kit,2014-05-25T15:17:00Z,2015-02-10T20:50:16Z,4e8d70fc-cbd5-5d3a-ba70-cf16c4c4a07c,771199cd-3dce-5794-a900-abdf0098111a
27e3d6d5-c749-5477-9603-2e442b42dd81,DL-UM-40001,GEO-UM-40001,Kit,2014-05-29T16:30:20Z,2014-10-28T19:34:44Z,e1d94cf1-eb7f-5550-a527-93a521ac6d9d,61fb6646-1cc5-5c25-9f69-c5649e91c41c
bda9a719-0b9a-5c57-a98b-88626516951f,DL-BE-30000,GEO-BG-30001,Kit,2014-06-16T13:02:20Z,2015-02-09T22:48:44Z,e68d198f-6d68-5cc7-ab17-7f21e37a3d66,8d2d78a1-18ff-5b61-bb79-57ac1577e296
86bb5b81-0c4c-5c5e-ba0a-e6f751d79259,DL-BE-30051,GEO-BG-30032,Kit,2014-06-23T12:33:15Z,2014-09-08T17:06:42Z,378f5b45-d1e9-5c93-9a16-88a5c4d01d03,19066b9d-6579-58ef-9ded-8a699fb3ff23
58341f12-57df-51fb-ab63-21ad98128189,DL-BE-30020,GEO-BG-30022,Kit,2014-06-23T17:09:16Z,2016-08-08T17:39:22Z,073437f3-77f5-5566-8456-687ffa40d932,cd239a58-8c86-5246-ab64-119a1ecd8e2b
4b8fdef7-f908-5109-99ed-8a175558a887,DL-BE-30020,GEO-BG-30023,Kit,2014-06-23T17:09:16Z,2016-08-08T17:39:22Z,073437f3-77f5-5566-8456-687ffa40d932,cd239a58-8c86-5246-ab64-119a1ecd8e2b
da0d3530-ff80-5e5a-99a3-5215fe9ae8ea,DL-BE-30001,GEO-BG-30000,Kit,2014-06-24T21:31:39Z,2015-05-20T21:17:25Z,f4b284c0-dab6-545e-a1c7-0526a5e857a5,601874bb-61f1-50f3-b2f0-30d8f9bf4762
8751d825-73da-54f6-89da-7081aa979813,DL-UM-40002,GEO-UM-40002,Kit,2014-07-01T16:16:37Z,2014-12-08T22:03:58Z,d6089ef7-7bea-5e7e-88df-d69eb7032b1b,9e63a923-e313-58a9-a9fd-7a79f00841c9
8ed372b6-6089-5647-a2b3-bea269aee111,DL-BE-30015,GEO-BG-30014,Kit,2014-07-03T18:40:24Z,2014-08-22T21:36:34Z,a0848ed5-3426-5db1-a76e-601f61ade6dc,cfd24e43-ae9f-5081-bd7f-b9c9bcc59195
4e20755c-d143-5e9f-b9d9-9bc5fd912eb0,DL-BE-30015,GEO-BG-30016,Kit,2014-07-03T18:40:24Z,2014-08-22T21:36:34Z,a0848ed5-3426-5db1-a76e-601f61ade6dc,cfd24e43-ae9f-5081-bd7f-b9c9bcc59195
83486797-a2a8-5515-93f6-b9c2ae65d1bb,DL-BE-30041,GEO-BG-30029,Kit,2014-07-16T16:10:59Z,2015-03-02T19:20:56Z,628a6f6a-ba3a-5fb3-8cad-3d1a99e03f46,29fc3005-aaae-588b-8cda-0e4a5748ffdd
7e5f4b29-55a3-5d71-90ae-2616dfc05125,DL-BE-30018,GEO-BG-30021,Kit,2014-07-30T13:49:41Z,2015-06-30T10:02:06Z,513c7701-9c7f-5cc1-8caa-3bf4334a89df,9ac262e0-be3c-54a5-9287-6d23946af289
f2e3513f-ab9f-5471-b4e1-70d0c9655935,DL-BE-30047,GEO-BG-30031,Kit,2014-07-31T17:34:36Z,2015-07-09T18:19:12Z,4576164a-52d0-5e05-8712-e6b85053ef0b,3fef95e1-2df6-5e25-b1cd-29a02df5b496
af798d57-5633-5b6b-b455-4d25db464565,DL-BE-30036,GEO-BG-30033,Kit,2014-08-11T12:27:51Z,2015-08-20T18:11:26Z,0063fab6-7f1e-517a-8a38-07d4645a69b3,d0c488e5-ae81-52dc-9cf7-103f229a2bcb
26b80c5e-36a4-5fa5-a3d9-6ccf96b21310,DL-BE-30013,GEO-BG-30011,Kit,2014-08-27T17:24:49Z,2015-02-05T20:29:59Z,4272750a-0862-57a0-b2cd-0d21189357ea,d6836237-ca5a-547e-95c3-07699caba07b
0b7ea2d1-2257-586a-917b-b4be2674dee2,DL-UM-40000,GEO-UM-40000,Kit,2014-08-29T14:59:37Z,2015-03-13T19:33:59Z,317d3bc7-1426-51b2-9a53-4f414c0b4913,ccd96a1e-f86e-5cdd-9983-a33032c84319
39a223c4-391e-5ae2-9125-7059140664ea,DL-BE-30015,GEO-BG-30014,Kit,2014-09-01T23:52:12Z,2015-04-13T18:58:18Z,3b9cce11-13ff-5e64-a869-8c98edba3646,bc7f65a4-5f83-52b6-b0b2-b2537b298ce8
1ccf45a3-8f7f-5ae4-87ef-c234c721d758,DL-BE-30007,GEO-BG-30017,Kit,2014-09-22T13:20:35Z,2015-01-30T20:56:07Z,beed3aa0-7a11-5384-b75d-0f1ae3ce2262,97fcd82f-e420-5e51-8a5e-7a3c4dc65318
6399095e-83d2-5307-9f8a-93e979f9f8eb,DL-BE-30006,GEO-BG-30004,Kit,2014-10-07T13:00:25Z,2016-04-30T21:28:59Z,23e7b19b-fef2-50b5-9631-c21c58ab8c31,52d3aa23-34e8-5117-970e-04cd3d4de70d
868716e9-3186-523a-90b0-6a6eaf1991d4,DL-BE-30051,GEO-BG-30032,Kit,2014-10-13T13:40:54Z,2014-12-11T19:45:02Z,87d5bd17-5030-524a-b35e-0ed181ffba12,b6181238-e767-54ea-9d49-57015241e199
ab3b419b-68f1-5e51-a96e-73916b757c63,DL-BE-30008,GEO-BG-30009,Kit,2014-11-13T19:38:38Z,2014-12-18T22:42:11Z,1efcd701-b61a-54b4-b4d8-3a3a867e9873,b9fdaba6-1bdb-5501-8957-899beffe5696
f640f638-4ba7-5535-9f49-147ba317ab82,DL-BE-30012,GEO-BG-30019,Kit,2014-11-20T15:03:07Z,2016-05-19T18:50:56Z,423a8db9-c7e9-57ff-85fc-f15afd2d7864,4191e706-db92-558a-81fa-fe6684bf2b24
91e39c44-f5a5-52b1-b82b-b9fa62c392d4,DL-BE-30005,GEO-BG-30007,Kit,2014-11-24T19:55:18Z,2015-04-30T17:35:51Z,3f090b1c-968a-5220-a7ac-3ac802fbb8d0,fbbb3a79-7c9c-51c0-ad06-90e5c605a4c6
66a52c2d-a181-56a2-8fc3-119455d2da81,DL-BE-30005,GEO-BG-30025,Kit,2014-11-24T19:55:18Z,2015-04-30T17:35:51Z,3f090b1c-968a-5220-a7ac-3ac802fbb8d0,fbbb3a79-7c9c-51c0-ad06-90e5c605a4c6
d4084f97-22cf-50d5-8758-c82f47f3100d,DL-UM-40001,GEO-UM-40001,Kit,2014-12-22T20:35:42Z,2015-04-02T19:34:47Z,2178dfa6-877e-5661-acef-a6c90f565ad6,0fd48d42-b92c-5208-a4b4-e27b6314fa76
0f557248-962a-5436-adc1-16b445512ab7,DL-UM-40002,GEO-UM-40002,Kit,2014-12-23T15:13:25Z,2015-02-06T11:21:48Z,e8452d76-e5b4-5f31-8bb0-71a1df6c5a18,b7a53bb5-ec01-58e3-ab37-0c85eb96df1b
5cb577ae-7fb3-569b-8ce2-9cbbc3dcf650,DL-BE-30023,GEO-BG-30027,Kit,2015-01-19T14:51:29Z,2016-01-30T21:26:49Z,7541548d-30d5-5a73-ad11-47f3b19798d4,660feb3e-51a1-521c-b0af-e28cdce6e81f
e6b71e39-8947-5c3e-9f8a-0a91614898d2,DL-BE-30051,GEO-BG-30032,Kit,2015-01-26T19:54:43Z,2015-03-19T20:50:36Z,a8159c17-4894-50c4-83f3-6a3f0ee05274,dfa90b3f-8794-5e26-882f-57edd52575be
073af4e8-d113-527f-876d-3a5471068db0,DL-BE-30008,GEO-BG-30009,Kit,2015-02-03T14:37:23Z,2017-04-20T20:29:35Z,9bb4151b-93b6-5caa-b74d-8b0eff09f63e,f1f84680-2fc8-5806-890f-65f7e81f86c0
d0dacdc6-7864-5d15-a452-754bb370e012,DL-UM-40002,GEO-UM-40002,Kit,2015-03-05T11:37:13Z,2015-06-24T17:20:07Z,82e42342-5cb2-599e-895d-7d5aa942bb75,ce011b96-2232-59b8-8a80-49bcac6a2780
0e0aaa20-9948-5dd8-b58e-f7dd0c7463ab,DL-BE-30013,GEO-BG-30011,Kit,2015-03-13T12:04:20Z,2015-07-22T21:06:24Z,8a1060c0-eb09-518c-9dc4-472e2f72aef7,e36a3a62-bc78-5cd9-bbad-e68cd345b9c8
7ea8415a-f547-59dd-8936-c6e827af0bcb,DL-BE-30034,GEO-BG-30024,Kit,2015-03-22T12:18:58Z,2017-01-02T18:30:19Z,e4a3201c-d924-5b7a-86af-7c5445d98f32,78b0802a-de84-5787-8e55-72829f24b72e
c44b50f3-aab2-55a1-a45e-ea34caa16770,DL-BE-30034,GEO-BG-30026,Kit,2015-03-22T12:18:58Z,2017-01-02T18:30:19Z,e4a3201c-d924-5b7a-86af-7c5445d98f32,78b0802a-de84-5787-8e55-72829f24b72e
ee53185c-09ff-5174-a34f-f4c284395090,DL-BE-30011,GEO-BG-30015,Kit,2015-03-26T18:30:16Z,2015-09-01T19:47:44Z,7099c0d8-e7ee-50ff-b0b7-f4083040c465,af9a1af7-ff7a-5bc1-9b26-f251a10a1177
1f26b718-4a66-5fea-872b-d6ef098c46bd,DL-BE-30051,GEO-BG-30032,Kit,2015-04-03T19:47:57Z,2016-12-16T22:05:10Z,e90ec744-cec7-580f-94c7-4e2afa1f90e9,e8fd7f84-7a22-524c-abfe-a2626db41627
6651000b-4a42-5174-99ae-04386a6fc912,DL-BE-30007,GEO-BG-30017,Kit,2015-04-10T13:57:56Z,2016-03-04T20:14:00Z,d43e3d17-98c1-54f9-8bba-94b6f8416d10,85f3d0d7-689f-5293-a206-45ddd72462a0
68d255c5-0688-58c2-8306-252fbc5caaf4,DL-BE-30007,GEO-BG-30028,Kit,2015-04-10T13:57:56Z,2016-03-04T20:14:00Z,d43e3d17-98c1-54f9-8bba-94b6f8416d10,85f3d0d7-689f-5293-a206-45ddd72462a0
86c0422e-6fc3-590d-ae3b-ba5a2ff44786,DL-UM-40000,GEO-UM-40000,Kit,2015-04-13T17:07:29Z,2016-03-01T18:39:32Z,e8f088ae-aeb9-5af1-961f-c5bc7fdb7056,a39ccec5-8d3d-5f03-94ff-578d498ba6b9
30574991-81d2-5afd-8a0e-503f12e3dfda,DL-BE-30041,GEO-BG-30029,Kit,2015-04-13T12:57:25Z,2015-11-12T18:15:17Z,ccf217f8-378a-5dad-a3a8-d55874a0f734,707f9396-55ac-5026-8147-0548784e13bb
4506bf03-59e3-53f0-b1da-8612a675897b,DL-UM-40001,GEO-UM-40001,Kit,2015-05-06T21:29:46Z,2016-08-22T20:09:20Z,b0cf3764-4e99-5399-8621-913dc8277fd9,4dedb8f5-3ce8-50a3-b0f4-020ef78d8d6c
94937b33-f7d4-543f-964b-4ad4e7a11237,DL-BE-30015,GEO-BG-30014,Kit,2015-07-06T13:24:36Z,2016-09-03T18:19:05Z,5aa2e30c-97ec-5875-8f58-a4e3058949b5,ab5aa83e-b22d-58e4-9c22-4e0517683c26
fab5e1ee-6d03-5b73-b655-fcca82ddae52,DL-BE-30015,GEO-BG-30016,Kit,2015-07-06T13:24:36Z,2016-09-03T18:19:05Z,5aa2e30c-97ec-5875-8f58-a4e3058949b5,ab5aa83e-b22d-58e4-9c22-4e0517683c26
831de612-810b-52e4-a7a2-7751f7d10eae,DL-UM-40003,GEO-UM-40003,Kit,2015-07-20T14:15:14Z,2016-04-21T18:43:30Z,5c7672fa-2b0a-5041-ba27-0df2f11bc9e1,49924fcd-f0c1-5f61-a16a-964600866c3e
786e87f3-f26f-5466-b0d1-55347d96b495,DL-BE-30010,GEO-BG-30010,Kit,2015-08-04T17:10:37Z,2015-09-14T20:35:00Z,663cac6f-74ba-5fe3-9b09-6c4813572596,34fa62cc-9efd-526c-8a2d-55b5f8b525bf
ca9e46cb-f0e8-5cc9-9119-e9f554f05fd2,DL-BE-30036,GEO-BG-30030,Kit,2015-08-31T14:16:35Z,2017-09-15T20:56:39Z,7f10f6b4-10e8-59fe-9a05-f08d06885c12,9b4d6225-1f4b-537c-a2d4-d2e16d86acc1
b20dee93-a35c-597e-ae0a-c42377285fba,DL-BE-30036,GEO-BG-30033,Kit,2015-08-31T14:16:35Z,2017-09-15T20:56:39Z,7f10f6b4-10e8-59fe-9a05-f08d06885c12,9b4d6225-1f4b-537c-a2d4-d2e16d86acc1
d44f03ed-7111-5626-821d-9ff35718677a,DL-BE-30018,GEO-BG-30021,Kit,2015-09-02T18:47:43Z,2016-11-02T18:00:34Z,441d8a0e-19e7-5211-a77e-ec23d7ab3809,42248718-2c80-5049-98c5-7bd89d22eefe
3217d34c-c5fc-5b3a-a4ac-504dac02a996,DL-BE-30047,GEO-BG-30031,Kit,2015-09-26T21:46:03Z,2016-10-24T21:00:41Z,6da9805f-3537-54b5-a2c5-0563914fcbb6,94d0d7ef-6682-5764-9852-923eee2a4822
2327aad9-4a7d-575c-8fb3-1238eff9b8e5,DL-BE-30047,GEO-BG-30013,Kit,2015-09-26T21:46:03Z,2016-10-24T21:00:41Z,6da9805f-3537-54b5-a2c5-0563914fcbb6,94d0d7ef-6682-5764-9852-923eee2a4822
610cb7fa-c608-5025-bc6e-bac7229795cf,DL-BE-30013,GEO-BG-30011,Kit,2015-09-28T13:33:39Z,2016-03-11T21:15:13Z,c85c1214-e746-56ba-a4d8-bb0635b0b35a,0ab6cb01-ac56-597e-ab82-0641aec81e20
30f6881b-8182-5b18-af17-8c6f87328399,DL-BE-30011,GEO-BG-30015,Kit,2015-09-29T12:14:24Z,2016-02-09T20:10:13Z,ab04dff4-7ca5-54f9-a582-9c30d71e807e,08fe282b-0a61-50f0-8fb7-ae49b983794c
2107760b-163c-5cdd-8e51-a054c189fdae,DL-BE-30002,GEO-BG-30000,Kit,2015-10-27T21:36:25Z,2017-02-10T22:35:18Z,a134e190-1846-5ad8-83fb-a8b31af55c23,9b726cad-78d6-585c-851f-c55bfbfa8dcf
88c89b2b-b4ca-5cbc-a046-15cc2d760596,DL-BE-30010,GEO-BG-30010,Kit,2015-10-29T19:15:57Z,2016-07-14T17:50:03Z,1a38b543-89be-5e55-bc1b-5f41d30b50db,58530f59-b9b9-5ed0-b807-356d8c6ef2f5
750cde57-7690-56d6-bc42-77a63f00037f,DL-UM-40004,GEO-UM-40004,Kit,2015-11-20T22:02:51Z,2015-12-06T21:05:30Z,a1948eb1-dbbc-5349-aba4-ef331e85e22a,adb16241-da1d-5a6b-9ac7-144859665bb1
fb77da84-8b03-5b7d-b1e1-971499b8213e,DL-BE-30041,GEO-BG-30029,Kit,2015-11-24T00:08:13Z,2016-10-09T17:08:00Z,335cce69-4cbb-5c4a-b818-994d807c7003,85e018e3-77d7-597b-85f0-92bb36ad6f02
5b6e5c8c-88b5-5b44-9ef0-36d3c75eecdc,DL-BE-30009,GEO-BG-30020,Kit,2015-12-02T13:42:42Z,2016-02-29T21:04:15Z,a48c8e7b-e0da-5ee1-be97-f01317b6ee67,1f3a80f5-41c5-5ce3-a52a-c3502f0dd540
3089d31a-f057-5373-ba6f-6f7bfd38d7ce,DL-BE-30017,GEO-BG-30018,Kit,2015-12-15T17:52:11Z,2016-10-03T18:47:42Z,f4e0eced-44e3-52b6-8b1b-6a720223463c,c0a87786-c2ea-5fbb-a0f6-52673d7cceee
c0ec1d07-f40f-5ba4-9479-86a773ddb217,DL-BE-30005,GEO-BG-30007,Kit,2016-01-15T14:58:55Z,2016-02-17T19:57:55Z,c45dab33-ff0d-5245-8955-3fb3d6008875,3ea7c525-0366-5afb-85ae-686b718a8952
ca76393d-f24e-56f2-9da1-9f8d8f7442dc,DL-BE-30005,GEO-BG-30025,Kit,2016-01-15T14:58:55Z,2016-02-17T19:57:55Z,c45dab33-ff0d-5245-8955-3fb3d6008875,3ea7c525-0366-5afb-85ae-686b718a8952
5bfbd6c6-d9e3-5999-84f5-f713ce16762a,DL-D10-300000,DST-5020,Component,2016-01-26T14:20:52Z,,d0ea15d6-bdcf-5531-930f-3bec1f110ca4,
89d4df79-ebbb-5994-86bd-81cbb52ba225,DL-UM-40005,SLM-UA-40000,Kit,2016-01-29T17:53:51Z,2016-03-10T19:45:33Z,b85c072e-18d7-5e85-8df2-dfb61ddc3cb9,32d32ebb-c6fa-5f95-b837-e7fbb89e2725
cc59b556-3bee-5e09-8239-b6113570d1d2,DL-UM-40005,GEO-UM-40005,Kit,2016-01-29T17:53:51Z,2016-03-10T19:45:33Z,b85c072e-18d7-5e85-8df2-dfb61ddc3cb9,32d32ebb-c6fa-5f95-b837-e7fbb89e2725
7db3e4c9-ac23-5b09-b9dd-a053c9cdbd8c,DL-UM-40004,GEO-UM-40004,Kit,2016-04-04T20:13:00Z,2016-10-25T23:04:24Z,54806f4b-58e0-519c-a02b-5a05f1b19626,9a065416-8238-51f6-b2ce-4b4bab73af6e
363ef195-b1ba-5926-9c8e-1f68aa03d25d,DL-UM-40005,GEO-UM-40005,Kit,2016-04-14T19:01:03Z,2016-12-20T19:13:12Z,6771a452-1c61-5dd2-94e8-e6dffa4a0a09,744c34f0-e5ad-535b-866c-6cd655f7de35
543fd622-9cc9-525c-a46c-43aee239ef89,DL-UM-40006,GEO-UM-40006,Kit,2016-04-21T21:50:59Z,2016-08-22T17:53:51Z,eff890aa-af38-5349-a7fa-42f9b690899b,00d9a09e-6db2-5a12-82b8-f9ce57350c90
4ab2e22e-e77e-5f55-8d08-55f16ee59ce0,DL-BE-30007,GEO-BG-30017,Kit,2016-04-27T12:37:14Z,2017-03-13T21:07:28Z,2fd31fd1-4689-5691-8904-e942dce1e40d,6d073520-6bb8-5849-b841-9e8eb4acd0c2
c7180f33-6aa8-5591-8283-e4ac934ecc6e,DL-UM-40007,GEO-UM-40007,Kit,2016-06-17T19:02:45Z,2016-12-20T21:03:10Z,e80aa2a3-8b9e-5022-8e7b-0897c1adc739,5034edbc-be02-582c-aba2-57107531c74d
34e5d0dc-9d3c-5c07-a477-7a40255249c0,DL-BE-30006,GEO-BG-30004,Kit,2016-06-20T15:45:36Z,2016-11-01T19:22:27Z,2d383602-c73b-5930-8a52-d900f6924c13,b6cc231c-da5a-533e-b8ff-4b88f168d570
b90c6684-af7f-5857-95ab-06088f81502b,DL-BE-30012,GEO-BG-30019,Kit,2016-06-29T20:12:49Z,2016-10-14T17:27:47Z,769e26f0-4a0f-5b3d-9a49-0aaa398bd1dd,5e4f709a-27e7-5d12-b0aa-d344f0f37afd
6e9d0e63-4960-59ee-937b-5f43600808a7,DL-UM-40002,GEO-UM-40002,Kit,2016-07-07T19:59:24Z,2017-03-06T22:47:52Z,8e1df705-43be-55d1-bc10-deb0bb727f07,b71e273e-62cf-584c-8a51-e280f8232431
8424e36c-1c21-573c-9d53-9389d4d1ad12,MDM-3000000000,DST-5022,Component,2016-09-05T11:41:05Z,,be937027-7f0b-5506-b606-170242db207b,
e7bd9339-31ec-57a3-af90-61d98197f332,DL-BE-30010,GEO-BG-30010,Kit,2016-09-05T19:44:44Z,2017-01-26T20:46:00Z,ae11072c-e807-5fea-8061-0c0b6b2058c9,a9a59642-8a86-5202-9dc6-cee68b4e29c1
dadef273-ac20-5165-bcb7-0ef9b0773bd1,DL-BE-30023,GEO-BG-30027,Kit,2016-09-12T18:26:21Z,2017-03-23T19:20:15Z,14347894-c847-5354-8b61-3bf74098fbc6,03c60417-1511-5475-9d83-e16d86690f8e
f33657d9-ec00-599f-bb5d-3c9bdedbedd1,DL-D10-300001,DST-5024,Component,2016-09-15T14:38:29Z,,5398a718-0864-52dd-98da-0b5a3130fffe,
41896d99-96f3-5a24-8ab4-593c4d8a6091,DL-BE-30016,GEO-BG-30006,Kit,2016-09-26T18:40:54Z,2017-02-08T20:05:11Z,6c41df3f-3d46-5af4-9692-9fbeff6f4e60,4b087a2f-3ecc-5e1c-b948-fbdf4f1cb1f2
c17b593e-fa81-5403-907a-2f939b1ccfb6,DL-BE-30013,GEO-BG-30011,Kit,2016-09-30T18:28:49Z,2017-06-19T19:15:33Z,bfcff87f-5cf5-5275-914f-3c2511d0a518,44a7be0d-92f5-5a94-aef3-4600424f6144
374b1783-2e4f-5f4e-b2f3-33d2f9945341,DL-UM-40001,GEO-UM-40001,Kit,2016-10-06T11:52:27Z,2017-03-07T22:41:01Z,1d08189d-6775-5c95-9adc-af41a3c4fa90,9bdedeea-566e-557c-95e4-c8c5629c343e
4b158376-9761-5e1a-b26f-a99282b3e515,DL-BE-30012,GEO-BG-30019,Kit,2016-10-25T15:28:10Z,2017-11-28T00:33:59Z,ee1bb9f0-5bcc-5151-841d-b56c5963ae9c,61e12df9-5a58-52a2-9bc6-e159bbd077cc
a6c21bab-37dc-5272-8492-40e91c252ba5,DL-D10-300001,GEO-V12-400002,Kit,2016-10-31T18:12:22Z,2017-04-21T17:19:00Z,7bba2ca9-c32c-5aad-b074-87041272792a,eb5622ef-8658-5075-8f1a-66c2d0f64676
b8a965ca-0942-5902-ae42-63472acdf6a2,DL-BE-30017,GEO-BG-30018,Kit,2016-11-10T14:44:01Z,2017-05-03T21:16:52Z,f63569fc-871d-518e-9bd2-09410ebb82bf,4ac33785-522a-5f9b-af13-eaa395a785a2
3bf7fcb5-3450-5c58-b20d-e93986eab7d9,DL-BE-30041,GEO-BG-30029,Kit,2016-11-24T17:20:58Z,2017-01-04T21:49:42Z,786f096e-da12-5315-a762-fde07f3a319a,7a3f4f2c-cbe7-5942-a257-b24f897694bd
552bb6f7-2427-5966-8682-aad715c92886,DL-BE-30047,GEO-BG-30013,Kit,2016-12-05T15:21:44Z,2017-02-17T22:42:45Z,d31c81f3-f465-50a4-8bcf-1b39ecab232d,fc9df1cf-80b7-58f0-8ddd-1f184f697788
726b221a-1a32-5b39-85c0-5d7f1f46df53,DL-BE-30018,GEO-BG-30021,Kit,2016-12-11T19:16:40Z,2017-09-11T17:06:30Z,ff4ecaff-4623-5f58-a6e1-9723ff26498b,ec3bc450-aba7-5a5d-a096-1d35faff23ce
35e5bcf8-38c0-5188-8c83-87b1a4f6904c,DL-UM-40008,GEO-UM-40008,Kit,2016-12-15T15:33:47Z,2017-01-23T20:00:16Z,c9d42c1e-6696-51b3-8c1c-d892108d89e9,c2f6341b-3fcd-5a4f-8b3b-f21ac2ed0c4e
beb38841-ba80-58e6-9cb8-5f02e3db312c,DL-UM-40004,GEO-UM-40004,Kit,2016-12-15T17:18:11Z,2018-05-28T18:51:06Z,0b9d7a1f-f887-5acc-b5dc-2fed85dbf616,fff6fd1d-58ca-5e2e-98a6-cbedceb1867b
ebaf526c-edf4-5821-a6ae-66e21a53df73,MDM-3000000001,DST-5025,Component,2017-01-09T12:18:54Z,,90acd9c0-06fe-5f6c-b72f-50efcd7672dd,
4631d4a6-3de0-5b9a-81f1-f98e12b13269,DL-UM-40007,GEO-UM-40007,Kit,2017-01-09T17:40:37Z,2017-02-28T21:11:53Z,78d1a630-c829-59c2-957f-c172b6623684,c3e00be8-a673-5380-846a-0475f06d222c
3c454e21-e6df-549f-9ee0-921874464b93,DL-UM-40009,GEO-UM-40009,Kit,2017-01-19T19:15:31Z,2017-05-17T20:38:59Z,5eb45d1f-19e7-56be-8d87-d4d923d8a4bd,1630491d-f57e-5a15-9e0a-26412ddd3fe4
dd962b9b-2d8d-5d5d-8fb9-c10b6d24c8fc,DL-UM-40009,MDM-3000000001,Kit,2017-01-19T19:15:31Z,2017-05-17T20:38:59Z,5eb45d1f-19e7-56be-8d87-d4d923d8a4bd,1630491d-f57e-5a15-9e0a-26412ddd3fe4
37b7b2d1-0cf1-58ca-99e1-6e9483656573,DL-BE-30041,GEO-BG-30029,Kit,2017-01-20T19:45:31Z,2018-08-13T17:21:22Z,4dd66509-c111-59f8-9d42-3df88df42e28,a2b3ae5c-fa1c-5c76-a2af-bf22864e468c
d8625356-8c55-515d-b8d7-5f3d156ed8b3,DL-BE-30020,GEO-BG-30022,Kit,2017-01-23T19:03:20Z,2017-08-11T21:51:13Z,4a0e8236-1744-56d0-8160-64846fb6d88c,559a5590-2253-5c68-b151-2ef21a343dc7
1ffb2237-89cd-5a58-97f1-64d4f63774b3,DL-BE-30020,GEO-BG-30023,Kit,2017-01-23T19:03:20Z,2017-08-11T21:51:13Z,4a0e8236-1744-56d0-8160-64846fb6d88c,559a5590-2253-5c68-b151-2ef21a343dc7
1507a137-c8b0-5d08-8123-e6581c7e3ea0,DL-BE-30009,GEO-BG-30020,Kit,2017-01-24T19:50:52Z,2017-08-30T21:50:22Z,b8ffa194-8570-57ce-af79-3cf0773fb9e4,247905f2-eaf0-57f8-b2ab-3ab5c1ce0e12
eceb7120-06dd-5fdf-92ca-4b346a829d4d,DL-BE-30006,GEO-BG-30004,Kit,2017-01-25T22:19:31Z,2017-07-20T19:04:21Z,e1a7a7f4-4e07-53ca-8d2b-794794e14041,d560db82-e445-5af5-9e67-f91ce0353876
6e61ab9f-2a41-5a2e-81f7-83156e8dcfe1,DL-BE-30034,GEO-BG-30026,Kit,2017-01-26T15:35:46Z,2017-04-24T18:48:34Z,805d26e2-d580-5a3f-abc4-7e6b8c681709,1f4ba5fe-3b76-5706-b666-9de41d715523
b984e7f9-7f9f-59a8-ae57-9bffe372af5f,DL-UM-40008,GEO-UM-40008,Kit,2017-01-31T20:49:34Z,2017-03-27T21:12:32Z,edc74fc5-bb29-52ba-baca-84142d305001,f508c8d1-ff3d-5687-acb4-c07d6586bc6e
fef97582-efe3-5fe7-bab4-de994ab6d0b6,DL-BE-30010,GEO-BG-30010,Kit,2017-02-06T15:38:14Z,2018-08-23T19:48:50Z,b50cfad9-6402-5a34-baf3-6b43fd16753f,85d031d8-5276-582d-bc11-4445f0cdeb9e
b32dcdbd-498d-5d6e-a3fc-11772fba5ecf,DL-UM-40005,SLM-UA-40000,Kit,2017-02-09T15:11:18Z,2018-04-03T20:04:23Z,86031c43-93ac-5ef4-9e8e-135cfbedfeb4,e339e2da-2eec-5114-b852-dd44e5e5a42f
4e528092-5d73-5b85-ab4e-327c03e0cb1f,DL-UM-40005,GEO-UM-40005,Kit,2017-02-09T15:11:18Z,2018-04-03T20:04:23Z,86031c43-93ac-5ef4-9e8e-135cfbedfeb4,e339e2da-2eec-5114-b852-dd44e5e5a42f
3611b92a-ee1b-504b-b612-08d3d7f5a4d2,MDM-3000000002,DST-5027,Component,2017-02-10T12:15:35Z,,dde69712-81cc-5085-b3a8-0f11e305a550,
0ae46356-b13a-5e73-bece-064c1a7d6e29,DL-BE-30047,GEO-BG-30031,Kit,2017-03-01T20:32:43Z,2017-09-20T19:53:56Z,5b15b698-02c7-586e-80bc-80f09d62d178,82daeda1-c136-5c74-9266-4ee8ba69bfa0
60c4445c-8481-56d9-a9b1-e3ef45a30cf4,DL-BE-30047,GEO-BG-30013,Kit,2017-03-01T20:32:43Z,2017-09-20T19:53:56Z,5b15b698-02c7-586e-80bc-80f09d62d178,82daeda1-c136-5c74-9266-4ee8ba69bfa0
30df27a3-614d-5def-96d5-307bed31f6a3,MDM-3000000003,DST-5028,Component,2017-03-06T13:40:07Z,,79e0ef68-140a-5294-99d7-45840b7b0653,
57b67e48-c3d7-52e1-b76f-633b57f8377b,DL-D10-300002,DST-5029,Component,2017-03-16T23:13:18Z,,cf90f559-0535-5e17-abc5-797067b75f76,
6443ed20-8901-5a7a-b2ec-81985d6fe739,DL-UM-40001,GEO-UM-40001,Kit,2017-03-27T19:20:10Z,2018-09-21T21:00:22Z,b276bed4-f85c-5e8c-bd2a-e7518acee068,0ec95178-91f7-562f-bc23-51c0a979f604
bbccecd7-c1fd-56d8-bf7e-8eaaba1e1307,DL-UM-40002,MDM-3000000000,Kit,2017-03-29T15:11:05Z,2017-11-28T19:21:14Z,f729ac15-cf6e-50aa-8cfe-828f3a298786,17a59f6c-7408-5335-8f7c-b7b740e11f16
a1d5d12e-f2f2-5c3b-865c-8fe09d97af63,DL-UM-40010,GEO-UM-40010,Kit,2017-03-30T16:25:23Z,2017-05-09T21:08:36Z,83d2ee3c-7fab-5157-8659-0a18de8a6620,46a24201-6589-50e6-a0be-c58328924e9b
6cd7f4b5-4aae-5e30-b482-31d08dc18c61,DL-UM-40007,GEO-UM-40007,Kit,2017-04-03T12:53:08Z,2017-05-31T18:52:51Z,3f1a6cb2-a045-52a0-ab20-8bff977880b0,858a0c76-a6bc-5a35-9036-494f2d0e5573
9d7fba42-4f8e-50ee-800a-ebd82ea60677,DL-D10-300002,GEO-C22-450000,Kit,2017-04-07T00:16:02Z,2019-08-26T17:22:09Z,9b1a3fa4-0c55-5292-b121-0519e094d02b,47fdd34d-afa6-58ab-bb23-6e4eb9285a49
7b716f61-2157-50be-9473-32b360ad7e1d,DL-BE-30005,GEO-BG-30025,Kit,2017-04-13T17:59:10Z,2017-11-21T21:11:31Z,e30ddc9d-f0d1-58ee-b242-7136edd858a3,cf3b3aa1-842b-568c-bd4d-56957dbf2047
d0c6eeca-8be2-51c6-a6fb-c5910cc9578f,DL-UM-40008,GEO-UM-40008,Kit,2017-04-17T12:27:48Z,2017-05-31T10:52:39Z,ce4345b2-eba4-56e3-bbff-614bde26a9f1,9acefbe1-768e-5afa-b518-910573dd6037
133f1a5d-9e4a-5534-b96c-807bdb840e2c,DL-UM-40000,GEO-UM-40000,Kit,2017-04-28T16:02:22Z,2017-06-26T19:18:34Z,af961126-cc45-596c-a9ba-26a625dce801,00651c89-e044-5777-b5e2-78d284e7fb7c
48352bef-8745-546b-a498-91c1f6692b0f,DL-BE-30002,GEO-BG-30000,Kit,2017-05-09T20:16:10Z,2017-05-30T17:54:00Z,c4e650c6-034e-568a-8f37-b8a75a9ea1c9,434c1d9f-4266-52c3-82ea-be721c1fdf2e
c2bb57ad-7e44-57a1-bf51-232c1fb889ab,DL-D10-300001,GEO-V12-400002,Kit,2017-05-11T14:35:36Z,2017-08-07T20:13:58Z,1bc22576-732e-510e-b6af-c07d8cd674cc,d962ec4f-2fb5-54b3-a8bd-f9d120b127f5
ec5ebb87-3f49-5164-a7b5-4dda800ebb10,DL-D10-300001,SLM-S50-500002,Kit,2017-05-11T14:35:36Z,2017-08-07T20:13:58Z,1bc22576-732e-510e-b6af-c07d8cd674cc,d962ec4f-2fb5-54b3-a8bd-f9d120b127f5
a5ba0b00-2153-511a-ab49-5797e871861c,DL-BE-30007,GEO-BG-30017,Kit,2017-05-11T12:05:01Z,2017-09-05T17:19:39Z,b55b97e0-2d26-527c-a72e-80fb3e8f37e0,46f87ed3-8adc-5a0c-b06b-bd503ae90095
97c3e091-e9cb-5f14-8226-f225c620e76f,DL-BE-30007,GEO-BG-30028,Kit,2017-05-11T12:05:01Z,2017-09-05T17:19:39Z,b55b97e0-2d26-527c-a72e-80fb3e8f37e0,46f87ed3-8adc-5a0c-b06b-bd503ae90095
7ad63c50-1a74-5bcd-b4c6-53ff1a75c201,DL-BE-30051,GEO-BG-30032,Kit,2017-05-11T20:50:30Z,2017-09-04T18:12:09Z,b9bedef2-edaa-5f60-9ade-fb9d8b84429d,82d95ae1-733d-5c71-b2d5-d4124bfd0c98
dbdd8248-4e99-5a27-8c1f-5ed0cf6ece97,MDM-3000000004,DST-5031,Component,2017-05-15T14:21:17Z,,8389e453-28ef-56e7-a0d9-afc8e10f567b,
c7737c16-ca92-5501-900f-6422d9632487,DL-BE-30034,GEO-BG-30024,Kit,2017-05-16T21:25:20Z,2017-09-18T18:45:36Z,5ebf1f16-bda7-5971-924a-8aeedc1a673e,3705b78f-0c1e-5685-bd63-ac0bb12c38bf
1763bc1b-5614-5985-a900-84ffb967fb5b,DL-BE-30034,GEO-BG-30026,Kit,2017-05-16T21:25:20Z,2017-09-18T18:45:36Z,5ebf1f16-bda7-5971-924a-8aeedc1a673e,3705b78f-0c1e-5685-bd63-ac0bb12c38bf
31240349-3be1-56d7-80a4-4a2ead539ad8,DL-BE-30023,GEO-BG-30027,Kit,2017-05-21T13:38:45Z,2017-07-10T20:15:38Z,2da11025-1fad-55dd-aceb-134e19a5593f,ba1491f6-00e1-58b1-86f2-c0dfebfdcf65
1abd5857-9a8c-575f-b3e6-843ac902dda6,DL-UM-40011,GEO-UM-40011,Kit,2017-06-05T18:01:02Z,2018-04-25T20:40:31Z,b5ccca73-ffe8-54d4-b0d2-2aeb1f8cd530,3193aa70-d5f5-59b8-ae5a-ee1228cb5615
c1e35af5-282a-57b5-9688-b793805b6f2e,DL-UM-40010,GEO-UM-40010,Kit,2017-06-12T17:14:52Z,2018-06-04T20:20:05Z,42295ec3-5c17-5511-817c-866bd450364f,7ffc31e1-3390-5138-b031-ae764d262d74
6a8a653e-82cf-5fff-83c3-7b4fac785f2d,DL-UM-40008,GEO-UM-40008,Kit,2017-06-26T19:14:02Z,2017-09-05T18:25:54Z,73ade140-fd5c-5df2-8a5b-96afd0ab68c4,66a2b93a-46db-57ae-8d5b-6a0cb5a43eee
c8ca4ccf-c1e6-54de-b397-b275c826f9b7,MDM-3000000005,DST-5033,Component,2017-06-27T12:01:26Z,,e359f99d-9cb6-50ee-81d2-251b57f9105d,
3fe8263c-4c23-5c24-9307-fcd819499eb5,DL-UM-40007,GEO-UM-40007,Kit,2017-07-20T11:41:22Z,2017-08-14T19:01:02Z,23999d1a-29db-5fdc-b8fc-1d6ece71a9c5,cb5d4733-633d-5a60-86e2-821e19b2b9e6
8db0a28b-cf4b-5919-b203-c062ae1ab5fe,DL-BE-30013,GEO-BG-30011,Kit,2017-07-26T13:26:24Z,2018-07-30T19:13:52Z,37734c64-1720-5057-b549-1a70459877db,80b85505-134e-5e03-bae2-28d4b6323fa5
3f4dbb2f-2f6c-5eba-bff4-19d03ffadf61,DL-BE-30008,GEO-BG-30009,Kit,2017-07-28T21:47:16Z,2017-11-20T19:06:15Z,4c622cd9-057c-58ed-96e6-d934df6465ab,58a80a44-41af-50b9-b2b8-0153bba394b2
5b61a763-2e70-5b5f-b213-dbfdc0280d59,DL-UM-40013,GEO-UM-40013,Kit,2017-08-01T12:55:54Z,2018-01-10T22:34:11Z,d7ba1b26-717f-5182-994c-c3685edc2df2,245b2601-2349-5965-b907-974334449651
32383b83-5072-5395-9f07-5754b2328d76,DL-UM-40012,GEO-UM-40012,Kit,2017-08-02T20:52:47Z,2018-04-25T20:51:01Z,fbcd1a04-4bf8-5219-be05-2ad7b3e972d6,4fe21f6f-269a-52ce-84d9-8ec845579c87
2263cc62-ed2f-518e-abd9-003281910c38,DL-UM-40009,GEO-UM-40009,Kit,2017-08-17T19:46:44Z,2018-01-11T18:01:15Z,c4160b48-defa-5cee-97e7-37d6160078f6,4ae984a6-6338-5208-a23b-ac7450aef1ff
adc6db7d-bdfa-583a-9e9e-19757cb03829,DL-UM-40009,MDM-3000000001,Kit,2017-08-17T19:46:44Z,2018-01-11T18:01:15Z,c4160b48-defa-5cee-97e7-37d6160078f6,4ae984a6-6338-5208-a23b-ac7450aef1ff
3f843278-12c3-58ff-95ee-678a2c042d0f,DL-BE-30023,GEO-BG-30027,Kit,2017-08-28T18:45:05Z,2018-04-23T20:27:37Z,d5bc9cab-9bf9-5a98-9500-ec62ac931950,9a02e1e6-cc60-5554-8e6c-8219aae809c7
025515f0-384d-5ba1-99cb-2e906b6da4b2,DL-UM-40000,GEO-UM-40000,Kit,2017-09-01T12:36:27Z,2017-09-07T21:27:01Z,52861039-06c2-5530-99eb-3ee0cd29b1ff,58824ff5-0285-58ba-8326-e3742f6e393f
9c9ae7cc-e5f9-5d00-b409-00e0223753a9,DL-D10-300001,GEO-V12-400002,Kit,2017-09-12T23:33:02Z,2017-11-09T22:38:31Z,b5307f4e-60b6-5a84-853b-3936a1216690,4503c5ff-8f47-598a-afe7-bc6c41075654
a8e4717d-419e-5f8a-a787-103ddc67497e,DL-D10-300001,SLM-S50-500002,Kit,2017-09-12T23:33:02Z,2017-12-13T22:58:23Z,b5307f4e-60b6-5a84-853b-3936a1216690,f4db1865-31a7-543a-8c79-100345033de4
b21081c0-10d0-5a83-a4b6-1f8a2f994b5a,DL-UM-40006,GEO-UM-40006,Kit,2017-09-12T14:02:07Z,2018-02-15T19:06:56Z,faf43095-5926-5d4e-9f04-9d100830e9ea,bbc0ed67-fdb2-51aa-9009-35f7c03086d3
e490e869-1aa1-5ec7-ac36-e8b2824d1d43,DL-UM-40000,GEO-UM-40000,Kit,2017-09-13T12:42:42Z,2017-11-10T22:19:57Z,3ff4343f-c82f-5fdd-bd01-9f793faf9e04,20adb036-258a-5113-ab27-cfb9938869e3
66451c53-5cfc-5ff8-9b22-c89da710e375,DL-BE-30007,GEO-BG-30017,Kit,2017-09-20T20:27:22Z,2017-11-07T21:11:02Z,0d3825b5-3119-549a-afc8-05ad20bfed9f,6f38176c-5061-5839-b81b-15a9a6340638
603040c5-7f9b-5ab7-9274-f9842afa7e92,DL-BE-30006,GEO-BG-30004,Kit,2017-09-20T17:11:43Z,2018-08-07T18:27:10Z,722175f0-ae3b-5fe5-b110-04c75908305f,f355c31a-25d7-52f7-bbff-de85cbebb245
4f6aefe1-1ad4-591c-a6f3-612ce58ec64c,DL-BE-30020,GEO-BG-30023,Kit,2017-09-26T17:47:18Z,2018-01-29T22:48:56Z,7abcd36f-2969-5f4c-b1e1-88840a999c7b,97668606-706f-59da-a33b-9f89eae2a9c6
a6dd5b6d-3787-52ed-8c87-378b462a6186,DL-BE-30051,GEO-BG-30032,Kit,2017-09-27T14:04:38Z,2017-10-16T19:03:28Z,e68d8657-84a3-562f-a604-8e9beb7937ec,453d22fd-2304-5f76-8305-cea6cedd20b7
eb66d593-56db-5d72-bc01-1af2c1f8bd48,DL-UM-40015,GEO-UM-40015,Kit,2017-09-27T16:37:33Z,2018-01-16T21:13:58Z,9d482f12-76c5-5ec5-bc4b-4c0a5c5d8224,c003b180-2f2e-5cc6-bae6-d3468fd99291
d28436d7-578a-514e-b78e-9616593e4909,DL-BE-30034,GEO-BG-30024,Kit,2017-09-27T17:46:49Z,2018-09-11T18:31:39Z,9120c22d-e489-5730-b368-15c44f6b1fc8,ab6a25a5-a175-54b0-bc2c-153620635544
83ef8958-5aa0-5f4e-a280-8d5d9470137c,DL-BE-30034,GEO-BG-30026,Kit,2017-09-27T17:46:49Z,2018-09-11T18:31:39Z,9120c22d-e489-5730-b368-15c44f6b1fc8,ab6a25a5-a175-54b0-bc2c-153620635544
ae92b724-4879-597f-815e-6a4c60d5289f,DL-UM-40014,GEO-UM-40014,Kit,2017-09-29T17:21:06Z,2018-05-20T17:20:18Z,0f72c556-f9bb-55ca-97cd-a576e1d4a1d6,a53460e8-6a73-5e65-b8ca-7424e43e51d8
2522ed98-4db2-584e-91b6-274f9df22db6,DL-BE-30018,GEO-BG-30021,Kit,2017-10-22T13:02:59Z,2018-07-10T17:41:58Z,3119d5e2-9824-5eee-8847-0d093cf62cf8,412479f1-da41-566a-a036-f99b91843e37
ecca395d-8aec-5c1a-99ed-527d91d266cd,DL-BE-30051,GEO-BG-30032,Kit,2017-10-24T14:41:45Z,2017-11-23T20:18:08Z,c76ecc9d-b230-5b60-b9a8-02a2ede75384,d72f20c5-9cf9-5369-9b7e-e7ad3d89b8ed
9609db9b-8446-531c-b649-a01e7f682964,DL-BE-30047,GEO-BG-30013,Kit,2017-11-06T16:38:20Z,2018-10-19T19:29:23Z,1c3627e5-7e71-58ac-92dc-a3d90a33bca5,6a31c8c9-d75c-5924-a8e3-ec47867e30ba
dd108231-8e9a-559c-a1d9-06f4907ea293,DL-BE-30036,GEO-BG-30030,Kit,2017-11-08T15:38:51Z,2018-07-07T19:48:51Z,e17a3d14-322f-502a-ad74-a57d655afdfb,1b7596c1-7a0d-5dee-aaad-5897e11a7a56
b34eecdc-9eda-5024-9bc9-0e2d4997f76a,DL-BE-30036,GEO-BG-30033,Kit,2017-11-08T15:38:51Z,2018-07-07T19:48:51Z,e17a3d14-322f-502a-ad74-a57d655afdfb,1b7596c1-7a0d-5dee-aaad-5897e11a7a56
e881e4e9-388a-5e4f-8756-c2d108c6a374,DL-UM-40008,GEO-UM-40008,Kit,2017-12-04T20:50:40Z,2018-09-24T18:31:34Z,a0e0a929-1220-5225-a4b7-26df5b10232d,18b1f6aa-71c9-5098-b8f2-6f5270ba0b73
efac7c5c-120c-55f3-b1a2-c54de4203a80,DL-BE-30002,GEO-BG-30000,Kit,2017-12-13T20:57:54Z,2019-09-09T20:00:37Z,943de2e3-a570-5698-9b4e-b8fd56aa18a2,9ff21d00-792b-59f2-8af6-fef40c19a477
efb15e5f-e682-5195-8694-300275043aad,DL-BE-30051,GEO-BG-30032,Kit,2017-12-21T12:07:08Z,2018-06-08T20:19:59Z,4d0aa3fc-064c-5c35-928b-f720edc63732,6cc8c673-e1d9-5fc7-ba7a-bdfeba2cef24
6fe034cc-84b1-5a14-a70e-28c1206f319e,DL-D10-300001,GEO-V12-400002,Kit,2017-12-25T20:32:49Z,2019-01-30T18:40:42Z,389a132f-4061-5534-b0c7-3395c2b1d1df,9937263e-8116-5013-bdee-c5dc7d8b9186
249a09d5-586b-52ca-b6fe-cd783c5b75f5,DL-BE-30007,GEO-BG-30017,Kit,2017-12-25T13:35:39Z,2018-06-11T18:58:57Z,26028a3d-9bc4-5984-8fdb-257230682835,da782927-1a42-5d11-83ba-3b103581909d
502b1033-8383-542c-85fe-4a6b053e3862,DL-BE-30007,GEO-BG-30028,Kit,2017-12-25T13:35:39Z,2018-06-11T18:58:57Z,26028a3d-9bc4-5984-8fdb-257230682835,da782927-1a42-5d11-83ba-3b103581909d
504d82bb-124a-5914-b54d-ca67a0c5aefd,DL-BE-30008,GEO-BG-30009,Kit,2017-12-28T16:59:17Z,2018-04-16T20:41:27Z,ca5ba24a-328b-535c-a735-593ef37b743e,2961de81-fd04-584e-9dc7-7ef6d26dc1df
1264e12f-ea6b-5cc3-bb22-fcf37481e092,DL-UM-40003,GEO-UM-40003,Kit,2018-01-10T13:45:35Z,2018-06-28T21:08:06Z,24052454-1da3-5a7f-b832-7432a0d039fb,608f54d4-1bec-5305-a5ea-bd2f0c1cf4e5
1e55ee70-c45f-50f9-a9e1-0d5cb6332976,DL-UM-40000,GEO-UM-40000,Kit,2018-01-11T21:29:35Z,2018-02-15T22:34:43Z,c5d22791-5b93-51ab-9062-04522275a047,a6525efe-f07d-57be-a971-89cf910097fd
463a067d-ec51-5a19-82c0-4460f890e8bb,DL-UM-40002,GEO-UM-40002,Kit,2018-01-19T13:10:41Z,2018-08-20T17:49:15Z,12768f60-e791-59c3-8c9b-b4c37c82c619,a54e9b7a-b1c3-5420-935e-88c40dcada01
0afab9f5-abcd-5dba-8f74-db468f944e47,DL-UM-40002,MDM-3000000000,Kit,2018-01-19T13:10:41Z,2018-08-20T17:49:15Z,12768f60-e791-59c3-8c9b-b4c37c82c619,a54e9b7a-b1c3-5420-935e-88c40dcada01
baccf982-d724-501a-8c46-e652296da3f8,DL-UM-40015,GEO-UM-40015,Kit,2018-01-22T19:42:32Z,2018-04-05T21:39:55Z,6c5cc28c-9107-5ec2-aa82-68f803ec128c,6825fb45-b9c7-56d0-8bde-329b215481bd
778007c3-116d-565d-91c9-83c9d44d05e6,DL-BE-30012,GEO-BG-30019,Kit,2018-02-12T19:53:18Z,2019-12-30T18:14:08Z,6da3dc75-5fed-5985-a290-6babc7de46d3,924ea4ac-e659-55ab-a90c-63ef74809b93
c4db5cc9-9929-50e6-b695-3b826b7e5efd,DL-UM-40009,GEO-UM-40009,Kit,2018-02-16T22:49:25Z,2018-06-15T21:50:33Z,9c73a3b7-18b5-558c-889b-689020bbe3ea,442c95bb-d13c-525d-b970-b63023fdb600
f9837883-f460-5da6-a96c-3bb93e4a7a0a,DL-UM-40009,MDM-3000000001,Kit,2018-02-16T22:49:25Z,2018-06-15T21:50:33Z,9c73a3b7-18b5-558c-889b-689020bbe3ea,442c95bb-d13c-525d-b970-b63023fdb600
075ee482-41df-5fc6-983c-9fba85d1ada6,DL-BE-30020,GEO-BG-30022,Kit,2018-02-20T19:23:48Z,2019-03-25T19:21:37Z,fe421fef-2f8a-5958-a6e3-e4b12c57d363,fd6dba92-86d2-53b4-bbc1-7c5c29779099
392fb966-3b4d-525b-b772-7344a2fc786f,DL-BE-30020,GEO-BG-30023,Kit,2018-02-20T19:23:48Z,2019-03-25T19:21:37Z,fe421fef-2f8a-5958-a6e3-e4b12c57d363,fd6dba92-86d2-53b4-bbc1-7c5c29779099
4d71425c-7aed-5bfd-8f85-d1a6ee6d3be0,DL-UM-40000,GEO-UM-40000,Kit,2018-02-28T22:23:53Z,2018-11-30T22:49:24Z,185d50cc-4352-55ec-bca2-c46ada86740d,13eb0fe8-bfb6-555b-9468-cb87bae45bd4
db5bffaf-7f33-5144-a3eb-b02db97ecbe1,DL-UM-40013,GEO-UM-40013,Kit,2018-03-20T13:17:02Z,2018-04-15T17:55:41Z,ab4d0007-1169-5226-b59c-7f5b8913cc73,510c4e4e-54e1-5b17-b947-6029e4b50f72
65007eb3-96fc-5913-bfeb-376abdae64e1,DL-UM-40007,GEO-UM-40007,Kit,2018-03-22T12:13:33Z,2018-04-25T17:38:25Z,ef82926c-9160-58ca-ae59-a78de84ebb52,e3470aef-8a06-5c11-b3f6-25762b69fb06
09f8f505-373c-5960-bdeb-dc43876e81f0,DL-UM-40005,GEO-UM-40005,Kit,2018-05-04T20:24:23Z,2018-09-17T20:41:43Z,bd8988e7-854b-5509-a5bd-886ec6ab4604,53693938-6ee0-5c94-b638-9e55c48535fa
96323224-0f4d-54e1-86bd-b8469e21985d,DL-UM-40005,MDM-3000000003,Kit,2018-05-04T20:24:23Z,2018-09-17T20:41:43Z,bd8988e7-854b-5509-a5bd-886ec6ab4604,53693938-6ee0-5c94-b638-9e55c48535fa
102762a2-6baa-5270-9cd7-9248410658d6,DL-UM-40011,GEO-UM-40011,Kit,2018-05-07T15:29:02Z,2018-09-03T20:27:17Z,7f356787-d9b5-5c01-9771-d74c49ed0b54,767ad554-dff2-54dd-9d67-2f9d2f82091c
9e4b8766-e4d3-575c-97cb-4342ed428121,DL-UM-40015,GEO-UM-40015,Kit,2018-05-14T18:01:09Z,2018-08-20T20:15:29Z,17521356-9ee6-579d-b9bb-4f484fbe3dc8,118b98dd-149b-5c2c-8543-82d4f3538ec0
5b23577d-e7e6-5668-8de7-d27fc47a4737,DL-UM-40013,GEO-UM-40013,Kit,2018-05-25T10:01:17Z,2018-06-14T19:33:47Z,624db35c-990b-5613-b3c3-ed8d4228d65c,1cacc30c-2557-5999-b76c-15180f27e7af
468c0c68-f65d-5f51-9f53-a0a88f372697,DL-UM-40007,GEO-UM-40007,Kit,2018-05-28T14:07:11Z,2018-12-04T21:22:46Z,7bf05465-8f4a-5b3c-97c3-da2c08136432,ebecf349-e788-584b-bbc2-3ad3279784ef
0652d1fb-dbb9-52c9-b898-62d4fe30e329,DL-BE-30008,GEO-BG-30009,Kit,2018-06-04T19:15:15Z,2018-12-28T22:51:18Z,b11d7967-6fb4-5dab-9a42-efd54ba1cd6a,5ec343a5-0533-5402-9528-b0ff06061646
3fd8f9a7-9a95-5c16-b86a-092a15dc0114,MDM-3000000006,DST-5040,Component,2018-06-06T12:49:16Z,,498e70f7-86e7-5d47-b191-f1834dd59191,
6cb94960-ef62-56c7-91c9-1408146f642c,DL-BE-30015,GEO-BG-30016,Kit,2018-06-11T18:19:50Z,2018-06-19T20:08:01Z,4c2f58d7-d421-5d6a-ba4e-76799df376e0,764eb6f5-e195-5fda-9add-93821dd13ed4
ef01f0d9-8627-52ca-bb84-425025ba0b34,DL-BE-30023,GEO-BG-30027,Kit,2018-06-12T16:46:06Z,2019-01-11T19:44:51Z,d852ff1a-d486-580b-b0f3-82593c1aa023,6d39840c-7960-5e4b-9a92-9122815a56d1
89c94d38-e6ed-5a1c-881f-1020a4b53665,DL-UM-40016,MDM-3000000002,Kit,2018-06-22T18:57:27Z,2018-11-05T20:10:40Z,9c00b6c8-2ef6-5e32-9df8-75d28e29ec53,6feb8d31-069d-5e7c-a30a-d5cd7596f558
7f6a7b24-36f6-5de4-92e5-2eaf3ccdcc08,DL-UM-40016,GEO-UM-40016,Kit,2018-06-22T18:57:27Z,2018-11-05T20:10:40Z,9c00b6c8-2ef6-5e32-9df8-75d28e29ec53,6feb8d31-069d-5e7c-a30a-d5cd7596f558
a0074108-f1f6-5cc3-8696-fcfd432248a6,DL-UM-40009,GEO-UM-40009,Kit,2018-07-05T16:14:44Z,2018-09-04T18:15:38Z,0ff93f9d-ffa5-5ece-a1af-69628ef020aa,2b33f224-3d32-5579-8cb0-1d19e154b1c9
78e789bf-e853-5e45-a392-1b67d9c44a3d,DL-UM-40009,MDM-3000000001,Kit,2018-07-05T16:14:44Z,2018-09-04T18:15:38Z,0ff93f9d-ffa5-5ece-a1af-69628ef020aa,2b33f224-3d32-5579-8cb0-1d19e154b1c9
8cc49b41-9a6e-5796-a715-8de64d6f7f73,DL-BE-30036,GEO-BG-30030,Kit,2018-07-16T18:35:45Z,2019-10-31T21:52:55Z,a4591401-695d-5c08-803d-c17374a7385b,5209ecaa-579a-55df-88a2-1d241f85d356
6caff548-4fc6-5eb3-81ac-a27b3711a366,DL-BE-30036,GEO-BG-30033,Kit,2018-07-16T18:35:45Z,2019-10-31T21:52:55Z,a4591401-695d-5c08-803d-c17374a7385b,5209ecaa-579a-55df-88a2-1d241f85d356
b1d40b23-c8b8-538c-a46f-8168c23cf0be,DL-UM-40014,GEO-UM-40014,Kit,2018-07-18T20:41:36Z,2018-10-05T20:34:01Z,2dae00d9-31b9-5641-a6cc-ce383d9326aa,8b911599-4533-5d02-bbe6-270eb33f1c82
e0dd4eaf-ed4d-595d-9243-e4398cf6c52f,DL-UM-40013,GEO-UM-40013,Kit,2018-07-23T19:10:55Z,2018-08-01T18:53:48Z,73443a52-2af3-5a7d-acad-7f956bb47271,355748ed-6523-5536-9fdf-8c9223052357
20675fcb-daa7-51fb-905d-fbf4da8dce34,DL-UM-40004,MDM-3000000005,Kit,2018-07-26T16:19:55Z,2019-07-17T17:16:36Z,6b828230-f904-5e3a-8547-c9e7aa2a0060,79a6408c-5bd8-55fd-b3ce-6a8adfc5ca30
d530bc8a-16f9-59fb-93a7-7a9f840b0149,DL-BE-30051,GEO-BG-30032,Kit,2018-07-30T13:36:58Z,2019-02-13T21:09:55Z,dc98d7c5-c80f-5b8c-b641-69bfa9d18f36,5de2da81-744d-5abc-b603-8f256a4d1907
fa5e7edf-edd8-5cc2-9c2f-f09146ea2147,DL-UM-40012,GEO-UM-40012,Kit,2018-08-03T15:29:13Z,2019-12-24T19:38:31Z,5dc682e3-f97c-5a86-94f5-6048d96c046a,31b5caaf-d4e2-53f7-9d4d-74bcc5cf8d3b
c9a55dc8-caf3-5a2a-b5b3-0d59692e3db3,DL-BE-30007,GEO-BG-30017,Kit,2018-08-07T18:46:19Z,2018-08-23T20:12:00Z,c0397f55-d59b-57c1-8337-a1b3037db342,12844276-4be1-5aca-b676-28b510bffc44
778c365f-0bb7-5eb4-937f-31316333d1ac,DL-BE-30007,GEO-BG-30028,Kit,2018-08-07T18:46:19Z,2018-08-23T20:12:00Z,c0397f55-d59b-57c1-8337-a1b3037db342,12844276-4be1-5aca-b676-28b510bffc44
bcf8ae8d-0981-55ce-b9a5-3e07e61463af,DL-BE-30009,GEO-BG-30020,Kit,2018-08-16T20:28:48Z,2019-05-27T10:38:19Z,306f2ccc-b5b1-51ac-8d11-dd61e1bbf711,bc79fb89-6dec-5041-96eb-a50b29827d5f
cc4e82ec-0150-5b55-91d4-1e1302b59958,DL-UM-40013,GEO-UM-40013,Kit,2018-08-16T15:04:46Z,2018-09-07T18:37:22Z,93a4b6e8-0439-5e51-a7a1-52d50c14b2a1,89c0ba79-f222-5246-93f9-7c5d4921a4d3
b337aee9-0388-527d-bfcc-61cfa80b87ea,DL-UM-40017,GEO-UM-40017,Kit,2018-08-22T17:26:22Z,2018-11-08T21:43:07Z,8f333222-bd72-5e51-97b9-66ab116c9a91,586d1c35-ec0e-5c08-b059-38598eb12c07
c52ea63f-2cf7-5529-8cd3-debb9777e0c9,DL-BE-30015,GEO-BG-30016,Kit,2018-08-23T12:26:27Z,2020-10-06T19:29:55Z,38bc285b-5927-5c06-bfd7-1c21f145b351,2e240351-6d60-5997-b4f8-ccc8c0df176a
1378f5d7-bfe0-51bb-9ce9-de730d1e93c3,DL-BE-30018,GEO-BG-30021,Kit,2018-08-30T18:54:26Z,2019-05-23T21:19:50Z,926cb128-f8dd-51c1-a513-fbbe1644cef5,401f680e-bb70-52fa-8604-56fedcc09f6e
631e2626-0624-5b91-9c1a-14a82e80159c,DL-UM-40015,GEO-UM-40015,Kit,2018-09-03T22:12:50Z,2019-05-27T19:58:34Z,9b87e4eb-cbb9-5321-ae09-2b1a3ea15cf0,2a2b3f68-ed68-5dda-b259-c431b98d633c
5265e27b-ad63-57bb-8f87-72c421dafc9e,DL-BE-30041,GEO-BG-30029,Kit,2018-09-06T18:10:06Z,2019-02-06T19:33:54Z,1b2192e0-8ef4-5ab4-b197-ce270d072355,2e73963b-aee7-51d8-9b5e-1783762c7b97
2e1fbc15-ad0b-5aed-87cd-bf9f103a0794,DL-UM-40002,GEO-UM-40002,Kit,2018-09-06T14:13:12Z,2019-05-16T22:37:12Z,12d9e006-fb4b-5783-9fe7-fc87fa503755,52e8d8ca-00b0-5626-a01a-70645ba4cf39
7aaf65e7-6bd8-53c6-b48b-8f0f045a566d,DL-UM-40002,MDM-3000000000,Kit,2018-09-06T14:13:12Z,2019-05-16T22:37:12Z,12d9e006-fb4b-5783-9fe7-fc87fa503755,52e8d8ca-00b0-5626-a01a-70645ba4cf39
e81bf15d-376a-54fb-bb80-8303c979a286,DL-UM-40011,GEO-UM-40011,Kit,2018-09-13T18:56:42Z,2020-01-08T22:31:30Z,d1bd6d0e-4d63-5694-a760-6b21e7085970,24e14e58-08d8-540d-9fb0-dd1fe1f5750f
0bd2ff0b-7c0c-5338-9a3e-261942249676,DL-D10-300003,DST-5041,Component,2018-09-17T11:40:54Z,,1799617c-eba4-5321-aa09-341334ab08b5,
5383756f-028b-58a5-a5f9-b55510998f87,DL-BE-30010,GEO-BG-30010,Kit,2018-09-17T13:23:58Z,2019-03-07T19:32:25Z,016b8f03-923a-51c9-a10e-8b2acd1c2adc,9b9b2c07-f63e-5ce4-846b-6c056ab7ffd6
b1e9b8a3-329d-532b-ac8f-16eef0a6caf3,DL-BE-30006,GEO-BG-30004,Kit,2018-09-19T12:21:06Z,2019-07-25T18:04:05Z,3128c9e2-81ff-54e3-b273-ea0203fda430,f608a733-fdf0-51f9-82d7-8683f0c623a4
26cfca0f-6b3f-54e7-9159-67abff286ccd,DL-BE-30007,GEO-BG-30017,Kit,2018-10-01T11:30:04Z,2019-05-21T21:15:44Z,110ab25d-9291-5ca0-8433-418c2c6e61b4,ce58a911-ebaa-5a0a-bbf9-0b355a940c60
5fc0f48b-78d3-5a56-8623-d6ee154e2e40,DL-BE-30007,GEO-BG-30028,Kit,2018-10-01T11:30:04Z,2019-06-24T17:45:33Z,110ab25d-9291-5ca0-8433-418c2c6e61b4,59501cea-c2cc-5c51-b931-33c4989f6765
cdf1afb6-f3f3-53b4-80af-5911e5de6650,DL-UM-40009,GEO-UM-40009,Kit,2018-10-10T22:36:01Z,2019-03-18T20:00:50Z,ce9a6cc8-1d55-5735-9ae2-0ba2a679fc8c,e4212151-c167-5408-98a9-fee71d61d254
a1695b5b-f67b-5582-8a5b-77b1e7313355,DL-UM-40009,MDM-3000000001,Kit,2018-10-10T22:36:01Z,2019-03-18T20:00:50Z,ce9a6cc8-1d55-5735-9ae2-0ba2a679fc8c,e4212151-c167-5408-98a9-fee71d61d254
8c2d9ef6-bb17-5b2f-b1f6-9926deb3f345,DL-UM-40005,SLM-UA-40000,Kit,2018-10-15T17:09:52Z,2019-04-25T19:15:40Z,a87a43d0-2017-56be-bf70-14f16e4f81bd,b886eec8-4bf0-54e3-ade7-ea1cbe8d26b5
1bff7c77-aee8-50c4-b7dd-2979f663bba1,DL-D10-300003,GEO-V12-400000,Kit,2018-10-17T12:19:11Z,2019-02-06T20:50:53Z,5f99ecdd-68f7-521f-b858-f58d8206b944,b86409cb-cb11-5585-903a-e3a78d3de486
125a430b-c03c-5f0d-a7a3-d159c2dad2fb,DL-UM-40018,GEO-UM-40018,Kit,2018-10-22T21:32:54Z,2019-02-27T19:39:16Z,8b8d6684-5cc0-5204-a23f-67d5dc8b9d9d,618b70bd-1278-5f05-a9e8-25b1ac05c99c
98cd0572-8986-5b77-bcd0-8d8f9034bb54,DL-BE-30034,GEO-BG-30024,Kit,2018-10-22T16:04:28Z,2019-10-03T20:03:12Z,f2a65b3e-7b1d-576e-aaca-42cac09ab18b,85d0665a-b89f-5e1c-8da2-9ff9ac424b1e
aa7bd5d2-dffd-5656-9998-f4eea08cad89,DL-BE-30016,GEO-BG-30006,Kit,2018-10-24T18:05:06Z,2019-08-16T18:38:31Z,a3296fe5-1d53-538b-a34f-8a38abdaadd3,bba73e58-6ca7-5f6b-a04b-6189fd52ff57
02b37d4c-9fd8-5024-adfd-968adf5952df,DL-BE-30047,GEO-BG-30013,Kit,2018-11-01T23:41:18Z,2020-03-17T18:11:04Z,30921169-6c56-5a26-b210-ff2c6deaeb4d,519fbef6-e32d-5eb3-be27-a94296c28dcc
f29e7b98-5168-5296-b5e0-ead519fb6a18,DL-UM-40013,GEO-UM-40013,Kit,2018-11-05T14:36:57Z,2019-07-25T19:03:11Z,7dd455f4-a1c4-5ef8-b7d1-893b06396e13,0f6d1b54-4dc3-532f-a5a0-d4e2666e3196
a1f8ab81-a7b6-5cbe-981e-3afcda42ae4f,DL-UM-40017,GEO-UM-40017,Kit,2018-11-27T00:42:30Z,2020-04-29T17:43:47Z,f26d8f91-69ff-5d5d-8b6e-049e429a12a6,227089a4-d87f-519f-a8ca-63719e6bc7dd
ee58a091-29f1-5334-a2e0-970691bae0ad,DL-UM-40016,MDM-3000000002,Kit,2018-12-07T20:12:43Z,2019-02-06T18:50:10Z,65ebb761-52ce-59fa-9090-ed11c461fe84,6ccade02-7c7b-5a2f-bd0b-09f1acbc6f1c
d6eba39e-430a-556f-adea-258cff876ec3,DL-UM-40016,GEO-UM-40016,Kit,2018-12-07T20:12:43Z,2019-02-20T20:33:59Z,65ebb761-52ce-59fa-9090-ed11c461fe84,6efce28e-10a9-5596-8671-358bac2e64ca
3e236f8c-5b88-53f1-a895-55ff84a54a12,DL-BE-30000,GEO-BG-30007,Kit,2018-12-07T17:29:32Z,2019-04-29T18:44:24Z,4b399c27-28c3-5aa9-a3b7-054df86b50e4,624eb26f-e7f7-53ed-bb77-e6d71dfdea1d
edb9bba4-2e76-5111-a3d7-00e45bacc413,DL-UM-40014,GEO-UM-40014,Kit,2018-12-12T13:50:52Z,2018-12-24T22:02:28Z,eb3665d8-d42b-5b27-8265-2081b3b91f1a,6e9c53ea-849e-5056-8556-ed2aedc23558
5092f3ae-0173-5927-8622-09ec649bbc9e,DL-UM-40001,GEO-UM-40001,Kit,2019-01-01T20:55:01Z,2019-03-25T20:35:49Z,d398c179-4750-5afd-a8ca-6f98a5fd0655,075d8fe7-0314-5b61-89d0-37821f6e0c66
f403970c-ebe3-5454-9d10-107d8534ac31,DL-UM-40006,GEO-UM-40006,Kit,2019-01-21T23:29:18Z,2019-05-29T19:46:36Z,cd6d0067-878d-5a68-9b08-d4f9825dd232,e4c88dfe-0ec6-54ce-b27c-8e7b2ac92329
b7b4dcac-d50c-51b4-bffa-b026b2093b67,DL-UM-40019,GEO-UM-40019,Kit,2019-01-21T18:16:43Z,2019-02-28T22:18:51Z,8e03eb76-ab34-5e5b-993b-c684ad968dca,40ee453e-51f8-543d-9825-96dcda91a182
04b98833-ab0b-587b-8a33-7438adeeef07,MDM-3000000007,DST-5044,Component,2019-01-28T12:04:37Z,,24d2c0fa-ac12-5988-91f1-0b1bf614e3ff,
1367768e-84dc-5ee3-9347-92d008f81617,DL-UM-40003,GEO-UM-40003,Kit,2019-01-30T15:50:23Z,2020-04-03T20:41:16Z,30780b8f-69d7-5ba1-9637-dd48b84e445d,867d1da9-aef5-5d97-b842-2436e9f819b8
c371df23-9ab2-54d7-b86f-6a116f060d42,DL-UM-40003,MDM-3000000006,Kit,2019-01-30T15:50:23Z,2020-04-03T20:41:16Z,30780b8f-69d7-5ba1-9637-dd48b84e445d,867d1da9-aef5-5d97-b842-2436e9f819b8
892881e5-e924-5208-9dd1-1836a414efaf,DL-BE-30008,GEO-BG-30009,Kit,2019-02-04T14:18:05Z,2019-02-19T21:54:35Z,be2f0864-e979-5afb-b32f-0cbfeab6d737,9ec6dad6-233c-54b5-a9ca-54d6f63d6e48
1cdb9803-09d2-51d3-b1ae-418d55ccc679,DL-BE-30017,GEO-BG-30018,Kit,2019-02-07T13:33:01Z,2019-09-27T19:47:52Z,9ada4739-f459-5235-b585-af91742f2e7b,2165d12c-c5bc-5ee0-9ebc-aeece316887e
6b373100-3f98-52f3-8224-ef01f5db8894,DL-UM-40000,GEO-UM-40000,Kit,2019-02-22T16:20:25Z,2019-07-02T19:06:44Z,356d10d6-1ab1-564a-ab3e-c853f7e59d25,5c3f6820-57a3-5732-b616-0bdffd0efd1f
379f6165-fbc3-5521-bc2b-ce70a1983e50,DL-UM-40020,GEO-UM-40020,Kit,2019-03-01T18:02:53Z,2019-05-29T18:28:55Z,4533b435-5786-5fbe-90be-aa0aa0bf44ce,6e929cf3-b7fd-5a22-a96e-fee033d88605
b5d82546-c321-5f0f-af41-d1228446c68b,DL-BE-30051,GEO-BG-30032,Kit,2019-03-08T22:50:58Z,2020-01-10T19:42:49Z,7da89d8a-2f08-5a34-a941-00b0d52a7ede,b7638ce9-42f5-54e4-b72d-fd662466d7f1
81d38d4a-8f30-5fe8-adba-4abdb6b6fb81,DL-UM-40016,MDM-3000000002,Kit,2019-03-19T18:30:05Z,2019-05-09T19:39:57Z,1a33c1a5-3749-5243-8f5f-900fec2d5513,13cd002d-c0a3-5751-917c-c9fa19dee9c6
4381a26f-523a-52ec-aa86-ae34a30aefce,DL-BE-30010,GEO-BG-30010,Kit,2019-03-21T14:24:02Z,2019-08-12T17:10:23Z,3efe5044-a37f-58eb-a0e2-013a07db6618,7af2ae1b-0300-56b8-8240-dca5f904fcae
f7b279f7-b04b-5d80-be5a-4a7abccf24ff,DL-UM-40018,GEO-UM-40018,Kit,2019-03-25T19:38:58Z,2019-04-19T20:50:41Z,412acb34-492f-58bb-9e1f-9fe2f9f177ff,d5e88e64-716b-5ff1-97f9-b70bfa5faa57
9d7f6862-f184-53d2-888d-fedb8f192358,DL-UM-40019,GEO-UM-40019,Kit,2019-03-26T18:53:01Z,2019-04-07T21:15:18Z,7d6819e6-2799-54ac-b5ad-87a5cfb19008,c9513d47-0ba2-582e-a00d-87b9df2ea4fd
d9d0f786-96d3-5155-a40d-1aeb27742772,DL-D10-300003,GEO-V12-400000,Kit,2019-03-28T19:27:10Z,2019-06-18T18:37:49Z,92219c6a-654d-54d3-83f6-107232a94911,16616298-4ab9-5044-ad6f-c78ac971027e
300a6165-86ff-582f-b50c-8c8fbc7a9dae,DL-BE-30020,GEO-BG-30022,Kit,2019-03-31T16:19:42Z,2019-04-15T17:33:46Z,ca1dd22f-146c-59a1-90db-8bca9a74e134,105517c4-0b62-5337-997b-7b3c79f31bfd
e85ce0aa-cb2f-537c-94b3-378c87d1b19e,DL-BE-30020,GEO-BG-30023,Kit,2019-03-31T16:19:42Z,2019-04-15T17:33:46Z,ca1dd22f-146c-59a1-90db-8bca9a74e134,105517c4-0b62-5337-997b-7b3c79f31bfd
c4163a4d-2dbe-5e9d-a72f-01bc450fe42c,DL-BE-30008,GEO-BG-30009,Kit,2019-04-18T23:05:23Z,2019-08-25T19:49:18Z,0d868a98-355a-549c-8d6d-2b10ead7c9a0,399e2c06-c5b7-5d3d-b75b-f0d230fed058
d18e825c-f8df-50c0-b807-b2233f4e3416,DL-UM-40019,GEO-UM-40019,Kit,2019-04-18T20:37:34Z,2019-05-20T17:08:47Z,c6d57a1c-c77e-516e-a868-9aeb194fdcc0,e2e7c505-4ca0-5ebb-93b2-758b6125843d
0125ef10-f259-5188-b35b-239833c769d8,DL-UM-40009,MDM-3000000001,Kit,2019-04-22T12:01:51Z,2020-03-02T22:16:48Z,a310d445-3569-52ba-acd7-0f98b6a49c78,d081c52a-fc6d-597a-9ab0-7ecc5409629f
14d65e21-a533-5d2c-9fcb-4d33247e2003,DL-UM-40021,GEO-UM-40021,Kit,2019-04-26T14:19:42Z,2019-05-16T19:35:02Z,dddcb5c2-7f37-558c-baba-113ccc3e9883,115c844a-c71b-56aa-b384-f6f86f209d1a
63a294ad-532c-561b-a890-8e0002c4238c,DL-BE-30011,GEO-BG-30025,Kit,2019-04-30T15:32:52Z,2020-01-06T22:03:29Z,cd335d83-de3a-5132-b5a9-70083fdb2f90,dad7eb21-8a01-5d63-ad74-ebb04b6e5b56
3437a177-e621-58e3-82ab-224bba1a32fa,DL-UM-40018,GEO-UM-40018,Kit,2019-05-12T15:58:01Z,2019-05-29T18:14:23Z,465e0d9e-dec4-56a8-a50e-6d7d9258ba73,8a509d2c-895a-5b65-b7d8-ff6508c5e994
82449853-8bc8-54c8-9bab-ae5cbd7e622e,DL-BE-30023,GEO-BG-30027,Kit,2019-05-13T19:42:46Z,2019-06-12T19:39:33Z,000845fc-e2a5-574e-a13a-ecd39ceba218,e971a797-3b31-5de1-8f22-32a2c65311de
7fcf59d5-ba66-5f2d-8695-a82dc4491a26,DL-BE-30041,GEO-BG-30029,Kit,2019-05-13T20:26:05Z,2021-05-18T19:47:21Z,9bdfdf56-561c-50ee-b0aa-4f9c997130b2,f10562e1-1cdb-581b-b04b-2309c9d97ff2
28302303-5178-5ef1-9762-71f1b2b09010,DL-UM-40019,GEO-UM-40019,Kit,2019-05-27T14:57:36Z,2019-09-20T17:33:48Z,e48657a3-ed62-5450-b974-f06f590bf836,551a907b-8fa6-59e5-809e-9dc9358ec185
ef8a8f41-68c1-5d72-aef2-56838e92d255,DL-UM-40016,MDM-3000000002,Kit,2019-05-29T13:36:41Z,2019-07-29T19:46:15Z,da68eefa-b9d1-5b57-a8cf-c771aee4b4a0,6eb75b59-e591-5f30-b343-20ad0ef6b9b1
c984ede9-0eb2-5e2d-8906-3931ea1a400a,DL-UM-40016,GEO-UM-40016,Kit,2019-05-29T13:36:41Z,2019-07-29T19:46:15Z,da68eefa-b9d1-5b57-a8cf-c771aee4b4a0,6eb75b59-e591-5f30-b343-20ad0ef6b9b1
a6c6396a-4f09-59b3-a56d-7c81fb5767b0,DL-UM-40007,GEO-UM-40007,Kit,2019-06-03T13:56:39Z,2019-10-18T21:20:37Z,148d154d-c380-5bc0-a74c-274025497e73,0dbdbd6d-dab6-565a-8257-28bbee3a7ec8
d34fcf3b-c519-505c-93e3-4bbbd47f3991,DL-UM-40001,GEO-UM-40001,Kit,2019-06-07T16:40:28Z,2020-04-20T18:15:54Z,4e7fc245-16fc-5fc7-8c02-ebc14d297c72,05fc2fef-95f7-5885-85fc-67b2a2c314e9
405b1f5c-5e90-5677-b625-738f93c89da3,DL-UM-40020,GEO-UM-40020,Kit,2019-06-12T20:17:42Z,2019-07-01T20:03:17Z,aaeee1ba-18f7-51b7-a56e-9fa917c614d2,4b50b50e-4260-56b5-b01d-93173b09a1af
a884b5c2-2328-5a95-abda-8cc583a4c7b1,DL-BE-30018,GEO-BG-30021,Kit,2019-06-13T20:34:44Z,2020-03-23T21:43:52Z,259f2a11-cc41-5c4e-b2a1-7754ba1131e5,56e19714-927f-5d04-9142-3b05bd38b4a2
c5caf63d-f094-53d5-a027-c11ea500f597,DL-BE-30009,GEO-BG-30020,Kit,2019-06-14T20:47:59Z,2020-12-21T20:19:22Z,e4544c70-7e0e-5077-9fed-38ed2b954cf3,ec798e58-ca73-5c4a-8dac-c5f51f834c33
779622fe-5c21-516e-891d-542f8ff7cc68,DL-UM-40014,GEO-UM-40014,Kit,2019-06-17T12:29:59Z,2020-09-15T17:35:57Z,0076c654-307e-56f7-b0d1-b8f83dffc92f,91669514-8fd9-5b87-94c0-68dba777ccdf
f881f129-8b4e-5782-86d3-0fc40b516b42,DL-UM-40008,GEO-UM-40008,Kit,2019-06-17T16:25:12Z,2019-12-02T22:59:48Z,0b9de0f6-2bc2-5711-b327-b0e8d0edf44c,d2cbb98a-8096-527a-a8ba-73c908498f77
8996d233-0de5-5cde-a0e4-8c053054ce45,DL-UM-40005,SLM-UA-40000,Kit,2019-06-24T21:24:04Z,2020-04-06T21:12:46Z,5fec4ce4-66e5-50f9-af2f-4a01073309fa,b2958715-1e40-50c3-bff5-8e962201d1c2
e6739065-af55-5c84-9223-e1d8b1ebb659,DL-UM-40005,GEO-UM-40005,Kit,2019-06-24T21:24:04Z,2020-04-06T21:12:46Z,5fec4ce4-66e5-50f9-af2f-4a01073309fa,b2958715-1e40-50c3-bff5-8e962201d1c2
a4ca009c-423d-581f-b43b-66304c2b3403,DL-UM-40005,MDM-3000000003,Kit,2019-06-24T21:24:04Z,2020-04-06T21:12:46Z,5fec4ce4-66e5-50f9-af2f-4a01073309fa,b2958715-1e40-50c3-bff5-8e962201d1c2
dbe981d5-5ba9-5145-a5cd-91273af2dc1b,DL-BE-30023,GEO-BG-30027,Kit,2019-06-24T15:31:22Z,2020-01-15T20:57:36Z,a24d4dbd-338a-5880-a9ee-3ba34f76f94e,6807501b-9752-55e8-8f82-50ed50e83548
02ff2bbc-ea21-5a02-9b43-e8394fffb586,DL-UM-40015,GEO-UM-40015,Kit,2019-07-01T14:11:23Z,2019-12-23T19:27:30Z,6737d9e2-0b00-51a8-8001-326e66e81c14,5e4fd974-de46-5ed1-ac95-945bfb3b40f7
ef589c50-bc57-5432-bd95-51a94c6502c7,DL-UM-40002,GEO-UM-40002,Kit,2019-07-15T18:10:42Z,2020-06-26T18:14:49Z,df2593d4-d722-5620-aab4-b5f9582e79c2,af255d9b-cb4c-5087-b266-c455677f5850
b97053de-779d-5117-8a06-fc6471918992,DL-UM-40002,MDM-3000000000,Kit,2019-07-15T18:10:42Z,2020-06-26T18:14:49Z,df2593d4-d722-5620-aab4-b5f9582e79c2,af255d9b-cb4c-5087-b266-c455677f5850
85540834-d2c2-55d4-ae80-61121207f482,DL-UM-40000,GEO-UM-40000,Kit,2019-07-18T15:38:47Z,2020-08-03T18:31:21Z,8d6a1f6f-b9d1-53d3-b852-6e00abf92e4e,2e4fe576-6710-58c3-8e17-2c546cc90096
63a0153c-7313-53a2-adff-bb9563c55681,MDM-3000000008,DST-5046,Component,2019-07-22T11:19:20Z,,a40386b7-fb55-5cc2-aedd-091494556d60,
08a63866-e48b-5ab6-9d8f-d247f4537e81,DL-D10-300003,GEO-V12-400000,Kit,2019-07-22T13:14:33Z,2019-08-20T20:59:42Z,a84a4476-f25b-5793-9040-467de9b02e1d,61897a7f-33a4-58f0-ae64-49b2abca4344
0f9ef138-19e2-50a4-aaea-671641bfbbc9,DL-UM-40018,GEO-UM-40018,Kit,2019-07-24T00:42:43Z,2019-08-19T18:24:21Z,426432d7-a715-5de7-bbc3-ff846fa3614b,954baf2a-06b9-599c-b1b3-2cd4875406ad
d9d5f97c-9f57-54bf-890c-e53a63fad9ad,DL-UM-40010,GEO-UM-40010,Kit,2019-07-24T15:29:36Z,2019-08-05T20:19:44Z,af564572-d71c-5ed1-8a6b-cd3c134a1c03,7fe507cf-e314-5913-bb86-9a6ca85eb510
709e358c-fd83-5f8e-aaf1-6059dafa3e4e,DL-BE-30007,GEO-BG-30017,Kit,2019-07-26T12:33:15Z,2019-08-16T17:51:36Z,311959b0-a220-533d-a920-8e15d719b695,485d8cc8-34e6-5195-af7d-bf349b92b72f
afa2dee6-0c96-5704-b09f-24a1b6bd289d,DL-UM-40020,GEO-UM-40020,Kit,2019-07-29T18:16:53Z,2019-08-08T20:12:19Z,21153683-8544-5af2-8cf1-f9941ddc5b54,36bb67a8-66a0-5a47-8a86-cc45aba5108a
14b660d8-f6f5-5127-9991-9ade5f490b92,DL-UM-40013,GEO-UM-40013,Kit,2019-08-06T13:25:58Z,2020-12-08T23:07:43Z,258b2e54-3dab-568f-827b-bbf0d77ffe84,b5a50457-282f-5db8-94ec-23f0063b1675
0e3ef920-e0fe-5c8c-bca9-cf3259991ce0,DL-UM-40022,GEO-UM-40022,Kit,2019-08-12T20:22:18Z,2019-10-03T19:54:13Z,fb114f4b-18d6-5531-9272-c5ce5a6aceb2,4b85420d-2278-5548-98e3-7503ef96a70c
e430b4fc-e1f0-5878-9e68-0dfd61d289b0,DL-UM-40006,GEO-UM-40006,Kit,2019-08-12T12:57:38Z,2020-07-27T18:15:15Z,3589a022-9351-5e2c-8dec-f7ace5f9ae43,79edd711-de5f-578a-b6a8-ade3a8c49479
4865fa91-4cca-5d5d-a57d-20cfff34ed28,DL-D10-300004,DST-5047,Component,2019-08-20T22:33:30Z,,67ffba0b-bd85-5d9b-8321-26d04d988169,
36d5f232-382e-53c2-88cf-f4ff7cd31223,DL-UM-40018,GEO-UM-40018,Kit,2019-08-23T14:54:53Z,2019-09-23T20:23:08Z,19225f9c-e10a-58bb-8e97-b5bd8cebd333,006b2fe5-3b83-5982-bab7-eee97b99af8a
f237a717-ebcc-5671-8957-4607f0e2c08b,DL-UM-40016,MDM-3000000007,Kit,2019-09-09T19:42:46Z,2020-02-10T18:56:21Z,e8bb6c82-89b1-5c22-ba96-a0f236fc02a8,e7e55057-19d3-52e4-ba5b-b8a98eb62998
948b29a9-76a4-56af-bdf3-237e057f8468,DL-BE-30008,GEO-BG-30009,Kit,2019-09-09T19:22:34Z,2020-06-19T17:16:43Z,4e0dfc22-ec23-55b6-9567-ad630bb70e8a,1fe6b795-5222-51e6-b440-d2b53cb099c9
e6b948ad-2c00-527f-bc21-cddce8bb268f,DL-BE-30010,GEO-BG-30010,Kit,2019-09-12T19:59:10Z,2019-09-23T18:55:00Z,ef42d58f-9e3a-5961-9b4f-138e3b90f8b4,8f8afcae-1a4d-5d16-8473-cec31b2bbf6c
f3a1435c-ed8e-535e-9132-8f009733f9f3,DL-BE-30006,GEO-BG-30004,Kit,2019-09-15T13:00:13Z,2019-11-13T18:37:56Z,68a2f4c4-6851-5a3a-bfab-8839fcbfbb34,1036f977-fea2-5f05-a829-0c5002654885
59a64bd7-ef6d-5355-9369-1b7170131bef,DL-BE-30000,GEO-BG-30007,Kit,2019-09-16T19:09:12Z,2019-12-19T18:08:26Z,f76d94f2-604e-5138-9745-98c0a7d9087b,432d8c3a-0cc4-54a6-b8e0-a3d3e79b0a13
dfeb8148-be72-5482-9bcf-2003123378ee,DL-D10-300003,GEO-V12-400003,Kit,2019-09-18T19:37:22Z,2020-09-24T19:06:16Z,79f9086f-0a54-54db-b1a9-111edd43b519,2d562c16-7342-56c4-a5d7-3854fe81276b
4138783a-e679-5d23-914a-cc7d5f98f425,DL-D10-300004,GEO-V12-400009,Kit,2019-10-04T17:25:18Z,2020-11-02T22:54:47Z,6be4e377-c1e5-5bcb-9d92-c2314a5453e4,c02f56b7-2846-5e0d-a01e-f27c3351a1d7
cc3243f4-f3ab-58fd-b26d-bc5881f207f7,DL-BE-30016,GEO-BG-30006,Kit,2019-10-04T19:34:46Z,2019-10-28T17:14:40Z,255195c3-06f6-5b04-a2e2-67bcabb18294,2051dca6-e348-5a10-8650-7923c0c6b8c9
fe8b6a4f-b197-5c7b-884a-ab87f2667820,DL-D10-300001,GEO-V12-400002,Kit,2019-10-08T20:08:18Z,2020-04-23T18:27:26Z,e8387f8c-ff84-53d5-b5cf-5a1d0d596088,fb6169b2-0334-540a-84d3-c0738b9e988a
c60c4643-62bd-540b-b043-e9eab8fa0f46,DL-D10-300001,SLM-S50-500002,Kit,2019-10-08T20:08:18Z,2020-04-23T18:27:26Z,e8387f8c-ff84-53d5-b5cf-5a1d0d596088,fb6169b2-0334-540a-84d3-c0738b9e988a
e2d13a74-32a3-52ed-92ea-be46452a6aa5,DL-UM-40020,GEO-UM-40020,Kit,2019-10-11T13:35:08Z,2019-11-08T20:29:36Z,ba000d92-46c3-549b-ada2-387ee425ce6f,259fb6f2-ef52-5327-9a7c-1406b50f5ca1
2684c4cd-e796-5f3f-83a6-340082415441,DL-BE-30007,GEO-BG-30028,Kit,2019-10-17T15:13:59Z,2021-02-10T18:02:22Z,7b70cd22-2b5f-5669-8347-4bf90128455a,ed190af9-f3c9-5088-bfba-c546363f56ed
e1298198-365a-5ee9-9bb9-b7325f2361f9,DL-UM-40019,GEO-UM-40019,Kit,2019-10-27T12:21:29Z,2019-11-22T18:04:18Z,afb332c8-1952-53e5-ba75-f48d71d67588,7620dea3-ff6a-545d-b314-b3f5960b415d
39bb6004-9282-5d37-8d8e-a914ac620d32,DL-UM-40022,GEO-UM-40022,Kit,2019-11-04T20:52:33Z,2019-11-28T19:21:14Z,09b3f4e6-7280-5199-8d86-60250bc8a35b,aec96ef0-c591-54fe-8111-5fd64cc80c21
50fd62e0-4ab0-5885-9c63-f0d02d21237b,DL-UM-40004,GEO-UM-40004,Kit,2019-11-25T19:49:49Z,2020-06-29T17:37:10Z,77176e2d-3d2e-5b0b-b7ef-89d080ae9286,e9296ec9-a7ca-55dc-82ee-113caf57e8d5
18ca4427-2290-5b8e-a944-2f4186661b88,DL-UM-40004,MDM-3000000005,Kit,2019-11-25T19:49:49Z,2020-06-29T17:37:10Z,77176e2d-3d2e-5b0b-b7ef-89d080ae9286,e9296ec9-a7ca-55dc-82ee-113caf57e8d5
c0c72a2b-5d8a-59c8-b1d0-efb03134230f,DL-BE-30034,GEO-BG-30024,Kit,2019-11-25T17:54:57Z,2020-05-20T17:25:29Z,8171c01a-e19c-5f26-bb25-6b502265bb7a,afc11e0d-8e9a-5c60-9f6e-6e95e475a1f2
95823451-9607-58e8-be2d-bf3944af2a79,DL-BE-30034,GEO-BG-30026,Kit,2019-11-25T17:54:57Z,2020-05-20T17:25:29Z,8171c01a-e19c-5f26-bb25-6b502265bb7a,afc11e0d-8e9a-5c60-9f6e-6e95e475a1f2
d19e30b9-2453-59b0-970b-cda27f8c3352,MDM-3000000009,DST-5048,Component,2019-12-03T13:56:03Z,,675228e4-d1e7-57c5-bc98-5f795e75f219,
af6fff7c-4924-5eb3-acbc-b766edecb898,DL-UM-40007,GEO-UM-40007,Kit,2019-12-09T14:41:57Z,2020-07-06T17:15:12Z,ee74253d-fd98-56c0-809d-786f904d719a,dbe78398-5036-564b-beb0-34d1a07370b7
1810837e-2522-5769-85e4-b5d78aa2c38d,DL-UM-40023,GEO-UM-40023,Kit,2019-12-23T15:11:24Z,2020-02-07T19:28:01Z,53a1a76d-87e0-5c5a-9898-91164615b0e3,dbf359c7-9e58-5162-b76c-d32dff815f75
92511147-cc59-5382-b078-17164a91fc13,DL-UM-40018,GEO-UM-40018,Kit,2019-12-24T20:56:08Z,2020-03-12T21:05:52Z,bcc09a2f-4e51-5e21-9efa-02b2ceabdf60,424a21d3-f2ee-576c-a245-1f9fb8ef224a
ff1315bc-8db5-5460-8d1f-c21c7d1fa989,DL-D10-300002,GEO-C22-450000,Kit,2019-12-25T23:05:24Z,2020-01-24T20:34:18Z,496512a2-3abb-5db9-bb50-d3072513df94,c88abbf7-694a-506d-9242-08e85998a62d
9f638900-d332-5ccd-90a1-e86de7f6788c,DL-D10-300002,SLM-S50-500006,Kit,2019-12-25T23:05:24Z,2020-01-24T20:34:18Z,496512a2-3abb-5db9-bb50-d3072513df94,c88abbf7-694a-506d-9242-08e85998a62d
4a237efc-9436-5345-9010-4fb7bb29ff04,DL-D10-300002,GEO-C22-450001,Kit,2019-12-25T23:05:24Z,2020-01-24T20:34:18Z,496512a2-3abb-5db9-bb50-d3072513df94,c88abbf7-694a-506d-9242-08e85998a62d
ca744249-1dde-534d-a29e-1a5be8226bdd,DL-D10-300002,GEO-V12-400008,Kit,2019-12-25T23:05:24Z,2020-01-24T20:34:18Z,496512a2-3abb-5db9-bb50-d3072513df94,c88abbf7-694a-506d-9242-08e85998a62d
e8dbf898-6e3d-5cd2-be43-cfe1fc047556,DL-UM-40010,GEO-UM-40010,Kit,2019-12-30T17:46:16Z,2020-01-27T22:25:31Z,3e331b90-1038-5461-881e-5020f13bf0b7,3a4d0599-4a60-590f-b486-4509312b35d4
4e7cd630-0b9d-5ec5-a8ae-a2d9815d7917,DL-UM-40020,GEO-UM-40020,Kit,2019-12-30T15:09:45Z,2021-02-22T21:26:40Z,ad3c09e3-6ff1-538f-8e2c-c8eea6bd7a0c,cdd895e6-8122-584f-bf6f-dac8b67faf24
11968162-cbc8-52e2-9f3d-c486076c356f,DL-BE-30016,GEO-BG-30006,Kit,2019-12-31T17:06:00Z,2020-05-11T20:32:19Z,07c349a7-ff7f-5150-9383-4b775ac6a8cf,ab1fdd5f-b8be-53e1-acba-b7de8732ced3
83bf9041-054e-5534-8137-b1a92a86378d,DL-UM-40008,GEO-UM-40008,Kit,2020-01-03T14:21:24Z,2020-12-14T18:07:08Z,6342f899-20c4-5e07-a0bf-d8df42b7a24f,d2119d00-c57d-5b1f-bc8f-24bca355edb3
dac77c06-216d-5407-a98f-f86dde3f5ece,DL-UM-40022,GEO-UM-40022,Kit,2020-01-13T13:30:27Z,2020-02-17T21:20:41Z,e2e4414c-4198-535c-a693-8db012381b7d,99eda609-9455-5251-a480-31a17cdba9fd
0fb208f4-2942-5989-8568-90ceb37ec9b6,DL-BE-30011,GEO-BG-30025,Kit,2020-01-16T14:02:29Z,2022-02-01T22:24:10Z,651a1846-7106-5399-a868-b5aababe6bc8,a4b4ed89-cbee-5146-a353-f2607deae0d3
45a52239-478d-5890-ba58-84ae124168b8,DL-BE-30000,GEO-BG-30007,Kit,2020-01-28T13:11:30Z,2020-06-08T20:21:31Z,2a7c00b4-27b9-5bcd-95f2-a32267e566e4,42db10a2-8356-5855-ad12-ca0ca81bd099
a2d0fd2f-8029-5a25-accb-339ccf94d81a,DL-UM-40012,GEO-UM-40012,Kit,2020-01-28T18:02:06Z,2020-06-08T21:40:41Z,98cdc62b-6a4b-5c38-bf78-b7b0ddecb51a,c48bafd1-0a8e-572f-9778-d77ac967641b
43081899-d546-5087-baf8-2e0dc28ad37f,DL-BE-30036,GEO-BG-30030,Kit,2020-01-29T15:40:38Z,2020-06-10T17:34:20Z,255c4647-e4e6-54af-94d0-8a07fb790231,f1ef8f9d-0528-539c-831f-e548919ad74b
013fd9a9-bd76-5f14-86b9-880f452cf57a,DL-BE-30036,GEO-BG-30033,Kit,2020-01-29T15:40:38Z,2020-06-10T17:34:20Z,255c4647-e4e6-54af-94d0-8a07fb790231,f1ef8f9d-0528-539c-831f-e548919ad74b
56353521-abf2-5408-8680-0fc841314671,DL-UM-40015,GEO-UM-40015,Kit,2020-02-10T22:20:07Z,2020-03-31T19:34:41Z,27f55050-895a-5f0c-8cb1-77c70cab6331,f5f14c8e-b001-5af8-baf6-d5d4437b8e7e
f4022060-d5ff-50e6-bbac-dd1db96fd7a0,DL-BE-30012,GEO-BG-30019,Kit,2020-02-24T13:43:17Z,2020-05-29T19:03:39Z,c28bdaa8-f09c-5048-b1ad-5de829eb54f6,e6ab3c64-00b0-5ad6-bb61-379db551e711
4b40a02a-3dc5-5079-8000-8d9626afb4c4,DL-UM-40011,MDM-3000000009,Kit,2020-02-25T13:18:33Z,2020-09-04T19:37:03Z,81a10acd-ed16-5b22-bf0d-be1ae15496e9,630d4a1a-6606-51b9-b685-4aa3aec8acc1
3477d79f-b959-5ff9-bbed-48ae68cb9964,DL-UM-40022,GEO-UM-40022,Kit,2020-03-02T13:54:01Z,2020-03-25T10:38:28Z,c99c1393-fe53-563f-8899-f44f66801af0,a167ee86-655f-58e2-99fd-9d9bd0f38360
dc4f4ae7-1a58-52a5-b59d-db8b1484b747,DL-BE-30023,GEO-BG-30027,Kit,2020-03-04T01:08:35Z,2020-10-26T21:17:19Z,c27588e8-3e86-5275-bfef-c62e3dafd1df,7c3891bd-5752-5f28-83f2-9f2c7acd3b00
f1789d7c-a362-5d81-85ef-e39835041738,DL-D10-300002,GEO-C22-450000,Kit,2020-03-05T19:14:54Z,2020-10-28T19:14:53Z,1a4d758b-d15c-5fb0-9d7a-b3db057c11d8,bdf946be-a927-539c-98c2-64d764ae2deb
f756f044-c3f8-5faf-a699-fd9ee34e3144,DL-D10-300002,SLM-S50-500006,Kit,2020-03-05T19:14:54Z,2020-10-28T19:14:53Z,1a4d758b-d15c-5fb0-9d7a-b3db057c11d8,bdf946be-a927-539c-98c2-64d764ae2deb
af40583a-eb5a-511b-9821-b7b72ca7ae02,DL-D10-300002,GEO-C22-450001,Kit,2020-03-05T19:14:54Z,2020-10-28T19:14:53Z,1a4d758b-d15c-5fb0-9d7a-b3db057c11d8,bdf946be-a927-539c-98c2-64d764ae2deb
3cf25aee-e77a-569b-a2ee-89de19eec525,DL-D10-300002,GEO-V12-400008,Kit,2020-03-05T19:14:54Z,2020-10-28T19:14:53Z,1a4d758b-d15c-5fb0-9d7a-b3db057c11d8,bdf946be-a927-539c-98c2-64d764ae2deb
04289ad7-ab0d-5e13-b2d5-e13654959ebe,DL-UM-40019,GEO-UM-40019,Kit,2020-03-10T16:28:51Z,2020-03-18T19:02:56Z,7c9d5991-9160-5138-991a-720ba5e381ae,1c5ea3b4-51ac-5ab6-a946-d1eff23d3a8c
fb8f1bf1-74ff-5a97-9295-fe44649252be,DL-UM-40021,GEO-UM-40021,Kit,2020-03-16T14:34:15Z,2020-04-20T21:39:54Z,9d4d8e6d-dae8-558a-a3fb-4fb76ff440dc,e81f0ba4-c1ad-5e8b-9f7e-f2375725a946
fe862f01-ae98-58dc-a5f3-bee63e626239,DL-UM-40009,GEO-UM-40009,Kit,2020-03-18T14:50:47Z,2020-03-25T17:50:12Z,4b7c544f-355e-5448-b74a-4b81ad069fc3,37a54477-9f17-595f-b3d7-aad8b4d71282
f27e3515-afca-5b3c-be06-f74c8f350a61,DL-UM-40009,MDM-3000000001,Kit,2020-03-18T14:50:47Z,2020-03-25T17:50:12Z,4b7c544f-355e-5448-b74a-4b81ad069fc3,37a54477-9f17-595f-b3d7-aad8b4d71282
5bc11696-59d5-55c2-874f-c83985f1a92a,DL-UM-40018,GEO-UM-40018,Kit,2020-03-23T20:22:18Z,2020-12-30T21:38:09Z,4a83a5ab-ddc9-5fc3-aeb7-7cf9a53b6d1a,bee997e9-df9a-58af-9390-0b56b6ce97b1
48608816-aedc-5d01-986b-c87e198c1446,DL-BE-30017,GEO-BG-30018,Kit,2020-03-23T18:32:58Z,2020-09-07T19:34:08Z,85a41f0c-2523-5af1-ac86-a472ddd6c115,ecfaedd1-b727-560a-9eba-f103c0dc2279
e4853892-78f6-5143-8b25-c80d87cd19d1,DL-BE-30051,GEO-BG-30032,Kit,2020-03-30T12:25:44Z,2020-08-25T17:02:22Z,5ac9c3fc-c7a3-5789-9ab3-f334a9194c65,02bace7f-3a9a-550a-a2db-da238c1c5661
880ac0d4-80c3-58f7-8b52-0c70de411232,DL-UM-40024,GEO-UM-40024,Kit,2020-04-02T14:02:16Z,2020-05-25T21:13:39Z,37cb6d53-f3eb-57db-a2e9-dcbb83b6d709,89521192-dc28-5a29-89be-61f1dc15d1e6
02357a46-1286-5a87-ab2d-9c2d075124c9,DL-UM-40016,MDM-3000000002,Kit,2020-04-27T12:08:21Z,2020-11-16T19:32:07Z,8837d960-2bad-5485-a8d7-2e75cef23fa6,4d543976-a106-5ae4-97f2-60982c74dd74
448643cd-349b-5996-9ce2-2f8707349a0d,DL-UM-40009,GEO-UM-40009,Kit,2020-05-01T20:53:44Z,2020-09-07T18:49:24Z,1df43215-1f1e-5964-9eb8-46213c3d680f,f22c1d84-8020-5cc9-8b89-38bb925740fe
7b8af7fa-7ba1-5c78-9d81-9db8c302c71d,DL-UM-40009,MDM-3000000001,Kit,2020-05-01T20:53:44Z,2020-09-07T18:49:24Z,1df43215-1f1e-5964-9eb8-46213c3d680f,f22c1d84-8020-5cc9-8b89-38bb925740fe
e7ace8ae-9948-595f-bcc3-a954bba295d9,DL-UM-40021,GEO-UM-40021,Kit,2020-05-04T17:06:06Z,2022-01-07T21:27:29Z,afb7c392-3307-54de-ad51-b5e2c9e30a35,dbd632f3-7293-5d7b-bb69-3f746774ed50
e1543052-51f1-5995-8db6-e69e2bc0a425,DL-UM-40019,GEO-UM-40019,Kit,2020-05-07T16:36:58Z,2020-06-01T19:29:35Z,620b3ce2-d106-5c7d-a110-8ef0150302bf,d74c641b-9766-5f90-9e9f-c879ef7933c4
75a6a28f-d9c6-5f38-a3b6-60a3cb6dd255,DL-UM-40017,GEO-UM-40017,Kit,2020-05-14T12:44:17Z,2021-02-08T19:09:44Z,4907c474-ac65-50c6-ad48-a06be9a3115a,215e1e97-99e8-57e5-bdec-2ea034107ffc
2a49a5f2-813b-5114-a8bd-6080904f9653,DL-UM-40005,SLM-UA-40000,Kit,2020-05-18T16:52:03Z,2020-05-29T20:55:07Z,66427dbd-b46c-52e8-942f-eddf77832c0a,ed2315cd-000b-53c9-bcab-930397af4f0f
54733890-62f2-5842-9e28-280f663aeae4,DL-UM-40005,GEO-UM-40005,Kit,2020-05-18T16:52:03Z,2020-05-29T20:55:07Z,66427dbd-b46c-52e8-942f-eddf77832c0a,ed2315cd-000b-53c9-bcab-930397af4f0f
98f0e1ce-9871-5d3f-a562-2ec5502ad993,DL-UM-40005,MDM-3000000003,Kit,2020-05-18T16:52:03Z,2020-05-29T20:55:07Z,66427dbd-b46c-52e8-942f-eddf77832c0a,ed2315cd-000b-53c9-bcab-930397af4f0f
ad91a1c3-a2b9-572e-b526-0178a65ad003,DL-BE-30018,GEO-BG-30021,Kit,2020-05-22T19:18:45Z,2021-03-22T18:59:35Z,c246e0e6-a7a2-5d1e-9b90-b53c73bd4140,d1e316ff-b22c-5540-a8cd-c9199e060073
48e5249d-ed8f-5d99-b554-039f36ccc7f6,DL-UM-40022,GEO-UM-40022,Kit,2020-05-27T18:35:16Z,2020-08-11T18:38:31Z,5d53d710-ac3c-50b7-b051-bab4f4dc0f71,f2ffeac1-2983-5e8f-874a-f7bfe5e32d45
900077ad-aff7-526b-8ff7-97850a7592bf,DL-BE-30016,GEO-BG-30006,Kit,2020-06-01T19:27:55Z,2020-11-09T20:11:49Z,801bf57d-738a-5e6a-a5d7-32cf6d2de9ea,fa12f645-c6f2-584f-b728-eb8676d4101f
5d159bdc-f3f0-5817-bdd4-ee84e18ed926,DL-UM-40023,GEO-UM-40023,Kit,2020-06-10T13:56:41Z,2020-06-16T20:22:26Z,222233fb-1faf-5af8-81ab-48ec6654dede,23c31396-9c46-5ff1-bde4-64e1d3a0be29
17b10f0b-44ae-58f8-a97f-4ba834a0f426,DL-BE-30012,GEO-BG-30019,Kit,2020-06-17T15:09:55Z,2021-04-06T17:40:38Z,c1f46c50-58e1-5cd7-aa1e-f71e1e90c3f8,7949f1dc-0119-580a-8a9c-f22a0176b6a1
b0f70907-28f8-5f00-9437-384a1f66514b,DL-BE-30034,GEO-BG-30024,Kit,2020-06-23T12:42:04Z,2020-08-27T17:23:53Z,6803cec3-89c1-5913-8cff-32f23a7ad666,58c29525-acf2-5c90-999d-bfa166aaaa99
e644e372-061e-58b0-ae6f-ebe73c62a3c8,DL-BE-30034,GEO-BG-30026,Kit,2020-06-23T12:42:04Z,2020-08-27T17:23:53Z,6803cec3-89c1-5913-8cff-32f23a7ad666,58c29525-acf2-5c90-999d-bfa166aaaa99
688c5d0d-c1b2-5d3b-b939-95e7ac1d167d,DL-D10-300001,GEO-V12-400002,Kit,2020-06-28T20:25:30Z,2021-03-06T18:18:51Z,eb93afb5-37a8-5f56-9833-1120f1a0ae1a,50599fdb-973b-532d-980a-534a1f2626c4
4e40aa06-5edf-5ad6-bc6e-deb56978393c,DL-D10-300001,SLM-S50-500002,Kit,2020-06-28T20:25:30Z,2021-03-06T18:18:51Z,eb93afb5-37a8-5f56-9833-1120f1a0ae1a,50599fdb-973b-532d-980a-534a1f2626c4
3680dbe9-bf68-507a-af74-10a51b4e06d3,DL-UM-40012,GEO-UM-40012,Kit,2020-06-29T14:53:10Z,2021-04-05T19:50:26Z,b644b259-f190-5a2d-91a0-b2f50bc01a89,02f8f4ce-fb6c-50d8-b199-9f0c196e14b8
26b8201c-a0ad-5651-84f7-0cfac4aaf4ee,DL-BE-30036,GEO-BG-30030,Kit,2020-07-09T16:43:53Z,2021-04-13T17:09:45Z,76935f89-4059-5841-8fe1-c45b68147bf1,a3e6d1a1-c122-5bdd-9016-2959b855d274
6556a139-8a32-514c-bdfa-75df96ae68a2,DL-BE-30036,GEO-BG-30033,Kit,2020-07-09T16:43:53Z,2021-04-27T20:58:20Z,76935f89-4059-5841-8fe1-c45b68147bf1,542a6b0d-a02e-5671-8e10-723a187a3fb4
40de0666-3258-5358-8980-41a361528a8e,DL-UM-40010,GEO-UM-40010,Kit,2020-07-10T10:39:04Z,2021-10-04T21:07:29Z,b7473ec0-4e12-5bae-a2db-344aafb7dd54,323ea60b-d58e-5ac8-a72c-b1f0240ee385
1d595a5f-9e01-5f9a-b63b-5698c972c0bb,DL-UM-40026,GEO-UM-40026,Kit,2020-07-15T20:39:06Z,2020-08-05T21:37:41Z,a3cad717-60fc-5b1f-8e8a-6689c1b044ad,b3917611-a87a-5b4d-ac51-0d8ca98c3730
3ad81715-4948-5dc4-b5a3-f6e2b7d26965,DL-UM-40025,GEO-UM-40025,Kit,2020-07-16T14:30:28Z,2020-11-30T20:24:45Z,19c82da0-b779-5a19-9a29-e4e43f565e7f,ab35ace2-f12a-5273-8a32-e00458c058f7
8920b25f-4706-5d90-98af-add88ec3274e,DL-UM-40001,GEO-UM-40001,Kit,2020-07-20T15:14:26Z,2021-11-01T17:29:34Z,c43b913e-5133-5aaa-9bfa-7c18aa050880,2565f7d9-4d0a-532a-9641-f4a189e4c0f2
166b3aa8-4775-55c7-9b67-02faabc96e17,DL-UM-40023,GEO-UM-40023,Kit,2020-07-22T14:48:18Z,2020-08-25T18:45:41Z,c9e93d73-09f5-5d93-9dde-bcec994d007a,814f3f76-139d-5733-8464-7e8d780dfdac
cd1754cf-2e54-5180-bfc7-d80b9b9d0ef1,DL-UM-40005,SLM-UA-40000,Kit,2020-07-27T14:25:49Z,2021-04-19T18:03:54Z,c233c4f9-02c0-52d8-bb27-c22676cf7feb,4096aa94-472d-53a0-bb05-ed68ad259a31
68d86824-1bc9-5507-9492-30d99570b7a9,DL-UM-40005,GEO-UM-40005,Kit,2020-07-27T14:25:49Z,2021-04-19T18:03:54Z,c233c4f9-02c0-52d8-bb27-c22676cf7feb,4096aa94-472d-53a0-bb05-ed68ad259a31
a18340d9-2a00-5f0e-ae79-8a798f61f237,DL-UM-40005,MDM-3000000003,Kit,2020-07-27T14:25:49Z,2021-04-19T18:03:54Z,c233c4f9-02c0-52d8-bb27-c22676cf7feb,4096aa94-472d-53a0-bb05-ed68ad259a31
1fe0ff9f-a8e6-547d-9f40-9e86dd6c4b06,DL-UM-40002,MDM-3000000000,Kit,2020-07-31T11:09:13Z,2020-08-21T21:47:42Z,ed753e78-781d-5457-8e95-0a57acdb1cb9,ba366d4f-9644-5eb1-87e8-afcc3261508e
fbf83989-821d-5aff-b50d-afa1a8c08c79,DL-UM-40000,GEO-UM-40000,Kit,2020-08-11T12:59:41Z,2021-10-25T20:14:29Z,a535c6a0-ffa2-58a5-a2bf-5442e73cbd1e,c099df5f-62ec-5db0-afd7-ddcb07844b4c
c7f69bb0-6b3f-512e-8035-81a6a1d657f0,DL-UM-40022,GEO-UM-40022,Kit,2020-08-20T13:02:58Z,2020-09-01T21:30:39Z,6a83a511-c6b3-5f39-b866-8746393511cc,406cf1d2-f590-5b58-979b-5f94001c6e4e
3f391586-9341-5def-8c79-1c8ceb6f05d3,DL-UM-40026,GEO-UM-40026,Kit,2020-09-04T17:23:01Z,2020-10-06T21:12:48Z,5dc8418f-6c42-5ddc-8cfc-1f618d9e6774,ffa07995-9f67-5622-a936-98d61e7443d8
befdb83d-693d-583a-90f1-3d462ee73721,DL-UM-40023,GEO-UM-40023,Kit,2020-09-06T13:48:02Z,2020-10-12T20:42:45Z,7ac3f2b4-70da-58b8-99b8-5bb6040bd55f,d65780b1-fc24-5188-bdca-70db3fa2bbc8
75a40665-ed58-52d9-996f-1bffbf2bf9b3,DL-UM-40011,MDM-3000000009,Kit,2020-09-11T14:46:25Z,2021-03-08T22:31:04Z,3601e831-997a-504f-9ab7-ab127879bfdb,7250addf-1157-566b-a327-87f204641bb9
650ed8b0-31d0-529d-908d-b75b08034518,DL-UM-40006,GEO-UM-40006,Kit,2020-09-14T19:16:07Z,2021-09-13T23:23:15Z,205aaace-e836-5105-932b-d95d0358141c,3440ffb3-70c7-540a-b5d1-15e0b95bb969
b3e596da-dd98-5e71-87f2-add92d1bd642,DL-BE-30051,GEO-BG-30032,Kit,2020-09-14T18:04:51Z,2021-01-26T20:56:55Z,c634cbce-060c-5960-bd44-4cd6531be7ce,6a605ef8-c8d6-542b-b60c-c69865a0868e
f52072c4-c099-5b20-90a7-b208b83bb0a8,DL-UM-40002,MDM-3000000000,Kit,2020-09-14T23:15:18Z,2021-01-05T20:16:12Z,0d5bd9b5-9dc5-5add-b994-e8225e32d0e3,bb17c5ba-773a-5bd6-af11-71fde7bcb510
df040e08-0edb-5076-8bd6-e0aa2a53c299,DL-BE-30034,GEO-BG-30024,Kit,2020-09-14T12:32:20Z,2020-11-02T21:17:51Z,40c1017e-090e-5006-94c5-e22230123198,396a3e29-d503-5be4-8a2b-54b2f49d5ada
21ac4621-a7e6-5c44-858c-ce722a67823b,DL-BE-30017,GEO-BG-30018,Kit,2020-09-18T20:18:38Z,2021-11-19T18:56:06Z,d2a04702-9d29-5722-aa16-63485722cbb6,322def3d-d464-5a50-92b1-78f7796493ba
494a0880-cb73-5ef1-9672-fca41e5f63e3,DL-UM-40019,GEO-UM-40019,Kit,2020-09-23T15:21:45Z,2020-10-01T18:39:04Z,2643228a-630a-511c-8a08-d49efb627e2a,f91dc3e9-c11a-5672-b220-f8ad62c180a6
6625c02d-4f45-5167-9ffa-60846fed8f88,DL-UM-40009,GEO-UM-40009,Kit,2020-10-01T14:00:40Z,2021-10-30T18:38:05Z,09245279-1395-5e3e-b59c-d5432d40f728,0b99d85f-0e73-5330-abb0-3dde8f5b0b75
5c216be0-d378-5718-9e10-9f32c424b9ef,DL-UM-40009,MDM-3000000001,Kit,2020-10-01T14:00:40Z,2021-10-30T18:38:05Z,09245279-1395-5e3e-b59c-d5432d40f728,0b99d85f-0e73-5330-abb0-3dde8f5b0b75
75d69a8e-da3d-5efa-af66-63cc1a1d4697,DL-UM-40022,GEO-UM-40022,Kit,2020-10-06T19:27:17Z,2020-11-01T18:05:25Z,72d6a70b-a709-5625-a729-79d578df5999,f0c45d12-709c-5b22-94ca-30b632baebf3
c76695c6-af61-53d2-9f22-22917bdab48a,DL-UM-40027,GEO-UM-40027,Kit,2020-10-08T17:53:30Z,2021-01-08T11:16:34Z,f76789e8-c30b-533b-8ff0-81a5913d3b56,ba75b348-ebf9-5199-af57-d2cfd9a901e2
1a6bf696-6142-5863-aaae-ef3cdbd19e05,DL-UM-40019,GEO-UM-40019,Kit,2020-10-09T17:55:35Z,2020-11-24T20:39:14Z,ce55949d-03db-5f9d-8d60-ee8e0874084b,3a1865f1-a956-5af1-a20f-cea653b8771c
69eceb40-6669-5e3c-8581-e7a00752c216,DL-UM-40003,GEO-UM-40003,Kit,2020-10-20T14:20:41Z,2021-06-16T21:53:29Z,c2191458-a3f9-5174-8be1-29e4eead057c,53bee3d7-0006-53a9-99a7-3a4835a9444c
fbea8a32-1a75-5c53-a1ff-a3092f96ed30,DL-UM-40003,MDM-3000000006,Kit,2020-10-20T14:20:41Z,2021-06-16T21:53:29Z,c2191458-a3f9-5174-8be1-29e4eead057c,53bee3d7-0006-53a9-99a7-3a4835a9444c
c5880978-c67f-562d-a328-233cb9c99e44,DL-UM-40028,GEO-UM-40028,Kit,2020-10-30T21:48:19Z,2020-11-23T20:17:26Z,600dde7c-841b-5b1f-9c2a-8311100dabe0,6516ad08-191e-5a17-beb5-966d2d320fb4
e8bbd2b8-72fa-53f1-8595-adadafb65081,DL-UM-40026,GEO-UM-40026,Kit,2020-11-02T19:41:54Z,2021-09-28T21:12:35Z,bdc67384-b304-5bf5-ae9e-242607388052,3cf887ff-201a-5984-8635-cafad432ad7e
d49e8713-21a7-5fd9-a433-a232fa7ae7c3,DL-UM-40022,GEO-UM-40022,Kit,2020-11-09T23:51:22Z,2020-11-23T18:36:09Z,888b21db-712a-578c-b11e-36d6c17342a6,1e61de22-b633-59cb-b7c3-75c14078e4d1
de034432-b779-5d99-a46d-bfd0320881b1,DL-BE-30020,GEO-BG-30022,Kit,2020-11-16T20:29:12Z,2021-02-22T21:56:13Z,0f01c7c4-fc4e-5b0f-a2a9-5593514f7133,18f1105d-24ce-530d-827f-d47f4334e02e
64c2e77b-da45-503a-9d1d-c871bb8f5a92,DL-BE-30020,GEO-BG-30023,Kit,2020-11-16T20:29:12Z,2021-02-22T21:56:13Z,0f01c7c4-fc4e-5b0f-a2a9-5593514f7133,18f1105d-24ce-530d-827f-d47f4334e02e
689b8a83-35f0-5d18-9c84-997decea2398,DL-BE-30010,GEO-BG-30010,Kit,2020-11-18T01:46:07Z,2021-08-08T20:38:26Z,35701a95-8252-56c6-bf20-edcacc3b7b56,4a512bcf-4811-56ac-9a77-d2fe3f46c580
61ac8c8e-5668-5e2d-bbdf-28ae225cab5b,DL-BE-30015,GEO-BG-30013,Kit,2020-11-18T21:58:34Z,2021-07-05T17:30:37Z,1bbf8ceb-6931-5b93-b000-7068c395fc5f,5bfc404d-cf56-548a-819b-44abe9e22630
71a6074d-7a17-54ed-81d7-25265730d7d3,DL-UM-40023,GEO-UM-40023,Kit,2020-11-22T16:32:58Z,2021-01-03T22:48:20Z,ecb8f462-1247-5083-95c3-c94d14129777,f9da2e95-291b-5748-aa87-fccb162dd3aa
b4af5e71-06db-58ce-b6d6-9fca8e769564,DL-UM-40024,GEO-UM-40024,Kit,2020-11-23T14:49:24Z,2021-11-24T21:57:26Z,24f39b9f-61dd-543c-8ca0-9f9599354e24,f72a714a-e5a8-59c1-a020-d896f6838f82
f4bdaf91-272a-59fb-a999-3fef51ab39fe,DL-UM-40029,GEO-UM-40029,Kit,2020-11-23T16:11:08Z,2021-04-05T17:54:44Z,e0eea80e-c26a-5fa7-a465-5a9e7332fb58,41bc86d1-9387-58b8-80f9-0d276d415aca
389ed1b8-a61c-5503-91d9-e409cbc28cda,DL-UM-40016,GEO-UM-40016,Kit,2020-11-23T18:50:53Z,2021-01-26T20:16:31Z,33fbc350-4618-5344-b8eb-f79d6e3321e1,3e672a2e-ce1e-540b-abff-ba0285a27002
c8fe5b30-965e-535e-a6dd-c5852ed8a1db,DL-BE-30023,GEO-BG-30027,Kit,2020-11-25T19:16:04Z,2021-07-26T19:51:07Z,38918438-7cb4-5c32-aea9-7eb39e7fb91d,c852b5ed-549a-5276-8c44-33febfdea07c
b02b2eee-e66e-5e21-a419-6aa50767b5d6,DL-D10-300002,GEO-C22-450000,Kit,2020-12-02T21:14:37Z,2020-12-28T18:05:14Z,94c21405-e661-5b25-ba5a-dcff48f0caba,1a26816f-408a-58e5-8327-ae41b2150f05
e1d1ee00-d761-586e-9465-af4e75220309,DL-D10-300002,GEO-C22-450001,Kit,2020-12-02T21:14:37Z,2020-12-28T18:05:14Z,94c21405-e661-5b25-ba5a-dcff48f0caba,1a26816f-408a-58e5-8327-ae41b2150f05
08cea999-98f1-54e9-8639-012fc5aecc18,DL-D10-300002,GEO-V12-400008,Kit,2020-12-02T21:14:37Z,2020-12-28T18:05:14Z,94c21405-e661-5b25-ba5a-dcff48f0caba,1a26816f-408a-58e5-8327-ae41b2150f05
5dc2c85e-adab-5130-8e49-556dd2deb7e1,DL-D10-300003,GEO-V12-400000,Kit,2020-12-02T18:46:03Z,2020-12-14T19:00:24Z,5e14d6d1-141f-5d51-9026-c5beae3dbb2d,aa5fca30-a84c-5e8b-ab32-72bdf8e6d324
651f58c5-b0d6-5ba0-8aa5-55a507a6f9b1,DL-BE-30000,GEO-BG-30007,Kit,2020-12-03T13:53:26Z,2022-02-03T21:13:14Z,b7bd4e50-6b59-5b8f-8238-af548b3f267b,e067b9b7-b936-51e3-93f3-86a767ed181d
23c95979-32af-5fe9-ad92-15c620725c69,DL-UM-40022,GEO-UM-40022,Kit,2020-12-07T15:40:58Z,2020-12-24T19:03:26Z,5b98eb6d-329d-5c41-a672-62657a162c23,b1c065d8-6abc-5ac0-bed1-8bc6a4117b95
ff04b494-ebac-57f4-a0b2-d592201523c6,DL-BE-30034,GEO-BG-30026,Kit,2020-12-08T16:07:41Z,2021-05-17T17:00:57Z,334e9249-c893-5e8a-8097-4ead8e0e36e9,be8f908c-741d-58ec-973f-709ba0ddc2b0
953d0140-6e9e-5138-b881-6253bad02948,DL-UM-40025,GEO-UM-40025,Kit,2020-12-11T17:17:22Z,2021-04-13T17:43:12Z,585af6a6-8a3b-52e2-b4ea-2754302edb67,73939a9d-1a72-5666-848b-a914058ecbb0
a6055c69-e445-5b11-8ada-ddfa2099c723,DL-D10-300005,DST-5051,Component,2020-12-14T15:46:08Z,,d9729126-7d0d-561e-ad64-037fc381a4c5,
32c4ed44-4886-53df-b350-272156e4e362,DL-D10-300004,GEO-V12-400009,Kit,2020-12-15T19:57:18Z,2021-10-15T20:14:02Z,81a49b81-5734-5966-8a0c-0020e492e2a1,9488b8d7-1d62-5abb-a647-f7fdc74e893d
dfa096b3-8ef9-5546-af0e-f63243039e47,DL-UM-40028,GEO-UM-40028,Kit,2020-12-17T19:00:58Z,2021-01-25T20:26:03Z,4f7dcd7a-7603-52d1-84e4-fdeb2282b16e,41e8ccaa-4719-5f4c-9c9e-8e87fb92c6ec
88513037-900d-5cdf-828f-f899f438cea7,DL-D10-300003,GEO-V12-400000,Kit,2020-12-21T19:05:47Z,2021-03-04T18:30:36Z,67b1d60a-0147-501e-9a72-5ed54956ab6a,883dc3ee-0d34-55f8-92c7-3e2b8ac56bfa
adf874a0-7b92-5cd7-8f8b-827d99dd7a29,DL-D10-300005,GEO-V12-400003,Kit,2020-12-22T22:01:24Z,2022-06-03T17:22:33Z,b28454e4-7db4-5d8c-8b80-2634e2b7b01e,e98f9056-9335-5fbc-adcd-beb4be7c1af0
7660e6ae-034d-5eb3-adeb-7858c917d172,DL-BE-30016,GEO-BG-30006,Kit,2020-12-25T18:16:52Z,2022-04-26T19:08:52Z,185562b8-743f-5dcc-8eb4-1bc3a3a17980,e6dab1cc-d938-5b5a-8989-5eb8ead9cd3a
bb3a5964-f80d-5689-b416-af860633d379,DL-BE-30013,GEO-BG-30031,Kit,2021-01-05T15:08:42Z,2022-09-12T17:20:53Z,13727b5d-54fb-56fa-aeef-26938061ff70,fa47560a-2ce6-59d8-898e-1b39fda61383
3d9d639a-1cb4-55ba-98c2-1f6c3c47a948,DL-UM-40027,GEO-UM-40027,Kit,2021-01-14T16:36:01Z,2021-04-27T19:08:53Z,23be4491-7a12-558a-a0a1-2cd94ae0f3d8,c0d627c7-7323-57fc-9a73-29e3846fc432
62419c76-acca-5025-8ce3-2ba1b5854780,DL-D10-300002,SLM-S50-500006,Kit,2021-01-18T16:20:09Z,2021-02-11T11:04:22Z,eff9023b-8a8b-5d90-8a1d-38563ba6b6cb,4e87a6fa-c088-5f99-b00c-ecddde9bd8cb
e59b2920-c5d6-50df-8777-b0f86a058854,DL-UM-40023,GEO-UM-40023,Kit,2021-01-18T20:13:01Z,2021-02-24T20:42:49Z,fd85cdb3-71a1-542a-8f44-74400f037b8d,16c7d129-b076-5895-9029-b87d259f9dda
9641af4b-7d62-5ca6-8b9f-9c357bdf6de0,DL-UM-40002,GEO-UM-40002,Kit,2021-01-18T19:42:08Z,2022-05-25T20:13:45Z,303d12ae-129d-5b36-b190-a7b8a2008160,cf6c1c4a-2605-582b-86b8-4272c8cc9c79
b128ca7e-b25a-5423-aac5-023697e09627,DL-UM-40002,MDM-3000000000,Kit,2021-01-18T19:42:08Z,2022-05-25T20:13:45Z,303d12ae-129d-5b36-b190-a7b8a2008160,cf6c1c4a-2605-582b-86b8-4272c8cc9c79
1ea0e9a8-f156-54a5-8fef-37f6e26a2a71,DL-UM-40018,GEO-UM-40018,Kit,2021-01-29T11:44:45Z,2022-08-24T18:50:36Z,ab288517-0fb9-5a3b-a0fd-c9e47fcb2a24,655a7d98-a2b0-5f68-a906-650b85f84c78
0603cb51-bc01-5411-b45b-a5a711a88c70,DL-UM-40013,GEO-UM-40013,Kit,2021-02-01T21:50:16Z,2021-03-01T18:47:04Z,5740ca97-027a-507b-8677-7a8d4decbe14,332085eb-2493-5f81-870d-17d9982e8603
4a2291d1-b1f8-5238-ba9e-1022d5132124,DL-UM-40016,MDM-3000000002,Kit,2021-02-01T12:46:35Z,2022-03-07T22:12:54Z,223286cb-ddfc-5a7b-a81a-1da84c901be7,8329b05f-8c27-596a-947c-676b4a48d53a
4e9f6379-090b-5676-a899-e5ebfdcfa54a,DL-UM-40016,GEO-UM-40016,Kit,2021-02-01T12:46:35Z,2022-03-07T22:12:54Z,223286cb-ddfc-5a7b-a81a-1da84c901be7,8329b05f-8c27-596a-947c-676b4a48d53a
97750613-29cb-5d78-a127-9bec2a484ca2,DL-UM-40028,GEO-UM-40028,Kit,2021-02-01T22:38:53Z,2021-02-17T18:47:41Z,8c19b6fb-dfd7-57e0-af77-b6c973aec116,3707b2d1-ba3f-565c-bf90-6a9a0fead1af
76a8ce3e-3cbe-5551-93b1-74442706ff59,DL-UM-40008,GEO-UM-40008,Kit,2021-02-16T15:45:06Z,2022-01-17T20:36:07Z,e5db7481-a3bf-5903-83f6-5687604bbee5,56904722-fe1f-5c3e-b635-c30aeb0563b1
111f39ad-ee7f-5dd2-94b8-18166edc2c86,DL-UM-40022,GEO-UM-40022,Kit,2021-02-19T00:06:54Z,2021-05-10T19:18:26Z,3c953f29-3aaa-57e0-973c-49f1d636c9f2,2328298b-ea11-5fa7-90d6-59ac4394a986
52fa8ab4-cf47-5d2e-aad2-93c9edeab59d,DL-D10-300002,GEO-C22-450000,Kit,2021-02-26T14:45:05Z,2021-04-09T21:19:39Z,e226ac19-66fc-575a-b4d2-73e4e95e3695,cd0da1c7-cdd3-505b-8440-5530fe39a26b
952fb479-0b97-5c71-ad79-0c2db9df5d5e,DL-D10-300002,SLM-S50-500006,Kit,2021-02-26T14:45:05Z,2021-04-09T21:19:39Z,e226ac19-66fc-575a-b4d2-73e4e95e3695,cd0da1c7-cdd3-505b-8440-5530fe39a26b
1944b1af-fa46-5d58-b72b-4703213c06c5,DL-D10-300002,GEO-C22-450001,Kit,2021-02-26T14:45:05Z,2021-04-09T21:19:39Z,e226ac19-66fc-575a-b4d2-73e4e95e3695,cd0da1c7-cdd3-505b-8440-5530fe39a26b
d2707f12-f07e-50ff-ad4d-657b6a528cae,DL-D10-300002,GEO-V12-400008,Kit,2021-02-26T14:45:05Z,2021-04-09T21:19:39Z,e226ac19-66fc-575a-b4d2-73e4e95e3695,cd0da1c7-cdd3-505b-8440-5530fe39a26b
f2b905c5-d556-504e-bb25-274fd8f47caf,DL-UM-40030,GEO-UM-40030,Kit,2021-03-01T19:06:12Z,2021-07-12T21:25:41Z,eeb31b4a-d2b6-5d9d-9c6b-06b5b96a38cd,50c82f1d-d57b-5daf-bed0-ad7586b0b5d4
c1fbbce1-63ae-5b15-9203-ebb3438d73a1,DL-BE-30007,GEO-BG-30017,Kit,2021-03-01T15:32:27Z,2021-09-07T17:30:27Z,10324e80-1c86-5f11-84f7-c008af8eb63f,c3d13851-d4b6-5d87-9527-2c09ff85a0c1
0201fe35-7ff5-5e46-bb0c-430d3f435afb,DL-D10-300003,GEO-V12-400004,Kit,2021-03-04T18:31:36Z,2021-04-02T20:44:37Z,d81b8dcb-efff-53b0-ae34-eacad338f1a0,7426cc84-f5fe-5ecf-ba0e-e8f1bfe92adb
1fd5b69f-e087-5058-a49d-da170ca17592,DL-BE-30020,GEO-BG-30022,Kit,2021-03-08T20:35:40Z,2022-01-10T21:24:19Z,36d75bd9-45bf-51de-bf1f-689be4b5bc3a,3b8aaba3-0f1c-55f2-97a3-5a3ac90a9b5a
c9d20906-3ea2-5ab4-bc71-ef5bf9304f3d,DL-BE-30051,GEO-BG-30032,Kit,2021-03-11T11:07:25Z,2021-07-19T17:34:42Z,631ff62d-e101-577b-839f-74bcf79564d6,e7b4c662-63a9-5687-b234-bd82f5cc1f30
71f6ce91-c686-549c-967f-b014678ae0e7,DL-UM-40031,GEO-UM-40031,Kit,2021-03-15T17:53:00Z,2021-04-07T18:38:13Z,32f4907f-d8de-55cb-b035-edee49fb7358,72ce1465-257e-57fb-9efd-9194f0450d14
ebd59587-2f0d-517b-bdd3-98409adff47f,DL-UM-40028,GEO-UM-40028,Kit,2021-03-16T17:29:59Z,2021-12-13T19:56:37Z,2d97f81d-d188-526a-9aef-7a2ccebbc92c,396b3adc-8d49-5297-8419-c5a415a01ccc
6685d75d-9efc-5cee-8c1f-967eb1338667,DL-D10-300001,GEO-V12-400002,Kit,2021-03-26T19:15:56Z,2021-07-30T17:25:47Z,7d1acb98-b5cb-5f9e-a920-cfb2aa1202ae,104360a8-3d6b-5a9f-b443-d0f2e3462447
cc53e47c-28ef-5a67-85fb-3b937cf49ad6,DL-UM-40013,GEO-UM-40013,Kit,2021-03-30T20:33:10Z,2022-01-19T21:33:29Z,ad2510a3-792c-5be7-99d5-42084a9162a3,fba3328d-92e6-56af-9147-1d554654061a
5ec85d61-131c-5eea-9916-84a5e39a2db7,DL-BE-30018,GEO-BG-30021,Kit,2021-04-01T14:35:30Z,2021-11-15T21:50:02Z,c3c0e37f-7638-5ef0-a28f-f38c339b9a49,4a2772d5-6c6e-5654-ab01-8aad009fb203
bfdb0710-a114-5f82-8c0f-f080385fb559,DL-UM-40019,GEO-UM-40019,Kit,2021-04-06T11:19:44Z,2021-06-11T18:38:45Z,cb68b683-8b08-5990-ad49-5b101c2b721e,0c6e5727-3712-586a-82c6-d37f8dc02fc1
e52eaf06-c804-5bbc-97f2-4f8b41b44a63,DL-UM-40017,GEO-UM-40017,Kit,2021-04-09T12:21:31Z,2021-08-27T21:20:28Z,a52efa65-fa3d-5ab1-8df8-0a142fe0731c,604144d1-3fea-5781-bbe6-a8043d48bfd8
152d41e9-d837-5326-aee6-3324e40fcbe2,DL-UM-40011,MDM-3000000009,Kit,2021-04-13T21:51:21Z,2022-11-21T21:09:01Z,1aaac584-9a5c-555e-a473-d0167c9c9ad2,f49ee693-beef-5e21-91c0-173efac86e09
8dcfcbfb-78a7-5a45-b722-d1026aae3284,DL-UM-40020,GEO-UM-40020,Kit,2021-04-14T21:26:48Z,2022-01-17T22:06:07Z,bfdeaaf3-1ed4-5705-83a4-374b5783c5ad,2920938e-05b7-50b0-b66d-207c4039c44c
674bf644-9ddd-55ed-bbe3-f3169b175603,DL-UM-40015,GEO-UM-40015,Kit,2021-04-16T11:51:46Z,2021-05-03T19:26:37Z,80ca2559-60b3-59d5-9da9-39e1cfc26e45,ba7b49c1-cc0b-563e-b8b3-be8b8fedda90
088eef7b-2589-5b80-b3b8-a05cf8125894,DL-UM-40005,SLM-UA-40000,Kit,2021-04-23T14:03:41Z,2022-03-22T19:36:10Z,e5053fa4-e48f-51cf-a5ce-bd756afca001,63e03d1e-46cf-567d-9416-bbfe1a1acf05
ca9ab717-2285-50cd-a9e9-ddf1cec31b92,DL-UM-40005,GEO-UM-40005,Kit,2021-04-23T14:03:41Z,2022-03-22T19:36:10Z,e5053fa4-e48f-51cf-a5ce-bd756afca001,63e03d1e-46cf-567d-9416-bbfe1a1acf05
ebb2144e-2784-567d-81cf-875e25c5c4a7,DL-UM-40005,MDM-3000000003,Kit,2021-04-23T14:03:41Z,2022-03-22T19:36:10Z,e5053fa4-e48f-51cf-a5ce-bd756afca001,63e03d1e-46cf-567d-9416-bbfe1a1acf05
139209c9-42e3-5052-985a-3633412a22b8,DL-BE-30008,GEO-BG-30009,Kit,2021-04-26T20:52:18Z,2021-12-03T20:16:29Z,74336c44-9f0a-5661-a3c0-6e6361d38f09,2996397c-80f1-5524-b1f5-6f98823d2425
c57fd26a-8fa5-55af-917f-8a9466a2010a,DL-UM-40025,GEO-UM-40025,Kit,2021-04-26T18:03:40Z,2022-09-05T20:28:47Z,b8643898-3f8c-5589-a1e1-8d0daf781373,20bfbd7d-8a7b-515e-9ccf-5fa5540957ca
de042c72-d26f-564a-ae53-9435931df3cc,DL-D10-300002,GEO-C22-450000,Kit,2021-04-27T12:23:15Z,2022-08-08T21:20:45Z,eea3e55c-8d7c-5abc-9a64-108427b2aa99,41f23acd-95a7-513c-b96b-a2ed74b723e6
3d612bd4-8be6-56de-aa79-b316e6cc097e,DL-D10-300002,GEO-C22-450001,Kit,2021-04-27T12:23:15Z,2022-08-08T21:20:45Z,eea3e55c-8d7c-5abc-9a64-108427b2aa99,41f23acd-95a7-513c-b96b-a2ed74b723e6
4879a51a-9000-5432-b503-eb23b546de1c,DL-D10-300002,GEO-V12-400008,Kit,2021-04-27T12:23:15Z,2022-08-08T21:20:45Z,eea3e55c-8d7c-5abc-9a64-108427b2aa99,41f23acd-95a7-513c-b96b-a2ed74b723e6
4fa8cc33-10d0-55dc-ae90-e00b0015d444,DL-BE-30012,GEO-BG-30019,Kit,2021-04-28T19:21:50Z,2021-12-24T21:34:28Z,4b3e24d8-3279-53f9-b12f-3806c118da28,c613409b-6bfa-549d-834d-a0b6f258ea4d
1a395bdc-ce6a-53d7-bfd1-d742c78dad75,DL-UM-40023,GEO-UM-40023,Kit,2021-04-29T20:56:35Z,2021-05-10T20:32:44Z,33756714-d2e5-5de9-89c9-7df5b5674d08,04fded16-0a8a-5346-b7a2-536cd743a905
04ac2895-b23f-5083-96c8-886addc0d9c0,DL-D10-300003,GEO-V12-400000,Kit,2021-05-03T21:39:44Z,2021-09-06T18:39:12Z,d8b25660-7416-5818-bf21-3e8f0c836154,763a5f36-f054-5e8a-8882-39af8ef955f6
09655734-10b2-5ff0-99eb-bf1a391085b0,DL-D10-300003,SLM-S50-500014,Kit,2021-05-03T21:39:44Z,2021-09-06T18:39:12Z,d8b25660-7416-5818-bf21-3e8f0c836154,763a5f36-f054-5e8a-8882-39af8ef955f6
01d6fe28-6d72-5648-8669-6201a66e9b9f,DL-UM-40032,GEO-UM-40032,Kit,2021-05-03T17:47:16Z,2021-10-05T19:59:44Z,75826a58-e868-54cd-a9c6-db90199642c8,623b94dc-6696-5bae-b14c-8b1545d9c004
32708937-743e-5993-aeca-fe8d367dfae0,DL-BE-30036,GEO-BG-30033,Kit,2021-05-06T15:20:23Z,2021-10-13T10:57:34Z,23d36b21-a6ab-5e60-b700-2c17c094f29e,a73ab52a-f59d-5511-b70c-bceba3654feb
cb6d7ce5-28c1-5fbb-b513-8a5f9a50a087,DL-D10-300006,DST-5053,Component,2021-05-06T15:50:48Z,,10db6bf7-85fa-5062-a153-3a8d3fd8d0c4,
fab728b4-205c-57d5-98b1-3ca07cd21392,DL-UM-40029,GEO-UM-40029,Kit,2021-05-06T18:51:01Z,2021-11-27T19:45:41Z,60024003-b7c2-542b-aed5-035945772530,d594967e-ba68-5156-8252-235bc7634d65
66f57f46-9662-58a2-8a25-7753b191fcc7,DL-BE-30009,GEO-BG-30020,Kit,2021-05-10T20:59:37Z,2022-01-03T19:33:48Z,9fe24e7f-e574-5987-9457-392d9219458c,2cce9f2d-4f43-50dc-8cc8-0222eee39011
c53f0153-6b52-5925-ad68-75e7d87e151a,DL-UM-40027,GEO-UM-40027,Kit,2021-05-23T13:22:26Z,2021-06-29T18:29:28Z,46d773af-c33e-5077-8191-a846278e7fe9,44d3b42d-d76d-5ad9-a696-199d4a87e853
b079ffe7-8b7b-5139-b1c9-997e41125d38,DL-UM-40022,GEO-UM-40022,Kit,2021-05-27T20:13:40Z,2021-06-07T20:06:37Z,d3c8c9f8-ea20-5a18-ab5c-5baa8c059e70,3a8752f4-bd41-5382-80c8-467760d66d7f
2dc0016d-63f2-5f65-a3c2-cb5e1d1fb829,DL-BE-30034,GEO-BG-30024,Kit,2021-06-04T14:16:13Z,2022-02-14T22:30:51Z,644ee4dc-4072-5273-8212-86407662a631,df7a61a2-d81a-5b83-b329-bd53cae6c24c
7c8c5a00-1461-5628-a4d8-9b178a0c53ba,DL-BE-30034,GEO-BG-30026,Kit,2021-06-04T14:16:13Z,2022-02-14T22:30:51Z,644ee4dc-4072-5273-8212-86407662a631,df7a61a2-d81a-5b83-b329-bd53cae6c24c
06eaa1eb-9318-5f3a-89b0-309a7152c641,DL-UM-40015,GEO-UM-40015,Kit,2021-06-09T10:54:02Z,2021-07-05T21:08:06Z,88afc00e-a488-511b-9f66-f87906c1b3eb,8da38f05-2b62-5fa3-8b43-8d6f153a1f9c
05761da0-4505-5343-844f-e94c181783b7,DL-D10-300006,GEO-V12-400010,Kit,2021-06-14T18:47:22Z,2022-12-19T18:15:05Z,8f300780-29fe-59d5-8ce1-7e421bb770f4,a799ffd6-b671-5ebf-90d1-d77ac94a8397
590d377b-4d90-503e-a841-9a18bed65c45,DL-UM-40031,GEO-UM-40031,Kit,2021-06-16T13:19:23Z,2021-09-20T22:00:14Z,b4fbfdb7-f487-5f55-9e68-b939f943f1c6,9431969d-5400-5240-8d68-ca025cd24078
e045a36d-3e52-53bc-a1f7-46ad1d63c11c,DL-UM-40023,GEO-UM-40023,Kit,2021-06-30T14:20:39Z,2021-07-21T17:38:09Z,415a7118-16ef-50ba-8697-1163cc939ef5,e99b28c6-8ac0-59e9-902d-3dffbe74e28a
0d9629be-5744-5a21-8507-6636b4e2cdda,DL-D10-350000,DST-5054,Component,2021-07-13T12:08:12Z,,7bb905e7-4564-5c05-b52e-d312bf22c2c2,
f3c7dd7c-1ff7-514c-8127-3d4d7e17d2e6,DL-UM-40030,GEO-UM-40030,Kit,2021-07-20T17:05:47Z,2022-01-25T22:47:27Z,9c1ae6da-f1d3-5699-8afc-29ce75c763ce,73ca45cd-9f73-58ff-9ff2-021f0499e053
8984b913-c7a4-52a1-8bc3-6f8ab1ef78ca,DL-UM-40023,GEO-UM-40023,Kit,2021-07-28T13:34:06Z,2021-08-03T20:23:06Z,cf4c8059-606c-5fa1-9c66-c77574836c37,b288ef20-b477-5c5d-9d74-cb703d3827a5
edeab819-277f-5560-a8f3-9d795515030c,DL-UM-40015,GEO-UM-40015,Kit,2021-07-29T18:36:49Z,2021-08-23T20:39:53Z,62d9d3f4-0018-5752-970b-19e7d0edf615,f6212221-3db9-527f-a355-aaab4d2132cf
61799ec6-4683-5dfa-a1b2-b6a4b6885a17,DL-BE-30023,GEO-BG-30027,Kit,2021-08-04T19:05:38Z,2022-06-01T17:04:21Z,0ef1d244-985b-59ed-9fc3-2cb000b5ff1c,9a96c693-a0ed-56e8-9e3b-af650eabcc3f
89b44ef8-9089-57c8-b083-9f8e7101c9c7,DL-UM-40022,GEO-UM-40022,Kit,2021-08-10T19:36:24Z,2021-09-06T19:18:26Z,625721f7-2746-5354-ad1f-726c1d1ed1f1,8a44e60b-e478-5468-bddc-30a882be0970
f2b0a83a-02d9-5456-b0cc-2b649e9e434e,DL-BE-30015,GEO-BG-30016,Kit,2021-08-11T14:10:16Z,2022-02-22T18:33:26Z,a664a243-5d8f-5a73-b15a-31f2c4b7dc53,128e5374-52b8-5e6c-ae8a-fdd96da9ddce
da5cb9d7-a482-5dac-a17e-c405c02201e1,DL-BE-30015,GEO-BG-30013,Kit,2021-08-11T14:10:16Z,2022-02-22T18:33:26Z,a664a243-5d8f-5a73-b15a-31f2c4b7dc53,128e5374-52b8-5e6c-ae8a-fdd96da9ddce
7e14a5e6-cf9d-5b87-9925-3f335909208e,DL-UM-40014,GEO-UM-40014,Kit,2021-08-13T14:29:03Z,2021-11-24T19:58:53Z,a35b6277-dbd4-5c3b-be7c-bae29d14ed97,016bfd0d-f63c-5ef3-9acd-0e6f13f78360
2f0ff1fe-5b9b-5a2f-a6de-48a69d4434bb,DL-D10-350001,DST-5055,Component,2021-08-18T14:44:59Z,,0891f0f5-aded-5ee8-97bd-ceb3574fe90c,
c1e2d649-70b7-56a6-a19b-cb5687b2344f,DL-D10-350000,SLM-S50-500019,Kit,2021-08-23T18:43:10Z,2021-09-11T21:18:13Z,dae1eab7-a841-5ec9-bce4-0f1e915b2ad7,79d1dc95-3463-5e34-93e1-f4bc333c690e
7d5c43e5-d771-5641-9deb-90cf8c8409c7,DL-UM-40012,GEO-UM-40012,Kit,2021-08-24T11:40:55Z,2022-12-05T22:03:02Z,ce79778e-c996-510a-bd4e-8e027969c399,63708c91-3bbc-5643-a4f0-8a40ccda7c94
f30f9fc8-84b9-51b7-8418-108811b9f47c,DL-BE-30051,GEO-BG-30032,Kit,2021-09-01T18:00:38Z,2022-03-03T18:42:44Z,c2aeab37-aae1-54ec-b76d-30b36a38a174,fd225ce7-a7c3-5847-9f1f-9c0fc880f174
e3f397ac-2f10-5d9c-b0d9-30f150f85044,DL-D10-350001,GEO-V12-400011,Kit,2021-09-03T20:07:10Z,2021-09-18T19:49:43Z,12d00b92-c74b-5688-8c05-45f62878b867,c0fe04bb-b3aa-5b7f-af64-2e8406d650c0
0301e67b-68dc-54ed-9c64-0b1d6fdaabb5,DL-UM-40033,MDM-3000000007,Kit,2021-09-05T12:04:00Z,2022-05-05T10:05:55Z,f16d8ad3-35fe-5e22-8791-678a0a281311,db4d3bff-4bc6-5f6c-b17a-d1a445fadc29
6c720508-17ae-5527-8aa5-a1db517fe89b,DL-UM-40033,GEO-UM-40033,Kit,2021-09-05T12:04:00Z,2022-05-05T10:05:55Z,f16d8ad3-35fe-5e22-8791-678a0a281311,db4d3bff-4bc6-5f6c-b17a-d1a445fadc29
a32fb957-fe65-51e3-abe4-73ef5787f5b6,DL-UM-40015,GEO-UM-40015,Kit,2021-09-06T18:10:08Z,2022-02-01T19:27:33Z,fd1cde67-a35e-5fc5-86f5-979c85274383,ee1ac78b-44fb-50ba-bfa1-714e606387a0
8ce5b585-ed61-59d8-bc1e-a256db675845,DL-UM-40017,GEO-UM-40017,Kit,2021-09-06T16:22:12Z,2021-09-21T21:46:26Z,766ed762-3d65-5c78-b3f0-eda71fe276a0,17de392a-b6fd-549e-b991-2a68f05a5a10
5a2360dc-1341-50bf-bfdb-b274adb0078e,DL-BE-30041,GEO-BG-30029,Kit,2021-09-10T18:22:14Z,2023-08-14T19:39:49Z,5e10630f-5acb-5d33-9512-d7e834fddc5f,6d49eab4-9464-5f61-aaf5-5428d62da4dc
857e6978-4110-59d2-9a20-dcf206e29c82,DL-BE-30010,GEO-BG-30010,Kit,2021-09-13T13:56:42Z,2022-10-31T18:05:33Z,200485b6-3416-5b68-8e38-4b673c913f94,68a600da-e804-5a32-bfa1-35b4ea68c493
fab76b90-f4c5-5c66-81da-e9535bc24fcb,DL-UM-40023,GEO-UM-40023,Kit,2021-09-16T11:17:08Z,2021-10-26T18:42:30Z,2cc4c220-306a-5840-8f3d-f040b3ef0d91,5043fbd9-4a63-56e9-8842-97f18dad4307
59b37b27-f671-5a28-b597-5770bf4ea8e0,DL-D10-350002,DST-5056,Component,2021-09-17T11:13:43Z,,68213970-89df-5e02-b778-c363d9d2d0d5,
d9e062df-6059-56ec-81c2-b38eb5e0c60f,DL-UM-40006,GEO-UM-40006,Kit,2021-09-21T14:56:01Z,2022-06-27T19:06:18Z,93e187c3-4654-56ba-8a2b-cd85539e18eb,e58adeb7-bb79-591c-9f9c-a917f6ebc52d
2a9420e8-3e90-53b0-9045-ce096de9e078,DL-UM-40022,GEO-UM-40022,Kit,2021-09-28T19:12:58Z,2022-06-27T20:46:40Z,0c7a3bf3-8275-5290-b644-7fd3add4fadd,fe936bae-d9be-5bbb-9fc9-b6d2cbdcfa60
efd26db7-f084-50d0-b3c7-a81740411284,DL-BE-30002,GEO-BG-30000,Kit,2021-10-07T19:56:33Z,2022-10-17T18:21:41Z,57b5e7ec-b288-5d6f-9830-82919fb8919f,44ee3f85-074c-5a85-bdec-9dc691bce5c0
1abfa86d-fbdf-5924-ad1e-400e40221794,DL-UM-40017,GEO-UM-40017,Kit,2021-10-19T13:46:34Z,2021-11-09T19:04:43Z,17a6dd8e-3a9e-58fb-8ac1-e681918e7d55,008419bb-63d7-54f8-b599-c3a8bbf8738c
cf645e71-e86c-5200-8459-02323dc5cfe8,DL-UM-40019,GEO-UM-40019,Kit,2021-10-21T14:35:11Z,2021-11-01T17:13:07Z,f1ccce6f-fee0-526e-9012-d2ae64869020,d6cd29df-1d47-567a-b54a-ad38f81c03fb
908eb193-3a2a-5130-957b-b67ca3f00fa6,DL-D10-300003,GEO-V12-400000,Kit,2021-10-22T21:00:46Z,2022-07-20T21:12:37Z,a199578c-05b2-5dc6-a57c-e63f09c1cc53,4f307ec0-5561-5006-9a3f-486f7ca09259
3666a2a9-2637-5bb0-b267-cedad8d68216,DL-D10-300001,GEO-V12-400002,Kit,2021-10-28T18:54:26Z,2022-01-04T20:01:52Z,db074fa4-b961-5087-98b7-684aa7ab9d06,1024b405-7f91-5240-816b-3390c44fa017
0d70151e-6887-579d-9dc3-0704df32c9b0,DL-UM-40032,GEO-UM-40032,Kit,2021-11-01T19:16:22Z,2022-10-17T21:40:17Z,4ea97db0-dd3b-56f4-a5a0-b4219eebd6a6,cebbd8aa-5754-5bf2-a500-75fb3b28365f
f968e3f5-d5ac-5bd6-9f36-5ce9137824be,DL-UM-40000,GEO-UM-40000,Kit,2021-11-02T19:13:11Z,2022-04-28T17:17:28Z,9f30e095-36d1-515d-8b0c-aeeb96a94be6,8a908b8b-b19b-58d7-b0e1-07ab3bd4b32e
344f9679-f0cf-5876-8d65-75ce87be2502,DL-UM-40009,GEO-UM-40009,Kit,2021-11-04T13:29:12Z,2021-12-27T20:56:45Z,adf38079-d3ab-58b4-bb5d-2fe604a86120,bd1a8761-ba62-5f14-9acb-0209477571a0
fd5a04f9-04b5-54a5-aa83-a5fbc5939d52,DL-UM-40009,MDM-3000000001,Kit,2021-11-04T13:29:12Z,2021-12-27T20:56:45Z,adf38079-d3ab-58b4-bb5d-2fe604a86120,bd1a8761-ba62-5f14-9acb-0209477571a0
69ea8273-b9e0-5daf-8a9f-3f8074803831,DL-D10-350001,GEO-V12-400011,Kit,2021-11-08T20:16:00Z,2021-11-18T19:38:57Z,4dfc6dbe-4b4c-5fab-986f-f5d079667a1b,1873b4f1-a908-57d7-b382-b917aad1a9e5
e0c5cb5d-8699-5888-8b34-1c6e08ef9056,DL-UM-40001,GEO-UM-40001,Kit,2021-11-08T16:09:53Z,2022-02-14T21:36:02Z,c8d82851-e61e-53e8-9d3b-245c406b84d9,d3cb7bfd-f736-5515-8d85-edf276d902ef
30aa95d9-6447-5123-9c6a-6a949d86ccc0,DL-BE-30007,GEO-BG-30017,Kit,2021-11-08T21:59:49Z,2021-12-06T22:48:53Z,0e880887-7bf2-5b3d-92ae-603decdfdd1b,757816cc-492e-5009-b39e-e36cfb746427
1ed96b92-b56a-5643-a51e-d251245616a6,DL-UM-40010,GEO-UM-40010,Kit,2021-11-08T17:13:34Z,2022-06-07T18:17:44Z,96ab616b-9006-5632-8790-e8e992d0d98a,040cf9b3-aa0e-571b-b9cb-a38135ff20b7
f19bddd3-cf45-5dff-bb86-15ea1dcc32b9,DL-UM-40034,GEO-UM-40034,Kit,2021-11-08T22:59:13Z,2022-09-12T19:55:43Z,fcd48fb5-c8c7-54dc-8398-a458c9e09ab3,7233dbf7-cbee-5f6c-929b-61d7f8e3fafe
5fca4776-74ef-5384-995b-c4673c376b77,DL-UM-40023,GEO-UM-40023,Kit,2021-11-11T21:46:39Z,2021-12-30T19:28:01Z,a7cae831-b696-5feb-9904-babc44667f83,2d957d35-0e27-56ba-b9c0-30fe9e64fa46
ae05e830-5937-545b-a3cf-3cf33077520a,DL-UM-40019,GEO-UM-40019,Kit,2021-11-15T16:45:09Z,2022-09-30T20:03:08Z,e79f6ac9-35b6-5234-9b93-170bf23a9871,99bab1f4-4cec-5ff0-9f8a-8db0ab66092c
7555097e-848e-55f0-ae47-1b58d26bd832,DL-D10-300004,GEO-V12-400009,Kit,2021-11-18T22:23:02Z,2023-02-09T19:39:14Z,0e8d84d5-f3c0-5099-9e98-9bf97cec397d,57f25554-993e-58c0-9813-e7489e154bc7
a0e72ad6-a81f-5473-8a22-4d8d3ec79ad7,DL-D10-300004,GEO-V12-400012,Kit,2021-11-18T22:23:02Z,2023-02-09T19:39:14Z,0e8d84d5-f3c0-5099-9e98-9bf97cec397d,57f25554-993e-58c0-9813-e7489e154bc7
5bf3fbb9-7970-5903-8f1d-9d1e9c3b352c,DL-D10-350001,GEO-V12-400011,Kit,2021-11-25T19:14:22Z,2022-08-05T18:30:27Z,cabca212-a7fc-59a6-876b-da3b66eb1467,f81c8c8d-7fee-5a92-9665-541c6185dac2
cc6cbba5-407e-5aef-afa4-1f01ad2d7f85,DL-BE-30036,GEO-BG-30030,Kit,2021-11-29T19:32:06Z,2022-03-29T20:08:26Z,e94b1079-f2b5-5384-9cf4-e31f4b0c7bd7,adb0d5a0-a676-5a31-b76d-31e39250745e
7c3bb4b7-eb2e-5975-a707-f27865bc2db2,DL-BE-30036,GEO-BG-30033,Kit,2021-11-29T19:32:06Z,2022-04-11T18:02:24Z,e94b1079-f2b5-5384-9cf4-e31f4b0c7bd7,3a71bf94-c6d2-5983-915b-85037fd6eace
6bbd0db9-78d9-5032-8b45-eb1ca3f9fde6,DL-D10-350000,SLM-S50-500019,Kit,2021-12-02T01:51:07Z,2022-04-11T20:29:53Z,116b9ff7-b0b2-50ca-9347-0368b1be4df4,db47025b-f0d8-565c-aa58-d33788740ef5
b37c4203-5b5d-5a64-8079-768328aca0dd,DL-UM-40026,GEO-UM-40026,Kit,2021-12-22T18:34:34Z,2022-03-07T21:30:30Z,fafd4421-02e5-5440-b825-b967ed48176d,6f6e3fe7-d577-5663-b53e-224382170bc7
dc9924cd-b91a-5b3f-a364-0e4842031e18,DL-UM-40028,GEO-UM-40028,Kit,2021-12-27T15:46:01Z,2022-01-21T20:29:46Z,4b3adaec-33d9-5d34-9cc9-3ae277dbd63d,1d0bf14a-7c7b-5df3-ad34-a0d345364eeb
726796ae-b7f0-5f73-b759-0ac3956a1f3a,DL-BE-30012,GEO-BG-30019,Kit,2022-01-06T16:22:11Z,2022-08-03T17:43:53Z,da8f2b3f-3752-55e2-9e4e-99299295cfac,e8216bb7-6fe2-54e6-aaeb-8d291e88cb89
3e2c160b-ab4a-5c80-9878-ac7c162411a2,DL-UM-40014,GEO-UM-40014,Kit,2022-01-12T13:43:01Z,2023-09-18T20:56:41Z,bc37ee10-ec56-5c68-a002-19780ba2e3f9,804d7f5a-f59d-587e-b5a5-e57ae279ca17
6a104254-4749-5942-b562-f1699e7cdadf,DL-BE-30020,GEO-BG-30022,Kit,2022-01-17T14:58:31Z,2022-06-07T18:33:47Z,4a44905f-2d17-525a-940b-6e28ddc41be5,c1c3045e-3c9b-5c89-84b7-844f8027efd7
0f0d848d-5885-5fd0-ade5-c5fe13614291,DL-UM-40021,GEO-UM-40021,Kit,2022-01-20T22:55:29Z,2022-02-09T19:04:02Z,a0b30dfe-51a3-5550-990f-9d79fd3f9b73,2a63d287-220d-5b93-b1d9-09214f91dcac
98b292d8-8591-5312-ac9b-9d9e0996559f,DL-UM-40020,GEO-UM-40020,Kit,2022-01-21T16:44:23Z,2022-03-22T18:30:37Z,9754c849-6143-5d4b-a30d-48b77d8fe592,1748dc9a-cf45-5a22-891e-fb5fbe570b86
b34ab74f-6fa5-590c-b31f-746ff2db3785,DL-UM-40008,GEO-UM-40008,Kit,2022-01-26T14:09:53Z,2023-03-27T21:35:06Z,599bedfa-9306-5c94-88b0-86af7740518c,df6b635f-683b-5235-a715-54bc2b903e06
a0381f25-b0b6-585b-9c4a-651ed9f0660a,DL-BE-30018,GEO-BG-30021,Kit,2022-01-27T17:52:25Z,2022-02-22T20:04:41Z,ecdc603b-f8d7-5e7e-a330-87600a94b008,a81d736d-f41d-580a-9b6f-05ef4e15e17f
375adb99-fee8-59d2-a5df-019357f19c8f,DL-UM-40009,MDM-3000000001,Kit,2022-01-31T22:16:08Z,2022-02-25T22:25:40Z,2eda9b50-4d09-51e5-acf2-71dd3d12f7d0,36e0ab1f-f360-527d-baa8-915d7eefb486
ade8b469-169b-56e1-9666-dc25f49ecb77,DL-UM-40013,GEO-UM-40013,Kit,2022-02-01T19:11:04Z,2022-06-30T18:20:10Z,20b0985c-cb6f-5150-8fc0-762e61c25e9a,81f75336-d005-524d-9ec2-f12f4e36b496
1a17f19a-fdbc-56a6-95b6-8c8ea015842b,DL-UM-40024,GEO-UM-40024,Kit,2022-02-02T21:54:12Z,2022-05-25T19:30:48Z,ac8b515b-1dc8-5b5f-bad9-1a52a017815f,c9b286a3-4e44-50dd-8984-098c1fd98f73
d3a67a12-1218-5f67-a803-8a963b0789d9,DL-UM-40015,GEO-UM-40015,Kit,2022-02-07T19:20:44Z,2022-06-03T18:57:07Z,c1916ccd-d662-59d6-a199-b6e7cf9e5519,976fddf9-4569-5339-b5af-c82eb7c2620a
aaf52fb5-7774-59a1-8784-e179d597d631,DL-BE-30017,GEO-BG-30018,Kit,2022-02-14T12:35:24Z,2022-10-12T17:13:13Z,e0dc9c04-1a12-5426-a3bc-33e6a3508d4b,37675793-2a5f-57aa-9131-cdb6ce1ef720
0955412c-cf65-59f3-977b-cf620e4c4638,DL-BE-30007,GEO-BG-30017,Kit,2022-02-16T13:52:49Z,2022-03-18T18:56:33Z,4440f2e4-8c56-57bd-a1d7-7c0152f90a68,11ac68f5-40f1-54be-bdad-3e21137b3d7d
4690cdc9-7bcc-507c-a2f2-22af97aecc15,DL-UM-40001,GEO-UM-40001,Kit,2022-02-18T19:33:06Z,2022-03-28T20:35:43Z,456fe1ea-737b-5ea4-94a4-af9b1b486506,029606cd-0153-57fe-be76-e13f56dec706
8fad344d-167b-56c0-8a11-9296098900d4,DL-D10-300001,GEO-V12-400002,Kit,2022-02-23T17:31:29Z,2022-07-12T20:17:29Z,ae0c8f0f-d26f-5e30-8b50-ea85f46eef5a,cf979d28-f87d-523f-9a4b-bc6dd99d3530
ec6bdfc9-d2c1-5d6f-a88c-e4ebd6c53ee3,DL-UM-40028,GEO-UM-40028,Kit,2022-02-25T14:27:37Z,2022-07-07T18:21:56Z,c2a52473-078f-5937-b519-a1833149d0d5,2c174333-4f7d-55e0-bd3f-9a0055ea2599
9d32271f-d2be-581b-a678-491d40fe0fb1,DL-BE-30015,GEO-BG-30016,Kit,2022-02-28T22:22:45Z,2023-04-17T20:29:34Z,0c48ae2a-2457-542d-9dcf-1abb57b17ca4,8823bd03-38ba-515b-b8af-c37e3445844c
2b79e4f0-2341-5326-86bc-9e0505b972d0,DL-BE-30015,GEO-BG-30013,Kit,2022-02-28T22:22:45Z,2023-04-17T20:29:34Z,0c48ae2a-2457-542d-9dcf-1abb57b17ca4,8823bd03-38ba-515b-b8af-c37e3445844c
50edbd57-2b39-5e62-a7fd-128aa056bcdd,DL-BE-30018,GEO-BG-30021,Kit,2022-03-02T21:15:03Z,2023-06-26T19:37:07Z,24689c71-7957-5f0f-b24b-f043366e64f0,153725c8-f35b-5ba3-aa97-d277ee50a6e1
cfacb81d-be66-5b4f-a891-47eaca80bd0d,DL-UM-40009,GEO-UM-40009,Kit,2022-03-02T17:01:37Z,2022-07-19T18:01:25Z,60e9e01a-bda7-5961-95cf-d8b366fd29cb,8d98e408-d985-56c1-82b6-61b3bee1b33f
d795354b-deeb-550a-8c91-12e71ba7a4f0,DL-UM-40009,MDM-3000000001,Kit,2022-03-02T17:01:37Z,2022-07-19T18:01:25Z,60e9e01a-bda7-5961-95cf-d8b366fd29cb,8d98e408-d985-56c1-82b6-61b3bee1b33f
243dbb80-ea6a-54aa-9df5-5a207cbe8f1d,DL-UM-40023,GEO-UM-40023,Kit,2022-03-10T21:41:48Z,2022-04-01T21:36:19Z,b4815402-6106-5ff8-9f19-60067fc0ac11,84468912-e507-587a-9a2e-44a8cd275297
969509ed-811a-585b-85aa-b8fb80d0334b,DL-UM-40021,GEO-UM-40021,Kit,2022-03-14T19:23:36Z,2022-04-13T10:45:13Z,cf9ff23b-3b0f-5045-bb38-35ccfa0c7310,fc426234-17f8-5521-a7f9-65c29b37f072
ff0f54c0-2431-5264-9da2-6d31ddaef2b4,DL-UM-40026,GEO-UM-40026,Kit,2022-03-14T16:36:13Z,2022-04-04T20:09:14Z,59061938-8831-5e6d-92bf-ca73a7f24e47,70512a6f-243d-5cf2-bfab-e72214faa204
4f0fa45c-7494-51f9-bbc1-68434cb1661a,DL-UM-40016,MDM-3000000002,Kit,2022-03-17T21:00:02Z,2022-08-01T18:31:32Z,584a86a1-8ba4-557d-936a-c0141646d6ee,c59d1fdb-b530-5d4e-8754-bc5f19a5621a
382486d0-9de4-5eca-9bc7-ec8ace7e11fb,DL-UM-40016,GEO-UM-40016,Kit,2022-03-17T21:00:02Z,2022-08-01T18:31:32Z,584a86a1-8ba4-557d-936a-c0141646d6ee,c59d1fdb-b530-5d4e-8754-bc5f19a5621a
97995059-cf93-5054-a7c5-cd6537694eb4,DL-UM-40030,GEO-UM-40030,Kit,2022-03-22T20:00:57Z,2022-04-01T17:17:29Z,766131cb-0566-523b-b8bc-eca2b775d395,4578c052-569c-540c-ac27-c4337bfbc3ff
3bc8c7b5-f2a5-534d-b1d2-d41ba71a08bb,DL-BE-30034,GEO-BG-30026,Kit,2022-03-22T20:01:14Z,2022-06-24T18:57:49Z,c261d8ac-5089-56a4-b752-b091d0a672b0,801fc523-619c-5946-b825-7814d4baafb5
47bb23b0-d881-5cd9-acaf-034b951fa00c,DL-BE-30007,GEO-BG-30017,Kit,2022-03-24T16:44:17Z,2023-05-08T21:29:26Z,ac3c08f6-02a4-5fc6-926e-6e4992375cc3,84851d16-375d-585a-abfb-e92ca34f899d
15a5330e-72ad-5333-830e-c472733192e3,DL-BE-30011,GEO-BG-30025,Kit,2022-04-04T21:18:29Z,2022-04-18T18:23:12Z,89a32908-7a23-5282-9a50-e0b17c49e38d,ce975913-0917-5d32-9239-1eadb3769ef9
1fa90178-d11a-5097-ad26-732012b7334e,DL-D10-350003,DST-5058,Component,2022-04-11T13:24:27Z,,7e362b76-11e2-5cd3-92a1-f04ed783d643,
346cd309-4c0d-52f8-8c1c-a3d86d8b7707,DL-D10-350000,GEO-V12-400013,Kit,2022-04-15T19:36:14Z,2022-06-15T20:27:25Z,e96bb10b-ec5d-5104-97b4-29e7cc4c94ea,c6a11865-adaf-5781-ac08-a28bd2d41ef8
1bfa4a7e-df7f-5325-a4f5-464a416d53bc,DL-BE-30051,GEO-BG-30032,Kit,2022-04-22T19:46:26Z,2022-10-24T21:10:38Z,c7359bfd-7c8c-5c62-b2f4-c5b3eb645e9e,eb07e8fa-80b9-5f4b-8bca-61ea7cad3a1d
28592725-6ac2-56b1-9c01-cc9e3989358b,DL-UM-40026,GEO-UM-40026,Kit,2022-04-25T19:05:41Z,2022-12-06T22:14:07Z,83f12fc3-2bd0-51ba-9ec5-006120e2c761,7cbff6c3-f73f-5ce8-8e0e-d5b698cdf551
b089ad40-b2dd-5c93-88e9-1095233019f0,DL-BE-30000,GEO-BG-30007,Kit,2022-04-29T19:34:20Z,2022-05-24T19:19:35Z,c6a629a2-5e23-5813-a6d6-c77acda2003c,07e9bf9b-44f7-5ef4-83e4-69869759b3fd
ca8ec324-d0a8-5543-a97e-dbf0eb7eca22,DL-UM-40030,GEO-UM-40030,Kit,2022-05-05T21:17:22Z,2022-05-16T17:47:24Z,751adb0f-2b43-59bc-aa15-8e9c445c8aa3,c253910d-2ab5-5401-8239-80f6196c0314
142b3148-148f-5813-bf32-d75feeca2eba,DL-UM-40017,GEO-UM-40017,Kit,2022-05-05T11:17:35Z,2022-09-27T18:17:29Z,c3346f68-8b04-5a40-a150-4f4d609a5709,aa9fed06-de50-5405-bd84-5e6061ca6b9f
179d3799-dbc0-55f3-ba47-bf6016887065,DL-BE-30011,GEO-BG-30025,Kit,2022-05-06T16:03:03Z,2022-07-12T20:15:35Z,1687f2b3-9a10-58e9-8dae-4310ac5dc3b4,39de365a-dd8c-5e81-9674-cfd2c35c973e
c89e8cbb-4c98-5060-84f9-ab8bb30bf8e4,DL-UM-40000,GEO-UM-40000,Kit,2022-05-11T19:17:18Z,2023-01-23T20:57:44Z,039397ce-f2f6-5eff-ab80-7d4cb6361813,5ba52c49-a887-583f-ac8e-5c501647ac83
cb24ed08-6c85-58fc-8038-8daba10d99be,DL-BE-30009,GEO-BG-30020,Kit,2022-05-24T20:44:52Z,2023-05-10T19:45:14Z,4cd2ade9-d954-5e97-a759-0b5829d89fc1,c88b90f8-a0c3-58b8-8bbf-bf4893b493da
db1ec3f0-2d63-5762-a31b-744e79354013,DL-UM-40021,GEO-UM-40021,Kit,2022-05-29T19:40:31Z,2023-09-18T21:42:48Z,7562291c-ca8f-5e24-8480-d70b401a47b9,c3e448f2-671a-5573-b383-bf6cac17015f
5dd46963-c2c3-5040-b362-da26637db892,DL-UM-40030,GEO-UM-40030,Kit,2022-05-30T21:38:06Z,2022-06-16T21:34:59Z,1ced1707-2656-5cb9-bfca-678f5f012f10,e5899ccc-328d-55b9-a55d-94dd0d88c4dd
59c00a2c-5ea1-51b7-9cb5-c10e8e5bfd81,DL-BE-30036,GEO-BG-30030,Kit,2022-06-01T15:40:31Z,2023-03-07T22:30:09Z,e4104f23-1c76-52d9-b4f7-d7358894121a,62999955-facd-595a-86cb-cbcb04066c43
48a61730-4e1f-525c-9f13-ca0f76d428e2,DL-BE-30036,GEO-BG-30033,Kit,2022-06-01T15:40:31Z,2023-03-07T22:30:09Z,e4104f23-1c76-52d9-b4f7-d7358894121a,62999955-facd-595a-86cb-cbcb04066c43
4021d996-0268-5b89-8a90-2d2fd61ab423,DL-UM-40005,GEO-UM-40005,Kit,2022-06-01T18:49:50Z,2023-03-13T21:55:54Z,874ecfff-a9f4-5163-a9bc-57937b5831d6,3ab673d0-b327-52ee-831b-6ea39bb1595d
f244c152-bdf8-576c-8a03-b67f51bf12da,DL-UM-40005,MDM-3000000003,Kit,2022-06-01T18:49:50Z,2023-03-13T21:55:54Z,874ecfff-a9f4-5163-a9bc-57937b5831d6,3ab673d0-b327-52ee-831b-6ea39bb1595d
d4d93c23-cccd-5640-98dc-d1468057ba2a,DL-UM-40024,GEO-UM-40024,Kit,2022-06-08T17:56:05Z,2023-01-27T21:32:07Z,152685e7-2eaf-5fab-ad91-33e7caa5ff09,f8fe6168-d073-51ab-bb74-3324b090300b
448e52ba-38bc-5291-b2de-2de5f520cc29,DL-UM-40015,GEO-UM-40015,Kit,2022-06-09T20:25:01Z,2023-04-18T20:47:25Z,9540c6a2-6b77-53c5-8f08-be2142523db8,e593cc91-7f39-5de0-aa9c-ad30c2fc9864
d1fc16eb-e0f7-5fe4-a515-fefe74205ef5,DL-BE-30023,GEO-BG-30027,Kit,2022-06-13T14:21:36Z,2022-08-15T17:15:18Z,acac75c7-46dc-5392-a666-df5b22b00e01,791629fb-7f16-5174-ba2a-5e5de7a6d6ff
7aef353a-89a2-525f-b77a-0b3d0a6f9978,DL-BE-30000,GEO-BG-30007,Kit,2022-06-13T15:37:11Z,2023-02-09T19:38:17Z,1dc47a75-db94-5778-8b5a-516d258f48f0,933def70-a5a2-590e-af3c-23104f081acc
d0e9fa5f-d340-5e03-ae92-1136fbd70c20,DL-UM-40023,GEO-UM-40023,Kit,2022-06-13T19:16:10Z,2022-07-03T19:29:33Z,14ecd4f4-da94-5705-ad2a-66ab7bd100c0,78c546d6-2b9a-50e3-9f37-af007f6df1ad
4fc84d06-f239-5275-9422-a4a5791c0305,DL-BE-30020,GEO-BG-30022,Kit,2022-06-15T18:42:27Z,2023-04-03T17:23:06Z,52692585-85d5-5bc4-865d-b83097f74bbc,c7f79ed7-365b-51d6-810d-d95882d93879
5366a4f0-c117-566f-8d21-17cf47167271,DL-UM-40001,GEO-UM-40001,Kit,2022-06-16T18:46:11Z,2022-08-19T19:12:22Z,47613e7b-7e19-51b5-84ff-a33924d159fb,6b4debff-c921-5bd8-9773-b7cce2bdc385
fa3cbf4d-fd45-53fa-8dc3-cf290ab0e0a7,DL-UM-40030,GEO-UM-40030,Kit,2022-06-23T18:39:46Z,2023-04-12T18:54:43Z,372747a7-c097-57a8-8137-605a60751639,3d19c2a6-030d-5e74-8945-7108abf7ddc1
83423de8-fdaf-581c-bccb-108ecf817356,DL-UM-40020,GEO-UM-40020,Kit,2022-06-29T19:16:25Z,2023-07-06T21:02:24Z,532d7774-2cb4-5ec4-bb09-489b48c6a9e3,67398fc2-6c37-5553-bedd-38d66ea15a12
1761945a-95d7-5f01-8eea-6368dfec39c1,DL-UM-40003,GEO-UM-40003,Kit,2022-07-12T19:08:38Z,2022-09-14T21:48:51Z,74204c6b-3097-5ca5-aeac-57d4b595e8ba,1c30ecee-9073-516e-be6e-44a94504ab99
0abd0308-12f0-5f30-a832-906cf2bae39f,DL-UM-40003,MDM-3000000006,Kit,2022-07-12T19:08:38Z,2022-09-14T21:48:51Z,74204c6b-3097-5ca5-aeac-57d4b595e8ba,1c30ecee-9073-516e-be6e-44a94504ab99
92dcc72d-3f5a-5626-beda-9b3a14d67f29,DL-UM-40003,SLM-UA-40001,Kit,2022-07-12T19:08:38Z,2022-09-14T21:48:51Z,74204c6b-3097-5ca5-aeac-57d4b595e8ba,1c30ecee-9073-516e-be6e-44a94504ab99
cebd3047-8858-590a-a289-62a6ac92d0e9,DL-D10-300001,GEO-V12-400002,Kit,2022-07-18T19:02:58Z,2023-10-11T17:30:44Z,e5393eef-69aa-5421-945f-87eb02e3cbf1,a10df383-7801-504f-a558-a4a33e21bd13
89b1481c-13cc-5d8d-a7d8-e019f10e655f,DL-D10-300005,GEO-V12-400003,Kit,2022-07-19T19:20:20Z,2023-11-30T21:42:32Z,eacec344-cf4f-5090-a194-9e44a594c902,bf807842-c94e-5935-b416-4b530c138012
a6e54fe0-57e6-521a-a857-cdd7ed06fc9b,DL-BE-30011,GEO-BG-30025,Kit,2022-07-21T14:03:23Z,2023-07-31T21:20:58Z,f57abe7f-5ac7-56d9-9416-d24ce66e6834,7e902743-d173-5be1-a040-03e3b019c23d
ead61250-9973-5289-903f-be7072579788,DL-D10-350004,DST-5060,Component,2022-07-22T11:31:02Z,,fbad63e6-d3c2-59ea-a7f5-40d75f742ed0,
3e2e8b68-6f61-5bdc-a760-0cda8f7f0cc8,DL-UM-40009,GEO-UM-40009,Kit,2022-07-27T13:16:39Z,2022-09-15T19:34:51Z,d570ea12-1523-535e-9a26-0d008b10d86e,256d53fe-6909-5397-bc67-ea767da594c4
255de2de-1ce3-5baa-b69e-ccebc28c334a,DL-UM-40009,MDM-3000000001,Kit,2022-07-27T13:16:39Z,2022-09-15T19:34:51Z,d570ea12-1523-535e-9a26-0d008b10d86e,256d53fe-6909-5397-bc67-ea767da594c4
e163e5d0-e4b8-51aa-8aa2-e1a08de27c40,DL-BE-30016,GEO-BG-30006,Kit,2022-07-28T17:18:16Z,2023-01-11T19:37:56Z,7e35856a-0eea-5794-9798-01bb5cea1438,edcedaed-d392-5e34-a76b-d43e1eeba7ec
22598692-3bf4-5cc4-872f-2f81dce4c380,DL-UM-40023,GEO-UM-40023,Kit,2022-08-01T20:27:01Z,2022-09-05T20:12:19Z,be4870d7-5967-5f00-89af-266abba734e1,a84fc459-5590-5b8e-9991-482435cffd55
9f3d0f47-5055-5da1-aa62-d137729c1540,DL-UM-40033,MDM-3000000007,Kit,2022-08-02T21:28:48Z,2022-11-01T18:10:42Z,344f5747-29ac-5912-8055-364bf6b5e911,484cb882-706b-57d0-93ed-9fb11bef3a8e
6f1b0241-d2dc-5976-ab20-b2d852c47108,DL-UM-40033,GEO-UM-40033,Kit,2022-08-02T21:28:48Z,2022-11-01T18:10:42Z,344f5747-29ac-5912-8055-364bf6b5e911,484cb882-706b-57d0-93ed-9fb11bef3a8e
7e5fbb81-c3ee-5842-b76a-b581d0d77af2,TMP-5002,SLM-LD-PA-5001,Component,2022-08-05T15:37:59Z,,f1812901-8a2d-5bb2-8716-5f67a51d6f2e,
b0284576-ed47-592b-9d3f-488be3af6b3e,TMP-5002,SLM-LD-EL-700001,Component,2022-08-05T15:42:01Z,,6dea36e0-09e2-5cb9-87e9-517c0520efac,
33bf84ed-fed1-568a-84cd-59ee060d9c74,DL-UM-40002,MDM-3000000000,Kit,2022-08-08T20:41:17Z,2022-11-16T21:12:47Z,888c92a6-ae7e-558d-b8d7-ed3cbb860161,e4957300-7ad0-5931-9690-fc9761d006ea
62734e6d-1a7a-599d-a08d-b79213169e39,DL-BE-30008,GEO-BG-30009,Kit,2022-08-12T18:04:10Z,2023-02-09T18:18:35Z,375d8d8e-e659-567f-813b-d306cae4f83c,5bd74bc2-c97b-5360-965e-263899beb313
51832a7e-ceee-53bf-8242-967ff705e7aa,DL-BE-30034,GEO-BG-30026,Kit,2022-08-17T12:42:32Z,2023-02-20T19:47:41Z,64b14695-5733-5a06-b5cf-278c4c77149b,b33a71ad-7faf-551e-94fa-4fd2af92f6f9
fe83481b-99a7-5c97-a446-b7ba346bcf33,DL-D10-300002,GEO-C22-450000,Kit,2022-08-17T20:55:02Z,2024-11-27T22:11:58Z,e4021bba-086c-53a5-86e0-a3d55f745db5,9283b1be-9504-5197-97d2-99b5bde0369a
d22481de-dd8f-5055-a0f1-aa2d840cdd9d,DL-D10-300002,SLM-S50-500006,Kit,2022-08-17T20:55:02Z,2024-11-27T22:11:58Z,e4021bba-086c-53a5-86e0-a3d55f745db5,9283b1be-9504-5197-97d2-99b5bde0369a
3f6e5370-5f87-5d33-b102-aaccac3e8283,DL-D10-300002,GEO-V12-400008,Kit,2022-08-17T20:55:02Z,2024-11-27T22:11:58Z,e4021bba-086c-53a5-86e0-a3d55f745db5,9283b1be-9504-5197-97d2-99b5bde0369a
6cdae883-f102-56d1-afc8-3849d9301f5b,DL-D10-350000,GEO-V12-400013,Kit,2022-08-22T15:24:37Z,2023-04-07T18:16:28Z,516ab58c-e135-55f1-ba06-478b25dd9438,7251fe2f-1681-5044-ac4f-04c066e8deff
e8f17841-5fa9-5236-958f-1e2986e51a9d,DL-BE-30023,GEO-BG-30027,Kit,2022-08-25T14:14:57Z,2024-10-21T19:46:35Z,9f1ead37-ebd5-53e3-a249-e84e20ba789a,f4321f24-3d75-5125-8206-c3d83717fae8
e0460e3f-2a34-5947-ada4-d58acfdf5420,DL-UM-40018,GEO-UM-40018,Kit,2022-09-07T21:38:28Z,2023-01-09T18:55:56Z,72cec925-6fa4-555f-8b42-8d024f226e2c,8ee1d998-0a6c-5162-b556-a0e5b03e8ce9
bbb643f3-84c6-5d85-9295-836f6dbeea19,DL-UM-40016,MDM-3000000002,Kit,2022-09-12T12:09:01Z,2023-09-18T19:03:18Z,61d53189-a743-5fbe-8824-6a0163a2e0c5,0bc28765-3cac-56f7-bc23-77c920494fd3
bef8e148-8552-583f-869f-ec78aa4747e8,DL-UM-40028,GEO-UM-40028,Kit,2022-09-21T19:42:56Z,2023-10-02T18:05:18Z,7901aaa9-e40c-527e-bf5d-92351b7a5793,9e22d03f-1fbf-5487-a9ed-c71615e82301
e5262f16-a0bc-5bb2-8f93-4ca2dccac754,DL-UM-40009,GEO-UM-40009,Kit,2022-09-22T13:46:31Z,2022-12-05T20:32:45Z,70ddc834-0d78-5586-a3ee-b28b7a2a5d5c,5191b761-68f2-5718-a481-3ca253f0c993
7ca1a7fa-3120-5a4f-86ff-d1e4e93b617c,DL-D10-350001,GEO-V12-400011,Kit,2022-10-03T14:25:23Z,2023-03-16T21:10:29Z,dc317df5-7af9-562d-8d61-80ea4fc50def,1da3d1c9-e876-5fc7-978b-5400c8b0508c
fd56e875-5ac3-549a-8f1b-de51aac078f9,DL-UM-40022,GEO-UM-40022,Kit,2022-10-03T20:12:31Z,2022-10-24T19:21:57Z,a581c1ca-cc0c-5340-bfd5-9db8ddae0e2d,0244f3b0-32c5-53ab-af80-b101340c0949
04be6d62-5b2a-5a1b-b096-2ec9a71056e3,DL-UM-40025,GEO-UM-40025,Kit,2022-10-10T15:49:15Z,2023-08-07T21:05:58Z,62941527-09b5-569f-9f05-c3fdd0c1e02c,11715581-d211-5236-b609-a1448f5215da
8a1dac99-04cf-5d95-9c1a-0efa18d36fb5,DL-D10-300003,GEO-C22-450007,Kit,2022-10-18T18:10:39Z,2023-07-19T20:20:22Z,9c68cc46-6a99-57d0-a6b0-7e0d95f54e35,72dad772-9146-50f2-bb3e-2861cd8f14b8
afb837c5-2872-5c18-942b-c5c306a186b2,DL-UM-40023,GEO-UM-40023,Kit,2022-10-18T12:25:33Z,2022-11-25T18:22:23Z,20c4d536-ab02-5039-ba51-eacfb38b29ba,009c763f-b756-5aab-a3da-3d8cdd5ec5c9
38681022-b002-57bf-92f5-c379baba8703,DL-BE-30017,GEO-BG-30018,Kit,2022-10-25T18:42:37Z,2024-01-08T20:05:11Z,a131ec3d-788c-5a72-b4d0-ae1ebe663c6d,2cff908b-4288-51aa-90d1-b7ac590242ce
257d795e-6277-516b-92d6-a0189f5aa6b9,DL-UM-40017,GEO-UM-40017,Kit,2022-11-15T12:44:20Z,2023-02-23T00:00:36Z,92842d86-ce61-52c0-86b8-dc111d4e3282,38a8ec6d-9ccb-5a71-9169-30aa8ae37329
99adfc75-7d81-5cc9-b0cb-1692b4b7f035,DL-UM-40022,GEO-UM-40022,Kit,2022-11-21T22:51:45Z,2022-11-29T19:19:53Z,4d9f9de8-2027-5f4b-8b74-9c1cddee1596,0c9f56af-6318-5454-a5d9-6cfa340c2792
f6497412-40f6-5e6c-b928-dcc52d369614,DL-UM-40001,GEO-UM-40001,Kit,2022-11-23T21:11:54Z,2023-09-27T00:34:25Z,9028ae50-1baf-54f3-9493-7c90885ac7c0,b21d9b6a-5f01-5d77-bd48-6510aa227c8f
155a538a-da41-5e83-beb4-b4d35aba1cb1,DL-UM-40035,GEO-UM-40035,Kit,2022-11-28T21:07:19Z,2022-12-06T20:27:25Z,c3d50166-335f-57ea-836c-d127d884e1b5,e4fc2332-d517-58ba-b35d-0030f3ff704b
b6a6bd75-fe27-54a6-bb5f-ac2ab9cf53b5,DL-UM-40002,GEO-UM-40002,Kit,2022-11-29T12:01:22Z,2022-12-29T18:45:23Z,bd8d1349-0973-5501-bb9b-60a8c140940e,ae70f1ad-2e76-52e6-9b36-80e46d427800
5fba07b5-f031-50ee-81fe-6a2ea220dc8c,DL-UM-40002,MDM-3000000000,Kit,2022-11-29T12:01:22Z,2022-12-29T18:45:23Z,bd8d1349-0973-5501-bb9b-60a8c140940e,ae70f1ad-2e76-52e6-9b36-80e46d427800
1d328446-2977-547f-9166-075755e47ba4,DL-UM-40032,GEO-UM-40032,Kit,2022-11-30T16:14:24Z,2023-07-03T20:00:24Z,8934b9a4-422d-5f54-b666-85cb319033c0,65bae88d-b0dc-5b81-9292-723067fbef47
4f8f1f5d-06ef-560f-8adf-466b83e92f1d,DL-UM-40034,GEO-UM-40034,Kit,2022-12-05T19:15:03Z,2024-01-23T19:07:04Z,22df185e-bac4-586a-8738-3204672e3068,4c2059b2-073e-5ac3-86dc-5990bd85ee34
abb8584d-24d1-5795-9135-ec8184aaeef0,DL-UM-40023,GEO-UM-40023,Kit,2022-12-05T22:42:56Z,2023-01-19T21:53:56Z,eb259333-4427-57d0-926a-5e8ee5d18704,e4d1e7d3-f197-57aa-be3b-1a4f27e108dd
bc73ff27-97a2-5570-9d24-d941f882110c,DL-BE-30051,GEO-BG-30032,Kit,2022-12-07T11:06:36Z,2023-02-24T21:02:12Z,afcfd00a-598d-5044-ae61-1e05f7520fcd,2c6bd38b-7964-5386-bdf7-f7e023a87fd5
c0564203-698e-5da7-a1e7-824aa296a025,DL-UM-40026,GEO-UM-40026,Kit,2022-12-18T21:19:42Z,2024-02-27T18:37:18Z,2cb77008-0001-5404-bf28-5af8ead6a204,6ee53358-8aae-5384-851b-64e549aa9552
beff75e4-a320-5a7b-8341-6ffd3bae425c,DL-UM-40022,GEO-UM-40022,Kit,2022-12-19T22:20:06Z,2023-01-11T20:00:07Z,fc8d2b2d-fbb4-5415-9e23-ded28f0aeb45,e8710a16-3b1e-5c35-8cd6-a3f385dad5ac
0c70990d-ed5c-5881-b99f-9ac6ea7f23bb,DL-UM-40004,GEO-UM-40004,Kit,2022-12-19T17:38:42Z,2023-04-05T00:08:22Z,922c1b94-56c6-5275-ad30-fdcd179c4b8d,58ade8ea-663e-5f96-8e4d-089df1503f0a
3f493216-095f-5e10-b2cf-5dec64dac52b,DL-UM-40004,MDM-3000000005,Kit,2022-12-19T17:38:42Z,2023-04-05T00:08:22Z,922c1b94-56c6-5275-ad30-fdcd179c4b8d,58ade8ea-663e-5f96-8e4d-089df1503f0a
6894ab6b-8adc-5d5d-b099-9da4d467dfff,DL-UM-40031,GEO-UM-40031,Kit,2022-12-21T20:49:39Z,2023-01-02T20:11:54Z,c0a46732-2bc9-537a-9109-f16b2608a971,592838b2-21d4-5888-9293-4830c31a9d45
fb1ff5a9-ab42-5902-acd4-936e091316f4,DL-UM-40009,MDM-3000000001,Kit,2022-12-28T19:21:48Z,2023-01-09T11:44:46Z,b4cda9eb-ec38-5d5e-9d21-814ad84cf04c,8137e5f5-24f6-5e62-8a3a-62b9ca4f982d
e56eaa6f-1ef7-582c-b4bf-a6ea0b224309,DL-BE-30002,GEO-BG-30000,Kit,2023-01-02T14:47:10Z,2024-12-09T19:47:56Z,e0fa5a04-0dd6-5d02-b50a-2dc789102e5d,6f916e6f-1986-5b8b-b717-0bfd36e9c7cb
303b1928-9186-522d-a176-43eac7fc7447,DL-UM-40011,MDM-3000000009,Kit,2023-01-03T18:08:15Z,2023-01-19T21:34:46Z,f52c5298-c7b2-53b6-b515-97754854386e,97add6a9-09f8-5737-a98b-4b77fa8f3c45
f8740e6b-009e-5f12-8ce0-76f9b292198e,DL-UM-40031,GEO-UM-40031,Kit,2023-01-09T22:15:34Z,2024-06-11T21:58:24Z,895527f4-8ef0-522b-a785-947fb5a7276d,046699e1-dbda-5d9d-a9c6-35502b72fc32
e181f462-03ef-56cc-8633-2785358d9e10,DL-UM-40002,GEO-UM-40002,Kit,2023-01-13T19:39:31Z,2023-08-03T20:58:14Z,99c1d5b0-a565-594e-a253-239f14e8c692,c2d59764-5ba1-5bd7-910d-fc7b70745486
757a85c6-5b21-589a-ab07-0e14758037b0,DL-UM-40002,MDM-3000000000,Kit,2023-01-13T19:39:31Z,2023-09-08T17:25:06Z,99c1d5b0-a565-594e-a253-239f14e8c692,543ed7f4-4464-58e0-bd04-7881ae098277
b2ff4e6e-46cb-57c1-9c8e-a502e7092239,DL-BE-30016,GEO-BG-30006,Kit,2023-01-19T13:24:33Z,2023-09-14T19:56:48Z,a6766b84-1694-53f7-a85b-17abfcd1b83c,043e8c9c-2e03-510f-9059-3038617ed155
334ad7e2-d125-5ad9-a6d9-676be616c24b,DL-UM-40022,GEO-UM-40022,Kit,2023-01-20T19:05:13Z,2023-03-27T20:47:29Z,d1612ce3-57e8-5591-8448-c1d712af50a4,032c988a-40a9-5085-90b5-806b8f0ca88b
7de1e106-5b66-5583-b254-112f5dec89c6,DL-UM-40035,GEO-UM-40035,Kit,2023-01-24T15:29:29Z,2023-04-05T20:51:30Z,83d3d644-9ed7-52ed-b4a5-d18f3c23bb2a,37bc9eb9-bebe-5660-89c2-50f2202f47f2
4df8f76d-8366-5429-bfd8-c3cc67e9b0b0,DL-BE-30010,GEO-BG-30010,Kit,2023-01-30T13:55:13Z,2023-08-28T10:01:22Z,668d48e1-0b08-588a-8241-f990566a9dfc,07f99aae-f875-599e-893f-ba623ed238f7
d145c12c-049f-50d2-a261-8e8dc4eb2791,DL-UM-40011,MDM-3000000009,Kit,2023-01-30T12:25:52Z,2023-11-21T21:34:39Z,d996ba21-8ad0-5219-b015-8e396a30fc71,22c41acb-6d11-5413-9edb-7e192ffda146
1874c953-66d9-5909-9fca-18f2e5e4e7c5,MDM-3000000010,DST-5061,Component,2023-02-03T16:04:02Z,,04dc0558-73ef-5b6f-af67-0bb779274218,
96a7b5dd-1bc8-5c4a-a822-6eef1a437ff9,DL-UM-40000,GEO-UM-40000,Kit,2023-02-07T14:35:28Z,2025-02-12T22:42:22Z,a6b43808-7997-5f04-baae-fa524af1a23d,f777ee33-51c3-5e09-930a-66d0f2f44b27
c8c817a7-3093-5ac4-a6f1-340ae098ffff,DL-UM-40000,SLM-UA-40002,Kit,2023-02-07T14:35:28Z,2025-02-12T22:42:22Z,a6b43808-7997-5f04-baae-fa524af1a23d,f777ee33-51c3-5e09-930a-66d0f2f44b27
4cb19004-22a6-5d03-a2d5-21c961b63b60,DL-UM-40018,GEO-UM-40018,Kit,2023-02-16T14:15:14Z,2023-07-24T20:22:31Z,e4d02e1e-954a-5fa5-803c-d4e5861111bf,3deb00d8-5c9e-5c4e-8897-19029a396500
b608427c-3ad3-5c96-9d6c-623f3cc5cba3,DL-UM-40006,GEO-UM-40006,Kit,2023-02-24T16:23:54Z,2023-08-24T18:43:49Z,a2479535-442b-5a12-afec-906c26a42a80,00556c0e-cbb1-5ef6-b224-96f3c3b2adad
4b42776c-be57-5452-a79f-f8d0ce3f3138,DL-BE-30034,GEO-BG-30026,Kit,2023-02-25T19:32:25Z,2023-09-20T21:35:20Z,bd5b2208-e653-5aea-85fb-b2e19b256719,5e447c3f-43f7-54e9-ae85-74828e7caefb
3859e30a-d09a-5a27-b295-927ffbb353ea,DL-D10-300006,GEO-V12-400010,Kit,2023-02-28T19:48:04Z,2023-08-09T17:17:58Z,6053ab99-a4af-5d9e-94be-26027e65350c,baa21496-da82-5244-9747-576c91dd8a61
a6c4bf25-eff6-5483-b3a7-f4fc23f4643a,DL-UM-40023,GEO-UM-40023,Kit,2023-03-06T11:58:54Z,2023-04-07T20:11:11Z,bd1e7b91-3b1a-5be5-abc7-6b52ac8726b8,f1a4cf14-1e17-514e-a934-98cdda7e90ab
d96c7ac2-5b01-533a-93f1-f1aabb48317d,DL-UM-40009,GEO-UM-40009,Kit,2023-03-14T12:48:23Z,2023-08-18T17:42:58Z,48260dc2-1425-585a-8b78-b1037bef8db3,08120904-bb43-566f-a95b-3764d930b970
ca41a72b-7aa5-57ac-a659-3e29b6c1000b,DL-UM-40009,MDM-3000000001,Kit,2023-03-14T12:48:23Z,2023-08-18T17:42:58Z,48260dc2-1425-585a-8b78-b1037bef8db3,08120904-bb43-566f-a95b-3764d930b970
2a5956b5-c59b-5432-804b-dd192b3d05e4,DL-UM-40019,GEO-UM-40019,Kit,2023-03-15T18:58:20Z,2023-06-16T21:08:03Z,8d5e1af4-2633-5152-8689-e0d64d23d294,5cc86b5e-614a-5260-8a9d-a40d41e541d0
0a6d3a38-6161-563d-bdfb-af683f853587,DL-D10-300004,GEO-V12-400009,Kit,2023-03-17T13:59:06Z,2023-04-24T17:23:52Z,2319286b-45a7-5f6a-a50d-4d51dc8d9eea,86c7ff7f-75ba-5133-936d-14f153c3f4a0
9ec27454-ac79-5150-9c65-4840c91aca4d,DL-D10-300004,SLM-S50-500008,Kit,2023-03-17T13:59:06Z,2023-04-24T17:23:52Z,2319286b-45a7-5f6a-a50d-4d51dc8d9eea,86c7ff7f-75ba-5133-936d-14f153c3f4a0
28e23791-23d7-5650-9118-f163384850d3,DL-D10-300004,GEO-V12-400012,Kit,2023-03-17T13:59:06Z,2023-04-24T17:23:52Z,2319286b-45a7-5f6a-a50d-4d51dc8d9eea,86c7ff7f-75ba-5133-936d-14f153c3f4a0
e3363ed5-db21-5902-ad80-46144ae5d93d,DL-D10-350001,GEO-V12-400011,Kit,2023-03-23T14:09:28Z,2023-09-29T19:39:03Z,46792e98-4435-53bb-975e-7e955ac948e2,13e8d071-031c-5004-8529-a4fa329daae9
1845ec0b-ca90-5259-b134-2d0f34e8e559,DL-BE-30020,GEO-BG-30022,Kit,2023-04-06T14:24:10Z,2024-08-02T18:59:02Z,8dee54ae-bc24-5103-822f-f7ded9e60c68,a3c21468-ad47-55a9-8b76-7328e7198db2
09b41153-d24a-55f1-bfad-09cecde596ec,DL-UM-40017,GEO-UM-40017,Kit,2023-04-06T18:40:12Z,2023-07-03T19:13:42Z,802288f7-de2d-5570-ac53-b4815d598044,13d60bc6-e859-580d-87f8-65b769f57257
d1d4c928-7106-5114-b541-5fddcd436e56,DL-UM-40023,GEO-UM-40023,Kit,2023-04-14T18:53:20Z,2023-05-01T18:26:04Z,5a12c16b-cff0-5f81-a6d1-580fa5186889,1201ab18-aba1-5e64-ab93-73ff5ede7239
42cd4431-205a-5dc5-85a3-f2c9ecb17dc8,MDM-3000000011,DST-5062,Component,2023-04-17T11:35:29Z,,24ccef9b-a3da-5a27-b201-74168e2c50d0,
f68a99f4-c2ba-584e-824c-1e3c8b368689,DL-BE-30036,GEO-BG-30030,Kit,2023-04-17T15:13:13Z,2024-02-26T21:22:41Z,b89b2c43-27f1-598e-86ea-ac8bed8666dd,03a2852e-ce0c-5ccf-8c27-b669ad084b66
dad37e44-1c3e-55c4-ba60-0869130a8e68,DL-UM-40035,GEO-UM-40035,Kit,2023-04-19T16:51:57Z,2023-05-03T21:23:59Z,95b59fff-e1ee-58a9-98be-35186e076b9b,622ea822-e547-573d-9d7d-2d5529ee0d28
07244e77-ab34-5cb7-8665-c06b043eca2b,DL-UM-40003,GEO-UM-40003,Kit,2023-04-26T16:41:39Z,2023-09-25T21:39:18Z,87f26b72-58a4-58e2-9281-98bec50ad19c,de3f17ef-a54b-543f-a064-12060b98a9f7
f19591cc-2c5a-5d24-8d56-7241d5a927fc,DL-UM-40003,MDM-3000000006,Kit,2023-04-26T16:41:39Z,2023-09-25T21:39:18Z,87f26b72-58a4-58e2-9281-98bec50ad19c,de3f17ef-a54b-543f-a064-12060b98a9f7
22b9d2ae-45de-57ba-9e3a-c7042038212d,DL-BE-30051,GEO-BG-30032,Kit,2023-04-26T20:23:10Z,2023-12-29T20:58:59Z,617547e3-ddca-5328-8323-3157a61d0749,0da3c95c-4599-56ee-be6d-466939bccdd7
d4ab86af-577a-5b33-b7f1-90c369e86d9a,DL-BE-30015,GEO-BG-30016,Kit,2023-04-27T18:24:53Z,2023-11-17T18:00:25Z,68d495c1-0b1e-5769-a708-323921949f74,f15bc527-8036-5692-8597-99a57bfa13f0
6de93d82-deb6-515c-adbe-9c9fe0324a4d,DL-BE-30015,GEO-BG-30013,Kit,2023-04-27T18:24:53Z,2023-11-17T18:00:25Z,68d495c1-0b1e-5769-a708-323921949f74,f15bc527-8036-5692-8597-99a57bfa13f0
5ef13404-a025-5d8b-a656-16b2337990ac,DL-UM-40005,GEO-UM-40005,Kit,2023-04-27T18:19:20Z,2024-01-15T21:44:31Z,409c3659-deaf-52f9-bc52-4e3a9ccd92a6,f09ec5f8-80dd-51d4-bf1b-8a562df79761
af0a5b21-7cb9-5a0c-b118-25856134da6b,DL-UM-40005,MDM-3000000003,Kit,2023-04-27T18:19:20Z,2024-01-15T21:44:31Z,409c3659-deaf-52f9-bc52-4e3a9ccd92a6,f09ec5f8-80dd-51d4-bf1b-8a562df79761
60323b51-4fa3-5ae7-b52a-50ca23012f1e,DL-D10-300004,GEO-V12-400009,Kit,2023-05-05T14:41:50Z,2023-06-19T21:17:20Z,3dc4d56b-d789-5ecd-b3d5-23b24d7388af,32a2f9d1-587e-59a3-9260-8ff2345df374
54e39232-4be5-5df5-a165-05355b5596c2,DL-D10-300004,SLM-S50-500008,Kit,2023-05-05T14:41:50Z,2023-06-19T21:17:20Z,3dc4d56b-d789-5ecd-b3d5-23b24d7388af,32a2f9d1-587e-59a3-9260-8ff2345df374
7d0be1c3-fbe1-5834-93ec-0f52cd78cee8,DL-D10-300004,GEO-V12-400012,Kit,2023-05-05T14:41:50Z,2023-06-19T21:17:20Z,3dc4d56b-d789-5ecd-b3d5-23b24d7388af,32a2f9d1-587e-59a3-9260-8ff2345df374
6fe4bfe5-4647-5294-a44e-a5b1d9f56ed4,DL-UM-40036,GEO-UM-40036,Kit,2023-05-08T20:05:24Z,2024-03-11T19:36:27Z,57ec84c8-6981-543a-91db-f31c2f46d8ec,ad5d04e6-4330-54cb-8a2e-8dfcadfe001b
74002f99-4873-5f53-b3e4-2a41e31394af,DL-UM-40035,GEO-UM-40035,Kit,2023-05-10T17:09:19Z,2024-07-11T19:01:15Z,60e33611-7421-55b9-9380-ffcbfbf9a93e,4f8e7623-bb24-5f09-946f-37601ecf4200
30952b55-169b-542c-81bb-59a146fb505f,DL-BE-30009,GEO-BG-30020,Kit,2023-05-23T13:57:26Z,2023-06-26T18:13:59Z,e02d2c1a-7ae2-5f57-9d3b-b59074ec0697,1ab95469-b8a1-5454-a316-aad6ff78639a
69d82062-3592-55eb-950b-5f6cb95623f5,DL-UM-40024,GEO-UM-40024,Kit,2023-05-25T17:32:48Z,2023-06-26T10:26:45Z,cbb31d0d-02aa-5fb9-8bcb-4609162f1fbb,5641477b-6951-5dc2-ab3f-62cd387bfa06
0c696baa-448c-54b2-a7b3-347148c74c39,DL-BE-30007,GEO-BG-30017,Kit,2023-05-26T16:10:54Z,2023-06-14T19:02:33Z,94af6bd4-864a-50a9-b8a3-aea8b9a97e17,7e9b2342-54f2-51c8-8693-59e77a55c6fe
a4a91830-d928-51f3-aba2-8646ee91d952,DL-D10-350005,DST-5063,Component,2023-05-29T13:48:01Z,,2f9118a6-aff3-5c74-8b0d-d80ed2c209f9,
d8fde728-a6e5-5597-b39d-9253f084d363,DL-UM-40023,GEO-UM-40023,Kit,2023-06-02T11:46:00Z,2023-11-24T19:58:08Z,f13855bf-67f5-5f37-8847-9e7f4a766749,5788080b-5244-5247-9b1b-5b4c2a1c5acd
1d33b671-26d5-5683-a47b-2b9b26b0f72a,DL-UM-40023,MDM-3000000011,Kit,2023-06-02T11:46:00Z,2023-11-24T19:58:08Z,f13855bf-67f5-5f37-8847-9e7f4a766749,5788080b-5244-5247-9b1b-5b4c2a1c5acd
174f430c-e499-521a-bc78-d152b5004063,DL-UM-40030,GEO-UM-40030,Kit,2023-06-07T21:56:54Z,2023-11-07T21:46:41Z,eddd9668-e032-5651-8a65-6689c75e6f5c,0fdaff1d-34f8-5053-b72a-55085a6a521c
6715a7f3-4136-54ac-8061-a117c118655e,DL-BE-30008,GEO-BG-30009,Kit,2023-06-07T15:46:37Z,2024-03-04T20:03:28Z,f2c16519-ce44-51eb-9c95-38d54b428b78,f07a2362-704d-5eff-9d4e-e5daffdc79b1
cdeb54b3-db96-5bf2-a5bf-cb68b00b82a1,DL-UM-40022,GEO-UM-40022,Kit,2023-06-21T15:42:31Z,2023-08-07T20:39:31Z,ea9fc1e0-066a-59d7-b7f6-a02b144f0a2e,94510aab-e7cc-5f80-8448-c27b4ce87065
b5cd138d-d210-5876-a071-06210842fc10,DL-D10-300004,GEO-V12-400009,Kit,2023-06-23T18:25:22Z,2023-08-25T19:21:43Z,601c24cf-9135-5865-9bc1-e73371bbf0e7,619bb3c5-f4cb-5b3b-ab92-5c8422e0333f
1eb5b24a-e63e-5df7-ae34-c4efe63aa062,DL-D10-300004,GEO-V12-400012,Kit,2023-06-23T18:25:22Z,2023-08-25T19:21:43Z,601c24cf-9135-5865-9bc1-e73371bbf0e7,619bb3c5-f4cb-5b3b-ab92-5c8422e0333f
4651f578-5f76-5ffd-ad88-3a0ce4f7116f,DL-UM-40019,GEO-UM-40019,Kit,2023-06-23T16:30:04Z,2024-01-01T20:20:17Z,3b63f182-6e4f-5896-a4bb-15bba6b0cd98,d28c0373-0295-5a15-8bfc-9c0e72c569aa
96e91326-0fda-5ac1-ac61-90620a4b2ec3,DL-BE-30007,GEO-BG-30017,Kit,2023-06-26T20:32:27Z,2023-07-11T17:22:19Z,50cef574-c8d1-565e-a3d1-b53888268784,bee09ce4-e254-5dd1-a45c-84e5fb757a58
cd31f72a-4d67-54f4-b8df-440af4a8ca2f,DL-UM-40033,MDM-3000000007,Kit,2023-07-03T20:40:10Z,2024-07-02T18:41:37Z,7b591f04-cad5-5d76-aacd-695a5b72cb5d,7295c33a-2373-5fda-886b-682cf9f30560
b914bb3f-75c6-59c2-ac54-ee32d7fd7ce2,DL-BE-30018,GEO-BG-30021,Kit,2023-07-04T15:55:31Z,2023-07-19T20:22:36Z,e641431b-2feb-5c68-93a7-30ff8994c8fa,b8fdac21-e07a-5c06-813e-4122b27f9b26
063dbebd-6f93-59dc-9a6d-039f06ec0dca,DL-UM-40024,GEO-UM-40024,Kit,2023-07-06T18:46:09Z,2023-09-04T19:23:40Z,140f0334-efb9-5571-937f-577ffa9e08be,cddd3efe-3a6e-59d1-873a-dd356be27aca
8c26eb96-ef07-5ec9-9466-7317d3c801d4,DL-D10-350005,GEO-V12-400004,Kit,2023-07-13T22:45:22Z,2023-08-28T21:16:54Z,30b4bd6d-9bb5-5a9f-bd40-74535be53448,939f99ce-a039-54c8-8204-c991d87d2541
9cf960bf-b183-5efc-844e-ab3c122b5561,DL-D10-350005,GEO-V12-400006,Kit,2023-07-13T22:45:22Z,2023-08-28T21:16:54Z,30b4bd6d-9bb5-5a9f-bd40-74535be53448,939f99ce-a039-54c8-8204-c991d87d2541
ec6e11fc-b28b-598d-9a77-37dfac057916,DL-BE-30007,GEO-BG-30017,Kit,2023-07-21T12:28:15Z,2023-11-17T21:13:45Z,417cf8e9-52a1-592b-9f49-37d9bb180af5,69283087-0263-5309-ad93-aa47123bf153
e93b9714-d2f8-5aa6-90d2-c874140c76c4,DL-D10-300003,GEO-C22-450007,Kit,2023-07-24T19:09:38Z,2024-08-07T19:12:39Z,ebbaaddb-f7d4-5d15-adbf-a6615dc87b4c,a5c9f9f0-5688-5cff-bbd8-e586ac006725
d237e0a1-76cd-5611-824f-a7c52895bf95,DL-UM-40020,GEO-UM-40020,Kit,2023-07-24T12:41:04Z,2023-09-11T22:59:20Z,77442bb9-7c8a-51ff-a657-10594b214e92,75123433-ee3b-502e-9cc8-586019ba7e77
65b38e10-d3a5-590c-8535-20f7fa852055,DL-UM-40018,GEO-UM-40018,Kit,2023-08-02T18:40:49Z,2023-10-04T19:02:20Z,a31e320d-2673-57c7-9847-e4ecd3d3a866,d07b6702-d14a-5145-9b60-814ec7dc1427
a95522bd-c65d-5474-8b97-64b465ad0d81,DL-UM-40032,GEO-UM-40032,Kit,2023-08-04T17:27:54Z,2023-09-04T20:05:21Z,e6268bcc-eef3-567d-8d03-83af5ae7ea04,d759909e-4dd7-5c29-856e-9c364fa820da
8f2f24e9-a119-58bb-9ecb-cad154ff52c6,DL-BE-30009,GEO-BG-30020,Kit,2023-08-14T21:41:58Z,2023-09-12T20:19:59Z,4f22f18b-23a5-522c-974c-7a8b5add92eb,0380382d-57b4-549f-a5f3-bd72cf0de3b0
b89c9016-8223-5a15-866f-b35f6fd70c16,DL-BE-30041,GEO-BG-30029,Kit,2023-08-22T14:19:16Z,2024-09-23T19:54:26Z,765c5541-b5e4-5b31-ac44-0437e2108f40,768dd679-3273-5405-a813-020640f68747
c3aae262-a825-51c8-b994-0b4614059f94,DL-D10-300006,GEO-V12-400010,Kit,2023-08-22T12:43:38Z,2024-04-14T18:46:06Z,ed2c2848-a021-54b3-b1ce-5fa189750c87,e970bd07-a268-59ee-b2a5-a0a7d7d6c131
a869060e-deb1-5a03-837e-eaea1abf5299,DL-D10-300004,SLM-S50-500008,Kit,2023-09-07T15:10:25Z,2024-03-06T18:05:08Z,0956af87-6a03-5b35-bb59-46a86ee6ab7c,3c26837a-68ae-5d05-83c3-e2e6b196c955
1dd05cf0-cacd-5f97-b2ef-73636e1d6db4,DL-UM-40024,GEO-UM-40024,Kit,2023-09-08T17:21:36Z,2023-10-30T17:46:30Z,9194cad3-2417-53c6-8b4e-fba85e3eeaac,f9298893-d8e3-5eba-b211-4922e20175ba
cb42fea2-f4b1-5129-9cbd-86a9da55959c,DL-BE-30011,GEO-BG-30025,Kit,2023-09-11T13:47:54Z,2023-12-18T22:58:07Z,b6a71ed8-e90c-559a-ad11-0f4b31dd68f0,65436027-a98b-5a6b-8e54-125b84e00448
6ded682e-0eef-5931-8920-7a8182308299,DL-D10-350005,GEO-V12-400004,Kit,2023-09-12T18:04:52Z,2023-10-12T21:22:07Z,de0c514a-275c-5672-a0d7-ec52dbe2b674,a9064106-e8f9-5779-9eef-0377dba65b89
2e09a3be-b25f-564d-83bf-f022e41c0fd8,DL-D10-350005,GEO-C22-450003,Kit,2023-09-12T18:04:52Z,2023-10-12T21:22:07Z,de0c514a-275c-5672-a0d7-ec52dbe2b674,a9064106-e8f9-5779-9eef-0377dba65b89
0e06c0ca-0306-586f-a8ed-72beed14acd9,DL-UM-40022,GEO-UM-40022,Kit,2023-09-18T19:36:58Z,2023-10-11T17:08:09Z,4a9ebc0f-4eaf-54ec-9283-4ccb24e80c06,39cf283a-c619-52b4-9288-0c13c840d0a2
19c04895-aef6-585f-83ab-4113ff990674,DL-BE-30016,GEO-BG-30006,Kit,2023-09-19T12:24:32Z,2023-12-25T22:10:56Z,939e44d9-7d07-5cee-b640-300ba6e700b7,0829e852-cf53-53d7-b5b0-aff399ec74ab
aaae0d2c-753c-5693-848d-abe80e9b1091,DL-UM-40016,MDM-3000000002,Kit,2023-09-29T15:17:04Z,2024-05-24T18:16:10Z,2cf8af5f-22c5-579b-bb96-e0435530f0dd,5dd9d109-2eff-5b4f-a3a1-f51df8e6e7bc
5573218c-09b4-5989-b8ce-0743ff00a598,DL-UM-40016,GEO-UM-40016,Kit,2023-09-29T15:17:04Z,2024-05-24T18:16:10Z,2cf8af5f-22c5-579b-bb96-e0435530f0dd,5dd9d109-2eff-5b4f-a3a1-f51df8e6e7bc
fa60d490-977e-56a6-a502-4e075065b8f2,DL-UM-40009,GEO-UM-40009,Kit,2023-09-29T13:07:19Z,2024-12-02T20:19:13Z,af228c91-4117-5ae5-badd-f1ef89922476,1f8c5ad7-1a6e-5d8d-87f6-3eac5fa0c273
f3470005-ac70-5aa6-98be-84630518451d,DL-UM-40009,MDM-3000000001,Kit,2023-09-29T13:07:19Z,2024-12-02T20:19:13Z,af228c91-4117-5ae5-badd-f1ef89922476,1f8c5ad7-1a6e-5d8d-87f6-3eac5fa0c273
4459da6f-3e26-5318-aa1c-1e1a9250ff8a,DL-D10-350003,SLM-S50-500021,Kit,2023-10-02T21:31:58Z,2024-04-15T17:29:53Z,178eda2e-127c-5b0e-b3e6-df75ab232b99,dbabd9ec-d395-5bd0-a79d-2b563b62f658
71a80e83-3442-50fa-86f9-214a10ffc796,DL-BE-30034,GEO-BG-30024,Kit,2023-10-02T14:22:37Z,2024-02-20T18:43:00Z,506231f6-9f61-5207-9991-da028a071e88,12713b58-c03d-560f-a4ae-d7d913d17ff5
e9c809b1-4d53-565f-bc7b-122829b11898,DL-BE-30034,GEO-BG-30026,Kit,2023-10-02T14:22:37Z,2024-02-20T18:43:00Z,506231f6-9f61-5207-9991-da028a071e88,12713b58-c03d-560f-a4ae-d7d913d17ff5
1c5f34a6-96a0-5bda-b2a6-5a39b80b5507,DL-UM-40002,GEO-UM-40002,Kit,2023-10-04T20:27:31Z,2023-12-15T19:28:44Z,1a074ea5-a118-5367-b1ee-fea2554d7a3c,432b563f-fa06-5132-9efb-ab25da1ea111
8b496cb0-680f-5e53-a0c3-b87378dd93a1,DL-UM-40002,MDM-3000000000,Kit,2023-10-04T20:27:31Z,2023-12-15T19:28:44Z,1a074ea5-a118-5367-b1ee-fea2554d7a3c,432b563f-fa06-5132-9efb-ab25da1ea111
8e2c481a-f7d0-596f-b18a-6808c6ca92d1,DL-UM-40018,GEO-UM-40018,Kit,2023-10-11T20:35:18Z,2025-07-28T20:34:17Z,e57d79b4-0163-5087-9abe-aa6cae8215f3,c0a7478c-2165-5885-86d7-e5ee0f57763e
c0715756-1e46-52e3-9424-3ced55f9e088,DL-UM-40037,GEO-UM-40037,Kit,2023-10-11T17:52:21Z,2023-11-05T22:09:34Z,2a1fdc81-dfe5-5825-a477-febc8c2cb8c6,2bf90e1d-9921-56aa-85f7-4ade49cd7e9a
b144e274-8662-57ff-ba43-fdfe39128c92,DL-BE-30009,GEO-BG-30020,Kit,2023-10-17T12:48:17Z,2024-04-25T20:24:56Z,1525a31f-df16-5f75-8467-46961cc6bbb7,7fe8169b-b8a2-5b35-ac64-62b818140b03
0327ecc5-019b-5111-b44c-b755b44f5e46,DL-UM-40022,GEO-UM-40022,Kit,2023-10-17T20:51:06Z,2023-11-07T18:09:53Z,0ecc7a28-dae1-58e5-ba78-474506c584e7,8b015be7-237c-571c-a2aa-d2d01bb9f9d0
0d23d48e-1851-5e4e-9734-0dbb738742e5,DL-UM-40006,GEO-UM-40006,Kit,2023-10-18T20:36:30Z,2024-02-13T21:46:45Z,9a4e581f-caf4-56e4-954c-e2d230589ae1,1a2dfdaa-d277-5499-844d-9389df3c4051
f9843896-2ca1-563c-bf78-a0ec69c2c1e4,DL-D10-300001,GEO-V12-400002,Kit,2023-10-18T15:16:21Z,2024-05-23T18:56:42Z,2c198014-329a-58ce-8c9e-9022e153779e,a3bb4af8-92be-525d-bfdb-a29002e49ba9
7aaa74bd-0951-5caa-b4a4-fa770f623536,DL-D10-350005,GEO-V12-400004,Kit,2023-10-23T14:01:33Z,2023-11-09T21:27:10Z,c97d1b65-45f8-59fa-88ec-750ca85f0484,d6f0d22b-fd30-5883-b57a-ca84a56465f4
18f7d38a-a4cc-50d3-a12d-4393fa8e0e7f,DL-D10-350005,GEO-V12-400006,Kit,2023-10-23T14:01:33Z,2023-11-09T21:27:10Z,c97d1b65-45f8-59fa-88ec-750ca85f0484,d6f0d22b-fd30-5883-b57a-ca84a56465f4
c0fef138-26bb-59eb-a9ed-5ecc3c31ec1e,DL-D10-350005,SLM-S50-500020,Kit,2023-10-23T14:01:33Z,2023-11-09T21:27:10Z,c97d1b65-45f8-59fa-88ec-750ca85f0484,d6f0d22b-fd30-5883-b57a-ca84a56465f4
0c87cc77-b79b-5cda-a946-d2a26cf82cc6,DL-UM-40021,GEO-UM-40021,Kit,2023-10-24T18:15:28Z,2023-11-13T19:04:37Z,3e024b28-4232-5e43-aa99-978d5d46d168,52af0f91-2789-509e-bdaa-0ac053b18eb8
ad812455-2033-55b8-bbfe-1d4452e045ac,DL-UM-40024,GEO-UM-40024,Kit,2023-11-09T15:41:08Z,2024-07-08T20:43:16Z,b7d227f5-282c-500f-88f3-4a38a596f1e2,1b4c8063-52e1-575e-aa0e-5cce0de562d2
931fb517-0731-5f1f-ad79-2059c6b08bce,DL-UM-40012,GEO-UM-40012,Kit,2023-11-20T16:06:50Z,2025-07-07T19:01:15Z,d72b221a-cc16-50b5-8bb7-3a7454887a57,163c59ca-a86f-5b51-8bb7-fc98839ee067
af313db9-f3b5-5e96-bd24-41cf42c50cae,DL-UM-40021,GEO-UM-40021,Kit,2023-11-22T14:14:57Z,2025-01-13T11:55:56Z,3ed4d15d-4f1d-5e42-b685-e63aa3503100,d05b50d2-6cdf-5ac2-8671-7f6f803d5ab2
0c2bff38-cbb0-5f11-bcb7-bc63fc497069,DL-UM-40037,GEO-UM-40037,Kit,2023-11-24T18:39:29Z,2025-03-20T17:51:34Z,b1ad04d1-2a52-5c0d-b48b-6f2d93f5a78e,c7b79c37-22fa-51b7-a8df-32d26f8e7d9a
872e23c2-caa0-57a4-9975-baa02f8cf674,DL-UM-40030,GEO-UM-40030,Kit,2023-11-27T14:57:01Z,2025-06-09T17:31:36Z,b1c7e0fa-d034-54e4-93fd-f22a71e035f2,7e94ffde-5646-5abe-b5ac-ec782715f185
adf50540-9baf-57c2-aaf5-d959645a40d0,DL-UM-40023,GEO-UM-40023,Kit,2023-11-29T20:59:28Z,2024-06-03T21:07:42Z,8374bc64-1021-525c-b221-2f58e0343cab,cba72425-750c-5db3-892e-19a24a192639
d2565508-b93e-5bd8-a627-c1ab0b237b7c,DL-D10-350001,GEO-V12-400011,Kit,2023-12-01T14:17:48Z,2025-05-22T19:05:01Z,83e3cec1-2b8f-5ad7-bc31-6823946ead1d,ec9f23d6-b1ed-575f-b180-c4ac11ae6471
f1680161-0285-5655-aa1c-900ef00600bc,DL-UM-40028,GEO-UM-40028,Kit,2023-12-01T20:11:59Z,2024-07-31T21:46:02Z,4418c004-0a67-547f-b0ad-a1008c5ecc35,06cde6ef-c527-51c4-bebd-ffd63f8c59b3
099713e4-3f83-518d-abe3-69db0c1ed745,DL-BE-30018,GEO-BG-30021,Kit,2023-12-05T14:32:24Z,2024-02-19T21:34:16Z,02b8799c-8e44-5548-ba2c-08acb9041dd5,4c796749-0643-517b-b3f3-4e91bb4e56ab
d9a003f6-9059-50f9-a3b8-49781611eb22,DL-UM-40038,GEO-UM-40038,Kit,2024-01-01T13:24:16Z,2025-05-16T17:45:38Z,e5a74146-2821-57e0-ab57-da6a96a7e19a,bb89a61c-ace3-5c3c-b81e-865d47d355c9
f44fc0e7-25aa-523f-81d4-3c0ad2f2ef1a,DL-BE-30011,GEO-BG-30025,Kit,2024-01-01T21:14:25Z,2024-05-31T18:12:24Z,7a2f655b-d90f-5451-9279-833ba1cbc1f4,6aff311e-adec-5272-a758-6b4b0c6df213
74118ce3-df23-5ea3-aef8-1a242f1c030f,DL-UM-40022,GEO-UM-40022,Kit,2024-01-08T18:46:07Z,2024-01-24T18:03:21Z,a522f7fe-ee61-5028-a8a6-3abc82c31877,3e9a5315-84ae-5962-8349-01ee4ed2b796
0616ec1a-d666-57c6-b83b-487619590a4b,DL-UM-40011,MDM-3000000009,Kit,2024-01-10T22:04:37Z,2026-01-26T20:31:51Z,7289bbf9-06bb-57a5-af5d-1385313d2b46,3c809dee-60b3-5cef-8cfd-024c6e088987
2dfbb30c-6d63-57df-9c52-f220cf44f794,DL-D10-350005,GEO-V12-400004,Kit,2024-01-10T18:31:37Z,2024-03-28T18:11:36Z,6c65c0b2-ff0b-540c-8ba9-20f2735ab37f,236414db-c636-5a8e-826d-97bbcd825aa5
12b58bd7-532e-5680-b3b6-21dcfe9c7d92,DL-D10-350005,GEO-V12-400006,Kit,2024-01-10T18:31:37Z,2024-03-28T18:11:36Z,6c65c0b2-ff0b-540c-8ba9-20f2735ab37f,236414db-c636-5a8e-826d-97bbcd825aa5
01c688c5-5b9c-52df-ba62-76fcf25901db,DL-UM-40002,GEO-UM-40002,Kit,2024-01-12T16:12:59Z,2024-02-28T20:04:20Z,0c303b68-6266-5d6b-a8d4-9be9a7035387,01a1977c-bbce-5722-aca8-893a60990fcc
955bf72c-250c-5b20-bb6c-2a93fd7a0261,DL-BE-30013,GEO-BG-30031,Kit,2024-01-22T19:44:59Z,2024-04-18T21:33:17Z,aac7d87f-ec92-5f09-85c4-70ffdc06e897,74ab1acc-02e3-58b9-8676-ab350629dfad
73076023-8936-52d3-8c1a-ea86933e1dfc,DL-UM-40005,GEO-UM-40005,Kit,2024-01-22T18:24:40Z,2024-05-24T20:29:48Z,ddf3d557-c7ad-5ba2-a4bd-6d0f87856828,41b468f3-3f69-5085-b270-de36577d8196
e021eeb9-fc98-529e-a7e1-7a5fe97366ca,DL-UM-40005,MDM-3000000003,Kit,2024-01-22T18:24:40Z,2024-05-24T20:29:48Z,ddf3d557-c7ad-5ba2-a4bd-6d0f87856828,41b468f3-3f69-5085-b270-de36577d8196
c2564147-35c4-5726-af62-2abdb3c65985,DL-D10-300005,GEO-V12-400003,Kit,2024-01-25T22:24:00Z,2025-02-17T22:30:40Z,c438da70-0618-58f8-9eca-a1542acf1828,47bafbd7-6eb6-573e-9175-eccb54f519e8
baac2fa6-ed1c-593e-bc87-79480ddfa63f,DL-D10-350000,SLM-S50-500019,Kit,2024-01-30T20:45:36Z,2024-04-29T20:39:28Z,3418ffa4-b907-55da-93d2-b1d147eb96e1,e1b99832-6e94-520c-802f-e87806968110
396ac526-8700-53e8-9c07-2fc3b0c0cece,DL-D10-350000,GEO-V12-400013,Kit,2024-01-30T20:45:36Z,2024-06-03T20:00:56Z,3418ffa4-b907-55da-93d2-b1d147eb96e1,8f7ec7b1-14ad-5629-a2bb-3435dd229469
26a55582-4027-5261-9592-f32ce1eed35b,DL-UM-40022,GEO-UM-40022,Kit,2024-02-05T15:18:18Z,2024-03-26T20:42:10Z,381b5b36-24cd-583c-92ba-ff90a13f3246,91589153-fef4-52c2-a7f4-f3c891e71094
db720299-8698-5baf-9da6-079080012999,DL-BE-30007,GEO-BG-30017,Kit,2024-02-09T19:29:11Z,2024-06-09T19:45:50Z,c9b6eadd-5939-5844-8279-49df1e377835,a49daa56-befd-56fe-8b63-103d0e3a0c93
7d44b50b-17dd-5a66-b27a-b53e9dff35bb,DL-UM-40014,GEO-UM-40014,Kit,2024-02-12T15:53:44Z,2024-10-28T17:52:10Z,04e838e8-194e-57d0-8c83-b4e33a01309c,c8c7ac22-22a9-55c2-ae28-7cddf4254d44
48425004-0e41-5606-9c31-3833539fd75f,DL-BE-30016,GEO-BG-30006,Kit,2024-02-15T19:19:34Z,2024-10-14T10:03:00Z,9f80ee05-958f-5778-bb70-c15140f1ff18,e5d15b97-faf6-566b-a570-ff1826d6b69a
37c11c41-19db-5d65-a0eb-afa8ff4f9fd7,DL-UM-40006,GEO-UM-40006,Kit,2024-02-20T15:09:12Z,2024-05-27T18:40:31Z,f0ccfd18-95ce-5eba-acd2-36dc2500e1ff,1089de71-3273-58ff-babd-55f76f052edd
eb2ac806-1a56-5636-8df5-2c4cc2ceed8e,DL-BE-30034,GEO-BG-30026,Kit,2024-03-04T19:37:34Z,2024-03-18T20:00:45Z,63de7692-cb05-503a-a115-24f068eedf1d,218b1477-8d6b-583a-8388-a0c0cfaa01f3
0142e50f-d409-5c87-8b15-8fb228b5b933,DL-D10-300004,GEO-V12-400009,Kit,2024-03-12T16:27:55Z,2025-11-21T21:13:25Z,4767e338-4815-5dbc-903a-717bfeef9459,f8b3875c-8881-53e1-bdcd-889be7f6d870
e9dadd29-8adf-550e-99ae-426d1feb8162,DL-D10-300004,SLM-S50-500012,Kit,2024-03-12T16:27:55Z,2025-11-21T21:13:25Z,4767e338-4815-5dbc-903a-717bfeef9459,f8b3875c-8881-53e1-bdcd-889be7f6d870
89f01b84-77f7-55f7-82d7-47afbf04ac66,DL-UM-40015,GEO-UM-40015,Kit,2024-03-26T13:15:30Z,2024-06-28T19:36:37Z,b8e13110-8ade-5b61-b163-0a9cf30b38a3,a0bd9a15-a40c-522c-a822-a28ea262495b
71a36c03-e07d-5a87-b8c5-e9b5f0020a90,DL-BE-30036,GEO-BG-30030,Kit,2024-03-29T12:17:50Z,2024-05-10T18:31:33Z,84765128-1d12-577a-a036-9fb2fde9f255,de9d2562-febd-5893-9b38-f3f63a6716c9
bc9f6205-b7f9-5496-bda2-c73f52d9316c,DL-BE-30036,GEO-BG-30033,Kit,2024-03-29T12:17:50Z,2024-06-21T19:54:20Z,84765128-1d12-577a-a036-9fb2fde9f255,cb96b7fe-764e-5d81-9afb-86db740d331e
6f69cb41-034a-5ab2-8ba9-bbd07df5c884,DL-UM-40010,GEO-UM-40010,Kit,2024-04-11T16:03:35Z,2026-02-18T18:36:17Z,b2f3331f-9b5d-527b-9a0f-154ff47d4dd4,b8d2aead-02a2-5718-9722-1b47827b2eb8
61b9a056-c18f-521c-bba4-859561092e1b,DL-UM-40010,MDM-3000000010,Kit,2024-04-11T16:03:35Z,2026-02-18T18:36:17Z,b2f3331f-9b5d-527b-9a0f-154ff47d4dd4,b8d2aead-02a2-5718-9722-1b47827b2eb8
43cf8e38-a8ab-5bbd-879a-5bc2ed7aea97,DL-UM-40002,GEO-UM-40002,Kit,2024-04-15T20:15:32Z,2024-11-18T18:44:47Z,c9054098-aeaa-58bc-bc87-3aa1444b6b2e,c6e23c33-5ba9-598f-bebe-2cbdc72a5894
49d8157f-d16e-55f9-8546-fdd8e6a865a2,DL-D10-300006,GEO-V12-400010,Kit,2024-04-24T15:03:22Z,2024-11-24T22:42:42Z,80529797-bda8-5180-9398-47e48df7686e,82131965-c570-571f-9a50-7f7750bd4f24
60c1e3a5-de0f-52ba-a1c4-618346ee5873,DL-UM-40036,GEO-UM-40036,Kit,2024-04-24T21:45:53Z,2024-08-21T20:39:17Z,9ece6e28-d5f1-58a4-b06f-cd5794e11bb4,39bc9e58-71e1-5592-8205-7ba9292b9482
172e9c0d-0eca-5a4f-84f9-aca29c97d593,DL-BE-30008,GEO-BG-30009,Kit,2024-04-29T20:24:42Z,2026-09-01T20:53:14Z,e900c6b3-e381-5415-a871-ba462c101c6e,87ba0819-52f4-5aff-a2ce-5d95410488ed
2ce1814c-a001-54ca-95c6-aae53641f5ea,DL-BE-30009,GEO-BG-30020,Kit,2024-05-02T15:30:28Z,2025-09-11T21:40:38Z,f8818c73-827a-5f12-938c-b4b3809df7ff,16ff24c0-c5a8-5d6d-ba3e-cfa7d5f4366e
5d75c58a-7b55-578c-a597-5cfef590d889,DL-D10-350005,GEO-V12-400004,Kit,2024-05-02T16:03:25Z,2024-11-13T18:37:32Z,c3ef8162-2f8a-5a7e-9e18-758cf4e6a6c4,6a513289-1651-5484-b0a9-98eb87c50770
1a18e578-f4be-5add-9adc-187c60821b54,DL-D10-350005,GEO-V12-400006,Kit,2024-05-02T16:03:25Z,2024-11-13T18:37:32Z,c3ef8162-2f8a-5a7e-9e18-758cf4e6a6c4,6a513289-1651-5484-b0a9-98eb87c50770
732c47e8-cb98-51d6-ab0c-61e6f742c4cf,DL-BE-30013,GEO-BG-30031,Kit,2024-05-08T21:59:18Z,2025-01-28T19:09:47Z,ce533039-5281-5feb-99f5-87f4b901abd5,2cd7bc3c-12e1-5ada-8285-e271f6d5e204
e2a156e4-e4b3-5b1f-a953-cf4bc69859e4,DL-UM-40003,GEO-UM-40003,Kit,2024-05-14T15:24:00Z,2025-05-20T21:27:26Z,8ac2d062-2e8f-59bb-8747-52681c158cdf,abbf45ca-7079-5398-ba60-07a139222569
4e8f09e0-65c1-52d2-946b-fbfa6a77d664,DL-UM-40003,MDM-3000000006,Kit,2024-05-14T15:24:00Z,2025-05-20T21:27:26Z,8ac2d062-2e8f-59bb-8747-52681c158cdf,abbf45ca-7079-5398-ba60-07a139222569
7940b0e9-57da-56a8-92d9-ceef0401a9ba,DL-UM-40003,SLM-UA-40001,Kit,2024-05-14T15:24:00Z,2025-05-20T21:27:26Z,8ac2d062-2e8f-59bb-8747-52681c158cdf,abbf45ca-7079-5398-ba60-07a139222569
31b1d009-d241-56a1-a3aa-09fdc84dd5fb,DL-UM-40004,GEO-UM-40004,Kit,2024-05-15T14:20:03Z,2024-07-15T20:50:10Z,f3865256-3127-51ac-bbfd-6ca3d8b5155f,35b10101-afe6-5f1d-bd8c-be8e0bae1a42
e75452c5-59fc-552f-abdf-b6490b1a8ccf,DL-UM-40004,MDM-3000000005,Kit,2024-05-15T14:20:03Z,2024-07-15T20:50:10Z,f3865256-3127-51ac-bbfd-6ca3d8b5155f,35b10101-afe6-5f1d-bd8c-be8e0bae1a42
534e8a46-aa44-52ff-9df1-0a738c4ed941,DL-UM-40026,GEO-UM-40026,Kit,2024-05-31T18:22:28Z,2024-07-30T17:15:05Z,d663f4bd-8999-52e7-8c33-5aa3b37fb9de,45b5e984-50f6-5343-8d17-f5f81b4936d5
1bb5e0e9-ce14-58a0-be0c-68e733c3dac3,DL-BE-30034,GEO-BG-30024,Kit,2024-06-03T15:52:11Z,2025-04-03T19:38:38Z,e088dcdf-23b3-5a05-8c99-923e77287f46,1e763b77-6a89-5ac3-aa80-7d4acc34bfb2
241d5abc-efa2-53ca-b1ee-0cf8c8e406b9,DL-BE-30034,GEO-BG-30026,Kit,2024-06-03T15:52:11Z,2025-04-03T19:38:38Z,e088dcdf-23b3-5a05-8c99-923e77287f46,1e763b77-6a89-5ac3-aa80-7d4acc34bfb2
bc36cfa4-f256-5d1a-80cb-f5544e5ba24b,DL-UM-40006,GEO-UM-40006,Kit,2024-06-12T12:47:04Z,2024-10-24T21:53:49Z,b05e70b9-eb9e-5511-849a-02426d3eb688,c6d1c703-d39e-5c99-8bd3-67643d081dd7
26e59a28-cc02-5cfa-b61c-5d750a3f1c2a,DL-UM-40023,GEO-UM-40023,Kit,2024-06-14T16:09:52Z,2025-08-04T21:42:19Z,bde807ed-5f38-518d-9914-f7be05bfe5b0,16ff7217-0202-527e-93df-25999439d090
a00404a7-07a6-5d99-9b01-1b172bbe1103,DL-UM-40005,GEO-UM-40005,Kit,2024-06-20T19:57:15Z,2024-07-22T20:37:42Z,2e012ccf-7947-547d-a0f4-25826478f391,81a86f68-42b2-58f1-900b-6acfeb9c7ecb
2943787f-9635-5b93-b15a-7e0160103ab7,DL-UM-40005,MDM-3000000003,Kit,2024-06-20T19:57:15Z,2024-07-22T20:37:42Z,2e012ccf-7947-547d-a0f4-25826478f391,81a86f68-42b2-58f1-900b-6acfeb9c7ecb
f7b88881-8d29-5172-9f99-5f54b9b52d6e,DL-UM-40022,GEO-UM-40022,Kit,2024-06-24T10:34:34Z,2024-09-06T21:21:47Z,28ddf5cd-f871-5971-b901-fb993dcc7217,711f2ce5-2a86-517e-ab66-17eda079bad3
bf3467b8-0832-594a-be1d-ddd0ba3dabad,DL-D10-350000,SLM-S50-500019,Kit,2024-06-26T19:09:50Z,2024-07-09T21:53:58Z,210d7c33-8e49-5bd2-a3d9-f3ca69636183,7fc89962-4c75-5e05-9de1-b242ea6856de
dbe80767-362b-5b1b-bb0e-9a3992b7729d,DL-BE-30015,GEO-BG-30013,Kit,2024-07-02T18:26:36Z,2025-06-30T19:49:59Z,dc365230-749c-5408-b129-0c963cdd4d33,36485f83-dec1-5c7c-a00c-d96e1c285036
d0bfc031-f4e7-5e20-9901-7433bb5482ee,DL-UM-40015,GEO-UM-40015,Kit,2024-07-08T20:34:35Z,2026-02-02T20:36:15Z,49916258-12db-58e9-bcfc-d053eab7b806,132a017b-6323-5545-a046-4156794b8422
05892976-ca31-50c5-bbd9-6a24a4febc83,DL-UM-40001,GEO-UM-40001,Kit,2024-07-15T11:03:49Z,2024-12-06T19:29:44Z,129d3586-f018-5053-9264-7cdc93156096,ab5a9b93-c53f-5594-aa8c-65ecbd7ce97b
6d726fc7-2b18-5749-922f-b701900b635e,DL-UM-40016,MDM-3000000002,Kit,2024-07-16T13:28:50Z,2025-01-09T22:06:36Z,cef3d009-83a8-5c57-ad3c-83e981c0a6fd,5150d3e7-4d57-5af4-a561-dd761b278fa6
e11f4ede-83d6-5286-a147-9c17ca365452,DL-UM-40016,GEO-UM-40016,Kit,2024-07-16T13:28:50Z,2025-01-09T22:06:36Z,cef3d009-83a8-5c57-ad3c-83e981c0a6fd,5150d3e7-4d57-5af4-a561-dd761b278fa6
72d69036-e50e-5ab2-9b76-5be25f38f949,DL-UM-40035,GEO-UM-40035,Kit,2024-07-17T17:19:20Z,2025-10-08T21:37:03Z,aad5c81b-bc45-5b73-a90e-298832203c49,7e5762eb-7440-5723-87ba-81992983ca06
b521d95d-479d-56ea-965a-9cbf35b6fa4f,DL-D10-350000,GEO-V12-400013,Kit,2024-07-17T11:23:22Z,2024-09-17T18:44:18Z,0db5608a-944c-5465-b922-ce3a6a23fa9b,1ee61bdb-3e4b-5b11-a119-9d0d830e1017
a75a4990-9259-5831-913e-8e5f2f2f443c,DL-UM-40005,GEO-UM-40005,Kit,2024-07-29T13:08:32Z,2024-08-12T18:19:19Z,e3c19aed-a094-57ce-a152-22d790219a85,8f973702-165a-526f-8d85-85728c03cf3a
d0866ff1-3029-504c-a338-8917da04e586,DL-UM-40005,MDM-3000000003,Kit,2024-07-29T13:08:32Z,2024-08-12T18:19:19Z,e3c19aed-a094-57ce-a152-22d790219a85,8f973702-165a-526f-8d85-85728c03cf3a
da69390c-b0b4-5b1e-b749-71870fd1b78a,DL-BE-30036,GEO-BG-30030,Kit,2024-08-02T20:22:41Z,2025-03-06T19:41:27Z,ed013ebe-ddf3-5750-b526-c09bd6ed2190,3a442bd7-1d6c-5beb-a508-a3432b809af2
851df1e3-ed51-5749-a3dc-34dfbab62352,DL-BE-30036,GEO-BG-30033,Kit,2024-08-02T20:22:41Z,2025-03-17T18:05:05Z,ed013ebe-ddf3-5750-b526-c09bd6ed2190,a32e0dbd-abf2-5abf-8e03-e150ec7c7356
fa0a5131-b41d-5e9c-abe4-3dac5b748155,DL-UM-40028,GEO-UM-40028,Kit,2024-08-05T18:12:49Z,2026-05-14T18:02:20Z,94b0d66a-2983-5e73-8695-e4db4f378cf4,7fe5f503-3d27-5ffd-8229-4d5de8d0e2bc
60638970-e3ac-581c-9b4d-177b1ce7c0a8,DL-BE-30020,GEO-BG-30022,Kit,2024-08-12T20:47:39Z,2024-09-20T22:43:44Z,c04b5afb-1d13-518f-81a2-fc4aade2e4b6,ee3ed214-fe19-5323-a259-63ada3e7cd36
5a8510f5-7cd1-5d81-afbf-ceb5e0bc6045,DL-BE-30007,GEO-BG-30017,Kit,2024-08-19T21:58:55Z,2025-05-02T18:18:48Z,f43ffcc1-71a9-5332-a7f6-0cbf3e5bb525,af69d620-b6b6-52be-9578-e50e19682023
824dc9e7-05e6-527e-89fb-f196d005a28d,DL-UM-40034,GEO-UM-40034,Kit,2024-08-26T12:05:45Z,2024-11-25T19:55:42Z,1074304f-229d-53dc-9674-350008f0ba63,8cb70586-7a54-52f3-b143-e92733ba46d1
747080bc-0109-5158-b1c7-1e3332d909fb,DL-D10-300003,GEO-C22-450007,Kit,2024-09-04T13:14:41Z,2025-03-25T17:00:05Z,173f85f3-c0d1-5d6b-9f6a-625ac1f8ff69,26f45da8-4322-5527-bb1c-d538397bfb14
3d8f0a14-ed3d-55ae-a5fa-03f804089338,DL-UM-40005,MDM-3000000003,Kit,2024-09-11T16:25:52Z,2024-10-14T20:28:26Z,9d5a692c-c26e-5d2b-b21c-ebd62e384712,b47b31d7-f42d-5c01-832a-e78c632dc826
a7ae5455-428e-59e4-a0da-db2de20ce0d0,DL-BE-30041,GEO-BG-30029,Kit,2024-09-30T19:46:05Z,2025-07-22T18:41:29Z,409888d3-bc24-5605-b65a-a486018d8615,28af9e22-a110-5df6-8ecb-02c62898b927
03d3c701-b788-5cf8-a6c5-8c6598e4d112,DL-D10-350000,GEO-V12-400013,Kit,2024-10-03T19:12:40Z,2024-10-29T18:00:15Z,ac363797-661c-5f42-897f-618a45e33f53,a960fddd-b640-549b-9f34-6efa41545aa6
10501ce1-b18f-5200-ab26-dd29a32659f1,DL-UM-40036,GEO-UM-40036,Kit,2024-10-09T21:16:30Z,2025-09-17T18:12:58Z,44b31349-a486-577c-895e-2359db57bf7b,06995f45-a467-5677-9d37-935dc784f924
7827de79-4cfe-51b7-a713-b5a4946e45b8,DL-BE-30016,GEO-BG-30006,Kit,2024-10-21T14:59:38Z,2024-12-09T22:05:20Z,92944d17-4892-5a66-b036-76e8bd5430bb,d617ddb3-6ea0-58fe-9c1c-6cf7a91ca1ba
2e548097-9d25-565d-b128-60ec59a0330f,DL-UM-40014,GEO-UM-40014,Kit,2024-11-05T20:16:10Z,2025-01-17T18:09:43Z,936dc95f-fb0b-557c-b1d8-82b232424f8e,ddb2ed82-1f8d-52a6-a4f6-9f93ebb96b90
a633e6d7-2903-5d6d-8dee-57a258b4bcb0,DL-D10-350000,GEO-V12-400013,Kit,2024-11-06T15:44:02Z,2025-10-09T20:22:17Z,749be515-1f55-5a25-8dd6-c0eda988e59b,2793e3fa-d225-5a8a-bfbc-05a68a0b2f7b
9fcfd697-88e8-5c1f-a08b-4da36c86e684,DL-UM-40022,GEO-UM-40022,Kit,2024-11-21T21:23:53Z,2024-12-04T20:03:57Z,90640b1d-6698-5e25-82f6-38ea92e7929f,0b256119-d3fa-52e7-bfa2-5e3c3f8d93b1
7357d326-f236-5d88-a9c9-81a2563f5690,DL-UM-40005,MDM-3000000003,Kit,2024-11-25T19:59:27Z,2026-03-11T17:54:37Z,ea6a594a-1642-5bc9-8738-31abe0ff6787,52ea6c2d-52cb-5601-9b5d-3576ac3b4737
686a6f85-9bf0-5e8c-964d-4edc145b7545,DL-BE-30011,GEO-BG-30025,Kit,2024-11-26T15:32:53Z,2024-12-27T22:54:18Z,d3426a18-7090-5ba7-8792-e2153f391976,e0d2eefb-4202-59e7-ab94-f518440620ef
6712f6ae-311c-514f-b7fa-fe9a2de0fda3,DL-UM-40034,GEO-UM-40034,Kit,2024-11-27T17:38:05Z,2026-03-09T20:04:40Z,e74f069c-005c-546b-a9a8-9db3e51cb15d,87317d7e-a552-5eef-a1ab-6739106444fd
26c1a28e-d10f-58b3-b6f8-6017122756f5,DL-UM-40039,GEO-UM-40039,Kit,2024-11-29T15:47:29Z,2025-02-07T19:21:45Z,a12ee721-079f-5a85-80a2-f9939711dd58,35122f47-39fb-5b69-a0be-60d43661531f
784948e8-5046-5f37-9a7e-3b61abefd4bf,DL-UM-40006,GEO-UM-40006,Kit,2024-12-05T14:07:23Z,2025-04-24T20:24:56Z,b989071d-6df9-5551-9380-1fa19e7edb6f,806ce11f-1a65-5a7a-b765-f897caa5e1fb
041850cb-bc7b-5847-b1cc-1aca0dfe20b5,DL-BE-30023,GEO-BG-30027,Kit,2024-12-05T15:42:27Z,2025-03-03T21:21:04Z,5b0d8d4c-82c6-564d-9bfc-a257b7d88eba,d8580eb9-c6a9-565e-b7e3-66f8aa051709
1658eb79-5f62-5362-816c-8049bc65d1a1,DL-UM-40002,MDM-3000000000,Kit,2024-12-11T21:53:20Z,2025-03-31T17:30:25Z,47d37d14-f2cb-5299-af8d-a10de5fd3e65,bfe12f9c-72f6-5752-afb9-f16d7f43d937
f38b5851-2690-5d13-b836-fd5134969764,DL-BE-30016,GEO-BG-30006,Kit,2024-12-13T14:13:38Z,2025-09-15T19:33:47Z,7927e8e0-05b4-581c-8dcf-509dd8b1bf3b,5a7f8648-28b9-502f-b4ed-e0e576d519ae
7cc6975e-b2ed-57c7-893a-ef47fd2b13d2,DL-BE-30018,GEO-BG-30021,Kit,2024-12-23T16:37:28Z,2026-01-12T20:42:59Z,c59533b4-d033-5af1-88a8-73e8ec2d8017,781e30db-e9a5-53d7-becb-661acba3b854
e638676a-a438-59b2-a5b4-409ab491d23b,DL-UM-40025,GEO-UM-40025,Kit,2024-12-25T16:31:18Z,2025-07-24T10:14:22Z,00c93eb4-a14b-5552-b8da-d0ca6eff6879,cbb45afa-1229-5cc7-a110-ea0d0408c595
cfebf4ff-2326-5eaa-a989-f7afd602e89c,DL-D10-300006,GEO-V12-400010,Kit,2025-01-01T13:52:23Z,2025-08-22T19:52:08Z,28ea294d-74be-55a6-b8fa-c0abcee0ed11,5d6de4f5-6745-5b05-a1cd-047080d0eb67
0f124408-464a-5fd9-ad41-c1145cd13fc6,DL-D10-350005,GEO-V12-400004,Kit,2025-01-13T14:31:07Z,2025-05-19T18:32:16Z,ea592e84-b47a-5cf6-ad36-01856dec5a81,27bef9bf-9732-5060-b606-eb2c4259255e
ad2db079-41b4-5e14-8921-b5227f7e10a8,DL-D10-350005,GEO-V12-400006,Kit,2025-01-13T14:31:07Z,2025-05-19T18:32:16Z,ea592e84-b47a-5cf6-ad36-01856dec5a81,27bef9bf-9732-5060-b606-eb2c4259255e
9a344de6-db5c-5d8e-95c7-31247bbf7dae,DL-UM-40009,MDM-3000000001,Kit,2025-01-14T21:32:50Z,2025-06-09T21:17:45Z,a7b49f83-ec81-5493-ae19-30e980f275e1,6a89b27e-e4aa-5450-a432-db905a0d7011
a96597fc-82f0-5aeb-a095-30ccdfc65b10,DL-UM-40016,MDM-3000000002,Kit,2025-01-17T19:24:06Z,2025-02-08T22:14:23Z,ae17b66f-1ee9-562a-847a-bd6fd6eb9f83,3965087f-2494-571a-ad82-73f0a529a29a
835e08c3-0bc3-5e4c-816c-75153925c9ae,DL-UM-40016,GEO-UM-40016,Kit,2025-01-17T19:24:06Z,2025-02-08T22:14:23Z,ae17b66f-1ee9-562a-847a-bd6fd6eb9f83,3965087f-2494-571a-ad82-73f0a529a29a
d80bfc28-2e07-5f11-8595-39ec4866c222,DL-D10-300002,GEO-C22-450000,Kit,2025-01-17T12:34:14Z,2025-05-30T18:42:38Z,9e2c2587-a0bf-5b7a-a2bd-93f18d15448a,4e535230-af47-5f07-976c-56172665f81c
0e9bb417-d680-5104-ab3c-5773d9aaedef,DL-D10-300002,GEO-C22-450001,Kit,2025-01-17T12:34:14Z,2025-05-30T18:42:38Z,9e2c2587-a0bf-5b7a-a2bd-93f18d15448a,4e535230-af47-5f07-976c-56172665f81c
320009be-b4f1-5c7d-987c-c7748c9ce35a,DL-D10-300002,GEO-V12-400008,Kit,2025-01-17T12:34:14Z,2025-05-30T18:42:38Z,9e2c2587-a0bf-5b7a-a2bd-93f18d15448a,4e535230-af47-5f07-976c-56172665f81c
ec5f7287-230d-5256-ba46-7cfdf6e4407c,DL-UM-40014,GEO-UM-40014,Kit,2025-01-27T20:35:31Z,2025-02-05T18:58:09Z,8cd789f2-2585-5ddd-9839-8ff3ab0defcd,b6a10024-5b00-5a32-b4ff-7c00920c1a82
26799be5-e096-5e0c-b6d8-253adbfd5ba6,DL-UM-40031,GEO-UM-40031,Kit,2025-01-30T21:15:35Z,2025-02-17T21:53:09Z,edf1185e-2104-5531-8b7b-f02bd6c84da7,bf37c63a-6152-5aeb-a106-bb3d1d247c74
512eb06e-6240-5b04-bea6-63235db11a08,DL-UM-40033,MDM-3000000007,Kit,2025-01-31T21:42:25Z,,afe11b69-3128-50be-9b21-9de0da86099f,
29b727fb-7fb8-5337-91a0-4c997ae17e62,DL-UM-40033,GEO-UM-40033,Kit,2025-01-31T21:42:25Z,,afe11b69-3128-50be-9b21-9de0da86099f,
bb3ff436-0088-555a-b3da-f2f606eb6f8f,DL-BE-30013,GEO-BG-30031,Kit,2025-02-03T21:49:47Z,2025-02-25T22:27:10Z,07c01614-2c68-55b2-803a-0619f1a08ba8,89b99f7e-0715-5a5f-9a39-b6deb172d885
25edb18b-a1f3-5abe-8375-23498f929670,DL-BE-30017,GEO-BG-30018,Kit,2025-02-11T16:31:59Z,2025-04-08T18:15:49Z,f88d3a5e-4f68-5d8a-8be5-223898ef132e,2dc9e732-93d1-56b2-83ec-db4f51438282
fb5b26a5-0bea-5364-9997-11d386e4db4d,DL-BE-30011,GEO-BG-30025,Kit,2025-02-14T13:37:22Z,2026-03-12T19:49:08Z,c76351b3-15ff-565a-ba04-b3bc9ea9f099,134cfdf5-95f1-538d-bac0-6e738abf33d3
e70a5eca-ed4f-5ce4-be5e-871855c67726,DL-UM-40032,GEO-UM-40032,Kit,2025-02-14T13:32:10Z,,b7d801d3-1403-5274-ba08-f7f3c73468c0,
1af02deb-1d19-54ff-9417-7eae11133e9f,DL-UM-40016,MDM-3000000002,Kit,2025-02-17T19:52:05Z,2025-10-29T21:39:47Z,7c5d897d-3107-5856-a471-12d0a3dcb50a,caf664d1-6b90-5077-ae4a-a2a87e34d57c
afc88556-b5b5-53bb-be3c-472f9171c5a0,DL-UM-40016,GEO-UM-40016,Kit,2025-02-17T19:52:05Z,2025-10-29T21:39:47Z,7c5d897d-3107-5856-a471-12d0a3dcb50a,caf664d1-6b90-5077-ae4a-a2a87e34d57c
a971f014-09da-5157-a23e-c42f0018c4dd,DL-UM-40022,GEO-UM-40022,Kit,2025-02-20T13:51:54Z,2025-03-03T22:29:27Z,495126a8-9970-584b-9a7d-3063dc0d1100,139852cf-f5be-52ce-a57e-8abef2740abd
3dec717b-5c00-54f2-989d-8dfe6a92a357,DL-D10-350006,DST-5066,Component,2025-02-24T12:15:51Z,,0d671f9a-4b27-51f2-9023-c412e31372e4,
62b5d67e-04a5-55dd-b610-d2a7ffe713bd,DL-UM-40039,GEO-UM-40039,Kit,2025-02-24T19:36:48Z,2025-03-19T20:02:38Z,1d9f512e-097f-56f2-821b-cdb10205e3a8,723bba96-678f-50e5-b5f4-2c7901da8efc
0b159739-9ea5-5fc1-9668-51678ea30cb3,DL-UM-40000,GEO-UM-40000,Kit,2025-02-24T21:55:02Z,2026-08-21T18:09:14Z,e28c1467-395e-5621-ad90-dc8686c7b07b,dec81e81-b615-5b9b-bcb3-573ae9d18012
0c95ed3e-5d07-5ef4-a280-cb1bd5ec1a91,DL-UM-40000,SLM-UA-40002,Kit,2025-02-24T21:55:02Z,2026-08-21T18:09:14Z,e28c1467-395e-5621-ad90-dc8686c7b07b,dec81e81-b615-5b9b-bcb3-573ae9d18012
b7c84439-db3f-57f0-adca-f283b6489fb4,DL-UM-40014,GEO-UM-40014,Kit,2025-03-04T14:44:15Z,2025-03-17T18:17:25Z,3a2460e8-9f37-5237-8a47-f54639ed1223,98c0aafa-9dc4-5d9a-adb3-542488594dc5
83b8bce2-9f10-5b2d-95cc-820a87c62d5d,DL-UM-40031,GEO-UM-40031,Kit,2025-03-10T17:58:26Z,2025-09-01T20:32:33Z,2f581b60-5ca5-56d6-959e-32c9c5e873a5,06023736-a12c-53cf-9d5a-a8c60eb104c0
38a58de3-6118-5c3c-aeec-3d7168de5f35,DL-BE-30013,GEO-BG-30031,Kit,2025-03-17T18:32:43Z,2026-07-08T19:18:36Z,7794ae89-e7e7-549d-8cbc-57af96d1d3ca,21070c7c-b137-57f7-a0c9-1fa1e18c6a91
13318fc3-ce19-5ebd-87b6-5dab0fbe4485,DL-D10-300005,GEO-V12-400003,Kit,2025-03-28T14:19:36Z,2025-05-23T20:55:20Z,a5ce2434-61f6-5a8d-bc5b-a42bbba8d951,41ab18e5-9f2d-5fbd-9e96-2f82e2037844
1bfa0978-3b90-516d-8ef9-960642df6607,DL-D10-300005,SLM-S50-500023,Kit,2025-03-28T14:19:36Z,2025-05-23T20:55:20Z,a5ce2434-61f6-5a8d-bc5b-a42bbba8d951,41ab18e5-9f2d-5fbd-9e96-2f82e2037844
2747b9fa-4432-5592-bc76-627b46c648ca,DL-UM-40039,GEO-UM-40039,Kit,2025-03-30T14:40:12Z,2025-11-03T22:13:24Z,2bf564fb-15da-5557-84b9-5810c8ce9f0d,7f2496bb-f5c0-57d1-a7eb-e73f9741f9f3
163c269d-1b39-57ba-8e96-f01ecaddbe01,DL-BE-30002,GEO-BG-30000,Kit,2025-04-03T12:21:41Z,2025-12-15T20:36:47Z,41bd9d4a-54b4-5b40-897c-d46d4ef53e94,7cd79b6a-d3d0-58e1-bbf4-fb8e70f75a64
28fd6ca6-5a6e-592b-8ca4-faeb44ba2c70,DL-D10-300003,GEO-C22-450007,Kit,2025-04-07T12:08:06Z,2026-05-07T21:46:26Z,27dafa32-fb34-53a7-88cc-399f0ded913a,c6a16ccb-4e68-53db-8ae7-dbcc4841df1e
33a48a7b-2ec7-55ae-9d37-646e6539a6fd,DL-UM-40022,GEO-UM-40022,Kit,2025-04-09T18:33:38Z,2026-08-04T21:36:10Z,b06111f5-665b-5161-8ebe-a8dba4e4442d,46a7105d-c5ca-5d28-af85-145585a7c3a1
21e0779e-39a7-5f24-a8b4-ce2860cc31ce,DL-BE-30023,GEO-BG-30027,Kit,2025-04-11T17:57:59Z,2025-12-12T19:23:14Z,e674cac0-89bc-572e-9e41-43a8caed7719,6074c4fc-665c-5aba-83e9-a7967f89c43f
5194b8c7-4965-5abe-a348-a0b064b15b61,DL-D10-300001,SLM-S50-500002,Kit,2025-04-15T12:46:36Z,,59e8213b-190a-5e79-a8b9-6bab11d0df00,
b1bcbd87-d4f1-52e3-a62d-d57a10372794,DL-UM-40024,GEO-UM-40024,Kit,2025-04-18T11:50:48Z,2025-07-30T19:02:28Z,6dff1297-9429-5b63-84a9-14a1b686e54d,acad1ce2-7d46-5ed0-95fb-eea3510fd44e
86f890ec-37ca-5fc4-ae89-c55b6dbcad6c,DL-UM-40004,GEO-UM-40004,Kit,2025-04-30T19:28:58Z,2025-08-18T20:14:40Z,e7f1b29c-eacf-549f-b769-cd8ca4ae4efa,8756b85c-4275-5ac3-98a4-45fc91b3b6ba
9a0066ff-d74e-5d27-9d48-9262694f5f06,DL-UM-40004,MDM-3000000005,Kit,2025-04-30T19:28:58Z,2025-08-18T20:14:40Z,e7f1b29c-eacf-549f-b769-cd8ca4ae4efa,8756b85c-4275-5ac3-98a4-45fc91b3b6ba
bdb1996a-4e97-55f2-91e3-9e8a711b741c,DL-UM-40006,GEO-UM-40006,Kit,2025-05-05T20:15:42Z,2025-07-28T19:56:28Z,c658aba8-f78f-53a0-8834-4a90b6d62322,85139a02-ecab-5c17-9265-6167b5b1813b
7bfe9a79-a802-5342-93de-6b017759a9c0,DL-UM-40037,GEO-UM-40037,Kit,2025-05-09T10:11:00Z,2026-08-24T19:29:42Z,fb21c564-fdf5-5dd8-aecc-3246f0d4760e,ec617bbd-8f61-58bd-8c3a-755dd81ca07a
12181672-4f9a-5e9c-8467-ac15c38bb22e,DL-BE-30036,GEO-BG-30030,Kit,2025-05-12T19:05:06Z,2025-08-06T19:38:32Z,479525d3-8f52-5e20-9658-15c0eda2c454,6ead2d37-ccd3-5aa1-84db-fdc341ac3ab1
072d1ae2-84f3-5bb3-9384-0bab5a5858db,DL-BE-30036,GEO-BG-30033,Kit,2025-05-12T19:05:06Z,2025-08-06T19:38:32Z,479525d3-8f52-5e20-9658-15c0eda2c454,6ead2d37-ccd3-5aa1-84db-fdc341ac3ab1
cd0200e8-52f5-5d11-b2cd-9b8d89ca4d9c,DL-UM-40002,GEO-UM-40002,Kit,2025-05-19T13:47:45Z,2025-08-04T20:00:12Z,e8ef77c5-4524-5de6-9b2c-d50cd20c6fb1,e6821838-3f39-5769-b1d4-b4beba392cec
f30fb0f7-d212-5303-acde-09a2de3ce709,DL-UM-40002,MDM-3000000000,Kit,2025-05-19T13:47:45Z,2025-08-04T20:00:12Z,e8ef77c5-4524-5de6-9b2c-d50cd20c6fb1,e6821838-3f39-5769-b1d4-b4beba392cec
6c7deedb-f206-5fc2-aced-09635dfc6e5c,DL-D10-350005,GEO-V12-400004,Kit,2025-05-23T15:59:08Z,2025-07-17T14:56:13Z,636db6f7-4737-58e8-8644-f9d7d55fb4e2,16104d34-34e1-55bd-8a88-8ed0f4b63705
f9370310-381e-53e1-8ba3-a5af7638694a,DL-D10-350005,GEO-V12-400006,Kit,2025-05-23T15:59:08Z,2026-02-06T19:21:58Z,636db6f7-4737-58e8-8644-f9d7d55fb4e2,8879c782-fe7a-5541-bdea-ac9a5616b1f6
98accd22-3d6a-5d66-a3fe-ae24ebacae76,DL-D10-350005,SLM-S50-500020,Kit,2025-05-23T15:59:08Z,2026-02-06T19:21:58Z,636db6f7-4737-58e8-8644-f9d7d55fb4e2,8879c782-fe7a-5541-bdea-ac9a5616b1f6
1733c2d1-300a-5f4f-beba-89bded8efb81,DL-BE-30017,GEO-BG-30018,Kit,2025-05-23T20:46:24Z,2025-06-04T20:08:25Z,6e41dd8c-a83f-5325-87bf-6bf900cb0919,ecb41877-1747-5651-8c38-a4ae1efb6009
1b93f708-82c8-5a9d-9efa-c0e2e123705d,DL-BE-30034,GEO-BG-30024,Kit,2025-05-30T14:56:06Z,2025-12-24T22:41:25Z,c74914ba-4299-557f-993c-6b8e0fd953c0,70754b63-ecea-5def-8395-1a2906e45540
7a266c46-b040-5475-9bf6-f448f0b3caa1,DL-BE-30034,GEO-BG-30026,Kit,2025-05-30T14:56:06Z,2025-12-24T22:41:25Z,c74914ba-4299-557f-993c-6b8e0fd953c0,70754b63-ecea-5def-8395-1a2906e45540
aec090df-0703-576d-a887-83856d7fa28c,DL-D10-300002,GEO-C22-450000,Kit,2025-06-03T20:45:18Z,2026-07-29T18:44:39Z,fd06f24b-61c5-555d-9ed5-79b1145695ea,cbff4edd-896b-5153-94c2-906b43413c33
b5b0c4b3-8f25-531b-a6fe-1123f43889db,DL-D10-300002,GEO-C22-450001,Kit,2025-06-03T20:45:18Z,2026-07-29T18:44:39Z,fd06f24b-61c5-555d-9ed5-79b1145695ea,cbff4edd-896b-5153-94c2-906b43413c33
bf605206-d8f7-560f-8fdc-65fab5eb8eda,DL-D10-300002,GEO-V12-400008,Kit,2025-06-03T20:45:18Z,2026-07-29T18:44:39Z,fd06f24b-61c5-555d-9ed5-79b1145695ea,cbff4edd-896b-5153-94c2-906b43413c33
23bcdc1f-b358-510a-bf1f-fb27750b1359,DL-UM-40014,GEO-UM-40014,Kit,2025-06-05T19:45:15Z,2025-11-05T22:38:44Z,ed589bad-32c5-5651-8a4a-fdf1b98cb390,4f66eb8e-ebd1-5107-ab97-896669d8e2e9
1f08e064-0fe0-5104-9538-af3b3684dc20,DL-BE-30010,GEO-BG-30010,Kit,2025-06-18T10:12:30Z,2025-12-27T01:04:26Z,018a7c1c-c5e1-5ab4-bb6d-159f5b24479b,4aa067f5-8a00-568f-99ba-597e79ffa431
44b2e609-1b4e-5b63-b223-126f730705aa,MDM-3000000012,DST-5067,Component,2025-06-25T11:28:57Z,,cf3e782e-8442-5048-bfc3-ddd0648205f6,
afd2bc3b-8e83-5c8a-80e4-004fa1cb3812,DL-BE-30007,GEO-BG-30017,Kit,2025-06-30T18:04:07Z,2026-02-02T19:00:41Z,edb119a6-9c82-5774-a0f7-8b2c674438d1,c4bb43f3-e5f4-52ac-a038-625623dd7186
1522582a-73f3-587d-b29e-41d5a4ba5ac8,DL-D10-300005,GEO-C22-450003,Kit,2025-06-30T14:20:31Z,2026-02-19T19:24:20Z,f463cd44-9292-59a3-821b-3abda3144e82,e8809625-fd63-566b-8ba5-1e75c166c913
d36f8465-a7e2-57d0-99d5-ec4d102fca64,DL-D10-300005,SLM-S50-500023,Kit,2025-06-30T14:20:31Z,2026-02-19T19:24:20Z,f463cd44-9292-59a3-821b-3abda3144e82,e8809625-fd63-566b-8ba5-1e75c166c913
081ab322-65c6-5a06-97a9-6c0b94f1c601,DL-UM-40009,GEO-UM-40009,Kit,2025-07-01T20:50:45Z,2026-04-09T19:58:20Z,6ccfe8d8-931f-580d-b79d-f2dd5e1681c0,d449aaac-0d35-5569-a41a-36c51467ad86
08f24d03-9839-58c5-9225-af80e87f17f2,DL-UM-40009,MDM-3000000001,Kit,2025-07-01T20:50:45Z,2026-04-09T19:58:20Z,6ccfe8d8-931f-580d-b79d-f2dd5e1681c0,d449aaac-0d35-5569-a41a-36c51467ad86
50c94317-6cc3-5a10-be47-7976affaa775,DL-BE-30015,GEO-BG-30013,Kit,2025-07-06T16:13:47Z,2026-07-14T20:22:29Z,ba93891d-38f6-51f7-9dd6-1750d9eedc7e,8f7dd3f0-a06b-55f0-8619-b70dba05f190
4460b355-f48f-53c6-8d05-c26863ea0ba1,DL-UM-40038,GEO-UM-40038,Kit,2025-07-14T13:55:29Z,2025-11-06T21:47:41Z,c6c6e2f0-eb3a-5873-90a8-a50aeb655105,d28dd11f-5e84-52cf-a215-cc0c414961da
a52c648f-b4fb-59fa-bbd0-b1f494904281,DL-D10-350005,GEO-C22-450005,Kit,2025-07-17T14:57:13Z,2026-02-06T19:21:58Z,7b7cd690-10a7-5da1-8bf6-ae3a2dc2a7d2,8879c782-fe7a-5541-bdea-ac9a5616b1f6
a19cdcef-e1c4-5dbc-a84a-da16f8690600,DL-BE-30017,GEO-BG-30018,Kit,2025-07-21T15:53:31Z,2025-11-19T22:34:21Z,a623c6c2-7799-5e19-adcc-4e7cee83e231,38904167-5f0a-55ba-833a-9d42d4c5f18d
a82e960b-8c7e-53e2-a090-db3927b54644,DL-UM-40006,GEO-UM-40006,Kit,2025-07-31T19:21:54Z,2026-01-26T19:40:01Z,f5f88ed6-8cfa-59a9-bca9-af85c18d3551,d61df66f-d615-51e8-9068-429ee7136850
b06506a9-705a-56e9-af2d-36a8395c0dbe,DL-BE-30041,GEO-BG-30029,Kit,2025-08-04T15:53:29Z,2025-11-21T20:02:37Z,0d843f92-380c-55a5-9012-417b3162b550,6974b94b-23d6-508a-b402-6dda56792cf0
366a52ef-6cd8-548d-aacc-61ceec4082a5,DL-UM-40025,GEO-UM-40025,Kit,2025-08-04T17:19:04Z,2025-09-15T21:34:49Z,678d2d44-bf61-5a93-9452-625e7d75f3fc,45292785-b30f-501d-93d6-626a303f2cad
959c9f7d-573e-5114-8e0d-a22ffdff3d69,DL-UM-40024,GEO-UM-40024,Kit,2025-08-08T13:30:57Z,2025-11-26T21:30:13Z,bef73bbe-8854-5ddf-8ebf-34e10ded756c,675f2f54-914f-5454-8444-8b381e5c8c2d
00a1abaf-fe5a-5955-9c2c-a315ccc1b9c8,DL-BE-30000,GEO-BG-30007,Kit,2025-08-12T14:55:09Z,2026-03-16T18:39:24Z,dc391e1e-5e86-5827-a55c-54120c063315,a209a50c-eecb-5ea1-93be-21d9c0ee9601
cb44be69-b1a0-5fde-b0ba-c8c8b158eb26,DL-UM-40030,GEO-UM-40030,Kit,2025-08-15T19:34:32Z,2026-05-11T17:35:48Z,58b2d28e-3951-5c9d-8929-9c8d9327f80d,8fe77895-0a56-5cf4-9150-31a7b621d728
9e57a950-4118-5584-ae77-8bba1d17728f,DL-UM-40003,GEO-UM-40003,Kit,2025-08-15T22:12:23Z,2025-09-03T19:54:05Z,5b2e0f43-c758-5559-9831-f085829cc219,af9da438-851a-542a-9f1c-83de569250ee
310a37e3-22ea-5b75-9c0e-2658d3cba0e3,DL-UM-40003,MDM-3000000006,Kit,2025-08-15T22:12:23Z,2025-09-03T19:54:05Z,5b2e0f43-c758-5559-9831-f085829cc219,af9da438-851a-542a-9f1c-83de569250ee
ae0b4283-8fa5-5e9e-adb6-2ab47261432e,MDM-3000000013,DST-5068,Component,2025-08-18T12:01:32Z,,7ca7b011-696d-516c-ae76-214ba4d9eb81,
58a66990-87f9-55da-b217-b54aa07f3f08,DL-UM-40002,GEO-UM-40002,Kit,2025-08-21T19:05:09Z,2025-12-04T19:31:37Z,8d62bffe-32c2-5359-99fa-4b3adb22a8a4,38841ab1-0ba6-59ec-b499-9a1c359956cc
517ef833-3f0d-5a3c-97a8-1358dc5de265,DL-UM-40002,MDM-3000000000,Kit,2025-08-21T19:05:09Z,2025-12-04T19:31:37Z,8d62bffe-32c2-5359-99fa-4b3adb22a8a4,38841ab1-0ba6-59ec-b499-9a1c359956cc
1444c4c5-74a5-5a25-a831-78c9f5383dbb,DL-UM-40012,GEO-UM-40012,Kit,2025-08-22T14:26:05Z,2026-02-24T00:43:37Z,4a0d23f2-d955-5951-acf7-0d6a1e4973be,980eae79-6226-5ac6-8ab0-d02869418242
0ec0b407-36bb-59cf-a931-e013adc685ae,DL-UM-40012,MDM-3000000012,Kit,2025-08-22T14:26:05Z,2026-02-24T00:43:37Z,4a0d23f2-d955-5951-acf7-0d6a1e4973be,980eae79-6226-5ac6-8ab0-d02869418242
01c3116f-3301-51b1-895f-d8e705371ea1,DL-D10-350007,DST-5069,Component,2025-08-26T13:47:10Z,,4371c5a0-4a26-5632-9c8b-167ddc24ec83,
6c4ec242-4475-53e0-a3f9-e5fc1a6afa7a,DL-D10-300006,GEO-V12-400010,Kit,2025-08-29T13:59:19Z,2026-04-30T18:26:33Z,dfcbfd24-80c0-5958-a9fa-77c8042e7109,3d3c0843-3324-55aa-82f1-b7e2a5626ea3
7056751e-133e-5095-b918-ada22910ca49,DL-BE-30036,GEO-BG-30030,Kit,2025-09-10T16:46:58Z,2026-04-24T21:37:21Z,24d5e6b5-3083-5746-8496-87647da00a9c,58e49d6f-f2b3-5752-8fa0-14c5e8359984
8a06afdb-810d-5918-86a6-0b234f41cb3a,DL-BE-30036,GEO-BG-30033,Kit,2025-09-10T16:46:58Z,2026-04-24T21:37:21Z,24d5e6b5-3083-5746-8496-87647da00a9c,58e49d6f-f2b3-5752-8fa0-14c5e8359984
fc3af0ef-75ca-500a-8419-a05730481537,DL-UM-40031,GEO-UM-40031,Kit,2025-09-16T15:35:49Z,,17368fa5-b957-5b80-87ac-5930910de238,
ccdcb5de-552e-55ba-8ca7-9f1c742ba635,DL-UM-40025,GEO-UM-40025,Kit,2025-09-29T20:26:05Z,2025-12-17T18:38:25Z,f35f15c2-2f00-5af2-8f38-7c0b352d7adc,e84dc1dd-f4b2-50aa-a03d-ca66d5eb46d0
da26c808-e725-57fd-958f-7a7d62aeab0b,DL-D10-350003,SLM-S50-500021,Kit,2025-10-01T17:34:25Z,2026-03-27T18:09:57Z,a7214281-dab5-5a81-bf77-3b0f8a9748c2,fcfc5246-1330-5a9b-8bcc-3ef762c79a5a
798e709a-f118-54dd-a655-61ff5f7c7244,DL-UM-40026,GEO-UM-40026,Kit,2025-10-08T18:23:49Z,2025-10-31T20:21:53Z,ee704916-ba5a-5dc9-a74f-09d6a9c83cb9,fced2c31-cc25-5900-af7e-d8923b55f7f6
dcea07e2-9b64-53ff-be69-c25b484a3965,DL-D10-350000,SLM-S50-500019,Kit,2025-10-18T11:43:33Z,,5777df5b-55b9-5f24-a36c-7d8cac7d01b6,
6f70527b-62e0-50f5-840c-606f658d37eb,DL-D10-350000,GEO-V12-400013,Kit,2025-10-18T11:43:33Z,,5777df5b-55b9-5f24-a36c-7d8cac7d01b6,
998049ae-04e4-5c93-9c34-183a2b0093d2,DL-UM-40004,GEO-UM-40004,Kit,2025-10-20T19:47:50Z,2026-01-14T22:31:35Z,8aba3b7e-4bb1-541b-a973-27d1481f6534,981e29c7-216e-5362-ae6c-5748f62ac004
6a9ed7db-376a-5e90-84fe-6aa46f3a344d,DL-UM-40004,MDM-3000000005,Kit,2025-10-20T19:47:50Z,2026-02-19T21:20:39Z,8aba3b7e-4bb1-541b-a973-27d1481f6534,c78d367e-7358-5a7b-9859-809a92b91547
d03cc2d9-d50e-5c59-900e-40a1b672286d,DL-UM-40036,GEO-UM-40036,Kit,2025-10-21T21:43:50Z,2025-12-14T22:46:07Z,65f41cc1-8fa3-521f-9d40-40585d27717b,1de011cd-dd4e-50a6-bf9c-a1c645a234cc
96fface5-e240-5acc-a039-08c7f06b9277,DL-UM-40003,GEO-UM-40003,Kit,2025-10-24T21:42:02Z,2026-01-07T19:19:50Z,c1bd9dc1-9f45-5792-a721-5c093fd41ed3,bf4437c8-7f9e-589f-8e5e-708d9f2a6609
9ba3e066-65b9-5566-b5e2-a9615d2f69c3,DL-UM-40003,MDM-3000000006,Kit,2025-10-24T21:42:02Z,2026-01-07T19:19:50Z,c1bd9dc1-9f45-5792-a721-5c093fd41ed3,bf4437c8-7f9e-589f-8e5e-708d9f2a6609
24f4323d-eab6-5791-8b86-cf78a831d3f0,DL-BE-30016,GEO-BG-30006,Kit,2025-10-28T18:39:37Z,,6e832042-2f98-5cca-a889-7206c6c6d259,
ed5501a9-63a5-5823-a041-7b9989032a1b,DL-BE-30017,GEO-BG-30018,Kit,2025-11-24T14:42:32Z,2026-01-12T18:47:54Z,949d2599-61ba-525c-ae44-63f6167e639c,57b255cb-efde-5734-90be-e874dd6a83d8
f114ba95-085c-5992-8763-d3545f311457,DL-UM-40038,GEO-UM-40038,Kit,2025-11-27T18:03:30Z,2026-08-04T17:26:47Z,a346653f-2dc9-5fd6-ac79-5e0d32e1141e,031f56c2-eb75-56e2-8ee9-4083b1104c92
6c8911cd-9f20-58f4-ad1b-a3199453c7fe,DL-BE-30041,GEO-BG-30029,Kit,2025-12-08T15:01:13Z,2026-04-29T20:31:57Z,19ae3188-bb54-59de-928e-822e6980d8fd,651d9793-32d9-5b0a-917b-7c727c346d24
b8ab6b3e-9332-51f9-92de-50ba1552413e,DL-UM-40035,GEO-UM-40035,Kit,2025-12-09T19:08:16Z,2026-02-09T19:23:33Z,327f53ed-7faa-5ce4-a6f2-2190e8813bee,87c4663f-7f7e-5262-af8a-d25ef6474660
c45c3bcb-4ab0-5306-9b5c-e80382085926,DL-UM-40016,MDM-3000000002,Kit,2025-12-10T20:44:59Z,,1e3fccc0-dff7-5a51-8451-39a1812bd0d9,
a0c11204-32f7-573d-b7b6-b1a78a4142ac,DL-UM-40016,GEO-UM-40016,Kit,2025-12-10T20:44:59Z,,1e3fccc0-dff7-5a51-8451-39a1812bd0d9,
5f2a9dd3-e981-5812-ad1a-767114edff44,DL-UM-40026,GEO-UM-40026,Kit,2025-12-14T20:53:03Z,,dd9d9a1f-8985-5980-97a2-f6582a278dbf,
947f3788-eb3f-52f1-ad4b-ae720a1d4748,DL-UM-40014,GEO-UM-40014,Kit,2025-12-17T16:56:55Z,,a8184d05-945e-5895-92e7-b36b880d2bc8,
e9e694e1-009c-5984-a15f-4d6490270da3,DL-UM-40002,MDM-3000000000,Kit,2025-12-22T13:15:36Z,,58194062-86b9-59ae-ab31-763891ebc2c7,
6b01f8ff-51c5-5cc6-90dc-ca8b08330c4c,DL-BE-30023,GEO-BG-30027,Kit,2025-12-25T20:20:16Z,,7d9478a5-d804-5d3f-b9b8-8673aca9bbc6,
5cf7cec2-d26e-5d65-ae90-fd03e7d833e1,DL-D10-300004,GEO-V12-400009,Kit,2025-12-30T17:03:37Z,2026-02-09T22:08:27Z,49fdfbd0-fd00-59b2-af68-b0264f62c258,80cb060c-4be6-57ae-baab-4b454280377e
d2127919-0e8f-5d8a-b5c4-f5badd98fe92,DL-D10-300004,SLM-S50-500016,Kit,2025-12-30T17:03:37Z,2026-02-09T22:08:27Z,49fdfbd0-fd00-59b2-af68-b0264f62c258,80cb060c-4be6-57ae-baab-4b454280377e
2a02bffe-0edf-54d3-abb7-0adf4e4e23a5,DL-UM-40036,GEO-UM-40036,Kit,2026-01-02T22:44:27Z,2026-02-23T22:42:44Z,ed927240-5755-545d-8d1d-d310d9e54e5f,16e1b7df-9e32-5445-a6af-e2f5f370334d
ba6a8967-6fe4-5c58-9ab9-7dd43e1ccdb4,DL-BE-30034,GEO-BG-30024,Kit,2026-01-05T14:07:40Z,2026-01-19T18:12:43Z,27bab249-b8a1-5939-a7fe-f5c1adc427e3,68c3b79a-2579-5612-8c90-2df08abd64e9
54af6745-d15b-5b47-a5d6-e1a5d738b358,DL-BE-30034,GEO-BG-30026,Kit,2026-01-05T14:07:40Z,2026-01-19T18:12:43Z,27bab249-b8a1-5939-a7fe-f5c1adc427e3,68c3b79a-2579-5612-8c90-2df08abd64e9
a67acb31-a63c-5e6f-8b16-a0b3d407d1a3,DL-UM-40024,GEO-UM-40024,Kit,2026-01-05T15:43:26Z,2026-03-18T19:14:34Z,c8d6e95f-1c70-5d6a-bc93-11a15efa0337,793e8af9-39e9-5dff-940c-ff0ce702e933
5b18d769-5ae4-5266-b27d-e4d3676fb0c2,DL-UM-40007,MDM-3000000013,Kit,2026-01-19T16:55:17Z,2026-07-07T17:24:35Z,bf498fd5-5feb-5c59-850e-8e72b65d8cf3,e1177fd0-ade0-50d6-ae3d-99dbf29dc86d
a986e280-09a4-50ec-b38c-59793daf26ee,DL-UM-40025,GEO-UM-40025,Kit,2026-01-19T18:06:08Z,,b713f25d-cf90-5d91-8ac3-af6650ccc45a,
b33f5dc0-eedf-5df5-b91b-50766dcc744c,DL-BE-30018,GEO-BG-30021,Kit,2026-01-19T21:06:38Z,,b03b6027-3428-511c-9c3b-57e5b50234ea,
60327387-b7bd-5e72-9558-7546c7df5b77,DL-BE-30002,GEO-BG-30000,Kit,2026-01-26T14:09:45Z,2026-08-28T17:43:59Z,f859c74b-ee1d-58c7-a2ca-1ee69e638d6c,603e28b6-54dd-5a76-923a-12edb28111fb
5c5f53cf-29a2-5b34-b37c-b50e33ae620e,DL-UM-40017,GEO-UM-40017,Kit,2026-02-02T17:10:57Z,2026-03-23T20:52:53Z,3e5f1f96-8d54-5f44-9171-670bb699c9bd,2d18740f-e081-5989-b3de-9d2a14fbdbb3
0fed9bb1-6e38-5d1d-953b-e87740650d8e,DL-UM-40003,GEO-UM-40003,Kit,2026-02-14T18:22:56Z,,ac386abf-85ed-5260-858e-e8af1687f3d0,
4ff81f5c-b1e8-5a2c-827e-0dda967af767,DL-UM-40003,MDM-3000000006,Kit,2026-02-14T18:22:56Z,,ac386abf-85ed-5260-858e-e8af1687f3d0,
7c5c6f76-c9dd-5e1d-b8b8-1bf706bb7035,DL-UM-40003,SLM-UA-40001,Kit,2026-02-14T18:22:56Z,,ac386abf-85ed-5260-858e-e8af1687f3d0,
4379f22a-4978-56a8-8312-14ce63ba1992,DL-BE-30007,GEO-BG-30017,Kit,2026-02-23T16:59:05Z,,13f90eed-d2d7-5fea-aab0-a264f0b46c84,
7c20a4ca-e080-5fdf-a17e-b65520474e8c,DL-D10-300005,GEO-V12-400003,Kit,2026-02-23T16:59:37Z,2026-03-23T21:39:30Z,59ae9931-c8d9-5a1d-925f-5297200ea1be,343b3351-64a7-5974-b4cc-163360540711
06da7179-facd-5365-af2e-17bdcb0b8944,DL-UM-40035,GEO-UM-40035,Kit,2026-02-23T19:21:52Z,,b4ac9ac8-4e85-5001-a91c-e20e5f3f7164,
f50a9c48-145a-58db-a035-b050161b58c9,DL-UM-40010,GEO-UM-40010,Kit,2026-03-05T16:21:40Z,2026-06-09T19:18:35Z,f712b2ea-44da-5f8c-b691-ef1b4e18b57e,d4317e9a-e4b8-5370-89ae-b56663e5ba45
6d667396-a2a7-5bcf-8515-cac2bfa93b86,DL-UM-40010,MDM-3000000010,Kit,2026-03-05T16:21:40Z,2026-06-09T19:18:35Z,f712b2ea-44da-5f8c-b691-ef1b4e18b57e,d4317e9a-e4b8-5370-89ae-b56663e5ba45
e19d0ad4-b9e6-5573-bfa9-b143067b96a5,DL-UM-40021,GEO-UM-40021,Kit,2026-03-06T14:24:16Z,2026-08-17T19:10:41Z,4ad719a0-dcac-5c73-ad34-4615438188ca,736568dd-cf16-50c4-8c30-404a7f42211e
2b1cdacf-f6ff-5d00-b088-2ef70bea8bc4,DL-D10-300004,GEO-V12-400009,Kit,2026-03-08T17:05:06Z,2026-03-31T17:49:33Z,91349947-77e5-520e-a334-5f7fb490461a,7fbf45a1-2ab2-5b53-a548-7498aca0a6f8
d696af69-3407-5665-b314-3a3b0a81c8d0,DL-UM-40036,GEO-UM-40036,Kit,2026-03-09T14:48:32Z,,35a1d610-eda9-57a1-aa23-0a02390da818,
6051b6b5-231b-5601-a088-0f1de5daff37,DL-UM-40034,GEO-UM-40034,Kit,2026-03-13T16:52:49Z,2026-07-16T18:04:00Z,9c601d4b-d70d-5d0c-b7a9-d7bd4a1d0329,5ed29d9d-2b39-58b7-a527-825309fb0f51
16a2b6a3-95b1-57a9-96aa-8a3cacbfc093,MDM-3000000014,DST-5072,Component,2026-03-16T13:00:10Z,,fe2fb099-9ab4-58ba-94f4-2716f6a63dc3,
7a505dbb-748b-532d-9c35-a622a642cf2e,DL-D10-350005,GEO-V12-400004,Kit,2026-03-18T19:26:24Z,2026-07-28T10:25:26Z,08e671ed-e6e9-51bb-b770-5d1e5ffacc96,a58a6b48-1772-50d2-8cc7-9c4454f9193e
eb86e21e-697d-5071-808a-45af59cf7ce9,DL-D10-350005,GEO-C22-450005,Kit,2026-03-18T19:26:24Z,2026-07-28T10:25:26Z,08e671ed-e6e9-51bb-b770-5d1e5ffacc96,a58a6b48-1772-50d2-8cc7-9c4454f9193e
42326676-e4a4-5ade-8de4-2d8220c26688,DL-BE-30034,GEO-BG-30024,Kit,2026-03-19T14:01:25Z,2026-07-02T19:25:08Z,6287d3e9-ffea-57b5-a1cf-d41e9524b1e4,fbb15441-9fcf-5921-bd86-7fe2640041d3
c29dad14-d414-5d63-833c-f166720e7daa,DL-BE-30034,GEO-BG-30026,Kit,2026-03-19T14:01:25Z,2026-07-02T19:25:08Z,6287d3e9-ffea-57b5-a1cf-d41e9524b1e4,fbb15441-9fcf-5921-bd86-7fe2640041d3
0049ca87-adb6-5467-b7d4-760e13e4e414,DL-UM-40005,GEO-UM-40005,Kit,2026-03-20T19:10:31Z,,eed49100-b73c-5a3f-a8f5-a71cfde8274d,
5d262107-c199-5631-abb7-6183ed456b8f,DL-UM-40005,MDM-3000000003,Kit,2026-03-20T19:10:31Z,,eed49100-b73c-5a3f-a8f5-a71cfde8274d,
0b6a1915-72c4-563d-b580-ed2ad80ff340,DL-D10-300005,GEO-C22-450003,Kit,2026-03-23T21:40:30Z,,21d744e9-ddac-567c-800e-5ca4086b612c,
ba4aab66-1d10-5e93-b293-702b730678fb,DL-UM-40017,GEO-UM-40017,Kit,2026-03-30T13:37:52Z,2026-08-18T17:35:29Z,ffbffeb6-7f63-5212-a699-bf578ec8dba0,1f1dedbd-9f8e-5eb2-8a3e-94ee37a2f727
d0073854-716d-54ab-88a0-991147e37758,DL-D10-350008,DST-5073,Component,2026-04-07T14:38:06Z,,f4fe7cbe-5943-5aae-bdd4-086c1859b769,
ed4a316d-ed4a-57bc-a1f2-51a511a6c784,DL-UM-40011,MDM-3000000009,Kit,2026-04-08T17:59:50Z,2026-05-29T21:14:42Z,c7409f2d-62dc-5e6e-8473-abe2acd9230e,25ef46dc-aa3c-5b47-9093-7be79672cd76
9dcd2a1e-9c31-5807-9733-e24e4566ff6e,DL-BE-30000,GEO-BG-30007,Kit,2026-04-09T19:06:51Z,,ddb83d54-3a4e-5917-a1cb-ca5f605a10e1,
8f14fd92-7557-5b60-bff3-0f4d251a31f9,DL-UM-40004,GEO-UM-40004,Kit,2026-04-10T14:05:21Z,,f9a31c24-870f-5a1d-bbbb-5a3e94dba47b,
5f78ce8e-64ef-5d6a-af5f-f928224efaf8,DL-UM-40004,MDM-3000000005,Kit,2026-04-10T14:05:21Z,,f9a31c24-870f-5a1d-bbbb-5a3e94dba47b,
6f246a1d-7251-5a6e-bbc5-21aac75a1bcb,DL-UM-40009,GEO-UM-40009,Kit,2026-04-13T22:45:39Z,,7ef6d428-5298-5576-a753-274bd26039e1,
1b85ed2a-1ff1-53b5-8894-ed4b84fdd998,DL-UM-40009,MDM-3000000001,Kit,2026-04-13T22:45:39Z,,7ef6d428-5298-5576-a753-274bd26039e1,
f1f7fc16-014f-5d94-aa00-e0538cd74e99,DL-UM-40024,GEO-UM-40024,Kit,2026-04-13T15:57:45Z,2026-05-18T23:38:53Z,c9da348a-99a8-5d47-8b16-e00490ed40ae,2d26dbb2-de4a-5e1a-a32e-e906f63e65c0
f3184012-c803-5c71-ad55-2d1799748ee3,DL-UM-40040,GEO-UM-40040,Kit,2026-04-13T17:43:39Z,2026-06-08T19:46:52Z,a177ea8a-2ef1-5581-be4d-c7cf3805ca46,451b656d-5238-55fb-ab9b-3b667793ec0a
8e4e7f1f-977a-552e-b5e6-d59996d13a4d,DL-UM-40006,GEO-UM-40006,Kit,2026-04-17T21:59:03Z,,da650cf9-8e0c-5dff-9cf9-94db19ad9cf3,
90ee2cb2-17a3-5a0b-a1e3-d5b4a5253252,DL-UM-40012,GEO-UM-40012,Kit,2026-04-24T19:28:34Z,,f77440ee-139a-5dd8-974d-b637457afcaf,
f92e08f1-85b8-5a0f-a32e-c798c9ffa949,DL-UM-40012,MDM-3000000012,Kit,2026-04-24T19:28:34Z,,f77440ee-139a-5dd8-974d-b637457afcaf,
d5fabfb7-0943-59dc-bdb4-ad0a2fd3df9d,DL-D10-350008,GEO-C22-450008,Kit,2026-04-29T14:48:29Z,,2033efb5-63ff-54ed-b379-953469309b32,
dfe134dd-4275-50af-a99e-ae88af9551d9,DL-D10-350008,SLM-S50-500015,Kit,2026-04-29T14:48:29Z,,2033efb5-63ff-54ed-b379-953469309b32,
794a2a67-a755-57fe-a574-bc526b5a34a1,DL-UM-40015,GEO-UM-40015,Kit,2026-05-08T16:18:17Z,2026-06-13T17:30:06Z,bee489e9-13b4-5673-a5e7-6d9dd434eeb3,ff0b9b9d-a72f-543d-8948-dedf2db7a3a1
4f051b2e-b9f6-5cf7-a3b3-f41077edcde3,DL-UM-40030,GEO-UM-40030,Kit,2026-05-17T15:29:04Z,,c18a5a6d-07bd-5214-9c07-faa87ca57fed,
e31d4ce1-04c7-5b29-9f51-b2274d81578d,DL-UM-40028,GEO-UM-40028,Kit,2026-05-26T15:14:22Z,2026-06-29T17:32:20Z,3bfb323a-9bee-54e1-98f1-451ed81a75fa,20d4b467-887b-5bd6-9ca9-72ef1014cac2
b90077bf-f144-5d47-84b7-10b412d935db,DL-BE-30041,GEO-BG-30029,Kit,2026-05-28T13:33:16Z,2026-07-06T19:26:14Z,310ebf2c-536f-54b5-a612-29e4a93ce36b,7d10fc4c-3fc7-5886-98af-053aa33cd924
812b1dee-a03a-5704-b621-325ed5c7637e,DL-BE-30036,GEO-BG-30030,Kit,2026-06-01T13:23:01Z,,a6ef3f23-3ca9-5011-aec3-79d60104b490,
0a1b0c94-640c-57c6-ab27-2272bb98a67f,DL-BE-30036,GEO-BG-30033,Kit,2026-06-01T13:23:01Z,,a6ef3f23-3ca9-5011-aec3-79d60104b490,
23c5d644-761f-543a-93cf-581d4f624e68,DL-UM-40011,MDM-3000000009,Kit,2026-06-07T18:29:22Z,,cdeca6f9-b371-501b-b381-4fe19345548f,
f7c3afc8-dedf-5820-b809-d7bf58cd4fa7,DL-BE-30017,GEO-BG-30018,Kit,2026-06-15T19:01:15Z,,83a639da-12a4-5b51-8236-6154eec153aa,
9c1401b6-ef74-56fb-919a-7b3e58638832,DL-D10-300003,GEO-C22-450007,Kit,2026-06-18T16:41:21Z,2026-07-29T20:03:23Z,c1707742-4459-5675-ab1b-0a072a67706f,eb87de4f-a0c7-5d2b-98d9-66d7513e4b39
243bb53c-a15e-5cb5-9ef9-d17d6bee5ea7,DL-UM-40015,GEO-UM-40015,Kit,2026-06-23T14:51:14Z,,cce57f61-5c89-53d9-8a2d-6acada5897a3,
c434887c-ea9f-5ec4-8cf5-4bad3a91d884,DL-UM-40010,MDM-3000000010,Kit,2026-06-25T12:41:31Z,2026-07-13T19:07:11Z,ab483df8-926d-571a-9c79-0fc879a87878,5222afa9-557d-5a57-92b3-d890bb996f13
27ca7b7c-1088-5160-8412-c7bab1590925,DL-D10-300006,GEO-V12-400010,Kit,2026-06-26T20:30:15Z,2026-07-01T18:29:10Z,54614496-1b54-5052-a7f2-73accc3d6cbe,b6c1ed60-eb84-57f9-b26f-bb8499b8c0cc
bef689d0-8e4f-574d-bd4b-8fd623f95a28,DL-UM-40028,GEO-UM-40028,Kit,2026-07-03T18:40:45Z,,63eeefac-3a36-5728-bf8c-aa5be419433f,
a83ef0d4-96d5-5d8b-a1d1-2011c495cd82,DL-UM-40024,GEO-UM-40024,Kit,2026-07-09T12:50:04Z,2026-09-02T18:18:06Z,ddb6af27-feb2-5053-8c1e-038748618e2b,2c843453-bf2b-5fba-afe9-18d091a6cb09
7c76cb0c-268b-5924-afd0-bb1d25e18843,DL-BE-30034,GEO-BG-30024,Kit,2026-07-16T14:17:26Z,2026-08-03T10:57:55Z,1e986715-4a31-5061-a7b3-ade89fa016cd,2d04d520-f77e-5c65-8416-99787e354bcc
f2fdd4cf-112c-5b62-8102-92c1f4943d65,DL-BE-30034,GEO-BG-30026,Kit,2026-07-16T14:17:26Z,2026-08-03T10:57:55Z,1e986715-4a31-5061-a7b3-ade89fa016cd,2d04d520-f77e-5c65-8416-99787e354bcc
899c39fa-d416-5d94-bb1a-6711d9105db9,DL-D10-300006,GEO-V12-400010,Kit,2026-07-16T13:00:12Z,,1fc506aa-8cc0-59df-aa45-8537766f7879,
a95d021d-ee0b-5651-9be5-9b6f28f44db0,DL-UM-40007,MDM-3000000013,Kit,2026-07-18T13:55:02Z,,b011df9a-688e-5679-a62f-6f14eaf431b1,
f3847def-199c-58bc-98de-d97bddcaf57c,DL-UM-40010,GEO-UM-40010,Kit,2026-07-20T18:19:11Z,,94db642c-6a14-53ec-994e-243805c4a5e8,
a9546aa9-0988-57e7-b9a2-054851c768a4,DL-UM-40010,MDM-3000000010,Kit,2026-07-20T18:19:11Z,,94db642c-6a14-53ec-994e-243805c4a5e8,
24f114ec-c818-575d-91eb-9480c328183d,DL-BE-30041,GEO-BG-30029,Kit,2026-07-27T18:01:30Z,,50c1a826-fe14-5148-9b82-4e7f8a6a6a39,
7f437881-7181-5f08-a73c-e1a232e8a0ff,MDM-3000000015,DST-5074,Component,2026-08-03T12:53:10Z,,bac025c4-6ca7-555d-9f10-5309d88b236a,
664273ab-f5e0-51e8-9f4e-c081b83ee901,DL-D10-350005,GEO-V12-400004,Kit,2026-08-03T21:15:26Z,,d033a821-1bae-512f-ac61-ab5f741a83a0,
4fb40cdd-a71c-5622-950c-5dd3ff064d9c,DL-D10-350005,GEO-V12-400006,Kit,2026-08-03T21:15:26Z,,d033a821-1bae-512f-ac61-ab5f741a83a0,
c16bd731-f216-5426-b0c2-731a7ad477ef,DL-D10-300003,GEO-C22-450007,Kit,2026-08-10T12:36:09Z,,2af26ab0-d26c-518b-9f68-6a985c5e5a86,
6df547dc-a864-560c-ae27-bda6788b01f7,DL-BE-30034,GEO-BG-30026,Kit,2026-08-12T17:28:56Z,2026-08-31T17:57:41Z,f1a346fe-5307-5b29-9bd7-a7c66614edb6,93972683-c3e1-5065-94f4-db2fa61607a3
627f5017-10b3-5499-92c7-5b6f56cc13d4,DL-UM-40022,GEO-UM-40022,Kit,2026-08-14T14:25:28Z,,54b395f1-86f8-5e55-9031-6fb1109658d0,
5e76a398-8385-5f6c-b188-c1d5c001a7d0,DL-UM-40022,MDM-3000000014,Kit,2026-08-14T14:25:28Z,,54b395f1-86f8-5e55-9031-6fb1109658d0,
5f724439-9bd6-5a3d-9f76-b09ccb3fdb4c,DL-UM-40000,GEO-UM-40000,Kit,2026-08-26T22:33:38Z,,0b656fde-a753-5bb3-8f09-0972b5eb492f,
e38ca3dd-0496-5135-99b6-4d5230564b48,DL-BE-30013,GEO-BG-30031,Kit,2026-08-27T13:07:40Z,,2b5d24d2-263c-5a35-a3c9-d97dafe8e99a,
a415bb49-28af-5be3-a20d-b2ababc44d4e,DL-UM-40017,GEO-UM-40017,Kit,2026-08-28T13:23:14Z,,a47d8c6c-175a-595b-8045-72fb528c8e52,
