RecordId,AssetId,CalibrationDate,NextDueDate,Lab,CertificateNumber,CertificateUrl,Cost,Result
08de8af1-d129-5773-a91d-ba6c1e91e98e,GEO-BG-30000,2006-08-25,2007-08-25,,SYN-FACTORY-000001,,,Pass
2fd3754a-2020-5c23-be55-53b32a30563d,DL-BE-30000,2006-09-25,2007-09-25,,SYN-FACTORY-000002,,,Pass
b925c702-217d-5a5e-8beb-b79230fc56f6,DL-BE-30001,2006-11-22,2007-11-22,,SYN-FACTORY-000003,,,Pass
4168099d-f4ae-59da-b71d-95699cd1ab49,DL-BE-30002,2006-12-19,2007-12-19,,SYN-FACTORY-000004,,,Pass
f46c092e-e883-545d-b2dc-612da27b36d6,DL-BE-30003,2007-01-15,2008-01-15,,SYN-FACTORY-000005,,,Pass
622e305d-a65e-50ca-99d8-3c88e94d1252,GEO-BG-30001,2007-02-09,2008-02-09,,SYN-FACTORY-000006,,,Pass
85f85939-52d0-5d1d-8ef0-3c11763cc514,TMP-5001,2007-02-12,2008-02-12,,SYN-FACTORY-000007,,,Pass
61d86543-5955-579a-912c-cc50a108fa5a,DL-BE-30005,2007-03-16,2008-03-16,,SYN-FACTORY-000008,,,Pass
1b40b890-6a02-56b7-935f-7f5c6052c806,DL-BE-30006,2007-04-03,2008-04-03,,SYN-FACTORY-000009,,,Pass
fd759ffd-a7a3-5786-a864-d87376221006,GEO-BG-30002,2007-04-16,2008-04-16,,SYN-FACTORY-000010,,,Pass
7904d5fd-bc73-5f07-b110-dc8b8174c70f,DL-BE-30003,2007-04-19,2008-04-19,Montreal Calibration,SYN-MC-07-000011,,410.00,Pass
b3fcf9f9-27f9-5511-8206-05656845c7c0,DL-BE-30007,2007-05-15,2008-05-15,,SYN-FACTORY-000012,,,Pass
c0306ab0-4ed9-51e6-8069-a045886a876f,TMP-5001,2007-07-02,2008-07-02,Montreal Calibration,SYN-MC-07-000013,,360.00,Pass
333c9223-4a31-5978-90ec-9dd5908e4e30,DL-BE-30008,2007-07-02,2008-07-02,,SYN-FACTORY-000014,,,Pass
c06bace0-10af-5a21-b26c-39a4c30cbabb,DL-BE-30006,2007-07-18,2008-07-18,Montreal Calibration,SYN-MC-07-000015,,385.00,Pass
4c98426a-a91f-5ff2-8ee5-201dfce6fb4f,DL-BE-30000,2007-07-27,2008-07-27,Montreal Calibration,SYN-MC-07-000016,,450.00,Pass
e9ec443a-9282-5049-9727-8631e202af8d,DL-BE-30009,2007-08-17,2008-08-17,,SYN-FACTORY-000017,,,Pass
d13907b1-a4a7-5136-9980-b77a9211e3e1,GEO-BG-30003,2007-08-17,2008-08-17,,SYN-FACTORY-000018,,,Pass
3800bd18-89a7-5192-bdaa-547bbc5146cb,GEO-BG-30004,2007-09-05,2008-09-05,,SYN-FACTORY-000019,,,Pass
d2d071c3-a801-5310-9128-ad81db6c1598,GEO-BG-30005,2007-10-15,2008-10-15,,SYN-FACTORY-000020,,,Pass
8ab7a2f3-f91f-5b20-824f-287e36cb462c,GEO-BG-30000,2008-01-21,2009-01-21,Montreal Calibration,SYN-MC-08-000021,,275.00,Pass
e0ae93bc-e3c5-5cd8-a0f1-1709f3fb4ab9,DL-BE-30001,2008-02-05,2009-02-05,Montreal Calibration,SYN-MC-08-000022,,400.00,Pass
e9f4fa5d-bae7-5877-95a8-0c9cd3a6e228,TLT-850000,2008-02-11,2010-02-11,,SYN-FACTORY-000023,,,Pass
206c6ddf-5011-506f-a477-edb542b2697d,DL-BE-30005,2008-02-12,2009-02-12,Montreal Calibration,SYN-MC-08-000024,,370.00,Adjusted
b26672a3-0e86-590f-80b3-c15d478d4262,DL-BE-30002,2008-02-15,2009-02-15,Montreal Calibration,SYN-MC-08-000025,,455.00,Adjusted
2f82c1fc-55b6-5b6b-b66d-631b094dbe5c,DL-BE-30003,2008-02-22,2009-02-22,Montreal Calibration,SYN-MC-08-000026,,425.00,Pass
c36ea035-1846-5ce1-b3e3-0121d8efb02f,GEO-BG-30002,2008-02-25,2009-02-25,Montreal Calibration,SYN-MC-08-000027,,300.00,Adjusted
988eadb4-ecd2-526b-9091-34a7b9e22561,GEO-BG-30006,2008-03-26,2009-03-26,,SYN-FACTORY-000028,,,Pass
4acea67f-7a2d-5218-ab6f-91125c2cc28b,DL-BE-30010,2008-04-04,2009-04-04,,SYN-FACTORY-000029,,,Pass
9410248e-ae72-52a7-b378-aebb43fe0404,TMP-5001,2008-04-18,2009-04-18,Montreal Calibration,SYN-MC-08-000030,,415.00,Adjusted
9f625c21-2ad3-5b33-aed5-8b302838dc19,DL-BE-30011,2008-05-15,2009-05-15,,SYN-FACTORY-000031,,,Pass
2c6216f7-6a0a-5f1d-a61d-b192de634056,DL-BE-30008,2008-06-09,2009-06-09,Montreal Calibration,SYN-MC-08-000032,,455.00,Pass
f10771a5-20a8-54d9-a308-91334f8a20aa,GEO-BG-30007,2008-06-24,2009-06-24,,SYN-FACTORY-000033,,,Pass
dc18a5cc-3524-552e-8c0e-df65f19f22f9,DL-BE-30012,2008-06-30,2009-06-30,,SYN-FACTORY-000034,,,Pass
a51adca2-5bdb-57f5-91da-a817719329bd,DL-BE-30013,2008-07-10,2009-07-10,,SYN-FACTORY-000035,,,Pass
82e7251f-87bc-5a7a-aef6-d6196048addc,GEO-BG-30004,2008-08-01,2009-08-01,Montreal Calibration,SYN-MC-08-000036,,235.00,Pass
2163edc2-071e-50fd-a1c0-e82d390e6132,DL-BE-30006,2008-08-07,2009-08-07,Montreal Calibration,SYN-MC-08-000037,,460.00,Pass
fcddd40f-d571-5dc6-8c39-426bcce7008c,GEO-BG-30008,2008-09-11,2009-09-11,,SYN-FACTORY-000038,,,Pass
66523e48-9675-583d-ae20-f62273c32c3f,DL-BE-30014,2008-09-15,2009-09-15,,SYN-FACTORY-000039,,,Pass
4df7cd56-a00f-56f4-810e-4e1d664e14a5,GEO-BG-30005,2008-10-09,2009-10-09,Montreal Calibration,SYN-MC-08-000040,,235.00,Pass
6a9611b4-2d25-5d3b-87ac-e8507b49da58,DL-BE-30001,2008-11-12,2009-11-12,Montreal Calibration,SYN-MC-08-000041,,400.00,Pass
fcff1917-0c5e-568e-84d5-d040d52ed042,DL-BE-30009,2008-11-14,2009-11-14,Montreal Calibration,SYN-MC-08-000042,,430.00,Adjusted
20c1212b-0871-5b6b-ab94-8f65a54608dd,GEO-BG-30000,2008-11-24,2009-11-24,Montreal Calibration,SYN-MC-08-000043,,230.00,Pass
620127b0-d9ea-5935-91d5-e15991d15912,DL-BE-30015,2008-12-08,2009-12-08,,SYN-FACTORY-000044,,,Pass
ec9164a7-cd45-55ac-8d12-b33846958957,DL-BE-30007,2008-12-25,2009-12-25,Montreal Calibration,SYN-MC-08-000045,,420.00,Pass
331c2fd5-de4b-5a46-a53a-76e71156b7f1,DL-BE-30016,2009-01-04,2010-01-04,,SYN-FACTORY-000046,,,Pass
af7765ce-4f81-53eb-89ef-3332284c66b1,DL-BE-30005,2009-01-06,2010-01-06,Montreal Calibration,SYN-MC-09-000047,,375.00,Pass
026ac7a3-2b7a-5cca-84b0-5501eacb7aaf,DL-BE-30002,2009-01-23,2010-01-23,Montreal Calibration,SYN-MC-09-000048,,390.00,Pass
b1bacc50-b94b-5ad7-b755-f572959ead24,DL-BE-30011,2009-02-16,2010-02-16,Montreal Calibration,SYN-MC-09-000049,,360.00,Pass
0a6fa308-bb9c-59ef-863e-9679abf27510,DL-BE-30017,2009-02-26,2010-02-26,,SYN-FACTORY-000050,,,Pass
0fcf023b-c255-58f7-9a5b-d63ab5526070,DL-BE-30018,2009-03-06,2010-03-06,,SYN-FACTORY-000051,,,Pass
9812e3d0-6cb2-5ac0-98a0-37881d46b227,GEO-BG-30009,2009-03-10,2010-03-10,,SYN-FACTORY-000052,,,Pass
b086e3d9-42e6-5a46-971e-c0ae57e0dc48,DL-BE-30019,2009-04-16,2010-04-16,,SYN-FACTORY-000053,,,Pass
872d1eb2-5162-589f-bc0b-60a34987ca68,DL-BE-30008,2009-04-27,2010-04-27,Montreal Calibration,SYN-MC-09-000054,,390.00,Pass
ab3f2881-d374-5a81-86cf-e5c5ce0851ac,DL-BE-30020,2009-05-20,2010-05-20,,SYN-FACTORY-000055,,,Pass
2d033fb2-e884-548a-8381-994bfd0068d6,DL-BE-30021,2009-05-25,2010-05-25,,SYN-FACTORY-000056,,,Pass
5c2d3e79-8d71-58ac-8c76-a02666f73708,GEO-BG-30007,2009-05-25,2010-05-25,Montreal Calibration,SYN-MC-09-000057,,295.00,Pass
f9b6638a-3532-56dc-b1bc-8b89844a02c4,DL-BE-30022,2009-06-16,2010-06-16,,SYN-FACTORY-000058,,,Pass
06d2ff1d-1914-56c1-8eaf-0f033b8cb24d,DL-BE-30014,2009-07-17,2010-07-17,Montreal Calibration,SYN-MC-09-000059,,455.00,Pass
3028bd0a-7b7c-571d-92ed-2bef261fd519,GEO-BG-30001,2009-07-26,2010-07-26,Montreal Calibration,SYN-MC-09-000060,,290.00,Pass
cb541547-d112-5a97-aa7f-681d557b544c,DL-BE-30000,2009-08-06,2010-08-06,Montreal Calibration,SYN-MC-09-000061,,380.00,Pass
7837e1ec-cf29-54ec-9bc5-d3667687d235,GEO-BG-30010,2009-08-19,2010-08-19,,SYN-FACTORY-000062,,,Pass
3bbb8146-f08c-570e-9056-cf1304456b33,DL-BE-30023,2009-10-05,2010-10-05,,SYN-FACTORY-000063,,,Pass
1e8fe491-a720-547e-8d79-dfdbcf9d9b9a,GEO-BG-30006,2009-10-12,2010-10-12,Montreal Calibration,SYN-MC-09-000064,,250.00,Pass
53d875dd-6c19-503e-beec-35d2a1bfdf45,DL-BE-30012,2009-10-15,2010-10-15,Montreal Calibration,SYN-MC-09-000065,,435.00,Pass
e6351ddf-9bbd-562a-96ba-2c308fa25a09,GEO-BG-30008,2009-11-03,2010-11-02,Montreal Calibration,SYN-MC-09-000066,,230.00,Pass
a57d48c5-d982-584e-aa6f-8d4ecf96c54b,DL-BE-30005,2009-11-04,2010-11-03,Montreal Calibration,SYN-MC-09-000067,,385.00,Pass
772e1f88-745b-58cc-96d9-ffbf0eb1f086,TMP-5001,2009-11-09,2010-11-09,Montreal Calibration,SYN-MC-09-000068,,380.00,Pass
61d62d2f-42ba-5131-9c2f-ce80402d84ef,TLT-850000,2009-11-16,2011-11-16,Montreal Calibration,SYN-MC-09-000069,,230.00,Pass
9f2e970b-acd3-500c-80a1-15c43b6c72a4,GEO-BG-30002,2009-11-16,2010-11-16,Montreal Calibration,SYN-MC-09-000070,,280.00,Pass
4e6fa981-f672-5c33-aa01-1695c3686395,DL-BE-30003,2009-11-23,2010-11-23,Montreal Calibration,SYN-MC-09-000071,,475.00,Adjusted
283f28de-aecd-5c80-a917-ce5cdb8f315c,GEO-BG-30000,2009-12-07,2010-12-07,Montreal Calibration,SYN-MC-09-000072,,255.00,Pass
d0155ffa-f05b-5fcc-a9b9-8567bd6bbeee,DL-BE-30001,2009-12-11,2010-12-11,Montreal Calibration,SYN-MC-09-000073,,395.00,Pass
2ad6c96d-fb5b-58c8-a2ff-85833b7b9948,DL-BE-30002,2010-01-12,2011-01-12,Montreal Calibration,SYN-MC-10-000074,,450.00,Pass
0fb74658-96b3-5664-b920-520dd0d7b4d9,DL-BE-30024,2010-01-18,2011-01-18,,SYN-FACTORY-000075,,,Pass
416b8dc6-31a2-5f0c-8c7e-219609cda5b2,GEO-BG-30011,2010-01-28,2011-01-28,,SYN-FACTORY-000076,,,Pass
12891c6d-3241-5d2e-8f6f-d080a7f525dc,DL-BE-30014,2010-02-11,2011-02-11,Montreal Calibration,SYN-MC-10-000077,,380.00,Adjusted
1e902437-e16c-5756-948f-b343a914c11f,GEO-BG-30009,2010-02-22,2011-02-22,Montreal Calibration,SYN-MC-10-000078,,265.00,Pass
7a0a5d57-8601-52bc-b2e5-0515c2592bff,DL-BE-30021,2010-03-05,2011-03-05,Montreal Calibration,SYN-MC-10-000079,,380.00,Pass
b6978e1d-290c-54fb-886d-6afa6de8438a,DL-BE-30013,2010-03-25,2011-03-25,Montreal Calibration,SYN-MC-10-000080,,455.00,Pass
eb4cb248-8576-5763-8753-7985ea56338d,DL-BE-30020,2010-03-25,2011-03-25,Montreal Calibration,SYN-MC-10-000081,,390.00,Pass
b63fd4e8-a24d-58d6-a049-0ee2d01762cf,GEO-BG-30012,2010-03-26,2011-03-26,,SYN-FACTORY-000082,,,Pass
9f4abc7f-2ae2-5b49-94ad-fcfd1ebc56cd,DL-BE-30025,2010-03-29,2011-03-29,,SYN-FACTORY-000083,,,Pass
7fa65e73-9da8-5534-b690-70fb7a5e0499,DL-BE-30026,2010-04-23,2011-04-23,,SYN-FACTORY-000084,,,Pass
4c8c53a9-842d-5810-91e9-28f102da66f8,DL-BE-30008,2010-04-26,2011-04-26,Montreal Calibration,SYN-MC-10-000085,,480.00,Pass
4acd8874-ec4d-5085-ad72-aa2f8c373ecd,GEO-BG-30005,2010-05-04,2011-05-04,Montreal Calibration,SYN-MC-10-000086,,295.00,Pass
6d6e1acb-083a-5d32-b974-b9fa22e0bd26,DL-BE-30007,2010-05-04,2011-05-04,Montreal Calibration,SYN-MC-10-000087,,375.00,Pass
b7e0d430-22ff-5e84-9570-8e1928ba0042,GEO-BG-30007,2010-05-10,2011-05-10,Montreal Calibration,SYN-MC-10-000088,,225.00,Pass
1845faa7-cdc0-5eab-be22-ed6ba4713701,TLT-850000,2010-06-08,2012-06-08,Montreal Calibration,SYN-MC-10-000089,,225.00,Pass
a6c774a7-6474-5760-aa39-5e88bde0bd20,DL-BE-30027,2010-06-09,2011-06-09,,SYN-FACTORY-000090,,,Pass
ba75e271-28ed-5224-a323-8d72e5315e65,DL-BE-30028,2010-07-05,2011-07-05,,SYN-FACTORY-000091,,,Pass
6338cf43-2125-537f-92e6-c7ce510bc798,DL-BE-30006,2010-07-12,2011-07-12,Montreal Calibration,SYN-MC-10-000092,,445.00,Pass
ce8fa6a6-5ef1-5b96-a9bb-96df1a824056,GEO-BG-30004,2010-07-15,2011-07-15,Montreal Calibration,SYN-MC-10-000093,,260.00,Pass
96b84b61-4d33-5190-abd1-98c5dae662d4,GEO-BG-30010,2010-07-19,2011-07-19,Montreal Calibration,SYN-MC-10-000094,,220.00,Pass
235583c2-e4cb-5301-a858-05a1ce2f43bb,DL-BE-30011,2010-09-09,2011-09-09,Montreal Calibration,SYN-MC-10-000095,,465.00,Pass
28095248-b0b4-57e3-865b-af443d4b0287,DL-BE-30029,2010-09-14,2011-09-14,,SYN-FACTORY-000096,,,Pass
ecc2cf1c-cdee-53dd-8c2b-530634152505,GEO-BG-30013,2010-09-27,2011-09-27,,SYN-FACTORY-000097,,,Pass
8669ed94-4ded-5ac3-84aa-1038c0e74ca7,DL-BE-30005,2010-10-14,2011-10-14,Montreal Calibration,SYN-MC-10-000098,,460.00,Pass
fce2851f-748d-5f30-a752-1540a3297ca0,GEO-BG-30008,2010-10-29,2011-10-29,Montreal Calibration,SYN-MC-10-000099,,250.00,Pass
c2d42437-c480-53e5-8f78-81d44d79bd97,TMP-5001,2010-11-02,2011-11-02,Montreal Calibration,SYN-MC-10-000100,,430.00,Pass
47f8652b-c946-5897-9fff-7d1ca0328945,GEO-BG-30006,2010-11-08,2011-11-08,Montreal Calibration,SYN-MC-10-000101,,280.00,Pass
210ed1e6-5e8f-5363-b819-ae2b0eca86f2,GEO-BG-30014,2010-11-26,2011-11-26,,SYN-FACTORY-000102,,,Pass
ed512a22-f160-54ce-bf2b-101c86c1f3e1,DL-BE-30002,2010-12-06,2011-12-06,Montreal Calibration,SYN-MC-10-000103,,440.00,Pass
fb059cce-88ec-55d8-a621-c21ff55a8e24,DL-BE-30030,2010-12-09,2011-12-09,,SYN-FACTORY-000104,,,Pass
92b10c66-63ee-5f9f-80f4-f52e9e8623e3,GEO-BG-30011,2010-12-09,2011-01-28,Montreal Calibration,SYN-MC-10-000105,,255.00,Fail
0519ea7c-3f60-5191-8b9f-de5f77bb7297,DL-BE-30016,2010-12-13,2011-12-13,Montreal Calibration,SYN-MC-10-000106,,385.00,Pass
ff060ba1-ee95-5711-9450-b234529c3398,GEO-BG-30001,2010-12-20,2011-12-20,Montreal Calibration,SYN-MC-10-000107,,235.00,Pass
e36646fe-4fc0-50ed-8d19-72fbf7ad2ab9,DL-BE-30012,2010-12-21,2011-12-21,Montreal Calibration,SYN-MC-10-000108,,375.00,Pass
5d7bcf77-c44b-5207-b639-2907cef9632c,DL-BE-30014,2010-12-23,2011-12-23,Montreal Calibration,SYN-MC-10-000109,,475.00,Pass
be5cf725-4eda-5d4b-a4ae-fc790bbfc012,DL-BE-30000,2010-12-23,2011-12-23,Montreal Calibration,SYN-MC-10-000110,,360.00,Adjusted
1f6d2602-2041-5fb8-8c0e-947b177c0d92,GEO-BG-30015,2010-12-24,2011-12-24,,SYN-FACTORY-000111,,,Pass
a5c9168c-d027-5048-9075-732f6a6cc72f,DL-BE-30021,2010-12-30,2011-12-30,Montreal Calibration,SYN-MC-10-000112,,465.00,Pass
71728f7b-b819-5bba-b709-7b4ee0f27cb8,DL-BE-30017,2011-01-06,2012-01-06,Montreal Calibration,SYN-MC-11-000113,,455.00,Pass
36e08a8c-a5ce-501b-bb46-a62c74b8ce69,DL-BE-30009,2011-01-17,2012-01-17,Montreal Calibration,SYN-MC-11-000114,,380.00,Pass
74689009-0824-5402-a387-f677891b6283,DL-BE-30021,2011-02-06,2012-02-06,Montreal Calibration,SYN-MC-11-000115,,390.00,Pass
bff26bee-c3a7-537f-bb0a-9d3e796955d7,DL-BE-30023,2011-02-11,2012-02-11,Montreal Calibration,SYN-MC-11-000116,,425.00,Pass
ec52947f-4d5b-5f3f-9129-b41292750db0,GEO-BG-30011,2011-02-14,2012-02-14,Montreal Calibration,SYN-MC-11-000117,,270.00,Pass
89182bac-d77e-5492-baec-b785e9a47628,DL-BE-30022,2011-02-15,2012-02-15,Montreal Calibration,SYN-MC-11-000118,,445.00,Pass
cb9d7c38-640f-5547-9df2-728567fd4138,DL-BE-30020,2011-03-02,2012-03-02,Montreal Calibration,SYN-MC-11-000119,,460.00,Adjusted
fc9f4a4b-896c-5b96-b5b3-8e61d3304afd,DL-BE-30013,2011-03-18,2012-03-18,Montreal Calibration,SYN-MC-11-000120,,385.00,Adjusted
214f400c-d27d-52fe-868d-1f23d8f47911,DL-BE-30031,2011-03-28,2012-03-28,,SYN-FACTORY-000121,,,Pass
2d2e753c-c884-558a-a15e-3462ff685d7e,GEO-BG-30016,2011-04-05,2012-04-05,,SYN-FACTORY-000122,,,Pass
f7774031-13a6-52ae-a50e-f6ffbcbad7f3,GEO-BG-30012,2011-04-12,2012-04-12,Montreal Calibration,SYN-MC-11-000123,,295.00,Pass
37b56199-d8d7-5ddf-83ca-7551c701b096,DL-BE-30010,2011-04-18,2012-04-18,Montreal Calibration,SYN-MC-11-000124,,450.00,Pass
d8b0b06e-19a3-5293-b55e-a1fd7412c55e,DL-BE-30027,2011-04-19,2012-04-19,Montreal Calibration,SYN-MC-11-000125,,405.00,Adjusted
cc12a299-9a77-503a-80d7-f4cc46eda80a,GEO-BG-30007,2011-05-02,2012-05-02,Montreal Calibration,SYN-MC-11-000126,,245.00,Pass
ff0ff2ef-99a1-54f4-ba33-2a21caa3c4f8,GEO-SE-30000,2011-05-03,2012-05-03,,SYN-FACTORY-000127,,,Pass
363773d6-7d12-564e-a2ad-faa805cfff7c,GEO-BG-30008,2011-05-30,2012-05-30,Montreal Calibration,SYN-MC-11-000128,,255.00,Pass
521d1ace-9a89-5625-83d2-0b7e44e5d3dc,GEO-BG-30017,2011-06-06,2012-06-06,,SYN-FACTORY-000129,,,Pass
99590e95-646f-546e-b671-c8450b35c1e9,DL-BE-30032,2011-06-06,2012-06-06,,SYN-FACTORY-000130,,,Pass
c5c35672-3819-5746-b08f-29baca9b8735,DL-BE-30012,2011-06-13,2012-06-13,Montreal Calibration,SYN-MC-11-000131,,370.00,Adjusted
83f78bbe-2bdd-5210-babd-5f3c5ef96d32,GEO-BG-30018,2011-07-07,2012-07-07,,SYN-FACTORY-000132,,,Pass
19700f5b-f98c-52da-8687-d78af3d4a49f,DL-BE-30028,2011-07-21,2012-07-21,Montreal Calibration,SYN-MC-11-000133,,455.00,Pass
b7b1111d-25b0-507c-aaec-8471190f8cbb,GEO-BG-30002,2011-08-05,2012-08-05,Montreal Calibration,SYN-MC-11-000134,,255.00,Pass
03908a49-ac75-5402-bddd-e0a8c8b1cb31,DL-BE-30003,2011-08-08,2012-08-08,Montreal Calibration,SYN-MC-11-000135,,385.00,Pass
c01aa708-556c-5db0-aea7-e40bcdd3883c,DL-BE-30006,2011-08-09,2012-08-09,Montreal Calibration,SYN-MC-11-000136,,435.00,Pass
6f9ed8e9-cdf5-5cdb-969c-fc4f5acd9b42,GEO-BG-30004,2011-08-18,2012-08-18,Montreal Calibration,SYN-MC-11-000137,,270.00,Pass
93a1403e-cf39-537d-bc7e-64f68e27d506,GEO-BG-30019,2011-08-18,2012-08-18,,SYN-FACTORY-000138,,,Pass
c49bbf18-0612-51f5-9908-07bf0f3541b0,DL-BE-30033,2011-08-22,2012-08-22,,SYN-FACTORY-000139,,,Pass
4bd22a4e-75f0-5e7f-a03c-ef01a47a2ac9,GEO-BG-30013,2011-08-22,2012-08-22,Montreal Calibration,SYN-MC-11-000140,,275.00,Pass
12c7dbe4-e045-577d-9a17-3b972ae78fd5,GEO-BG-30020,2011-09-12,2012-09-12,,SYN-FACTORY-000141,,,Pass
6f6f6a85-bfde-569e-a05d-1cc7a3a5484a,DL-BE-30005,2011-09-12,2012-09-12,Montreal Calibration,SYN-MC-11-000142,,475.00,Pass
19b54159-cfa6-54e5-a13a-55fa3235eca5,DL-BE-30034,2011-09-19,2012-09-19,,SYN-FACTORY-000143,,,Pass
2db2a0c2-409e-5835-9557-8e01762b404f,DL-BE-30029,2011-09-20,2012-09-20,Montreal Calibration,SYN-MC-11-000144,,460.00,Pass
deca5926-cbf7-5415-bed3-7f23ef444600,GEO-BG-30000,2011-09-30,2012-09-30,Montreal Calibration,SYN-MC-11-000145,,240.00,Pass
4f211062-74b0-5d55-b642-67565b4bb190,DL-BE-30008,2011-10-05,2012-10-05,Montreal Calibration,SYN-MC-11-000146,,395.00,Pass
67971ccf-ad70-547f-a204-c59efca0e318,GEO-BG-30001,2011-10-10,2012-10-10,Montreal Calibration,SYN-MC-11-000147,,230.00,Pass
dc8d0cbf-e767-5499-bf70-55ae4c4061e2,GEO-BG-30009,2011-10-14,2012-10-14,Montreal Calibration,SYN-MC-11-000148,,280.00,Adjusted
6c4f83c6-9a0e-5182-8866-d4ab845a885e,DL-BE-30026,2011-10-17,2012-10-17,Montreal Calibration,SYN-MC-11-000149,,400.00,Pass
c453e6fc-da40-51e7-998a-ad520a354656,DL-BE-30035,2011-10-22,2012-10-22,,SYN-FACTORY-000150,,,Pass
813a8f4e-58f2-5c55-8e81-677a52c3a50f,DL-BE-30001,2011-10-31,2012-10-31,Montreal Calibration,SYN-MC-11-000151,,375.00,Pass
633dbdf7-30f6-5248-859e-e6d5cf777f93,DL-BE-30007,2011-11-03,2012-11-03,Montreal Calibration,SYN-MC-11-000152,,450.00,Pass
de8d6941-9e7f-5ced-8626-e9485c36594b,DL-BE-30036,2011-11-18,2012-11-18,,SYN-FACTORY-000153,,,Pass
1c3f2735-e7c0-5485-aba0-8cb141e2f57a,DL-BE-30000,2011-11-21,2012-11-21,Montreal Calibration,SYN-MC-11-000154,,385.00,Pass
04ce29ad-3c23-5fbd-b1d4-75dacbae6899,GEO-BG-30015,2011-11-29,2012-11-29,Montreal Calibration,SYN-MC-11-000155,,280.00,Adjusted
5054eaf1-edbb-5806-aba7-58d8470f2ac2,GEO-BG-30010,2011-12-02,2012-12-02,Montreal Calibration,SYN-MC-11-000156,,260.00,Pass
98d216ce-2fea-5510-bdea-8c7ba4b42ba6,GEO-BG-30021,2011-12-06,2012-12-06,,SYN-FACTORY-000157,,,Pass
79da8cee-4459-598c-8a5f-443f858dd711,GEO-BG-30014,2011-12-07,2012-12-07,Montreal Calibration,SYN-MC-11-000158,,230.00,Pass
618435aa-3452-5a32-b590-56655ec006ad,DL-BE-30015,2011-12-16,2012-12-16,Montreal Calibration,SYN-MC-11-000159,,420.00,Pass
24ef273c-a1b4-5755-b47c-262dfbeddd3d,GEO-BG-30016,2011-12-23,2012-12-23,Montreal Calibration,SYN-MC-11-000160,,240.00,Pass
9429a5c5-1d38-5f67-a485-2a597fb1f6a9,GEO-BG-30022,2012-01-09,2013-01-09,,SYN-FACTORY-000161,,,Pass
7e170399-b30a-58bf-9bbe-e3edd9680477,DL-BE-30037,2012-01-23,2013-01-23,,SYN-FACTORY-000162,,,Pass
85a4115a-64bc-5dbd-ae08-f21bc65856b2,DL-BE-30019,2012-01-30,2013-01-30,Montreal Calibration,SYN-MC-12-000163,,390.00,Pass
4733826d-4177-59f5-93c1-4b6f62b12474,DL-BE-30031,2012-02-21,2013-02-21,Montreal Calibration,SYN-MC-12-000164,,440.00,Pass
6548a4be-8917-5d87-9fd9-50c2c8c9584f,DL-BE-30026,2012-02-21,2013-02-21,Montreal Calibration,SYN-MC-12-000165,,475.00,Pass
043a9024-7c69-5b58-904f-46be9863a848,DL-BE-30038,2012-02-22,2013-02-22,,SYN-FACTORY-000166,,,Pass
a0ca55a1-a836-5bd8-bcd3-d9378bfa019d,DL-BE-30023,2012-03-07,2013-03-07,Montreal Calibration,SYN-MC-12-000167,,455.00,Pass
c6828514-a204-5d60-8fe0-925ac55b692c,GEO-BG-30002,2012-03-12,2013-03-12,Montreal Calibration,SYN-MC-12-000168,,265.00,Pass
a83c39b0-60c1-52f6-9e30-884dfbd67522,GEO-SE-30000,2012-03-19,2013-03-19,Montreal Calibration,SYN-MC-12-000169,,225.00,Pass
8bebb102-9898-5a2b-bdb7-cd8a9c9e0afa,GEO-BG-30007,2012-03-27,2013-03-27,Montreal Calibration,SYN-MC-12-000170,,280.00,Pass
c4c4080d-1fd0-5696-9011-5709080ad9f0,DL-BE-30020,2012-03-29,2013-03-29,Montreal Calibration,SYN-MC-12-000171,,420.00,Adjusted
60a0b169-1fba-5206-9f22-a0da90582b3e,DL-BE-30039,2012-04-09,2013-04-09,,SYN-FACTORY-000172,,,Pass
06c307e2-fcc2-5205-bb05-8789adf0255f,DL-BE-30028,2012-04-19,2013-04-19,Montreal Calibration,SYN-MC-12-000173,,370.00,Pass
bb46bc5e-8830-58a9-ae06-2525fb41e238,DL-BE-30017,2012-04-23,2013-04-23,Montreal Calibration,SYN-MC-12-000174,,450.00,Adjusted
90142ac6-8b26-54c0-ae69-33f754d548ec,TLT-850000,2012-04-30,2014-04-30,Montreal Calibration,SYN-MC-12-000175,,205.00,Adjusted
1bb594be-a7e6-519e-854d-2f94549e3320,DL-BE-30040,2012-05-08,2013-05-08,,SYN-FACTORY-000176,,,Pass
3b55cd55-5bbe-506b-acf4-99fb6ade6caf,DL-BE-30011,2012-05-28,2013-05-28,Montreal Calibration,SYN-MC-12-000177,,420.00,Pass
f3491384-0e57-5882-b48f-98f64e33735b,DL-BE-30016,2012-06-02,2013-06-02,Montreal Calibration,SYN-MC-12-000178,,385.00,Adjusted
92af4807-1c8d-556a-96b2-28ccc25e67da,GEO-BG-30023,2012-06-07,2013-06-07,,SYN-FACTORY-000179,,,Pass
c4043c72-0ab8-57c8-a35f-a07eff670a73,DL-BE-30032,2012-06-08,2013-06-08,Montreal Calibration,SYN-MC-12-000180,,430.00,Pass
5997d62b-eec8-525c-ae06-d04bac147394,DL-BE-30041,2012-06-19,2013-06-19,,SYN-FACTORY-000181,,,Pass
bda2f768-f741-5ba2-920f-b5fe82111a13,DL-BE-30033,2012-06-21,2013-06-21,Montreal Calibration,SYN-MC-12-000182,,455.00,Pass
42055053-e1b6-59a1-86fe-6143776d2a8f,GEO-BG-30020,2012-06-21,2013-06-21,Montreal Calibration,SYN-MC-12-000183,,265.00,Adjusted
dcbe2881-4c64-5ce8-aa1f-88097a21ec58,DL-BE-30022,2012-07-02,2013-07-02,Montreal Calibration,SYN-MC-12-000184,,405.00,Pass
416877f1-bb84-5437-be47-8e4644a5ca13,DL-BE-30003,2012-07-02,2013-07-02,Montreal Calibration,SYN-MC-12-000185,,470.00,Pass
91568f75-6260-5459-a9c2-854cd32f5e91,DL-BE-30010,2012-07-04,2013-07-04,Montreal Calibration,SYN-MC-12-000186,,410.00,Adjusted
9a4cac11-1e69-5144-b693-f4ac71067f36,DL-BE-30030,2012-07-09,2013-07-09,Montreal Calibration,SYN-MC-12-000187,,435.00,Pass
10585735-4850-5a0d-80b0-0bbe086ee242,DL-BE-30009,2012-07-09,2013-07-09,Montreal Calibration,SYN-MC-12-000188,,455.00,Pass
f7cf04f4-e53d-52bd-83c3-2dd30d2023c8,DL-BE-30018,2012-07-12,2013-07-12,Montreal Calibration,SYN-MC-12-000189,,365.00,Pass
6a2601ed-d5c6-56fe-a4a2-5a39b077a916,DL-BE-30042,2012-07-20,2013-07-20,,SYN-FACTORY-000190,,,Pass
a58b798c-8418-5dda-925e-dc2ba01effdb,DL-BE-30002,2012-08-02,2013-08-02,Montreal Calibration,SYN-MC-12-000191,,370.00,Pass
15f9b6ca-3b1e-56b4-9f6e-da2d4751139e,GEO-BG-30012,2012-08-10,2013-08-10,Montreal Calibration,SYN-MC-12-000192,,290.00,Pass
3b145739-954f-5c4d-8348-027e1f43a00f,DL-BE-30034,2012-08-13,2013-08-13,Montreal Calibration,SYN-MC-12-000193,,365.00,Adjusted
af6262a2-6665-5ce4-b8f9-33d19d2516d3,DL-BE-30043,2012-08-19,2013-08-19,,SYN-FACTORY-000194,,,Pass
98410c1d-2d6c-508f-9334-7923beb8f946,DL-BE-30029,2012-08-20,2013-08-20,Montreal Calibration,SYN-MC-12-000195,,455.00,Pass
7b5b020e-5ae2-5a99-8644-0ff8687a4cbe,DL-BE-30005,2012-09-03,2013-09-03,Montreal Calibration,SYN-MC-12-000196,,410.00,Pass
de98589d-2235-567d-ac3c-252f1152795e,GEO-BG-30010,2012-09-03,2013-09-03,Montreal Calibration,SYN-MC-12-000197,,235.00,Pass
da662b72-387d-5ed9-a0bc-e43f4efd8bd6,DL-BE-30025,2012-09-10,2013-09-10,Montreal Calibration,SYN-MC-12-000198,,455.00,Pass
18783f70-7da1-54d8-be18-451c8f77ae40,DL-BE-30036,2012-09-18,2013-09-18,Montreal Calibration,SYN-MC-12-000199,,415.00,Pass
3eb7c388-43ba-58b1-885b-e60401f73b0e,DL-BE-30044,2012-09-20,2013-09-20,,SYN-FACTORY-000200,,,Pass
c2f9ee2b-7ecc-5fb0-bda9-55ad603ab99c,GEO-BG-30009,2012-10-01,2013-10-01,Montreal Calibration,SYN-MC-12-000201,,255.00,Pass
934f148f-e5d4-528e-84a8-1bbd01f4db5c,GEO-BG-30021,2012-10-02,2013-10-02,Montreal Calibration,SYN-MC-12-000202,,230.00,Pass
6f589e4b-f3a8-56bb-9c4e-e72a5942bba5,DL-BE-30045,2012-10-22,2013-10-22,,SYN-FACTORY-000203,,,Pass
81812216-5306-5269-98d1-233c339163d9,GEO-BG-30024,2012-11-06,2013-11-06,,SYN-FACTORY-000204,,,Pass
7abd80a3-8d34-54ab-a400-793f4b1c8bf4,DL-BE-30046,2012-11-15,2013-11-15,,SYN-FACTORY-000205,,,Pass
f889577c-e24b-5bd5-8b91-79bd2dde79d2,DL-BE-30047,2012-12-10,2013-12-10,,SYN-FACTORY-000206,,,Pass
222f9bd5-b085-52f4-8727-58742c10dfbe,GEO-BG-30018,2012-12-21,2013-12-21,Montreal Calibration,SYN-MC-12-000207,,230.00,Pass
35e6bf05-9fde-5503-867d-76f7ae520d6a,GEO-BG-30025,2012-12-25,2013-12-25,,SYN-FACTORY-000208,,,Pass
74747e34-eb4c-594f-a283-660d85ed7454,GEO-BG-30022,2012-12-27,2013-12-27,Montreal Calibration,SYN-MC-12-000209,,255.00,Adjusted
82b124d9-da7b-5ba6-bc94-3cd6a154c7eb,DL-BE-30007,2013-01-07,2014-01-07,Montreal Calibration,SYN-MC-13-000210,,450.00,Pass
2282cb2d-d26d-5351-a4b2-b9e97d26c2f1,DL-BE-30020,2013-01-07,2014-01-07,Montreal Calibration,SYN-MC-13-000211,,395.00,Pass
6efc430d-cea1-541b-ae42-83168e823156,DL-UM-40000,2013-01-14,2014-01-14,,SYN-FACTORY-000212,,,Pass
bde801e8-6dad-5b57-abb6-c9fb8c1d7b62,GEO-UM-40000,2013-01-14,2014-01-14,,SYN-FACTORY-000213,,,Pass
4d622eb4-36fa-59e9-99c8-0e647cf6a83e,DL-BE-30048,2013-01-15,2014-01-15,,SYN-FACTORY-000214,,,Pass
bd215d95-84b5-55d5-9229-bd7f5a450dc5,GEO-BG-30019,2013-01-18,2014-01-18,Montreal Calibration,SYN-MC-13-000215,,240.00,Pass
5bef7e3e-b7ad-5631-b36b-8a79878dd5cd,DL-BE-30028,2013-02-01,2014-02-01,Montreal Calibration,SYN-MC-13-000216,,460.00,Pass
b0960a89-1310-53f9-b7e3-d7b82bd19b9d,DL-BE-30049,2013-02-07,2014-02-07,,SYN-FACTORY-000217,,,Pass
da623839-35ff-5480-96ca-918635337a08,GEO-BG-30007,2013-02-20,2014-02-20,Montreal Calibration,SYN-MC-13-000218,,290.00,Pass
88c4055f-4fb5-5b61-941a-0a0a8e0520a4,DL-BE-30045,2013-02-21,2014-02-21,Montreal Calibration,SYN-MC-13-000219,,440.00,Pass
ae0f2124-ceff-5ece-89d2-42898e9601e2,GEO-BG-30026,2013-02-25,2014-02-25,,SYN-FACTORY-000220,,,Pass
d2f33c0c-ef93-5abc-8c2f-4c3af8f99ef2,GEO-BG-30013,2013-02-25,2014-02-25,Montreal Calibration,SYN-MC-13-000221,,295.00,Pass
3a09df35-86f3-5b55-8004-61ba2d36322f,GEO-SE-30000,2013-02-28,2014-02-28,Montreal Calibration,SYN-MC-13-000222,,220.00,Pass
ffe6883c-84d1-5a4e-9ebf-84af604b7a89,DL-BE-30040,2013-02-28,2014-02-28,Montreal Calibration,SYN-MC-13-000223,,375.00,Pass
3a2627d9-0c4b-542f-b6db-f081738b83d3,DL-BE-30039,2013-03-04,2014-03-04,Montreal Calibration,SYN-MC-13-000224,,390.00,Pass
ff68d79f-d1d6-5a78-8f3f-3f814ba34961,DL-BE-30014,2013-03-08,2014-03-08,Montreal Calibration,SYN-MC-13-000225,,370.00,Pass
799b0ab1-8b30-5fbf-b6c4-8f562dd14b3c,DL-BE-30050,2013-03-11,2014-03-11,,SYN-FACTORY-000226,,,Pass
b43a35c5-b1ae-5517-98a8-b659dc94cc84,DL-BE-30051,2013-03-12,2014-03-12,,SYN-FACTORY-000227,,,Pass
27d22f4d-27c0-5443-aaa8-26bb1e1b9914,DL-BE-30012,2013-03-12,2014-03-12,Montreal Calibration,SYN-MC-13-000228,,430.00,Pass
573266e1-c6db-5a56-9405-211101b1c6f3,GEO-BG-30006,2013-03-21,2014-03-21,Montreal Calibration,SYN-MC-13-000229,,240.00,Pass
ff46224a-bc03-596a-8b46-d65998a4ef94,DL-BE-30000,2013-04-08,2014-04-08,Montreal Calibration,SYN-MC-13-000230,,480.00,Pass
ed7fd4e8-7bcb-56b4-9a18-d13bafd03ece,DL-BE-30052,2013-04-09,2014-04-09,,SYN-FACTORY-000231,,,Pass
e98acf3c-a154-590c-96b7-81439c973d4d,GEO-BG-30001,2013-04-15,2014-04-15,Montreal Calibration,SYN-MC-13-000232,,275.00,Pass
68cf0591-07dc-5ef6-84a3-e06ad5204276,DL-BE-30021,2013-04-15,2014-04-15,Montreal Calibration,SYN-MC-13-000233,,365.00,Pass
9cb94331-2b6d-5ef2-87ee-b823c459cda3,GEO-BG-30015,2013-04-15,2014-04-15,Montreal Calibration,SYN-MC-13-000234,,265.00,Pass
e497f8d7-c3b8-5912-999e-eaf8335a82b6,DL-BE-30011,2013-04-18,2014-04-18,Montreal Calibration,SYN-MC-13-000235,,410.00,Pass
8019ef10-4a48-5a88-9463-7426718f878a,DL-BE-30028,2013-04-29,2014-04-29,Montreal Calibration,SYN-MC-13-000236,,400.00,Adjusted
bc05f1e1-0997-5d99-a0cc-573d460b7f00,DL-BE-30035,2013-05-13,2014-05-13,Montreal Calibration,SYN-MC-13-000237,,390.00,Pass
0da3f026-5c1c-5e11-80da-afafea885b5d,GEO-BG-30017,2013-05-15,2014-05-15,Montreal Calibration,SYN-MC-13-000238,,240.00,Pass
20d10ac9-30f5-50dd-baed-7094b140a68f,DL-BE-30026,2013-05-15,2013-02-21,Montreal Calibration,SYN-MC-13-000239,,450.00,Fail
d1852311-fe7b-5427-a7fb-7a109239a5f9,GEO-BG-30027,2013-05-20,2014-05-20,,SYN-FACTORY-000240,,,Pass
882246c6-3c5d-5584-a5e6-d42bf721c9c8,DL-BE-30053,2013-05-20,2014-05-20,,SYN-FACTORY-000241,,,Pass
c6b78ec9-b903-57a2-82bb-47c90120fa83,DL-BE-30054,2013-06-14,2014-06-14,,SYN-FACTORY-000242,,,Pass
cd65f069-e1d7-51ed-9849-83f2af033b80,GEO-BG-30028,2013-06-21,2014-06-21,,SYN-FACTORY-000243,,,Pass
698f569b-ed06-5d65-8e25-3b8e33340c56,GEO-BG-30002,2013-06-24,2014-06-24,Montreal Calibration,SYN-MC-13-000244,,255.00,Pass
4b45fa95-9fc1-5515-b7fc-2046d8046974,DL-BE-30002,2013-06-24,2014-06-24,Montreal Calibration,SYN-MC-13-000245,,455.00,Adjusted
292fc888-c3f8-5ad4-907f-563a4495fd60,DL-BE-30001,2013-06-28,2014-06-28,Montreal Calibration,SYN-MC-13-000246,,385.00,Pass
e0bd09d7-e32f-58d6-88fa-e67d5c73ca3e,GEO-BG-30000,2013-07-03,2014-07-03,Montreal Calibration,SYN-MC-13-000247,,245.00,Pass
250e3000-6e8d-518c-a735-99ff2b1cb0dc,GEO-BG-30029,2013-07-04,2014-07-04,,SYN-FACTORY-000248,,,Pass
bcc54555-3099-59cc-a638-c3062589d663,DL-BE-30037,2013-07-05,2014-07-05,Montreal Calibration,SYN-MC-13-000249,,365.00,Pass
510d4305-3e4b-528a-8c93-a6de5ffc7f2b,DL-BE-30022,2013-07-08,2014-07-08,Montreal Calibration,SYN-MC-13-000250,,380.00,Pass
af61eba9-8d2c-53fd-9eae-382d3cf74bc2,DL-BE-30003,2013-07-16,2014-07-16,Montreal Calibration,SYN-MC-13-000251,,440.00,Pass
2b6540a2-7494-5b28-be58-5e2addad9630,DL-BE-30055,2013-07-18,2014-07-18,,SYN-FACTORY-000252,,,Pass
4dc057ea-94f9-5fc0-a60f-69980029ec54,DL-BE-30005,2013-07-25,2014-07-25,Montreal Calibration,SYN-MC-13-000253,,420.00,Adjusted
1e44cbe8-174c-50ce-bb15-5605899147fe,GEO-BG-30010,2013-08-06,2014-08-06,Montreal Calibration,SYN-MC-13-000254,,275.00,Pass
c4834c5e-9247-5a0d-9133-989b0f1ed2e2,DL-BE-30027,2013-08-07,2014-08-07,Montreal Calibration,SYN-MC-13-000255,,385.00,Pass
bddc76aa-c8f4-593b-9caf-4b71698e15f4,GEO-BG-30024,2013-08-10,2014-08-10,Montreal Calibration,SYN-MC-13-000256,,250.00,Pass
91d7c79a-a82e-5ee0-b043-71568479d9f2,GEO-BG-30011,2013-08-14,2014-08-14,Montreal Calibration,SYN-MC-13-000257,,220.00,Pass
a161399e-8310-59e5-b891-43630442fea1,DL-BE-30024,2013-08-16,2014-08-16,Montreal Calibration,SYN-MC-13-000258,,390.00,Pass
4c19a987-d05d-52b4-acc8-ccc5ce87406f,DL-BE-30034,2013-08-19,2014-08-19,Montreal Calibration,SYN-MC-13-000259,,440.00,Pass
7450a875-8a6b-5ded-9ff3-25f819c22d0d,DL-BE-30013,2013-08-19,2014-08-19,Montreal Calibration,SYN-MC-13-000260,,420.00,Pass
5adb8c0e-5141-5adf-9b09-b394104415d1,DL-BE-30032,2013-08-20,2013-06-08,Montreal Calibration,SYN-MC-13-000261,,450.00,Fail
e04d1dc0-6909-5309-a940-ad0d3b903028,DL-BE-30043,2013-08-21,2014-08-21,Montreal Calibration,SYN-MC-13-000262,,370.00,Pass
731a51ad-904b-5e7c-a6eb-5b0fbf31d1dc,DL-BE-30056,2013-08-26,2014-08-26,,SYN-FACTORY-000263,,,Pass
37514347-5739-5460-a0ba-ad96faff84de,DL-BE-30023,2013-08-26,2014-08-26,Montreal Calibration,SYN-MC-13-000264,,425.00,Pass
75e3bc41-a6d7-5d4c-afea-7a567083f4ee,GEO-BG-30030,2013-08-26,2014-08-26,,SYN-FACTORY-000265,,,Pass
0f9b20bf-287a-5b33-a3ee-ad77584fde0b,GEO-BG-30021,2013-08-28,2014-08-28,Montreal Calibration,SYN-MC-13-000266,,270.00,Pass
3df01b92-ffd1-5dcc-8a89-e0d6c1929d1f,GEO-BG-30031,2013-09-06,2014-09-06,,SYN-FACTORY-000267,,,Pass
79977ff7-3355-5838-8520-50105b117981,DL-BE-30016,2013-09-06,2014-09-06,Montreal Calibration,SYN-MC-13-000268,,420.00,Pass
d7f0d5e7-d139-5e26-bbf1-b4741284ef0a,DL-BE-30057,2013-09-09,2014-09-09,,SYN-FACTORY-000269,,,Pass
6458bdf8-cfb7-552a-9bd5-8ef9ffcfbd8b,DL-BE-30018,2013-09-19,2014-09-19,Montreal Calibration,SYN-MC-13-000270,,370.00,Pass
bda2eeb8-fe7a-59f3-9a8d-d092930a6c04,DL-BE-30031,2013-09-23,2014-09-23,Montreal Calibration,SYN-MC-13-000271,,420.00,Pass
6e5b022a-4d13-55bf-97a8-4d30c2fd00db,DL-BE-30058,2013-09-24,2014-09-24,,SYN-FACTORY-000272,,,Pass
810fb01e-6d97-5541-b663-8c8e562c4f6c,DL-BE-30026,2013-10-03,2014-10-03,Montreal Calibration,SYN-MC-13-000273,,400.00,Pass
fcb0a683-4933-5b51-a512-47d23a17e6c6,DL-BE-30020,2013-10-11,2014-10-11,Montreal Calibration,SYN-MC-13-000274,,365.00,Pass
83100572-3a4d-5f6f-8e2e-47026a1813ec,GEO-BG-30022,2013-10-14,2014-10-14,Montreal Calibration,SYN-MC-13-000275,,295.00,Pass
1b331c88-d8f6-5f70-9b7c-0955ce778656,DL-BE-30042,2013-10-21,2014-10-21,Montreal Calibration,SYN-MC-13-000276,,435.00,Pass
fd43c372-385c-5158-adff-a46070688c64,DL-BE-30059,2013-10-22,2014-10-22,,SYN-FACTORY-000277,,,Pass
59b13772-34e0-5cfc-90e6-41aa1a7c26f3,DL-BE-30032,2013-11-04,2014-11-04,Montreal Calibration,SYN-MC-13-000278,,450.00,Pass
d605516c-5f36-5155-858a-425e85f7d2fe,DL-BE-30010,2013-11-05,2014-11-05,Montreal Calibration,SYN-MC-13-000279,,440.00,Pass
37063efb-9b80-51eb-b25c-e94e85350690,GEO-BG-30032,2013-11-06,2014-11-06,,SYN-FACTORY-000280,,,Pass
f9e562b4-47b6-5576-a25d-93892ff48e38,GEO-BG-30023,2013-11-11,2014-11-11,Montreal Calibration,SYN-MC-13-000281,,280.00,Pass
82211bb9-18b6-5f51-8f1c-47a687c66364,DL-BE-30017,2013-11-21,2014-11-21,Montreal Calibration,SYN-MC-13-000282,,470.00,Pass
3f06ce30-d8b7-5256-a7f8-dbb6ad5ba9f9,GEO-BG-30025,2013-11-22,2014-11-22,Montreal Calibration,SYN-MC-13-000283,,290.00,Pass
d7864beb-878b-57cc-a62e-d01eb38c4f38,DL-BE-30060,2013-11-25,2014-11-25,,SYN-FACTORY-000284,,,Pass
20c138f5-35b1-547e-acee-4c3e57b097f5,DL-BE-30015,2013-11-26,2014-11-26,Montreal Calibration,SYN-MC-13-000285,,385.00,Pass
913965f6-a317-5ad8-b64f-591a6082ff4e,GEO-BG-30018,2013-11-27,2014-11-27,Montreal Calibration,SYN-MC-13-000286,,285.00,Pass
e4e500f9-b029-5f1f-8705-34662826e3e3,DL-BE-30061,2013-12-02,2014-12-02,,SYN-FACTORY-000287,,,Pass
20e820ca-8b6d-57ed-89a9-a3e2125dc1c9,GEO-BG-30014,2013-12-02,2014-12-02,Montreal Calibration,SYN-MC-13-000288,,265.00,Pass
39571768-1ce1-53d3-9a42-9615af750f6d,DL-BE-30036,2013-12-04,2014-12-04,Montreal Calibration,SYN-MC-13-000289,,440.00,Pass
56b849e6-75e2-573d-b0fc-cfcc74326e1f,GEO-BG-30016,2013-12-06,2014-12-06,Montreal Calibration,SYN-MC-13-000290,,240.00,Pass
94812ff4-632d-5402-9530-e16833c4af44,DL-BE-30038,2013-12-11,2014-12-11,Montreal Calibration,SYN-MC-13-000291,,415.00,Pass
b7b953a9-1a26-54b9-b9a7-683371b79dd3,SLM-LD-5000000,2013-12-16,2014-12-16,,SYN-FACTORY-000292,,,Pass
5c49e736-f7c0-5725-8c91-29b54109c8a3,SLM-LD-PA-5000,2013-12-16,2014-12-16,,SYN-FACTORY-000293,,,Pass
337b575f-43db-5869-8280-3efc64814de8,SLM-LD-EL-700000,2013-12-16,2014-12-16,,SYN-FACTORY-000294,,,Pass
6a21f713-a553-50a1-9180-302fe1b3d447,GEO-BG-30033,2013-12-23,2014-12-23,,SYN-FACTORY-000295,,,Pass
28759a6b-4279-517a-9737-9e0736bb6e2b,DL-BE-30007,2013-12-23,2014-12-23,Montreal Calibration,SYN-MC-13-000296,,395.00,Pass
65cdf2ab-9d01-52a5-94cf-6bbba8aade7e,GEO-BG-30007,2014-01-09,2015-01-09,Montreal Calibration,SYN-MC-14-000297,,230.00,Pass
7133c3ca-585c-5393-aeaf-f8a7bb7553ff,DL-BE-30045,2014-01-09,2015-01-09,Montreal Calibration,SYN-MC-14-000298,,370.00,Pass
c62b6bdd-3417-53d9-980e-3e1469699b1e,DL-BE-30040,2014-01-14,2015-01-14,Montreal Calibration,SYN-MC-14-000299,,370.00,Pass
532b3ed1-6a5f-588a-8eee-4cb2c96c8a03,DL-BE-30051,2014-01-29,2015-01-29,Montreal Calibration,SYN-MC-14-000300,,475.00,Pass
ce9c48cb-e741-55d6-a592-142c330c5f2c,DL-BE-30052,2014-02-03,2015-02-03,Montreal Calibration,SYN-MC-14-000301,,465.00,Adjusted
c191ab8c-220d-56f0-96bd-c36c75656c5f,GEO-SE-30000,2014-02-07,2015-02-07,Montreal Calibration,SYN-MC-14-000302,,255.00,Pass
55dce923-a4ad-5dc5-91d7-76b28a273502,DL-BE-30025,2014-03-03,2015-03-03,Montreal Calibration,SYN-MC-14-000303,,420.00,Pass
2fe79dad-20e0-53af-b52b-efaafdcd03e6,GEO-BG-30006,2014-03-04,2015-03-04,Montreal Calibration,SYN-MC-14-000304,,290.00,Adjusted
015d581c-6872-546d-b547-96a9e7e8e7ed,DL-BE-30014,2014-03-10,2015-03-10,Montreal Calibration,SYN-MC-14-000305,,450.00,Pass
398ea034-6e97-5bd4-8b92-f824b3b8f48b,DL-BE-30049,2014-03-10,2015-03-10,Montreal Calibration,SYN-MC-14-000306,,430.00,Pass
5f1e6701-5fa0-5a01-a3d9-30bb4e5f45fb,DL-BE-30057,2014-03-11,2015-03-11,Montreal Calibration,SYN-MC-14-000307,,460.00,Pass
6482136f-2e5a-5fc1-9d51-8596ac511d05,DL-BE-30035,2014-03-11,2015-03-11,Montreal Calibration,SYN-MC-14-000308,,380.00,Pass
67695b03-4fe6-5b06-907a-c87a9e068e9e,GEO-SE-30001,2014-03-19,2015-03-19,,SYN-FACTORY-000309,,,Pass
feca8b20-43cf-5765-835d-bd22ea2b5e08,DL-BE-30043,2014-03-31,2015-03-31,Montreal Calibration,SYN-MC-14-000310,,450.00,Adjusted
5cf9d49c-ec76-521b-9e24-98df3431fe5b,GEO-BG-30020,2014-04-07,2015-04-07,Montreal Calibration,SYN-MC-14-000311,,260.00,Pass
3dff04cc-c310-591f-a067-edca2a4346fc,SLM-UA-40000,2014-04-14,2015-04-14,,SYN-FACTORY-000312,,,Pass
93b5754f-94c4-5bee-b9de-ed64be98d548,DL-BE-30057,2014-04-21,2015-04-21,Montreal Calibration,SYN-MC-14-000313,,440.00,Pass
41b4bfa1-0fea-5de1-89b8-de0f60df88ae,DL-BE-30021,2014-04-21,2015-04-21,Montreal Calibration,SYN-MC-14-000314,,370.00,Pass
22799780-285b-5bab-a9e5-0caf5478e65f,DL-BE-30009,2014-04-25,2015-04-25,Montreal Calibration,SYN-MC-14-000315,,465.00,Pass
be28f2af-d1d1-597b-83d7-ac54407638a2,TLT-850000,2014-04-30,2016-04-30,Montreal Calibration,SYN-MC-14-000316,,210.00,Pass
d0d152ae-adc3-50db-a865-811a51960a8f,GEO-BG-30001,2014-04-30,2015-04-30,Montreal Calibration,SYN-MC-14-000317,,220.00,Pass
ac72e3cc-2f7d-56e9-8542-89381f097039,GEO-BG-30024,2014-05-12,2015-05-12,Montreal Calibration,SYN-MC-14-000318,,270.00,Adjusted
04951f8e-be0f-50ff-a73b-f2268b72eaaa,DL-BE-30039,2014-05-14,2015-05-14,Montreal Calibration,SYN-MC-14-000319,,365.00,Pass
132b3b39-0878-54e0-8a8b-2bfce1e2d997,DL-BE-30034,2014-05-14,2015-05-14,Montreal Calibration,SYN-MC-14-000320,,460.00,Adjusted
afe59710-f3e9-56ae-a7ee-be2254c75816,DL-UM-40001,2014-05-19,2015-05-19,,SYN-FACTORY-000321,,,Pass
590ccf0f-440f-5329-97aa-e6f5d9a90a54,GEO-UM-40001,2014-05-19,2015-05-19,,SYN-FACTORY-000322,,,Pass
7d8db0e0-688e-5975-a35f-83282d03a39d,DL-BE-30002,2014-05-22,2015-05-22,Montreal Calibration,SYN-MC-14-000323,,450.00,Adjusted
bedc6f18-c423-53d5-bea7-4168339ffde7,GEO-BG-30000,2014-05-26,2015-05-26,Montreal Calibration,SYN-MC-14-000324,,260.00,Pass
1003c6d4-4e61-5df5-916c-a800b03d8075,GEO-BG-30027,2014-05-29,2015-05-29,Montreal Calibration,SYN-MC-14-000325,,255.00,Pass
7f33b7e8-9ba0-5977-be9a-c9163ad8feab,GEO-BG-30013,2014-06-02,2015-06-02,Montreal Calibration,SYN-MC-14-000326,,225.00,Pass
2f2e1498-eab5-5bd1-98e3-0a6053868353,DL-BE-30029,2014-06-04,2015-06-04,Montreal Calibration,SYN-MC-14-000327,,430.00,Adjusted
f66be49c-f21f-5cd4-8ba8-8860dabe7477,DL-BE-30000,2014-06-12,2015-06-12,Montreal Calibration,SYN-MC-14-000328,,385.00,Pass
829486cf-7ca6-55ab-ac3b-1482dd80df12,DL-UM-40002,2014-06-13,2015-06-13,,SYN-FACTORY-000329,,,Pass
7da444f2-2e5b-5d66-9c48-1f0349a1bfcf,GEO-UM-40002,2014-06-13,2015-06-13,,SYN-FACTORY-000330,,,Pass
c1a76669-13b0-5c7e-83c1-fc0da360c87a,GEO-BG-30029,2014-06-13,2015-06-13,Montreal Calibration,SYN-MC-14-000331,,270.00,Pass
f170a3c5-3e3a-5b65-9995-e44bb51f6b3e,DL-BE-30001,2014-06-20,2015-06-20,Montreal Calibration,SYN-MC-14-000332,,450.00,Pass
68f30790-10a8-50b3-a8c2-7ff5dc7277d1,DL-BE-30005,2014-06-23,2015-06-23,Montreal Calibration,SYN-MC-14-000333,,470.00,Pass
6510bcd2-7844-55fc-b491-21c02331622c,DL-BE-30054,2014-06-25,2015-06-25,Montreal Calibration,SYN-MC-14-000334,,370.00,Pass
a349ab18-54d7-51e9-a6da-7d4a369dea80,DL-BE-30003,2014-07-01,2015-07-01,Montreal Calibration,SYN-MC-14-000335,,425.00,Pass
8f4a98c4-5fcf-5c20-8143-3e09d7b31527,DL-BE-30022,2014-07-01,2015-07-01,Montreal Calibration,SYN-MC-14-000336,,425.00,Adjusted
c864d047-c44f-5497-9b05-91c331c27289,DL-BE-30041,2014-07-04,2015-07-04,Montreal Calibration,SYN-MC-14-000337,,465.00,Adjusted
763f9460-f604-522d-9653-4424dbb6b009,DL-BE-30047,2014-07-14,2015-07-14,Montreal Calibration,SYN-MC-14-000338,,470.00,Pass
56379c88-3540-5ce9-b626-ef8f00a21464,GEO-BG-30021,2014-07-15,2015-07-15,Montreal Calibration,SYN-MC-14-000339,,245.00,Pass
ef478881-6578-5194-b8b8-20179b08498b,GEO-BG-30026,2014-07-17,2015-07-17,Montreal Calibration,SYN-MC-14-000340,,230.00,Pass
be5f854b-a3b3-51b2-9980-58d8ca1ffd24,DL-BE-30044,2014-07-18,2015-07-18,Montreal Calibration,SYN-MC-14-000341,,470.00,Adjusted
200569e5-a4b6-584d-88e2-6e4b8ece5cfa,DL-BE-30030,2014-07-22,2015-07-22,Montreal Calibration,SYN-MC-14-000342,,480.00,Adjusted
ba3736fe-f128-5814-b5ac-0b8d15ee30fd,GEO-BG-30031,2014-07-28,2015-07-28,Montreal Calibration,SYN-MC-14-000343,,230.00,Pass
1484dbd3-fdb0-571f-ba62-f35d87fdb835,DL-BE-30018,2014-07-28,2015-07-28,Montreal Calibration,SYN-MC-14-000344,,420.00,Pass
475e3080-88f8-5efd-8070-e3ee04fb9f19,DL-BE-30046,2014-07-31,2015-07-31,Montreal Calibration,SYN-MC-14-000345,,380.00,Pass
d4380629-acb9-5d65-8857-7b5795186f7a,DL-UM-40000,2014-08-18,2015-08-18,Montreal Calibration,SYN-MC-14-000346,,440.00,Pass
b7b01a84-9103-5254-bf37-85df7ab595da,GEO-BG-30017,2014-08-18,2015-08-18,Montreal Calibration,SYN-MC-14-000347,,285.00,Pass
8b2ccd66-d35e-53aa-9b3f-43f83c1a3758,GEO-BG-30030,2014-08-19,2015-08-19,Montreal Calibration,SYN-MC-14-000348,,225.00,Pass
29106a52-10ad-5da3-86b0-36c6b200a432,GEO-SE-30002,2014-09-07,2015-09-07,,SYN-FACTORY-000349,,,Pass
45828bd8-acfd-5809-92fe-00ce56950506,DL-BE-30048,2014-09-26,2015-09-26,Montreal Calibration,SYN-MC-14-000350,,460.00,Pass
b308dbbe-47fc-576c-a20c-a4f0080144db,DL-BE-30038,2014-09-29,2015-09-29,Montreal Calibration,SYN-MC-14-000351,,395.00,Adjusted
92c5671c-3962-509b-9c3c-2234d4c0b389,GEO-BG-30032,2014-10-02,2015-10-02,Montreal Calibration,SYN-MC-14-000352,,245.00,Pass
8be26bbd-8c1f-5d4d-8dc1-ec224c063f02,GEO-BG-30009,2014-10-07,2015-10-07,Montreal Calibration,SYN-MC-14-000353,,295.00,Pass
df75282e-2413-5206-960b-b9926879bda1,GEO-BG-30028,2014-10-07,2015-10-07,Montreal Calibration,SYN-MC-14-000354,,290.00,Adjusted
a238a9c9-75f3-5460-8389-253d8c09e947,DL-BE-30037,2014-10-14,2015-10-14,Montreal Calibration,SYN-MC-14-000355,,420.00,Pass
e611b427-09f8-5982-a823-1cc89f6b2996,GEO-BG-30019,2014-10-20,2015-10-20,Montreal Calibration,SYN-MC-14-000356,,280.00,Pass
dfa1ac90-4ebe-5fc6-8ef1-5210d13a4d9f,DL-BE-30056,2014-10-24,2015-10-24,Montreal Calibration,SYN-MC-14-000357,,410.00,Pass
2c6b21b5-5b55-54a8-acfb-8f323598afec,DL-BE-30012,2014-11-03,2015-11-03,Montreal Calibration,SYN-MC-14-000358,,440.00,Pass
f611039a-baad-5696-afe9-42465a9a3a69,DL-BE-30061,2014-11-03,2015-11-03,Montreal Calibration,SYN-MC-14-000359,,385.00,Pass
75844b04-0751-5f43-99b3-786574064c2e,DL-BE-30008,2014-11-04,2015-11-04,Montreal Calibration,SYN-MC-14-000360,,440.00,Pass
37b8cd4d-52cd-5b6e-a160-3076358f48da,GEO-BG-30016,2014-11-10,2015-11-10,Montreal Calibration,SYN-MC-14-000361,,265.00,Pass
fe4bc59f-5403-538a-8d83-b984d7f8fac3,GEO-BG-30025,2014-11-10,2015-11-10,Montreal Calibration,SYN-MC-14-000362,,275.00,Pass
850d718c-7b32-5777-b6e0-265087f13d50,DL-BE-30027,2014-12-08,2015-12-08,Montreal Calibration,SYN-MC-14-000363,,390.00,Pass
5320bffb-717b-5ec2-b073-03848f2825a7,GEO-BG-30010,2014-12-18,2014-08-06,Montreal Calibration,SYN-MC-14-000364,,255.00,Fail
cbe161c7-cac6-591b-9f45-d22a83c6fa10,DL-BE-30010,2014-12-29,2015-12-29,Montreal Calibration,SYN-MC-14-000365,,395.00,Pass
bc2e437f-8667-5469-83dd-d78fe6ad41d4,DL-BE-30055,2014-12-29,2014-07-18,Montreal Calibration,SYN-MC-14-000366,,380.00,Fail
a9b25b47-f202-54d2-a8cd-c58ff939ee33,DL-BE-30023,2014-12-31,2015-12-31,Montreal Calibration,SYN-MC-14-000367,,460.00,Pass
6f84ca8b-4230-5b3a-8024-7089ffb5f01e,DL-BE-30053,2015-01-05,2016-01-05,Montreal Calibration,SYN-MC-15-000368,,430.00,Pass
a6b6cb56-686e-51be-a17d-679c5eae8e4d,DL-BE-30019,2015-01-05,2016-01-05,Montreal Calibration,SYN-MC-15-000369,,410.00,Pass
aa9bafa8-3ae4-50a8-8f68-5b62baaf760f,SLM-LD-5000000,2015-01-14,2016-01-14,Montreal Calibration,SYN-MC-15-000370,,350.00,Pass
bd7121b0-ea45-5189-9924-612951c3a692,SLM-LD-PA-5000,2015-01-14,2016-01-14,Montreal Calibration,SYN-MC-15-000371,,355.00,Pass
9d19d7b0-d712-5983-8159-1a6b0a5a0182,SLM-LD-EL-700000,2015-01-14,2016-01-14,Montreal Calibration,SYN-MC-15-000372,,295.00,Pass
35c730c4-a446-5dfd-8c97-26b5d1654e81,DL-BE-30057,2015-01-14,2016-01-14,Montreal Calibration,SYN-MC-15-000373,,375.00,Pass
4672d877-b2b9-5eab-9985-ab63fab04b1b,DL-BE-30051,2015-01-19,2016-01-19,Montreal Calibration,SYN-MC-15-000374,,370.00,Pass
247295ad-a75f-5bb0-a961-d8a2d708c92f,GEO-SE-30000,2015-02-02,2016-02-02,Montreal Calibration,SYN-MC-15-000375,,260.00,Pass
37c9b306-c1e1-5952-a609-9e434c04ef8e,DL-BE-30060,2015-02-02,2016-02-02,Montreal Calibration,SYN-MC-15-000376,,360.00,Pass
61d533dc-12c2-5e8d-8166-827adc4c3c61,GEO-BG-30006,2015-02-03,2016-02-03,Montreal Calibration,SYN-MC-15-000377,,245.00,Adjusted
79d1f20a-747f-56c8-b90e-60ef5cf0dd36,DL-BE-30011,2015-02-12,2016-02-12,Montreal Calibration,SYN-MC-15-000378,,395.00,Pass
c21498c2-4cfa-594b-b561-5c37a285b465,DL-BE-30050,2015-02-23,2016-02-23,Montreal Calibration,SYN-MC-15-000379,,445.00,Adjusted
b3adfce7-f01e-5c4b-ba38-f2fdf6db16f6,GEO-BG-30015,2015-02-26,2016-02-26,Montreal Calibration,SYN-MC-15-000380,,225.00,Pass
01c23228-0077-5770-91e5-1d63f45dce15,TLT-850000,2015-03-02,2017-03-02,Montreal Calibration,SYN-MC-15-000381,,200.00,Pass
6a458800-c117-5a7f-917d-04cd40347023,GEO-BG-30011,2015-03-03,2016-03-03,Montreal Calibration,SYN-MC-15-000382,,275.00,Pass
b5734ee6-0374-5dfb-b0f0-c622f8fa1a56,SLM-UA-40000,2015-03-05,2016-03-05,Montreal Calibration,SYN-MC-15-000383,,340.00,Pass
161a2e2f-5d46-5e4d-b4de-de99f4650215,DL-BE-30013,2015-03-06,2016-03-06,Montreal Calibration,SYN-MC-15-000384,,400.00,Pass
fc9ab61e-3e3e-5452-9ca3-d12bdf5008fa,GEO-BG-30010,2015-03-06,2016-03-06,Montreal Calibration,SYN-MC-15-000385,,225.00,Pass
4b18c0b3-2dc5-5c25-ae88-921c6177227b,GEO-SE-30001,2015-03-07,2016-03-07,Montreal Calibration,SYN-MC-15-000386,,275.00,Pass
e0f9c3c8-b87d-502b-9c76-cef594e150d8,GEO-BG-30020,2015-03-11,2016-03-11,Montreal Calibration,SYN-MC-15-000387,,290.00,Pass
b0e1801d-ff74-5b8a-be3b-961ce95b6451,DL-BE-30034,2015-03-13,2016-03-13,Montreal Calibration,SYN-MC-15-000388,,360.00,Pass
0817b0bd-1ab2-5d60-be10-be73648eaa94,DL-BE-30000,2015-03-15,2016-03-15,Montreal Calibration,SYN-MC-15-000389,,365.00,Pass
a05e4788-5941-5384-93f3-5973f3558ab6,GEO-BG-30024,2015-03-16,2016-03-16,Montreal Calibration,SYN-MC-15-000390,,240.00,Adjusted
fd983d62-73c7-5534-8238-ec209166c22e,DL-BE-30021,2015-03-27,2016-03-27,Montreal Calibration,SYN-MC-15-000391,,405.00,Adjusted
b1510968-7631-56a0-9397-72c95f69e35c,DL-BE-30007,2015-03-31,2016-03-31,Montreal Calibration,SYN-MC-15-000392,,415.00,Pass
4b08aced-cb7f-5e27-a9a5-97edf88583fb,VWR-E-2000000,2015-04-06,2017-04-06,,SYN-FACTORY-000393,,,Pass
f9d0f299-f94a-54fe-9640-a7a08b217773,GEO-BG-30029,2015-04-07,2016-04-07,Montreal Calibration,SYN-MC-15-000394,,270.00,Pass
1149b316-7582-5327-9423-de33a3873db5,DL-BE-30032,2015-04-10,2016-04-10,Montreal Calibration,SYN-MC-15-000395,,455.00,Pass
4798aa87-06f7-57ee-a001-099bb8af4386,DL-BE-30059,2015-04-15,2016-04-15,Montreal Calibration,SYN-MC-15-000396,,370.00,Pass
0356b6ba-6c7b-5677-8ff0-e1909427fd02,DL-BE-30002,2015-04-24,2016-04-24,Montreal Calibration,SYN-MC-15-000397,,400.00,Pass
b5877604-8d99-5344-b9e4-81cb5822ce0a,DL-BE-30058,2015-05-05,2016-05-05,Montreal Calibration,SYN-MC-15-000398,,395.00,Pass
52061e1e-5db7-55a5-8c9b-4b12fb739560,GEO-BG-30013,2015-05-06,2016-05-06,Montreal Calibration,SYN-MC-15-000399,,250.00,Pass
6e4735ac-407e-5a97-85bf-027684a73140,DL-BE-30005,2015-05-25,2016-05-25,Montreal Calibration,SYN-MC-15-000400,,435.00,Pass
d59a4889-5056-5426-929d-bbc0ffc4976a,GEO-BG-30007,2015-05-26,2016-05-26,Montreal Calibration,SYN-MC-15-000401,,285.00,Pass
8380aa07-ea18-522c-bb6f-1294ca8697b9,DL-BE-30028,2015-05-27,2016-05-27,Montreal Calibration,SYN-MC-15-000402,,370.00,Pass
3621b4ef-b896-5f38-919c-20cae6f5a2ab,GEO-BG-30014,2015-05-29,2016-05-29,Montreal Calibration,SYN-MC-15-000403,,290.00,Pass
f1242e50-87e0-59bc-bc03-4eea99830124,DL-BE-30038,2015-06-01,2016-06-01,Montreal Calibration,SYN-MC-15-000404,,440.00,Pass
da9c72b9-585a-527a-9e72-bf478c84d30b,DL-BE-30042,2015-06-01,2016-06-01,Montreal Calibration,SYN-MC-15-000405,,380.00,Pass
0274a6ad-21da-5426-b951-d08dce3b0299,DL-BE-30015,2015-06-02,2016-06-02,Montreal Calibration,SYN-MC-15-000406,,445.00,Pass
bf0e25dd-f530-5b86-b50a-8262a5173286,DL-BE-30035,2015-06-04,2016-06-04,Montreal Calibration,SYN-MC-15-000407,,475.00,Pass
e6b61013-8c26-52a1-ba3c-b29d0fb77868,DL-BE-30044,2015-06-22,2016-06-22,Montreal Calibration,SYN-MC-15-000408,,365.00,Pass
f9edac0f-97d0-57ae-9108-5b6ca715704d,DL-UM-40003,2015-06-26,2016-06-26,,SYN-FACTORY-000409,,,Pass
588990c5-b9f5-5184-a92b-dd0e4d93e200,GEO-UM-40003,2015-06-26,2016-06-26,,SYN-FACTORY-000410,,,Pass
4e36bf98-c3bb-5f6b-9a25-41be224c2a0c,GEO-BG-30000,2015-07-06,2016-07-06,Montreal Calibration,SYN-MC-15-000411,,260.00,Pass
48e3b055-63ba-5be2-b194-6e3733878511,DL-BE-30026,2015-07-07,2016-07-07,Montreal Calibration,SYN-MC-15-000412,,450.00,Pass
14dc6d7e-a3cd-570d-bf58-47912b772634,GEO-UM-40002,2015-07-27,2016-07-27,Montreal Calibration,SYN-MC-15-000413,,225.00,Pass
283a431f-b35a-53c8-a31d-849d712ba1b6,VWR-70000,2015-07-27,2017-07-27,,SYN-FACTORY-000414,,,Pass
c615c8ed-d94d-59e1-83be-f2aab1a16ffc,DL-BE-30060,2015-07-27,2016-07-27,Montreal Calibration,SYN-MC-15-000415,,405.00,Pass
023e0b65-de4a-55bf-8b08-9e53a9a0d3df,DL-BE-30031,2015-07-27,2016-07-27,Montreal Calibration,SYN-MC-15-000416,,450.00,Adjusted
a91c58d7-c5e8-58c8-b65b-34ae28aea4e6,GEO-BG-30030,2015-08-03,2016-08-03,Montreal Calibration,SYN-MC-15-000417,,250.00,Pass
50ed5139-6e3b-529a-a2bf-013f6ebc61fb,GEO-BG-30021,2015-08-06,2016-08-06,Montreal Calibration,SYN-MC-15-000418,,275.00,Adjusted
9d19389f-59f0-55ad-be0c-4db42993d3f7,GEO-SE-30002,2015-08-12,2016-08-12,Montreal Calibration,SYN-MC-15-000419,,225.00,Pass
a31422b9-da41-5db9-b096-650e44b15cb5,DL-BE-30044,2015-08-19,2016-08-19,Montreal Calibration,SYN-MC-15-000420,,375.00,Pass
0d904dba-5806-531e-a0aa-27bcd627289d,DL-BE-30048,2015-08-24,2016-08-24,Montreal Calibration,SYN-MC-15-000421,,460.00,Pass
a7f6d1ef-242a-5d2c-a9b7-7f2c58530d71,DL-BE-30018,2015-08-27,2016-08-27,Montreal Calibration,SYN-MC-15-000422,,480.00,Adjusted
0db85236-be3c-56b0-a4e4-d887993b061e,DL-BE-30039,2015-09-15,2016-09-15,Montreal Calibration,SYN-MC-15-000423,,410.00,Pass
fbacdec2-953b-5091-9b83-3f5b70949ebf,DL-BE-30019,2015-10-12,2016-10-12,Montreal Calibration,SYN-MC-15-000424,,435.00,Adjusted
2080866b-8683-562f-9b62-9ffbac42d099,DL-UM-40004,2015-10-23,2016-10-23,,SYN-FACTORY-000425,,,Pass
a7f1e978-ab62-594e-bcfb-add077d6492c,GEO-UM-40004,2015-10-23,2016-10-23,,SYN-FACTORY-000426,,,Pass
1de5f886-0d2c-5007-9719-2b2b0edb8326,GEO-BG-30025,2015-10-23,2016-10-23,Montreal Calibration,SYN-MC-15-000427,,230.00,Pass
d22dd150-7a89-5f73-ad21-2aecb5009d4f,DL-BE-30009,2015-12-01,2016-12-01,Montreal Calibration,SYN-MC-15-000428,,370.00,Pass
a003c002-8fc9-50f5-ab85-b453bbda8b26,SLM-UA-40000,2015-12-07,2016-12-07,Montreal Calibration,SYN-MC-15-000429,,300.00,Pass
b3bede5c-47ef-5d82-9b65-24f91facb889,DL-BE-30057,2015-12-09,2016-12-09,Montreal Calibration,SYN-MC-15-000430,,395.00,Pass
86d15816-a146-555a-af7f-84161c14a229,SLM-LD-5000000,2015-12-15,2016-12-15,Montreal Calibration,SYN-MC-15-000431,,380.00,Pass
4d4caf9c-dfe6-5f9d-9a5a-b9321e65c448,SLM-LD-PA-5000,2015-12-15,2016-12-15,Montreal Calibration,SYN-MC-15-000432,,315.00,Pass
53c0c9c9-d037-5efc-9377-4c0dc9f3b4b2,SLM-LD-EL-700000,2015-12-15,2016-12-15,Montreal Calibration,SYN-MC-15-000433,,385.00,Pass
1a13969c-b31e-51e2-b33f-3408182f48b7,DL-BE-30037,2015-12-24,2016-12-24,Montreal Calibration,SYN-MC-15-000434,,360.00,Pass
5f373721-7000-51b8-b605-e74654a141f7,DL-UM-40005,2015-12-25,2016-12-25,,SYN-FACTORY-000435,,,Pass
44cb3433-3651-5d25-9034-2db788cf9c7e,GEO-UM-40005,2015-12-25,2016-12-25,,SYN-FACTORY-000436,,,Pass
1181ef67-e8bd-5859-a613-a1737778521c,GEO-BG-30006,2015-12-28,2016-12-28,Montreal Calibration,SYN-MC-15-000437,,240.00,Pass
fee69adc-837a-5059-9611-85d522e7e4ed,SLM-S50-500000,2016-01-11,2017-01-11,,SYN-FACTORY-000438,,,Pass
35796be7-1184-57f0-9dc6-910350b04a73,GEO-V12-400000,2016-01-18,2017-01-18,,SYN-FACTORY-000439,,,Pass
4e9b1622-a08e-5363-8c80-eb03830da81b,GEO-SE-30000,2016-01-19,2017-01-19,Montreal Calibration,SYN-MC-16-000440,,255.00,Pass
aca79cb5-b3b3-5a39-8e88-eeb29c6b4ecb,DL-D10-300000,2016-01-26,2017-01-26,,SYN-FACTORY-000441,,,Pass
a28c1654-9086-5c7d-8ef1-99de0c2fe4d9,DL-BE-30033,2016-02-04,2017-02-04,Montreal Calibration,SYN-MC-16-000442,,430.00,Pass
96da966e-ee51-5bba-b1ba-a4417abeaa66,SLM-S50-500001,2016-02-24,2017-02-24,,SYN-FACTORY-000443,,,Pass
ca8cf46e-d8df-5d8a-95e4-93edd88eac77,GEO-SE-30001,2016-02-25,2017-02-25,Montreal Calibration,SYN-MC-16-000444,,235.00,Pass
f6d95242-bbf6-533e-baa7-060aa31bad67,GEO-V12-400001,2016-02-29,2017-03-01,,SYN-FACTORY-000445,,,Pass
96dedf32-9363-5361-959f-5e450924b448,DL-BE-30055,2016-03-09,2017-03-09,Montreal Calibration,SYN-MC-16-000446,,450.00,Pass
f45c649d-103c-51ca-867e-3c9b1309f7cd,DL-BE-30011,2016-03-11,2017-03-11,Montreal Calibration,SYN-MC-16-000447,,395.00,Pass
73401a9c-914e-5fef-a8ba-b72fc811bf6d,DL-BE-30023,2016-03-18,2017-03-18,Montreal Calibration,SYN-MC-16-000448,,445.00,Pass
b37e412c-1cb0-5acb-af17-b31be1787191,DL-BE-30053,2016-03-20,2017-03-20,Montreal Calibration,SYN-MC-16-000449,,480.00,Pass
a2a5c12f-4d1c-5b3b-b661-88f09d607eca,SLM-S50-500002,2016-03-21,2017-03-21,,SYN-FACTORY-000450,,,Pass
a0e8e506-4e81-58d1-b072-64d552b4372c,DL-BE-30058,2016-03-25,2017-03-25,Montreal Calibration,SYN-MC-16-000451,,365.00,Pass
39a799b7-455f-5ff8-8cfa-688208bd4460,GEO-BG-30017,2016-04-04,2017-04-04,Montreal Calibration,SYN-MC-16-000452,,275.00,Pass
620d1678-a848-5730-9d13-15419a7f7c0c,DL-BE-30007,2016-04-05,2017-04-05,Montreal Calibration,SYN-MC-16-000453,,405.00,Pass
b203980f-5c10-58a1-9ffb-4215439452b8,DL-UM-40006,2016-04-07,2017-04-07,,SYN-FACTORY-000454,,,Pass
1bd30ec6-483c-5bbb-92d3-2a835f0bb2e4,GEO-UM-40006,2016-04-07,2017-04-07,,SYN-FACTORY-000455,,,Pass
c324ba4c-add0-5d32-aa60-4d62c8abe630,DL-BE-30022,2016-04-11,2017-04-11,Montreal Calibration,SYN-MC-16-000456,,465.00,Adjusted
d0abc006-71a6-5f62-b328-de614b8a8358,DL-BE-30013,2016-04-15,2017-04-15,Montreal Calibration,SYN-MC-16-000457,,425.00,Pass
56bbe4b7-2a2f-5249-ba3f-fd4dcafbeb15,GEO-BG-30011,2016-04-18,2017-04-18,Montreal Calibration,SYN-MC-16-000458,,230.00,Pass
d729d68e-223d-5c38-9fc1-73b3c9d4bc8d,DL-BE-30046,2016-04-18,2017-04-18,Montreal Calibration,SYN-MC-16-000459,,405.00,Pass
15bbd0f4-5ff6-5b22-822e-b789f2b0eda4,DL-BE-30042,2016-04-18,2017-04-18,Montreal Calibration,SYN-MC-16-000460,,435.00,Pass
347daba0-10e1-56ec-bc3a-c0147451b1fe,DL-BE-30059,2016-04-22,2017-04-22,Montreal Calibration,SYN-MC-16-000461,,420.00,Pass
fbb59644-5710-5571-a16f-d143bac82126,GEO-BG-30027,2016-04-25,2017-04-25,Montreal Calibration,SYN-MC-16-000462,,240.00,Adjusted
f8f20b43-3c1e-59f4-8294-e86390f15b83,GEO-BG-30020,2016-04-25,2017-04-25,Montreal Calibration,SYN-MC-16-000463,,265.00,Pass
f7099ef4-2d9f-5371-bfee-fa0c98cf642c,GEO-BG-30007,2016-04-26,2017-04-26,Montreal Calibration,SYN-MC-16-000464,,250.00,Pass
64038e87-6f53-5540-ad43-bdef422e8d83,DL-BE-30005,2016-04-28,2017-04-28,Montreal Calibration,SYN-MC-16-000465,,470.00,Pass
d73f3d26-98bd-5d47-b9a8-df259c43c2e6,DL-UM-40000,2016-05-10,2017-05-10,Montreal Calibration,SYN-MC-16-000466,,375.00,Adjusted
b001d0a9-574f-527e-961e-bf3e375260a6,SLM-S50-500003,2016-05-19,2017-05-19,,SYN-FACTORY-000467,,,Pass
655cda08-e1ae-5b62-9219-742a0b857934,DL-BE-30050,2016-05-23,2017-05-23,Montreal Calibration,SYN-MC-16-000468,,480.00,Adjusted
b4ea4d85-eb1c-5c40-8c46-7c2df7b32661,DL-UM-40007,2016-05-24,2017-05-24,,SYN-FACTORY-000469,,,Pass
548e78da-2864-54fb-8eb0-837e174ee448,GEO-UM-40007,2016-05-24,2017-05-24,,SYN-FACTORY-000470,,,Pass
5f1e009f-c98b-563d-8529-8b6d680acac1,GEO-BG-30004,2016-05-30,2017-05-30,Montreal Calibration,SYN-MC-16-000471,,245.00,Pass
97679663-d7d1-5da4-bf11-f3f0000ceaf0,DL-BE-30027,2016-06-13,2017-06-13,Montreal Calibration,SYN-MC-16-000472,,425.00,Pass
5dda5c30-9d61-557b-b7eb-ef2f91e0768b,DL-BE-30012,2016-06-13,2017-06-13,Montreal Calibration,SYN-MC-16-000473,,360.00,Adjusted
e4b4aff0-a16b-582b-b980-979991cb5006,DL-BE-30006,2016-06-15,2017-06-15,Montreal Calibration,SYN-MC-16-000474,,400.00,Pass
b1986306-ef6b-50d7-90dd-e99d160e7fcb,GEO-C22-450000,2016-06-21,2017-06-21,,SYN-FACTORY-000475,,,Pass
a0297c73-fd53-5605-85e2-46c70f3aa9d0,GEO-BG-30019,2016-06-23,2017-06-23,Montreal Calibration,SYN-MC-16-000476,,240.00,Pass
9f392892-e154-57fe-802f-b5941dd24cb2,DL-BE-30003,2016-06-27,2017-06-27,Montreal Calibration,SYN-MC-16-000477,,360.00,Adjusted
70c48dac-2f65-5743-b228-f02cc4d574d5,DL-UM-40002,2016-06-27,2017-06-27,Montreal Calibration,SYN-MC-16-000478,,415.00,Pass
da2906e0-c17f-5dfa-8433-bc57b4cc7da0,GEO-UM-40002,2016-06-29,2017-06-29,Montreal Calibration,SYN-MC-16-000479,,285.00,Pass
2b579694-d4a7-5788-8575-34f3a0eaa7ec,DL-BE-30019,2016-06-30,2017-06-30,Montreal Calibration,SYN-MC-16-000480,,370.00,Pass
f8d95683-ff48-599b-a53b-41146ce9f26d,DL-BE-30045,2016-07-04,2015-01-09,Montreal Calibration,SYN-MC-16-000481,,395.00,Fail
b760b7be-544e-52b4-adf7-dcf8a9bddd32,GEO-UM-40000,2016-07-08,2017-07-08,Montreal Calibration,SYN-MC-16-000482,,280.00,Pass
389cd416-1a89-5984-a22b-aaa83151d0d6,GEO-SE-30002,2016-07-11,2017-07-11,Montreal Calibration,SYN-MC-16-000483,,265.00,Pass
e88ca559-5018-553c-9eb7-c71b3042e74b,DL-BE-30061,2016-07-23,2017-07-23,Montreal Calibration,SYN-MC-16-000484,,445.00,Pass
7b19fead-4057-5a41-88ce-a150386f1b87,GEO-BG-30010,2016-08-03,2017-08-03,Montreal Calibration,SYN-MC-16-000485,,300.00,Pass
e5d074f5-6aad-5634-826c-59b344194e36,GEO-BG-30028,2016-08-09,2017-08-09,Montreal Calibration,SYN-MC-16-000486,,245.00,Pass
1e77756f-1b0f-565a-9385-5391ae2120eb,DL-BE-30044,2016-08-15,2017-08-15,Montreal Calibration,SYN-MC-16-000487,,365.00,Adjusted
527cb039-1a43-5434-8af2-1a5b75b71ac8,DL-BE-30010,2016-08-27,2017-08-27,Montreal Calibration,SYN-MC-16-000488,,365.00,Pass
3dc28d41-4d68-5e56-9590-cf365b5037f8,SLM-S50-500004,2016-08-29,2017-08-29,,SYN-FACTORY-000489,,,Pass
cf037de1-c3a0-5dc1-9812-0ca10e105ab2,DL-BE-30060,2016-09-02,2017-09-02,Montreal Calibration,SYN-MC-16-000490,,475.00,Pass
7cc2cb98-6e39-5b91-a14c-000e95e4f3cb,GEO-V12-400002,2016-09-05,2017-09-05,,SYN-FACTORY-000491,,,Pass
fb9863d7-dad9-5006-9700-be2d96c2ded9,DL-BE-30049,2016-09-05,2017-09-05,Montreal Calibration,SYN-MC-16-000492,,425.00,Pass
f0b890b1-caf5-50fa-9030-1cd7be6b2841,DL-BE-30030,2016-09-08,2017-09-08,Montreal Calibration,SYN-MC-16-000493,,405.00,Pass
29c146f8-498a-5296-b71a-caf1aa14b387,GEO-UM-40003,2016-09-09,2017-09-09,Montreal Calibration,SYN-MC-16-000494,,280.00,Pass
3670e6c5-39f0-55c5-832d-556dd4a8f641,DL-BE-30020,2016-09-12,2017-09-12,Montreal Calibration,SYN-MC-16-000495,,415.00,Pass
53379d7a-606c-5830-9698-e134bf426fe4,SLM-UA-40000,2016-09-13,2017-09-13,Montreal Calibration,SYN-MC-16-000496,,375.00,Pass
2d49a832-46fc-51db-8332-5ce9222cf086,DL-D10-300001,2016-09-15,2017-09-15,,SYN-FACTORY-000497,,,Pass
1f47a732-21d5-54c8-9b40-3f147e43001d,DL-UM-40001,2016-09-15,2017-09-15,Montreal Calibration,SYN-MC-16-000498,,385.00,Adjusted
bcb3eab0-6788-53d5-aa52-a9979b4a248e,GEO-UM-40001,2016-09-19,2017-09-19,Montreal Calibration,SYN-MC-16-000499,,290.00,Adjusted
dae5912d-5401-5b50-a047-29a167825372,DL-BE-30016,2016-09-19,2017-09-19,Montreal Calibration,SYN-MC-16-000500,,385.00,Pass
50516c99-8098-55b4-b5f3-d6469929dda1,SLM-LD-5000000,2016-09-23,2017-09-23,Montreal Calibration,SYN-MC-16-000501,,355.00,Pass
af200a61-8188-5d9c-b8b0-e86bd8780de2,SLM-LD-PA-5000,2016-09-23,2017-09-23,Montreal Calibration,SYN-MC-16-000502,,300.00,Pass
b554504a-54fd-5a36-81f0-1d3d3365faf8,SLM-LD-EL-700000,2016-09-23,2017-09-23,Montreal Calibration,SYN-MC-16-000503,,370.00,Pass
9c7e05cf-9e1e-5bb1-9f69-6ae240971a3e,GEO-BG-30023,2016-09-30,2017-09-30,Montreal Calibration,SYN-MC-16-000504,,230.00,Pass
44e6e114-7c31-5dfe-b260-a0a07c84b467,DL-BE-30045,2016-09-30,2017-09-30,Montreal Calibration,SYN-MC-16-000505,,480.00,Pass
0f161b6b-12c2-5261-b252-3bedf26654a8,DL-BE-30015,2016-10-03,2017-10-03,Montreal Calibration,SYN-MC-16-000506,,380.00,Pass
0c03fd55-52bf-577c-87e4-061f8c1fbaa2,GEO-BG-30025,2016-10-05,2017-10-05,Montreal Calibration,SYN-MC-16-000507,,245.00,Pass
0e8fc0a5-33ca-5682-a159-7c46d8c177f7,GEO-BG-30022,2016-10-06,2017-10-06,Montreal Calibration,SYN-MC-16-000508,,280.00,Pass
93946280-cea1-56eb-8e8a-c16e7051e2c2,DL-UM-40003,2016-10-12,2017-10-12,Montreal Calibration,SYN-MC-16-000509,,450.00,Pass
0874ee0d-fdfe-50be-880e-9571f243ae60,GEO-BG-30016,2016-10-12,2017-10-12,Montreal Calibration,SYN-MC-16-000510,,255.00,Pass
26777218-5501-5d13-b98f-6b086100e829,DL-BE-30035,2016-10-14,2017-10-14,Montreal Calibration,SYN-MC-16-000511,,360.00,Pass
77096340-5829-58d8-8716-81fd82018175,DL-BE-30054,2016-11-06,2017-11-06,Montreal Calibration,SYN-MC-16-000512,,360.00,Pass
6d43d912-ba22-59a4-9343-4606b44b565a,DL-BE-30056,2016-11-08,2017-11-08,Montreal Calibration,SYN-MC-16-000513,,390.00,Pass
9ec78b7a-064c-523a-9d04-6e9e1261c208,DL-UM-40008,2016-11-10,2017-11-10,,SYN-FACTORY-000514,,,Pass
4092dc36-3ca2-55c2-a491-4f1cb2c655d9,GEO-UM-40008,2016-11-10,2017-11-10,,SYN-FACTORY-000515,,,Pass
3ecaaa27-80de-53aa-bb84-a02306b9953f,DL-BE-30041,2016-11-14,2017-11-14,Montreal Calibration,SYN-MC-16-000516,,390.00,Adjusted
31909f6a-a928-5038-8ac3-eae82842778f,GEO-BG-30029,2016-11-14,2017-11-14,Montreal Calibration,SYN-MC-16-000517,,230.00,Pass
38597eca-ca59-55c4-ad96-9c1d5ef146b7,GEO-UM-40004,2016-11-22,2017-11-22,Montreal Calibration,SYN-MC-16-000518,,270.00,Pass
65ee85b7-48d0-5249-9469-1fb3043263d3,GEO-BG-30013,2016-11-24,2017-11-24,Montreal Calibration,SYN-MC-16-000519,,245.00,Adjusted
704a2eed-7118-5495-94aa-4d10a068a28e,DL-BE-30047,2016-11-28,2017-11-28,Montreal Calibration,SYN-MC-16-000520,,370.00,Pass
35d71296-5f58-5940-95eb-f2dd59bbf6cf,GEO-V12-400003,2016-12-02,2017-12-02,,SYN-FACTORY-000521,,,Pass
a3ae47d2-7fc2-5f92-8143-e1e60cf41b13,GEO-BG-30021,2016-12-05,2017-12-05,Montreal Calibration,SYN-MC-16-000522,,220.00,Pass
1eee284f-cc90-592b-8c4a-9bb3b5bc6208,SLM-S50-500000,2016-12-12,2017-12-12,Montreal Calibration,SYN-MC-16-000523,,315.00,Pass
faceb749-67cb-5b11-bf67-4324d158659e,GEO-BG-30031,2016-12-13,2017-12-13,Montreal Calibration,SYN-MC-16-000524,,260.00,Pass
5cea4563-256b-514b-8b1b-200f2d7a503b,GEO-SE-30000,2016-12-14,2017-12-14,Montreal Calibration,SYN-MC-16-000525,,295.00,Pass
b43058e7-9379-57a0-8dcb-57ee83aa520b,DL-UM-40004,2016-12-14,2017-12-14,Montreal Calibration,SYN-MC-16-000526,,375.00,Pass
8cc78f53-c25c-5176-9dbf-dbf00aef402f,DL-UM-40009,2016-12-17,2017-12-17,,SYN-FACTORY-000527,,,Pass
ec87d7fc-3356-5faa-8f93-f859c0e479b3,GEO-UM-40009,2016-12-17,2017-12-17,,SYN-FACTORY-000528,,,Pass
dd6dd1a1-f2d8-5dcb-863a-f883167f3725,GEO-UM-40005,2017-01-05,2018-01-05,Montreal Calibration,SYN-MC-17-000529,,235.00,Pass
84109a88-8b44-5b94-b2d3-9a797be11214,DL-UM-40005,2017-01-09,2018-01-09,Montreal Calibration,SYN-MC-17-000530,,390.00,Pass
01dd03e2-a474-57ce-87c3-80e76997762b,SLM-S50-500005,2017-01-09,2018-01-09,,SYN-FACTORY-000531,,,Pass
01c966fa-9672-5a80-904b-bbb08a023db2,GEO-V12-400000,2017-01-11,2018-01-11,Montreal Calibration,SYN-MC-17-000532,,220.00,Pass
2c24f971-c889-5760-91d4-9d0bce67b43e,DL-BE-30009,2017-01-13,2018-01-13,Montreal Calibration,SYN-MC-17-000533,,425.00,Adjusted
aba31f9b-3832-58b5-bc2e-1f082ed671b6,VWR-E-2000000,2017-01-16,2019-01-16,Montreal Calibration,SYN-MC-17-000534,,220.00,Adjusted
280db1a8-b552-5cb6-9213-7cd22f12c97f,DL-BE-30034,2017-01-19,2018-01-19,Montreal Calibration,SYN-MC-17-000535,,390.00,Pass
da4491b2-9e65-5cfd-aabe-4e4e509f26f2,GEO-BG-30026,2017-01-19,2018-01-19,Montreal Calibration,SYN-MC-17-000536,,245.00,Pass
142183f0-3720-5eb4-847c-942e413587a0,SLM-S50-500001,2017-01-23,2018-01-23,Montreal Calibration,SYN-MC-17-000537,,330.00,Pass
41971363-0142-594a-8553-92ef89bb1495,DL-BE-30039,2017-01-27,2018-01-27,Montreal Calibration,SYN-MC-17-000538,,375.00,Pass
2ab42aaa-1d8b-5557-a19e-52d4519902e9,DL-BE-30028,2017-01-30,2018-01-30,Montreal Calibration,SYN-MC-17-000539,,385.00,Pass
55e77d8b-62b6-5c5b-b9f6-f7f12b123980,GEO-BG-30024,2017-01-31,2018-01-31,Montreal Calibration,SYN-MC-17-000540,,290.00,Pass
aca309bc-2f31-53cb-b608-fd9b438180e5,GEO-V12-400001,2017-02-06,2018-02-06,Montreal Calibration,SYN-MC-17-000541,,295.00,Pass
78243747-6996-5333-91d8-71f3c43339ce,GEO-SE-30001,2017-02-10,2018-02-10,Montreal Calibration,SYN-MC-17-000542,,230.00,Adjusted
1bb3ecea-52d3-58cf-98ff-e3fc793591de,DL-UM-40010,2017-02-13,2018-02-13,,SYN-FACTORY-000543,,,Pass
9b2ab61e-84c8-524d-bb8c-c466cc7f9fe8,GEO-UM-40010,2017-02-13,2018-02-13,,SYN-FACTORY-000544,,,Pass
c2d9c133-5af1-53bf-abe0-5c32d3b8f572,GEO-BG-30032,2017-02-13,2018-02-13,Montreal Calibration,SYN-MC-17-000545,,235.00,Pass
7e76a4ac-7b71-5284-a37c-817a68be6b8f,VWR-70001,2017-02-14,2019-02-14,,SYN-FACTORY-000546,,,Pass
ad02fc22-bc5f-5b49-b634-5318e689f2ff,DL-BE-30025,2017-02-17,2018-02-17,Montreal Calibration,SYN-MC-17-000547,,390.00,Pass
5a1ea3f8-d791-594c-b3ab-e418b97f252c,SLM-S50-500002,2017-02-27,2018-02-27,Montreal Calibration,SYN-MC-17-000548,,375.00,Adjusted
e31c3f25-8bb7-5f96-948d-ed68b0ae3688,DL-BE-30057,2017-02-28,2018-02-28,Montreal Calibration,SYN-MC-17-000549,,365.00,Adjusted
7860ab1b-bb60-5767-9b5b-1d1046c304c4,GEO-UM-40006,2017-03-02,2018-03-02,Montreal Calibration,SYN-MC-17-000550,,295.00,Pass
fc8969de-8c4d-52e6-9aea-b8dc25f39be7,DL-BE-30024,2017-03-03,2018-03-03,Montreal Calibration,SYN-MC-17-000551,,480.00,Pass
5a4f15e8-3536-5f9f-85b2-a9ec0cb706fd,GEO-BG-30000,2017-03-06,2018-03-06,Montreal Calibration,SYN-MC-17-000552,,255.00,Pass
90c61f36-f362-5f9d-a174-c7268f39553c,TLT-850000,2017-03-06,2019-03-06,Montreal Calibration,SYN-MC-17-000553,,210.00,Pass
71d77eb6-e167-53ce-ade5-2062561c847b,DL-BE-30026,2017-03-14,2018-03-14,Montreal Calibration,SYN-MC-17-000554,,410.00,Pass
6b756125-5dd9-56fe-a2ac-24897a1eaf4b,DL-D10-300002,2017-03-16,2018-03-16,,SYN-FACTORY-000555,,,Pass
2f96d6e1-6f68-55b8-9010-d26585234d60,GEO-BG-30006,2017-03-20,2018-03-20,Montreal Calibration,SYN-MC-17-000556,,255.00,Pass
63c29a7e-3ca0-5de6-af74-95b2133b3397,DL-UM-40007,2017-03-21,2018-03-21,Montreal Calibration,SYN-MC-17-000557,,430.00,Pass
556d8bde-87bf-507b-8d55-75b7a02099f4,GEO-UM-40007,2017-03-29,2018-03-29,Montreal Calibration,SYN-MC-17-000558,,240.00,Pass
b5f26fc3-18eb-50ce-b4d5-8102e2d4b71c,DL-BE-30031,2017-04-07,2016-07-27,Montreal Calibration,SYN-MC-17-000559,,430.00,Fail
6be59484-984c-55f8-9054-d01b7bf1a2b7,DL-BE-30005,2017-04-10,2018-04-10,Montreal Calibration,SYN-MC-17-000560,,405.00,Pass
754f6caa-b3fb-5d61-909e-75de39609885,DL-BE-30048,2017-04-14,2018-04-14,Montreal Calibration,SYN-MC-17-000561,,435.00,Pass
dcf63f0d-34d1-5048-94f2-a2972685645e,GEO-BG-30007,2017-04-14,2018-04-14,Montreal Calibration,SYN-MC-17-000562,,275.00,Pass
18f39cea-d135-5bd8-a98c-88b3084b04ff,GEO-BG-30027,2017-04-20,2018-04-20,Montreal Calibration,SYN-MC-17-000563,,260.00,Pass
fea99b7e-e854-5461-8308-faf349cc06e7,SLM-S50-500003,2017-04-24,2018-04-24,Montreal Calibration,SYN-MC-17-000564,,375.00,Pass
fc328dbf-afed-532f-ab03-3d21d72e7dad,DL-BE-30051,2017-04-26,2018-04-26,Montreal Calibration,SYN-MC-17-000565,,445.00,Pass
7edefb9a-4043-50ab-a1a4-d6e98bbce31f,SLM-S50-500006,2017-04-27,2018-04-27,,SYN-FACTORY-000566,,,Pass
5af55696-3ce6-55dc-a383-3749fc1cb3f5,GEO-BG-30017,2017-04-27,2018-04-27,Montreal Calibration,SYN-MC-17-000567,,285.00,Adjusted
6807d1df-35c8-5c94-8437-894a6dbbfc98,DL-BE-30023,2017-05-05,2018-05-05,Montreal Calibration,SYN-MC-17-000568,,400.00,Pass
16dcd50c-3206-58be-beb9-2e695455a445,DL-UM-40011,2017-05-08,2018-05-08,,SYN-FACTORY-000569,,,Pass
132341bd-7cbc-5823-806c-54cf497b49bb,GEO-UM-40011,2017-05-08,2018-05-08,,SYN-FACTORY-000570,,,Pass
26f1de49-0900-530d-874d-08ad0da4afe7,DL-BE-30033,2017-05-08,2018-05-08,Montreal Calibration,SYN-MC-17-000571,,400.00,Pass
d05efe65-c2af-533e-9334-5e8cdcbb39ba,DL-BE-30007,2017-05-10,2018-05-10,Montreal Calibration,SYN-MC-17-000572,,390.00,Pass
1f41cba5-6e71-5874-a9f4-988c41fc8bd1,GEO-C22-450001,2017-05-15,2018-05-15,,SYN-FACTORY-000573,,,Pass
0d47caf2-ac08-5410-a791-c7a79dee6a67,VWR-70001,2017-05-15,2019-05-15,Montreal Calibration,SYN-MC-17-000574,,220.00,Pass
02a493c6-f846-5414-a41a-b48be6b5598c,DL-BE-30008,2017-05-15,2018-05-15,Montreal Calibration,SYN-MC-17-000575,,440.00,Pass
01db3b9b-060e-56b2-9662-cafcacb10f06,DL-BE-30038,2017-05-15,2018-05-15,Montreal Calibration,SYN-MC-17-000576,,415.00,Pass
1449f597-ca57-5285-a7db-b67204eb959a,SLM-S50-500007,2017-05-16,2018-05-16,,SYN-FACTORY-000577,,,Pass
13ae56a0-35ff-5a76-b5e7-8ecfbb153cc6,DL-BE-30022,2017-05-18,2018-05-18,Montreal Calibration,SYN-MC-17-000578,,425.00,Adjusted
528100d9-4cd1-56fc-bfd4-09091a95ff71,GEO-UM-40002,2017-05-23,2018-05-23,Montreal Calibration,SYN-MC-17-000579,,240.00,Pass
8e16a9c4-d500-52bb-b45b-a5d22440a001,DL-BE-30019,2017-05-26,2018-05-26,Montreal Calibration,SYN-MC-17-000580,,480.00,Pass
b2732b60-a7b2-522c-aa9c-a03721d1e006,DL-D10-300000,2017-05-30,2018-05-30,Montreal Calibration,SYN-MC-17-000581,,385.00,Pass
17217f4f-ff6b-5b4b-ae6d-8a6ae322d356,DL-BE-30017,2017-06-05,2018-06-05,Montreal Calibration,SYN-MC-17-000582,,365.00,Pass
58b88fd4-ddae-58a0-9ef7-8ddb37a19956,DL-BE-30043,2017-06-05,2018-06-05,Montreal Calibration,SYN-MC-17-000583,,400.00,Pass
3ccd7799-9b7f-515c-8601-f189f26b5237,DL-BE-30053,2017-06-06,2018-06-06,Montreal Calibration,SYN-MC-17-000584,,415.00,Pass
de233027-922c-5b91-9fe6-8748aadb8901,GEO-BG-30018,2017-06-09,2018-06-09,Montreal Calibration,SYN-MC-17-000585,,240.00,Pass
04b2a7e2-5a2b-5b4c-b2f7-0b15f8e04949,GEO-SE-30002,2017-06-12,2018-06-12,Montreal Calibration,SYN-MC-17-000586,,275.00,Pass
1dcf1069-2e22-595a-931c-fb058d62cc75,DL-BE-30037,2017-06-14,2018-06-14,Montreal Calibration,SYN-MC-17-000587,,395.00,Pass
da957232-827f-59f1-b549-366555fbde9d,DL-UM-40012,2017-06-26,2018-06-26,,SYN-FACTORY-000588,,,Pass
0b034057-c411-5d0e-bb65-1c92ef185b9b,GEO-UM-40012,2017-06-26,2018-06-26,,SYN-FACTORY-000589,,,Pass
4f2c8038-4567-5313-a8cb-27e587576db8,DL-BE-30050,2017-07-03,2018-07-03,Montreal Calibration,SYN-MC-17-000590,,375.00,Adjusted
c04440f4-c9ce-55fd-b992-d06ab7418a96,DL-UM-40013,2017-07-06,2018-07-06,,SYN-FACTORY-000591,,,Pass
ef5cb622-6867-5edf-9587-588a0e14ddb2,GEO-UM-40013,2017-07-06,2018-07-06,,SYN-FACTORY-000592,,,Pass
81fa601f-3218-55be-bdff-57a5c17b48fb,GEO-BG-30009,2017-07-13,2018-07-13,Montreal Calibration,SYN-MC-17-000593,,295.00,Pass
1511710c-9415-58c7-b902-17b37fcc7439,SLM-S50-500008,2017-07-17,2018-07-17,,SYN-FACTORY-000594,,,Pass
e707e57d-98f8-53ec-a714-a65e94bf77bc,VWR-70000,2017-07-21,2017-07-27,Montreal Calibration,SYN-MC-17-000595,,235.00,Fail
32c424ba-0500-54b8-8fa5-7ed70af54168,DL-UM-40000,2017-07-22,2018-07-22,Montreal Calibration,SYN-MC-17-000596,,375.00,Pass
e3b3b6e7-4319-5767-8f3d-de9f2ddb9f89,DL-BE-30000,2017-08-06,2018-08-06,Montreal Calibration,SYN-MC-17-000597,,435.00,Pass
560cf274-9e3e-5f4e-8291-d3143d64723d,DL-BE-30027,2017-08-07,2018-08-07,Montreal Calibration,SYN-MC-17-000598,,480.00,Pass
ce75d700-edef-50c1-a633-7804f868205c,GEO-UM-40003,2017-08-07,2018-08-07,Montreal Calibration,SYN-MC-17-000599,,265.00,Pass
bcdf1bcf-348d-5274-b0df-10e9fb045cfb,GEO-UM-40000,2017-08-11,2018-08-11,Montreal Calibration,SYN-MC-17-000600,,235.00,Pass
8b5150d9-8f10-5950-8861-a0289b7040e2,DL-UM-40014,2017-08-20,2018-08-20,,SYN-FACTORY-000601,,,Pass
b95a8401-5b00-5783-87df-518f02fb7ebb,GEO-UM-40014,2017-08-20,2018-08-20,,SYN-FACTORY-000602,,,Pass
11de0f5d-bad7-5168-9f4b-3c32e08c7cce,DL-UM-40006,2017-08-24,2018-08-24,Montreal Calibration,SYN-MC-17-000603,,360.00,Pass
23430256-358c-5012-86da-be9739601d64,GEO-BG-30004,2017-08-27,2018-08-27,Montreal Calibration,SYN-MC-17-000604,,230.00,Pass
1a21ddb2-9f6e-5a54-af99-5f3dfa4a3d74,DL-BE-30046,2017-08-28,2018-08-28,Montreal Calibration,SYN-MC-17-000605,,385.00,Adjusted
f917dd12-82c5-512d-9fa8-05b54e6ba9ac,DL-BE-30033,2017-08-28,2018-08-28,Montreal Calibration,SYN-MC-17-000606,,455.00,Pass
57a607f0-ccbe-515c-baf6-a0f1d65bee9c,DL-BE-30055,2017-09-04,2018-09-04,Montreal Calibration,SYN-MC-17-000607,,360.00,Pass
7ba2e1c4-02af-5da0-894e-7297d693624f,GEO-V12-400002,2017-09-05,2018-09-05,Montreal Calibration,SYN-MC-17-000608,,270.00,Pass
a4e5ab40-a749-5418-a328-bfa6a4a185b1,DL-D10-300001,2017-09-07,2018-09-07,Montreal Calibration,SYN-MC-17-000609,,370.00,Pass
bd10f3c1-0011-5708-ae89-ec3a24f9f446,DL-UM-40015,2017-09-08,2018-09-08,,SYN-FACTORY-000610,,,Pass
7cb1bd10-bd6b-58e1-ac8d-db85eacfd1cf,GEO-UM-40015,2017-09-08,2018-09-08,,SYN-FACTORY-000611,,,Pass
484e706e-5d53-5bcc-86fb-7e4af1663000,GEO-BG-30023,2017-09-08,2018-09-08,Montreal Calibration,SYN-MC-17-000612,,285.00,Adjusted
90f6c302-7715-5d07-a2a7-2b4c5474d4db,GEO-V12-400004,2017-09-11,2018-09-11,,SYN-FACTORY-000613,,,Pass
7596fd8f-adc4-5af2-9a1c-8466497f1e23,SLM-LD-5000000,2017-09-11,2018-09-11,,SYN-FIELD-000614,,,Pass
8584a4c4-424f-5532-868b-f626bc1bedf1,GEO-BG-30016,2017-09-13,2018-09-13,Montreal Calibration,SYN-MC-17-000615,,225.00,Pass
41f8a8df-5fcf-5ab5-9339-2543a6448a6d,SLM-LD-5000000,2017-09-14,2018-09-14,,SYN-FIELD-000616,,,Pass
2d09d43b-9da1-56f2-ae36-5b5a983f7020,DL-BE-30020,2017-09-15,2018-09-15,Montreal Calibration,SYN-MC-17-000617,,470.00,Pass
9f36957d-66d0-5d85-99c9-dc216a358702,DL-BE-30056,2017-09-18,2018-09-18,Montreal Calibration,SYN-MC-17-000618,,455.00,Pass
2a1edbe4-635c-5704-b293-f796c08dd13b,DL-UM-40003,2017-09-18,2018-09-18,Montreal Calibration,SYN-MC-17-000619,,460.00,Adjusted
b32e8b94-a256-5978-8308-b14b2b4c3a44,GEO-BG-30020,2017-09-18,2018-09-18,Montreal Calibration,SYN-MC-17-000620,,220.00,Pass
e0872d7a-6b30-5bc4-a30a-dee2ab4e348a,DL-BE-30006,2017-09-18,2018-09-18,Montreal Calibration,SYN-MC-17-000621,,415.00,Pass
3702f2d4-3b7a-56c3-8282-282fc1fb9f29,GEO-UM-40007,2017-09-29,2018-09-29,Montreal Calibration,SYN-MC-17-000622,,225.00,Pass
c2ede22a-d4e4-5962-a5c6-f506b6f7cf74,GEO-BG-30028,2017-10-02,2018-10-02,Montreal Calibration,SYN-MC-17-000623,,275.00,Pass
7dee3fc6-7290-5dd6-aa02-7183d6d5e9d7,DL-BE-30061,2017-10-05,2018-10-05,Montreal Calibration,SYN-MC-17-000624,,365.00,Pass
21afe397-fbdb-569d-aacd-b98b16d26473,SLM-S50-500005,2017-10-05,2018-10-05,Montreal Calibration,SYN-MC-17-000625,,390.00,Pass
8a9c0d44-61a9-54aa-87aa-f13461bf5484,GEO-BG-30022,2017-10-12,2018-10-12,Montreal Calibration,SYN-MC-17-000626,,285.00,Pass
10c1e5e9-67ce-571f-b760-c099c0d974ad,GEO-BG-30013,2017-10-13,2018-10-13,Montreal Calibration,SYN-MC-17-000627,,280.00,Pass
d5e61a5f-0d77-5884-b122-721175b2f2a9,GEO-V12-400005,2017-10-17,2018-10-17,,SYN-FACTORY-000628,,,Pass
1c51dbf2-ba7a-53a9-bdcc-023cb8765a21,AC-5001,2017-10-18,2018-10-18,,SYN-FACTORY-000629,,,Pass
91847ce8-83fe-551f-8cb6-1fce631a63cc,DL-BE-30021,2017-10-20,2018-10-20,Montreal Calibration,SYN-MC-17-000630,,395.00,Pass
a8c825df-0dd1-505a-8cb0-eb455faf52ac,GEO-BG-30030,2017-10-20,2018-10-20,Montreal Calibration,SYN-MC-17-000631,,290.00,Pass
d4123e60-5d1f-5a7a-a5d9-a52e84627d0e,GEO-BG-30033,2017-10-25,2018-10-25,Montreal Calibration,SYN-MC-17-000632,,235.00,Pass
44adc59a-b46c-52d9-8491-64d1c248a232,DL-BE-30036,2017-10-30,2018-10-30,Montreal Calibration,SYN-MC-17-000633,,365.00,Pass
c42f3755-d133-59ee-bed7-0886fbe76768,GEO-UM-40008,2017-10-30,2018-10-30,Montreal Calibration,SYN-MC-17-000634,,240.00,Pass
7c844d69-2cc4-50a8-91b9-aa227f176b15,DL-BE-30047,2017-10-30,2018-10-30,Montreal Calibration,SYN-MC-17-000635,,420.00,Pass
38316fee-f65d-5dfd-a659-1b27f17512af,DL-BE-30011,2017-11-02,2018-11-02,Montreal Calibration,SYN-MC-17-000636,,475.00,Pass
7e5e33b5-0c4b-5cf3-b285-24848fceafcb,DL-BE-30002,2017-11-03,2018-11-03,Montreal Calibration,SYN-MC-17-000637,,455.00,Pass
0a2d05a4-9c54-52a8-880d-ccb6e5acbdcc,GEO-SE-30000,2017-11-06,2018-11-06,Montreal Calibration,SYN-MC-17-000638,,230.00,Pass
09d1e535-f465-5eb9-ab98-a0e19159fb15,VWR-70000,2017-11-07,2019-11-07,Montreal Calibration,SYN-MC-17-000639,,250.00,Pass
93761ca8-4133-59f0-b568-8843eb78631d,TS-62000000,2017-11-08,2018-11-08,,SYN-FACTORY-000640,,,Pass
fd78ab5f-9e9b-58f6-85e3-3a9b16880c7a,GEO-V12-400003,2017-11-13,2018-11-13,Montreal Calibration,SYN-MC-17-000641,,235.00,Adjusted
1a5c5cb8-3afc-5e9a-9ccc-11b33eb898d6,DL-UM-40008,2017-11-16,2018-11-16,Montreal Calibration,SYN-MC-17-000642,,390.00,Pass
fc12ec26-2ab8-59b8-9e49-202dec413ba5,DL-BE-30045,2017-11-20,2018-11-20,Montreal Calibration,SYN-MC-17-000643,,470.00,Pass
a058452a-f629-53e7-b515-983cbe18be9e,DL-BE-30058,2017-11-27,2018-11-27,Montreal Calibration,SYN-MC-17-000644,,385.00,Adjusted
d941326b-6ae1-53a0-bf75-083b602cf418,GEO-BG-30031,2017-11-27,2018-11-27,Montreal Calibration,SYN-MC-17-000645,,220.00,Pass
51778bd0-51f6-5c2f-b1ba-bd11ef033eaf,GEO-V12-400000,2017-12-01,2018-12-01,Montreal Calibration,SYN-MC-17-000646,,265.00,Pass
6856fcd3-3ccf-593b-a886-5900ac0085b6,SLM-S50-500009,2017-12-04,2018-12-04,,SYN-FACTORY-000647,,,Pass
4a31f8ab-a2d2-5181-a8e2-6003fab56881,DL-BE-30042,2017-12-04,2018-12-04,Montreal Calibration,SYN-MC-17-000648,,440.00,Pass
f68d7367-c777-5c41-be72-f06ea9fa1253,SLM-S50-500001,2017-12-11,2018-12-11,Montreal Calibration,SYN-MC-17-000649,,350.00,Pass
cf8b020a-0b54-5653-be5a-adbc0ba6a8b5,GEO-BG-30019,2017-12-21,2017-06-23,Montreal Calibration,SYN-MC-17-000650,,225.00,Fail
63617cda-136d-5822-ada3-c9e652bd9d5e,DL-UM-40000,2017-12-29,2018-12-29,Montreal Calibration,SYN-MC-17-000651,,420.00,Pass
22e9601c-3d3b-5c62-bb91-e453782f4712,GEO-V12-400001,2018-01-01,2019-01-01,Montreal Calibration,SYN-MC-18-000652,,220.00,Pass
a9e8f0b2-7301-5b9b-9241-8e5f4cc99d9a,DL-UM-40002,2018-01-08,2019-01-08,Montreal Calibration,SYN-MC-18-000653,,445.00,Pass
b40a36c9-7845-5978-9b2e-df334bd0380f,SLM-S50-500002,2018-01-12,2019-01-12,Montreal Calibration,SYN-MC-18-000654,,345.00,Pass
356740bd-19ef-59e5-bacd-0d960b16866b,SLM-S50-500000,2018-01-15,2017-12-12,Montreal Calibration,SYN-MC-18-000655,,340.00,Fail
011965a7-d149-5ba2-b4e1-a6c3ea2cec08,GEO-SE-30001,2018-01-16,2019-01-16,Montreal Calibration,SYN-MC-18-000656,,245.00,Pass
3b17f934-3a26-514b-967a-8fabca34f3f5,DL-BE-30012,2018-01-16,2019-01-16,Montreal Calibration,SYN-MC-18-000657,,405.00,Adjusted
2a8c86d3-6b5b-505f-a197-0bcd3d5a4ac1,DL-BE-30028,2018-01-23,2019-01-23,Montreal Calibration,SYN-MC-18-000658,,460.00,Pass
f6ca0ca3-f9a1-56fd-a5e0-f2577b96da25,GEO-UM-40009,2018-02-06,2019-02-06,Montreal Calibration,SYN-MC-18-000659,,265.00,Pass
9dcf62ac-c8d1-56d2-8b41-2d87741f2701,SLM-S50-500010,2018-02-08,2019-02-08,,SYN-FACTORY-000660,,,Pass
6c256947-a60e-5102-a748-3f5ba16bd1e0,DL-BE-30024,2018-02-08,2019-02-08,Montreal Calibration,SYN-MC-18-000661,,390.00,Pass
445af082-7bb1-5b4a-ba7e-a1c21b477ca0,DL-BE-30048,2018-02-12,2019-02-12,Montreal Calibration,SYN-MC-18-000662,,395.00,Pass
e404f7f7-c9ce-5a0d-84ac-e318f200cf70,DL-UM-40009,2018-02-12,2019-02-12,Montreal Calibration,SYN-MC-18-000663,,465.00,Pass
08322740-5e0d-5cc3-b2c8-d89bd993a88d,DL-BE-30035,2018-02-19,2019-02-19,Montreal Calibration,SYN-MC-18-000664,,370.00,Pass
e8f4456f-468b-5cc3-b2b1-c8dc6f7d089e,GEO-BG-30006,2018-02-19,2018-03-20,Montreal Calibration,SYN-MC-18-000665,,240.00,Fail
53c81faa-1f1a-535b-b835-7e2c0a380093,SLM-S50-500003,2018-02-20,2019-02-20,Montreal Calibration,SYN-MC-18-000666,,390.00,Pass
f0b3ffd1-8fdc-547b-b5c3-70859e6479e1,SLM-S50-500007,2018-02-21,2019-02-21,Montreal Calibration,SYN-MC-18-000667,,330.00,Pass
1e5407fc-aa82-5b71-8780-18fb3df971ad,DL-UM-40007,2018-03-12,2019-03-12,Montreal Calibration,SYN-MC-18-000668,,360.00,Pass
360d16f5-4aa6-5971-8a15-571215e489cd,GEO-BG-30007,2018-03-12,2019-03-12,Montreal Calibration,SYN-MC-18-000669,,295.00,Pass
c15546dd-e666-5140-b651-d5fdc00d29d4,GEO-UM-40006,2018-03-23,2019-03-23,Montreal Calibration,SYN-MC-18-000670,,230.00,Adjusted
c7720cac-870f-5018-b77c-112fc8067644,DL-BE-30044,2018-03-26,2019-03-26,Montreal Calibration,SYN-MC-18-000671,,390.00,Adjusted
f71f5985-e953-52e2-a5dc-79853967ffd9,SLM-S50-500002,2018-04-05,2019-04-05,Montreal Calibration,SYN-MC-18-000672,,385.00,Pass
e7917fcd-dac7-5463-987f-869d73d3d0c1,GEO-V12-400006,2018-04-09,2019-04-09,,SYN-FACTORY-000673,,,Pass
c02ccc87-6121-5ce3-9210-9739058b8afb,SLM-S50-500006,2018-04-09,2019-04-09,Montreal Calibration,SYN-MC-18-000674,,300.00,Pass
2ded9fd0-ab42-5396-899e-ba0555c99e61,GEO-BG-30025,2018-04-12,2019-04-12,Montreal Calibration,SYN-MC-18-000675,,230.00,Pass
b2497b96-9322-5c18-b871-85c71cad711c,DL-BE-30019,2018-04-16,2019-04-16,Montreal Calibration,SYN-MC-18-000676,,435.00,Pass
3c4361ac-779c-59fd-be09-51b0219d9c13,DL-UM-40005,2018-04-24,2019-04-24,Montreal Calibration,SYN-MC-18-000677,,425.00,Pass
6e06e8bc-6dc9-5570-b4a3-0f254fcb1c15,DL-D10-300000,2018-04-26,2019-04-26,Montreal Calibration,SYN-MC-18-000678,,380.00,Adjusted
1cb8fc62-b842-5446-ae20-86c19783b971,GEO-UM-40005,2018-04-30,2019-04-30,Montreal Calibration,SYN-MC-18-000679,,285.00,Pass
a9b0ba10-b901-50c9-bc2a-d921e5710425,GEO-C22-450001,2018-04-30,2019-04-30,Montreal Calibration,SYN-MC-18-000680,,230.00,Pass
285e5347-83f4-57e3-b408-b485c2b29e90,DL-BE-30053,2018-05-02,2019-05-02,Montreal Calibration,SYN-MC-18-000681,,370.00,Pass
63e4c29f-59d0-5830-baf5-8068e48e22e2,GEO-BG-30006,2018-05-03,2019-05-03,Montreal Calibration,SYN-MC-18-000682,,295.00,Pass
91a7c1c8-31e9-57a6-be0a-ace698b44f34,GEO-BG-30018,2018-05-09,2019-05-09,Montreal Calibration,SYN-MC-18-000683,,295.00,Pass
6b4ea756-db3c-5bd8-a625-b002536400c3,DL-BE-30057,2018-05-09,2019-05-09,Montreal Calibration,SYN-MC-18-000684,,415.00,Pass
247872c1-e976-527b-b650-73cdfc56bb0d,SLM-UA-40000,2018-05-10,2019-05-10,Montreal Calibration,SYN-MC-18-000685,,325.00,Pass
c1759cec-3e13-5e7d-a325-aa9281c9e225,DL-BE-30049,2018-05-14,2019-05-14,Montreal Calibration,SYN-MC-18-000686,,410.00,Pass
8b17c170-2e64-50ca-8b92-e8d8defbfcf1,GEO-SE-30002,2018-05-14,2019-05-14,Montreal Calibration,SYN-MC-18-000687,,255.00,Pass
ad208c7d-6cec-5d75-b1f9-fec29e4eeded,GEO-UM-40012,2018-05-14,2019-05-14,Montreal Calibration,SYN-MC-18-000688,,250.00,Adjusted
aa75eeca-9726-51e3-8e7a-04c34b7755c6,DL-BE-30026,2018-05-14,2019-05-14,Montreal Calibration,SYN-MC-18-000689,,460.00,Pass
5293665e-6872-509b-8504-72d6c726530b,GEO-BG-30027,2018-05-15,2019-05-15,Montreal Calibration,SYN-MC-18-000690,,245.00,Pass
9dfce2fc-7760-5f55-890a-f8fa899c7e02,GEO-UM-40013,2018-05-16,2019-05-16,Montreal Calibration,SYN-MC-18-000691,,270.00,Pass
6319ed04-edcf-5050-b70c-2d96de9daa24,DL-BE-30008,2018-05-17,2019-05-17,Montreal Calibration,SYN-MC-18-000692,,465.00,Pass
6939c5c3-233f-513b-803b-65fc85f2f8ce,DL-UM-40013,2018-05-18,2019-05-18,Montreal Calibration,SYN-MC-18-000693,,445.00,Adjusted
406b9238-8270-54f2-b1b0-9c075d3b679f,SLM-S50-500000,2018-05-21,2019-05-21,Montreal Calibration,SYN-MC-18-000694,,370.00,Pass
6feddc15-199c-55f2-9132-d260d2b6e8ca,GEO-BG-30009,2018-05-22,2019-05-22,Montreal Calibration,SYN-MC-18-000695,,245.00,Pass
d55cca4d-d6c9-5bb6-81a3-ef1a3d02ddd5,DL-BE-30023,2018-05-31,2019-05-31,Montreal Calibration,SYN-MC-18-000696,,385.00,Pass
1c0667ca-a212-5dad-9464-e6a7a03c28e1,DL-UM-40014,2018-06-07,2019-06-07,Montreal Calibration,SYN-MC-18-000697,,425.00,Pass
d58a8fbe-ae04-52b0-a0b4-9c9ca44a5b6c,GEO-C22-450002,2018-06-11,2019-06-11,,SYN-FACTORY-000698,,,Pass
d972d6f7-2c0b-50c7-ba47-94e2c3bb66cd,SLM-S50-500008,2018-06-14,2019-06-14,Montreal Calibration,SYN-MC-18-000699,,360.00,Pass
000c9b9a-1f61-58a7-9a91-30f57c3a67d5,DL-UM-40016,2018-06-15,2019-06-15,,SYN-FACTORY-000700,,,Pass
1b426163-b93d-5fe7-a2ab-7825b6f68a10,GEO-UM-40016,2018-06-15,2019-06-15,,SYN-FACTORY-000701,,,Pass
5069dd99-b0c4-5c7b-8c48-71bd6a4fae8d,SLM-LD-5000000,2018-06-21,2019-06-21,Montreal Calibration,SYN-MC-18-000702,,320.00,Pass
ee9fe7bb-1ac7-5f95-994e-f405115c4da6,SLM-LD-PA-5000,2018-06-21,2019-06-21,Montreal Calibration,SYN-MC-18-000703,,315.00,Pass
afe47966-5954-50da-b38e-5417fb4fd398,SLM-LD-EL-700000,2018-06-21,2019-06-21,Montreal Calibration,SYN-MC-18-000704,,370.00,Pass
c40bd8a6-3df3-5339-ab4d-741e3ce50ee1,DL-UM-40012,2018-06-25,2018-06-26,Montreal Calibration,SYN-MC-18-000705,,360.00,Fail
2356067e-fae5-532a-b95d-90f2be0d420b,DL-UM-40004,2018-06-26,2019-06-26,Montreal Calibration,SYN-MC-18-000706,,455.00,Pass
8806115e-a5ff-590a-896d-4933786f7ffe,GEO-UM-40014,2018-06-27,2019-06-27,Montreal Calibration,SYN-MC-18-000707,,275.00,Pass
0b95085e-f234-5486-a123-214e668d5d9e,DL-BE-30031,2018-07-01,2019-07-01,Montreal Calibration,SYN-MC-18-000708,,390.00,Pass
44c201d6-55dc-5f49-bc89-6c2ddc9f70fe,GEO-BG-30032,2018-07-09,2019-07-09,Montreal Calibration,SYN-MC-18-000709,,265.00,Pass
21ec30c0-8134-50c5-aff8-dc4f822b8a63,GEO-BG-30017,2018-07-10,2019-07-10,Montreal Calibration,SYN-MC-18-000710,,280.00,Pass
7ee2ac71-a334-5bd8-8e6f-21fd6cec1fe2,GEO-BG-30016,2018-07-16,2019-07-16,Montreal Calibration,SYN-MC-18-000711,,265.00,Pass
c3fc448d-44fe-58e0-a9a8-0a976a8a10ca,DL-BE-30054,2018-07-16,2019-07-16,Montreal Calibration,SYN-MC-18-000712,,445.00,Pass
26bf95a9-3a8b-5c2c-a3f8-4632013c8c73,DL-UM-40017,2018-07-17,2019-07-17,,SYN-FACTORY-000713,,,Pass
22334687-e2c3-568f-8c13-a764b7265393,GEO-UM-40017,2018-07-17,2019-07-17,,SYN-FACTORY-000714,,,Pass
9a9d76eb-90bb-5e9e-b78e-2e43b379c1ff,GEO-UM-40010,2018-07-20,2019-07-20,Montreal Calibration,SYN-MC-18-000715,,300.00,Pass
be855389-08e1-541e-8e33-cdd95939bfed,GEO-BG-30028,2018-07-20,2019-07-20,Montreal Calibration,SYN-MC-18-000716,,220.00,Pass
30c5e845-6bbf-5b53-a583-858f543a6932,DL-BE-30051,2018-07-23,2019-07-23,Montreal Calibration,SYN-MC-18-000717,,440.00,Pass
e34de4a3-c4f8-5da5-9105-4cbfa6f0bc67,DL-BE-30030,2018-07-26,2019-07-26,Montreal Calibration,SYN-MC-18-000718,,460.00,Pass
a6b12998-6354-5820-a9cf-fc0ee1b0409e,SLM-S50-500005,2018-08-02,2019-08-02,Montreal Calibration,SYN-MC-18-000719,,385.00,Pass
5927fca3-d4ac-52ff-a726-b9bdb43bd7e0,GEO-UM-40004,2018-08-03,2019-08-03,Montreal Calibration,SYN-MC-18-000720,,225.00,Pass
1a1a2eb3-30e9-5b5f-93e9-1b202cb15734,DL-UM-40003,2018-08-06,2019-08-06,Montreal Calibration,SYN-MC-18-000721,,465.00,Pass
2bae4683-7a9c-5dc8-9b52-b8ff4ee45479,GEO-UM-40003,2018-08-06,2019-08-06,Montreal Calibration,SYN-MC-18-000722,,240.00,Pass
aa839d91-81e1-5409-94c8-e9eb996b285e,GEO-V12-400004,2018-08-09,2019-08-09,Montreal Calibration,SYN-MC-18-000723,,230.00,Adjusted
6b133367-7d0e-565b-b2cf-326b87f442fa,DL-BE-30015,2018-08-09,2019-08-09,Montreal Calibration,SYN-MC-18-000724,,385.00,Pass
62c99fa7-4249-5a30-9701-6d3c871877e0,GEO-BG-30021,2018-08-13,2019-08-13,Montreal Calibration,SYN-MC-18-000725,,240.00,Pass
c0a30ddf-18df-51ae-80f1-d574a2923938,DL-BE-30009,2018-08-15,2019-08-15,Montreal Calibration,SYN-MC-18-000726,,380.00,Pass
27e484c1-10ac-545c-8f25-846c8b0eb253,GEO-BG-30020,2018-08-15,2019-08-15,Montreal Calibration,SYN-MC-18-000727,,230.00,Pass
c8b563db-220c-5d71-a93b-065a9882b1fc,DL-BE-30018,2018-08-20,2019-08-20,Montreal Calibration,SYN-MC-18-000728,,460.00,Pass
e867fd15-7dbd-5472-bcd1-c1fa58503d48,AC-5001,2018-09-10,2019-09-10,Montreal Calibration,SYN-MC-18-000729,,200.00,Pass
f7105827-e452-56cb-a567-2f67470db467,DL-BE-30013,2018-09-13,2019-09-13,Montreal Calibration,SYN-MC-18-000730,,480.00,Pass
82890a9c-f507-5f3a-a0b0-bbba14c2854a,DL-BE-30007,2018-09-13,2019-09-13,Montreal Calibration,SYN-MC-18-000731,,460.00,Pass
fe8501bd-2de7-5c8e-9e47-e88a74879a8a,DL-BE-30046,2018-09-16,2019-09-16,Montreal Calibration,SYN-MC-18-000732,,435.00,Pass
d9d4ace1-50b3-5d43-b923-dc26fe72964f,GEO-V12-400005,2018-09-17,2019-09-17,Montreal Calibration,SYN-MC-18-000733,,260.00,Pass
1acff194-b125-57be-b293-973bd193093a,DL-D10-300003,2018-09-17,2019-09-17,,SYN-FACTORY-000734,,,Pass
3254a281-b35b-507c-9450-8f1cfcdaaa97,DL-UM-40018,2018-09-24,2019-09-24,,SYN-FACTORY-000735,,,Pass
bb3371e6-0075-540c-ab5d-128924a5a83d,GEO-UM-40018,2018-09-24,2019-09-24,,SYN-FACTORY-000736,,,Pass
c99c972f-2b31-5746-84f7-1924e3baf357,DL-BE-30045,2018-10-08,2019-10-08,Montreal Calibration,SYN-MC-18-000737,,460.00,Pass
53cc560f-9eb6-550b-bcc5-506bb81b72f1,TS-62000000,2018-10-09,2019-10-09,Montreal Calibration,SYN-MC-18-000738,,675.00,Pass
642878e9-fb25-55f3-a1e7-8789ea34ce42,GEO-V12-400003,2018-10-11,2019-10-11,Montreal Calibration,SYN-MC-18-000739,,285.00,Pass
76916f74-df39-5069-b7ac-79ecc6d53ee2,GEO-SE-30000,2018-10-12,2019-10-12,Montreal Calibration,SYN-MC-18-000740,,225.00,Pass
87e8dd0f-7e78-50f3-a9f7-cb93979b8697,DL-BE-30059,2018-10-15,2019-10-15,Montreal Calibration,SYN-MC-18-000741,,420.00,Pass
61e3b945-6c0b-5822-9fee-44fac4f12781,DL-BE-30043,2018-10-15,2019-10-15,Montreal Calibration,SYN-MC-18-000742,,425.00,Pass
dcb41e74-41d9-53f2-a03a-234a2f92d83f,GEO-BG-30024,2018-10-15,2019-10-15,Montreal Calibration,SYN-MC-18-000743,,265.00,Pass
b08fe32f-6bab-52ac-a507-b23e9ea13873,DL-BE-30016,2018-10-16,2019-10-16,Montreal Calibration,SYN-MC-18-000744,,405.00,Pass
7f92ffba-0809-5ed5-9042-d3f89ac925b9,DL-BE-30034,2018-10-16,2019-10-16,Montreal Calibration,SYN-MC-18-000745,,375.00,Pass
2857de19-4a04-5805-b5e4-1f0634aca766,GEO-UM-40008,2018-10-19,2018-10-30,Montreal Calibration,SYN-MC-18-000746,,290.00,Fail
5674b39d-95f1-5b71-981d-8c295e40b94e,SLM-S50-500009,2018-10-24,2019-10-24,Montreal Calibration,SYN-MC-18-000747,,315.00,Pass
53f54132-d9b1-5a2e-ac82-071e294bf081,DL-BE-30050,2018-10-24,2019-10-24,Montreal Calibration,SYN-MC-18-000748,,430.00,Pass
893744ae-6d4d-5c0e-ba1d-f38e61373b4a,DL-UM-40008,2018-10-25,2019-10-25,Montreal Calibration,SYN-MC-18-000749,,440.00,Pass
976e688b-b5c2-5c6b-85e4-16514f966911,DL-UM-40013,2018-10-29,2019-10-29,Montreal Calibration,SYN-MC-18-000750,,415.00,Adjusted
d8e95180-2e0d-585b-9cd5-307519ca8ed9,GEO-UM-40001,2018-11-01,2019-11-01,Montreal Calibration,SYN-MC-18-000751,,240.00,Pass
9ef26fb2-067b-533b-90f3-34dd75a0dda1,DL-UM-40001,2018-11-05,2017-09-15,Montreal Calibration,SYN-MC-18-000752,,480.00,Fail
0af2d025-9034-5a75-83d4-ecd85ed53130,GEO-BG-30026,2018-11-07,2019-11-07,Montreal Calibration,SYN-MC-18-000753,,280.00,Adjusted
971d2c15-5e1a-52d2-b0db-39eeca51bfe5,GEO-BG-30031,2018-11-07,2019-11-07,Montreal Calibration,SYN-MC-18-000754,,265.00,Pass
7cfd503b-073e-535e-8cab-a43ab871b9b4,DL-BE-30061,2018-11-15,2019-11-15,Montreal Calibration,SYN-MC-18-000755,,450.00,Pass
2d039e45-7233-5427-90b6-09898278abe3,DL-BE-30000,2018-11-19,2019-11-19,Montreal Calibration,SYN-MC-18-000756,,400.00,Pass
34e3ecb9-bcb5-54b8-b794-018d398506e3,SLM-S50-500007,2018-11-19,2019-11-19,Montreal Calibration,SYN-MC-18-000757,,320.00,Pass
9d3cd677-bb08-56ce-8218-418391cadaf2,GEO-V12-400001,2018-11-29,2019-11-29,Montreal Calibration,SYN-MC-18-000758,,285.00,Pass
d606532b-6c65-5f0f-983a-69872e48e374,DL-BE-30022,2018-12-04,2019-12-04,Montreal Calibration,SYN-MC-18-000759,,415.00,Adjusted
8a09b526-616c-5c6e-8470-5883a67b3e4c,SLM-S50-500011,2018-12-10,2019-12-10,,SYN-FACTORY-000760,,,Pass
4a45eaa3-b563-5ac5-ad38-c70ed8e2d2f5,TLT-850000,2018-12-11,2020-12-11,Montreal Calibration,SYN-MC-18-000761,,190.00,Adjusted
b73e2fb6-65e3-5ed3-ba0c-37d533ba8804,SLM-S50-500001,2018-12-17,2019-12-17,Montreal Calibration,SYN-MC-18-000762,,325.00,Adjusted
8e419060-e13f-553f-8f20-6d5581ab8d5c,VWR-E-2000000,2018-12-17,2020-12-17,Montreal Calibration,SYN-MC-18-000763,,225.00,Pass
58d4c007-148d-5f16-802a-16400f69eff2,DL-BE-30056,2018-12-17,2019-12-17,Montreal Calibration,SYN-MC-18-000764,,370.00,Pass
6ee20c25-713d-565d-a467-12bcf45726ab,DL-UM-40019,2018-12-28,2019-12-28,,SYN-FACTORY-000765,,,Pass
aea23d25-5eb1-548a-bf69-996550869103,GEO-UM-40019,2018-12-28,2019-12-28,,SYN-FACTORY-000766,,,Pass
10a09019-562f-5eb5-85a8-1bab96bf83ec,DL-UM-40006,2018-12-31,2019-12-31,Montreal Calibration,SYN-MC-18-000767,,370.00,Pass
21bdf60b-eda3-5b72-876a-21c405219c00,GEO-SE-30001,2019-01-01,2020-01-01,Montreal Calibration,SYN-MC-19-000768,,270.00,Pass
348029f3-8e77-5199-8aaa-6891ba5ba8c4,DL-BE-30044,2019-01-03,2020-01-03,Montreal Calibration,SYN-MC-19-000769,,385.00,Pass
c4934721-ec8d-561b-8d69-5d995d216c2c,GEO-UM-40000,2019-01-07,2020-01-07,Montreal Calibration,SYN-MC-19-000770,,260.00,Pass
ceb6a37f-71e8-5050-a885-b052865182ca,GEO-UM-40008,2019-01-07,2020-01-07,Montreal Calibration,SYN-MC-19-000771,,270.00,Pass
86bc0f64-09af-5b38-ba59-9fee7a96c248,SLM-S50-500003,2019-01-15,2020-01-15,Montreal Calibration,SYN-MC-19-000772,,365.00,Pass
62117d6f-eb72-54e5-8de3-11d0b8e1e3b8,DL-BE-30022,2019-01-17,2020-01-17,Montreal Calibration,SYN-MC-19-000773,,480.00,Pass
76a16a92-ba7f-556a-b70d-1b41d410755a,GEO-V12-400007,2019-01-21,2020-01-21,,SYN-FACTORY-000774,,,Pass
f5ade966-ea44-5c23-b18e-e3932d87bdc3,DL-BE-30017,2019-01-28,2020-01-28,Montreal Calibration,SYN-MC-19-000775,,460.00,Adjusted
d6089672-85af-5ea8-8af9-814e9ee7a1ab,DL-UM-40000,2019-01-28,2020-01-28,Montreal Calibration,SYN-MC-19-000776,,375.00,Adjusted
68fc78cb-db88-5a8f-8ade-00f53c2c8e88,DL-BE-30056,2019-01-29,2020-01-29,Montreal Calibration,SYN-MC-19-000777,,465.00,Pass
e6c3fe9c-0477-5bea-b119-f8923a59c3fa,AQDS-900000,2019-02-05,2020-02-05,,SYN-FACTORY-000778,,,Pass
b97872ad-148a-5158-9455-0c574ae12356,DL-UM-40020,2019-02-07,2020-02-07,,SYN-FACTORY-000779,,,Pass
e20e2666-f24e-55c3-9b32-f81baa73c581,GEO-UM-40020,2019-02-07,2020-02-07,,SYN-FACTORY-000780,,,Pass
90d66eb0-0cc1-5fcb-bb3f-5fcf7b799208,SLM-S50-500010,2019-02-08,2020-02-08,Montreal Calibration,SYN-MC-19-000781,,340.00,Pass
a7e30607-b485-5e82-b47a-3fca7e67f258,SLM-S50-500000,2019-02-18,2020-02-18,Montreal Calibration,SYN-MC-19-000782,,370.00,Pass
3667f489-239b-5ffc-8a3d-da6c9c7cf8fb,GEO-SE-30001,2019-02-21,2020-02-21,Montreal Calibration,SYN-MC-19-000783,,225.00,Pass
29b38719-3980-570c-9e3c-72ae84c55e5f,DL-BE-30058,2019-02-25,2020-02-25,Montreal Calibration,SYN-MC-19-000784,,405.00,Pass
9467335e-485e-5659-9ff9-6d90c2dd7f35,DL-D10-300001,2019-02-26,2020-02-26,Montreal Calibration,SYN-MC-19-000785,,385.00,Pass
7db47bb6-7d5a-5a69-b36e-1da7baffc278,DL-BE-30035,2019-02-28,2020-02-28,Montreal Calibration,SYN-MC-19-000786,,365.00,Pass
99a4aa29-f91d-50ed-85d2-e979c4588963,SLM-S50-500002,2019-03-03,2020-03-03,Montreal Calibration,SYN-MC-19-000787,,355.00,Pass
a6f7db78-738f-564b-83fb-21a82e075936,SLM-S50-500012,2019-03-07,2020-03-07,,SYN-FACTORY-000788,,,Pass
9ecdde17-882c-52bb-bf74-e57d7008e3a0,GEO-UM-40007,2019-03-08,2020-03-08,Montreal Calibration,SYN-MC-19-000789,,235.00,Pass
e48138f4-8ffa-5f34-a868-e074d6169015,GEO-V12-400002,2019-03-11,2020-03-11,Montreal Calibration,SYN-MC-19-000790,,235.00,Pass
f4425d03-136d-5b15-8a5e-f59359404831,DL-UM-40016,2019-03-15,2020-03-15,Montreal Calibration,SYN-MC-19-000791,,450.00,Pass
0114b2ad-b22c-5930-81b4-6c4e40abda58,GEO-BG-30029,2019-03-16,2020-03-16,Montreal Calibration,SYN-MC-19-000792,,275.00,Pass
d5bda0f4-7b04-508f-b784-1d6527daa0d5,VWR-70001,2019-03-18,2021-03-18,Montreal Calibration,SYN-MC-19-000793,,235.00,Pass
38a18662-ca33-55ea-befd-78f0c5360843,GEO-UM-40005,2019-03-18,2020-03-18,Montreal Calibration,SYN-MC-19-000794,,265.00,Pass
d6a5fa6e-c871-5dc4-9b0d-e11e0f47d54d,DL-UM-40008,2019-03-19,2020-03-19,Montreal Calibration,SYN-MC-19-000795,,460.00,Pass
110d520d-b40d-5afc-aa14-f609a54c8703,DL-BE-30033,2019-03-20,2020-03-20,Montreal Calibration,SYN-MC-19-000796,,470.00,Pass
12f12472-120e-5460-b431-cbac24ac0ab4,GEO-V12-400006,2019-03-21,2020-03-21,Montreal Calibration,SYN-MC-19-000797,,220.00,Pass
ed29c72b-8561-5341-8508-71c353f010c7,DL-BE-30041,2019-03-22,2020-03-22,Montreal Calibration,SYN-MC-19-000798,,390.00,Pass
7af7212a-bb62-5ced-a69b-ade9f9760e93,SLM-S50-500006,2019-03-22,2020-03-22,Montreal Calibration,SYN-MC-19-000799,,370.00,Pass
1fb54aac-32d6-5f83-a309-040faed4ceeb,DL-UM-40021,2019-03-25,2020-03-25,,SYN-FACTORY-000800,,,Pass
08e61b04-a1ce-598c-bf40-74b5e6ef5fa1,GEO-UM-40021,2019-03-25,2020-03-25,,SYN-FACTORY-000801,,,Pass
59f2a671-0d3e-50ad-99df-a82cd6aca0c2,GEO-BG-30025,2019-03-25,2020-03-25,Montreal Calibration,SYN-MC-19-000802,,250.00,Pass
252d24e9-e00d-55df-8554-5e9f04cd9b26,GEO-UM-40016,2019-03-29,2020-03-29,Montreal Calibration,SYN-MC-19-000803,,255.00,Pass
3a25e1a0-8d5a-52f7-800b-391d08b4aa8c,GEO-SE-30002,2019-04-01,2020-04-01,Montreal Calibration,SYN-MC-19-000804,,230.00,Pass
7c337da5-eef7-5a94-a5ea-9a8ebfafec8e,DL-D10-300000,2019-04-01,2020-04-01,Montreal Calibration,SYN-MC-19-000805,,480.00,Pass
22143b07-f13a-5c43-84cd-e3c7c482ba6e,GEO-BG-30009,2019-04-02,2020-04-02,Montreal Calibration,SYN-MC-19-000806,,240.00,Pass
85d69970-689d-5233-a8bb-01f6b001093e,DL-BE-30027,2019-04-03,2020-04-03,Montreal Calibration,SYN-MC-19-000807,,480.00,Pass
09040a06-ea73-59a6-b166-c2fd56d7f233,GEO-V12-400008,2019-04-05,2020-04-05,,SYN-FACTORY-000808,,,Pass
46f0c405-3659-5302-9d94-e3b6a9759dd8,DL-BE-30019,2019-04-08,2019-04-16,Montreal Calibration,SYN-MC-19-000809,,470.00,Fail
36323ee5-f6ac-53d4-928b-010a96cab552,DL-BE-30032,2019-04-08,2020-04-08,Montreal Calibration,SYN-MC-19-000810,,390.00,Pass
6c54b9b3-87dc-55f6-80d2-c32905fe6ae3,DL-BE-30008,2019-04-09,2020-04-09,Montreal Calibration,SYN-MC-19-000811,,430.00,Pass
619b2a6b-4a8f-5f26-b61e-9dfb42e49035,GEO-C22-450001,2019-04-15,2020-04-15,Montreal Calibration,SYN-MC-19-000812,,260.00,Pass
c2a868ed-5f66-5715-837e-9ddadda60e98,DL-UM-40009,2019-04-16,2020-04-16,Montreal Calibration,SYN-MC-19-000813,,465.00,Pass
b94f612c-6342-5bd7-b235-0e63fc61579a,DL-BE-30031,2019-04-19,2019-07-01,Montreal Calibration,SYN-MC-19-000814,,480.00,Fail
9c0a2a10-71f2-57e7-bb59-d2c90c052a51,GEO-UM-40009,2019-04-22,2020-04-22,Montreal Calibration,SYN-MC-19-000815,,260.00,Pass
49e7c9fb-9e5b-5288-973b-c340d1737a74,DL-BE-30011,2019-04-23,2020-04-23,Montreal Calibration,SYN-MC-19-000816,,435.00,Pass
2a858bda-2ea8-5dd6-8b38-788a792b05eb,GEO-BG-30027,2019-04-24,2020-04-24,Montreal Calibration,SYN-MC-19-000817,,240.00,Pass
aab9365c-3332-5e1d-9ce9-064dd4e66d60,DL-UM-40014,2019-04-29,2020-04-29,Montreal Calibration,SYN-MC-19-000818,,425.00,Pass
22f317c8-2fbb-5914-81c7-ad35da4ccf9a,DL-BE-30023,2019-04-29,2020-04-29,Montreal Calibration,SYN-MC-19-000819,,440.00,Pass
33fa16fb-0140-5c70-b149-5aa6906ecb4b,SLM-S50-500005,2019-05-07,2020-05-07,Montreal Calibration,SYN-MC-19-000820,,290.00,Pass
dd047cd5-90fe-50c0-acc8-2540c79f3c9c,SLM-LD-5000000,2019-05-08,2020-05-08,Montreal Calibration,SYN-MC-19-000821,,300.00,Pass
78cdcadb-665a-5106-9865-542857dd485f,SLM-LD-PA-5000,2019-05-08,2020-05-08,Montreal Calibration,SYN-MC-19-000822,,325.00,Pass
55ebb8e7-657b-5f0a-8d1c-93729db14c95,SLM-LD-EL-700000,2019-05-08,2020-05-08,Montreal Calibration,SYN-MC-19-000823,,300.00,Pass
9cfac95b-48aa-55b6-a1b2-311f7ef8ff43,DL-BE-30055,2019-05-09,2020-05-09,Montreal Calibration,SYN-MC-19-000824,,370.00,Pass
5a378871-6476-5712-9947-c11575b6cc6e,GEO-C22-450002,2019-05-10,2020-05-10,Montreal Calibration,SYN-MC-19-000825,,260.00,Adjusted
1d96ac37-f284-59ba-a4bc-9e9cc8034fe6,GEO-BG-30022,2019-05-13,2018-10-12,Montreal Calibration,SYN-MC-19-000826,,240.00,Fail
9d155601-9fb8-5aa5-8dc6-275931702a93,GEO-UM-40014,2019-05-13,2020-05-13,Montreal Calibration,SYN-MC-19-000827,,250.00,Adjusted
5b7b3d13-5d55-5a91-918e-9f6b301a58eb,GEO-V12-400009,2019-05-13,2020-05-13,,SYN-FACTORY-000828,,,Pass
65eb08d6-03a8-5b73-8ca3-428f239acdbc,SLM-S50-500008,2019-05-13,2020-05-13,Montreal Calibration,SYN-MC-19-000829,,345.00,Pass
8760ec95-c18b-5b81-a6c6-750684882812,DL-BE-30060,2019-05-14,2020-05-14,Montreal Calibration,SYN-MC-19-000830,,445.00,Pass
f3c891b0-4662-5648-9ff7-4cb2f292aa55,DL-BE-30020,2019-05-17,2020-05-17,Montreal Calibration,SYN-MC-19-000831,,365.00,Pass
89384348-5a14-55dd-bddf-ead07b8fe540,DL-UM-40001,2019-05-23,2020-05-23,Montreal Calibration,SYN-MC-19-000832,,445.00,Pass
fc56882a-8ce2-5494-9fc3-3f0ec3632693,DL-UM-40010,2019-05-27,2020-05-27,Montreal Calibration,SYN-MC-19-000833,,415.00,Pass
16023a52-0d8a-525a-8b22-2856e509884b,DL-BE-30019,2019-05-28,2020-05-28,Montreal Calibration,SYN-MC-19-000834,,375.00,Pass
d398d52e-068d-5e82-9371-a8155b753307,GEO-BG-30017,2019-06-10,2020-06-10,Montreal Calibration,SYN-MC-19-000835,,255.00,Pass
bab46d97-1648-5914-8759-0e3da52da507,GEO-BG-30007,2019-06-11,2020-06-11,Montreal Calibration,SYN-MC-19-000836,,290.00,Pass
7352fae3-96a2-5d7d-97f3-369e36496710,GEO-UM-40002,2019-06-13,2020-06-13,Montreal Calibration,SYN-MC-19-000837,,255.00,Adjusted
75229ff4-a993-5725-86b3-2a4978d9b8ae,GEO-BG-30023,2019-06-17,2020-06-17,Montreal Calibration,SYN-MC-19-000838,,260.00,Pass
085f39ec-3f75-5a89-b181-b58d22d74b06,GEO-UM-40010,2019-06-17,2020-06-17,Montreal Calibration,SYN-MC-19-000839,,255.00,Pass
6ea47a2e-e3f3-51b7-b37e-744dee199fa8,TS-62000001,2019-06-19,2020-06-19,,SYN-FACTORY-000840,,,Pass
316eeb04-1f65-5302-81dc-e8b1d9fe9cf8,DL-BE-30057,2019-06-19,2020-06-19,Montreal Calibration,SYN-MC-19-000841,,420.00,Pass
7562fb3e-c52f-5d21-8e1d-cfa3ecd3db24,GEO-UM-40015,2019-06-20,2020-06-20,Montreal Calibration,SYN-MC-19-000842,,220.00,Pass
9f2fb0ce-1427-5e5c-9a02-9a1d88440398,GEO-V12-400004,2019-07-04,2020-07-04,Montreal Calibration,SYN-MC-19-000843,,245.00,Pass
3e74aa1a-f947-54cb-a9e2-3cd86a5c92e3,DL-BE-30045,2019-07-04,2020-07-04,Montreal Calibration,SYN-MC-19-000844,,435.00,Pass
5f3b40a8-92c0-5203-8319-e35106878e78,GEO-UM-40006,2019-07-05,2020-07-05,Montreal Calibration,SYN-MC-19-000845,,225.00,Pass
3ab2bf51-fade-5adc-b70e-8b3dd2b5f95d,DL-UM-40002,2019-07-05,2020-07-05,Montreal Calibration,SYN-MC-19-000846,,430.00,Pass
e4f26f36-7dfe-5de4-b6b5-cf2ef935741a,DL-UM-40022,2019-07-10,2020-07-10,,SYN-FACTORY-000847,,,Pass
424f028b-1e8e-5b60-8ad2-6992f4846fee,GEO-UM-40022,2019-07-10,2020-07-10,,SYN-FACTORY-000848,,,Pass
1487eac0-bc66-5238-bfdf-9bd67d44101b,DL-BE-30007,2019-07-11,2020-07-11,Montreal Calibration,SYN-MC-19-000849,,475.00,Pass
40c4750b-16b9-5612-bb50-24fc463da832,DL-UM-40018,2019-07-16,2020-07-16,Montreal Calibration,SYN-MC-19-000850,,445.00,Pass
b8992e77-e5a5-5dc8-a940-b17557eee909,GEO-UM-40004,2019-07-23,2019-08-03,Montreal Calibration,SYN-MC-19-000851,,290.00,Fail
bef0c3ea-950f-514d-a5fb-66b1394d87aa,SB-600000,2019-07-26,2020-07-26,,SYN-FACTORY-000852,,,Pass
0b4f98d1-3dec-55bc-babe-abda640ca11b,GEO-BG-30028,2019-07-29,2019-07-20,Montreal Calibration,SYN-MC-19-000853,,275.00,Fail
bc87b47f-ed00-5032-b8d5-d4e3bc75b081,GEO-V12-400010,2019-08-05,2020-08-05,,SYN-FACTORY-000854,,,Pass
21a130f9-245b-53ff-a0c6-aa62930f4248,SLM-S50-500013,2019-08-08,2020-08-08,,SYN-FACTORY-000855,,,Pass
7771c6c4-8b1e-5d74-bf0d-570914cfb543,VWR-70000,2019-08-15,2021-08-15,Montreal Calibration,SYN-MC-19-000856,,220.00,Pass
b0de634b-123b-5949-aa9a-8a4070b785a1,GEO-BG-30022,2019-08-19,2020-08-19,Montreal Calibration,SYN-MC-19-000857,,225.00,Pass
1955a1e7-7025-55cf-89ff-750a88c4a996,DL-D10-300004,2019-08-20,2020-08-20,,SYN-FACTORY-000858,,,Pass
33308d6b-37e9-5081-90f3-1375d80f4612,GEO-V12-400005,2019-08-23,2020-08-23,Montreal Calibration,SYN-MC-19-000859,,250.00,Pass
e003ee87-ba88-5ab4-b50c-46cae9c30871,SLM-S50-500007,2019-08-26,2020-08-26,Montreal Calibration,SYN-MC-19-000860,,375.00,Pass
9dec38cc-9e71-52ad-b062-4bc3143aad36,DL-BE-30048,2019-08-27,2020-08-27,Montreal Calibration,SYN-MC-19-000861,,385.00,Pass
bd527380-1213-51fc-bb3c-fa218c80dad7,DL-BE-30061,2019-09-02,2020-09-02,Montreal Calibration,SYN-MC-19-000862,,400.00,Pass
9a1949f5-e411-568a-ad52-a39764ac92ab,GEO-V12-400003,2019-09-04,2020-09-04,Montreal Calibration,SYN-MC-19-000863,,285.00,Pass
b53435d6-34c3-5792-b36f-542189756ed9,DL-BE-30038,2019-09-06,2020-09-06,Montreal Calibration,SYN-MC-19-000864,,480.00,Pass
d5c21f71-a353-5ee2-ba51-66cc8ed388ab,GEO-UM-40004,2019-09-06,2020-09-06,Montreal Calibration,SYN-MC-19-000865,,265.00,Pass
a91c4037-b538-588c-87a1-836f7e57e10b,DL-BE-30010,2019-09-07,2020-09-07,Montreal Calibration,SYN-MC-19-000866,,435.00,Pass
aeec255b-a4cf-5e85-8a4b-f16e33405f8d,GEO-SE-30000,2019-09-09,2020-09-09,Montreal Calibration,SYN-MC-19-000867,,245.00,Pass
b7d9fe08-6606-5514-aa54-4e0bc1c14f41,DL-UM-40004,2019-09-10,2020-09-10,Montreal Calibration,SYN-MC-19-000868,,435.00,Pass
27f9946a-06b2-5de3-8a9d-d8ca710a6ec4,GEO-C22-450003,2019-09-13,2020-09-13,,SYN-FACTORY-000869,,,Pass
ffe31482-9ae5-594c-a261-5f53e2dc5250,DL-D10-300003,2019-09-16,2020-09-16,Montreal Calibration,SYN-MC-19-000870,,470.00,Pass
2e4294b0-1ec5-5f29-bb3e-5555a1f0d7ae,SLM-S50-500009,2019-09-18,2020-09-18,Montreal Calibration,SYN-MC-19-000871,,345.00,Pass
7cbb0926-0e63-55a0-a8e0-6f67f5e24111,GEO-BG-30006,2019-09-18,2020-09-18,Montreal Calibration,SYN-MC-19-000872,,280.00,Pass
c8394a71-c9c7-5d8e-97ea-96750dd389f6,GEO-V12-400000,2019-09-19,2020-09-19,Montreal Calibration,SYN-MC-19-000873,,270.00,Pass
b7104c0c-e011-5003-9cf4-586d45fd9a0c,DL-BE-30016,2019-09-20,2020-09-20,Montreal Calibration,SYN-MC-19-000874,,435.00,Pass
f4ccaab8-0c32-543c-8b0f-aee38045fa3f,SLM-S50-500014,2019-09-23,2020-09-23,,SYN-FACTORY-000875,,,Pass
02b7cb21-0d74-5b2b-a001-08c88dba5a7e,GEO-BG-30031,2019-09-26,2020-09-26,Montreal Calibration,SYN-MC-19-000876,,285.00,Pass
7cb918f9-4579-5db7-a178-b61c77bfb42e,GEO-BG-30028,2019-09-27,2020-09-27,Montreal Calibration,SYN-MC-19-000877,,255.00,Pass
233907b9-5dde-5276-867b-8ad43d61c247,AC-5001,2019-09-30,2020-09-30,Montreal Calibration,SYN-MC-19-000878,,210.00,Pass
454c759b-6228-5596-aa3f-336e7f08b9ae,GEO-BG-30026,2019-10-03,2020-10-03,Montreal Calibration,SYN-MC-19-000879,,275.00,Pass
c971efcc-6d4f-5568-b18b-fbbc1ab3cea2,GEO-BG-30000,2019-10-04,2020-10-04,Montreal Calibration,SYN-MC-19-000880,,260.00,Pass
0b8c9fdb-c644-5d85-8a0d-cb977d209aa4,GEO-UM-40016,2019-10-07,2020-10-07,Montreal Calibration,SYN-MC-19-000881,,240.00,Pass
c9e7ccc1-690e-5d3f-b91a-8c0702c25f81,DL-BE-30021,2019-10-19,2020-10-19,Montreal Calibration,SYN-MC-19-000882,,425.00,Pass
85145339-da29-5f47-932a-a550af470a3e,AQDS-900001,2019-10-23,2020-10-23,,SYN-FACTORY-000883,,,Pass
ae2b13bf-278e-5a7e-b438-e6139a15ac41,DL-BE-30002,2019-10-28,2020-10-28,Montreal Calibration,SYN-MC-19-000884,,385.00,Pass
60247fb7-fd5a-5aa1-9ab4-2beb77e4f4c2,GEO-UM-40018,2019-10-28,2020-10-28,Montreal Calibration,SYN-MC-19-000885,,240.00,Pass
4e9137a5-e70e-5428-b373-ef61b1c42f6d,GEO-BG-30010,2019-10-28,2020-10-28,Montreal Calibration,SYN-MC-19-000886,,275.00,Pass
a6bf0f3a-a984-5f1b-b023-4efe4223bd9a,SLM-S50-500001,2019-10-28,2020-10-28,Montreal Calibration,SYN-MC-19-000887,,335.00,Adjusted
ffad4be9-317c-5b32-b567-286a42c5128d,GEO-V12-400001,2019-10-31,2019-11-29,Montreal Calibration,SYN-MC-19-000888,,265.00,Fail
c3b27bc6-30eb-5d1b-97f8-d08db0f35e9a,DL-BE-30025,2019-11-04,2020-11-04,Montreal Calibration,SYN-MC-19-000889,,375.00,Pass
c3f59c61-c011-5718-9b82-584b86a2853b,GEO-BG-30024,2019-11-07,2020-11-07,Montreal Calibration,SYN-MC-19-000890,,245.00,Pass
c665bbf1-37f4-5c5b-99fa-c88367c0e81d,SLM-S50-500011,2019-11-07,2020-11-07,Montreal Calibration,SYN-MC-19-000891,,375.00,Pass
f452b32c-dd22-5407-8512-84093d01d0ea,GEO-C22-450004,2019-11-11,2020-11-11,,SYN-FACTORY-000892,,,Pass
579df347-bd0c-537c-b0b8-5c95dd002e59,GEO-BG-30018,2019-11-18,2020-11-18,Montreal Calibration,SYN-MC-19-000893,,230.00,Pass
5436db3b-a579-58ca-8725-7938825db096,DL-BE-30034,2019-11-19,2020-11-19,Montreal Calibration,SYN-MC-19-000894,,385.00,Pass
4283062f-5c91-5472-91a3-641096d3ffde,DL-BE-30049,2019-11-20,2020-11-20,Montreal Calibration,SYN-MC-19-000895,,395.00,Pass
26b848f8-0690-5309-8bd3-ad119f953ff7,DL-UM-40023,2019-11-27,2020-11-27,,SYN-FACTORY-000896,,,Pass
830c6915-10d6-514b-8538-fe0f31214a97,GEO-UM-40023,2019-11-27,2020-11-27,,SYN-FACTORY-000897,,,Pass
6b4c9976-49e0-5768-a9ff-7503cb809bdf,SLM-S50-500015,2019-11-27,2020-11-27,,SYN-FACTORY-000898,,,Pass
d94b33b3-08ba-5929-8951-6266400b2a92,DL-UM-40007,2019-11-29,2020-11-29,Montreal Calibration,SYN-MC-19-000899,,440.00,Pass
de0afb5f-6d5a-5e8e-b0fa-5241ac678580,GEO-BG-30030,2019-12-02,2020-12-02,Montreal Calibration,SYN-MC-19-000900,,295.00,Pass
42473b06-d2fe-54c5-ac21-a3e97eaa4e63,GEO-BG-30033,2019-12-03,2020-12-03,Montreal Calibration,SYN-MC-19-000901,,245.00,Pass
edb1a9d9-ea76-5627-b90a-bb74c117b71c,DL-BE-30059,2019-12-04,2020-12-04,Montreal Calibration,SYN-MC-19-000902,,445.00,Pass
4f68ac5a-8dc6-5841-8909-54d99a7cc645,DL-BE-30036,2019-12-09,2020-12-09,Montreal Calibration,SYN-MC-19-000903,,390.00,Pass
bd745feb-f362-581b-a687-3b4e38c4912a,GEO-UM-40020,2019-12-10,2020-12-10,Montreal Calibration,SYN-MC-19-000904,,275.00,Adjusted
ff42c61e-971c-5f80-a148-f0742a24b916,DL-UM-40020,2019-12-16,2020-12-16,Montreal Calibration,SYN-MC-19-000905,,425.00,Pass
10a176d7-d0bb-535a-9350-4ba95170afd1,DL-UM-40019,2019-12-22,2020-12-22,Montreal Calibration,SYN-MC-19-000906,,440.00,Adjusted
7d72ccd5-38c1-501b-acbb-15421358710b,DL-BE-30044,2019-12-23,2020-12-23,Montreal Calibration,SYN-MC-19-000907,,465.00,Pass
37f1174b-2c21-5de2-b419-4ca4a434efd3,GEO-C22-450005,2019-12-24,2020-12-24,,SYN-FACTORY-000908,,,Pass
15777748-86a5-59b4-ba91-560ce5fef30b,GEO-V12-400007,2019-12-25,2020-12-25,Montreal Calibration,SYN-MC-19-000909,,235.00,Pass
93f2fd52-2b01-5574-a114-fa35fadd20f7,SLM-S50-500003,2019-12-26,2020-12-26,Montreal Calibration,SYN-MC-19-000910,,330.00,Pass
51e5690c-76ba-50ea-8710-550dfe339a30,GEO-BG-30004,2019-12-27,2020-12-27,Montreal Calibration,SYN-MC-19-000911,,250.00,Pass
4e803c6c-7637-5ef3-99c7-aedc85aec8ce,AQDS-900000,2020-01-06,2021-01-06,Montreal Calibration,SYN-MC-20-000912,,250.00,Pass
5c111a52-c210-5956-a90b-3b868fdb11d0,SLM-S50-500000,2020-01-08,2021-01-08,Montreal Calibration,SYN-MC-20-000913,,310.00,Pass
88abb909-7dac-5030-ac1b-c6dcc76f5784,GEO-V12-400001,2020-01-10,2021-01-10,Montreal Calibration,SYN-MC-20-000914,,270.00,Pass
630c3ec9-31d3-5b36-81d4-61459acaefaf,GEO-SE-30001,2020-01-14,2021-01-14,Montreal Calibration,SYN-MC-20-000915,,230.00,Pass
3369ba69-65c6-50c6-9f2f-db5448de174d,GEO-UM-40019,2020-01-16,2021-01-16,Montreal Calibration,SYN-MC-20-000916,,265.00,Pass
ec954326-6062-5585-abc7-80de9ea17f70,DL-BE-30046,2020-01-19,2021-01-19,Montreal Calibration,SYN-MC-20-000917,,390.00,Pass
6651f05c-7a22-5971-aedc-b6c854e69b51,DL-BE-30058,2020-01-19,2021-01-19,Montreal Calibration,SYN-MC-20-000918,,390.00,Pass
d5c07e93-ca57-5fa8-a8ff-0a4aacf7ba8d,GEO-UM-40012,2020-01-23,2021-01-23,Montreal Calibration,SYN-MC-20-000919,,220.00,Pass
f61e5255-6db6-512c-90f0-ee964d5cda27,DL-UM-40012,2020-01-24,2021-01-24,Montreal Calibration,SYN-MC-20-000920,,475.00,Pass
bea7629b-c846-5305-8e9d-a00e2c2122c5,DL-BE-30000,2020-01-24,2021-01-24,Montreal Calibration,SYN-MC-20-000921,,480.00,Pass
167424f0-cfe5-54d3-b480-2181a866404f,SLM-S50-500016,2020-01-28,2021-01-28,,SYN-FACTORY-000922,,,Pass
a06d0edc-3fd9-5b13-91b0-c783f2150d19,DL-BE-30043,2020-01-28,2021-01-28,Montreal Calibration,SYN-MC-20-000923,,385.00,Pass
31468416-c883-531f-9284-0fdd87ed4efb,GEO-BG-30019,2020-01-31,2021-01-31,Montreal Calibration,SYN-MC-20-000924,,295.00,Pass
fc92a429-3560-50a4-adea-daccbb1d9d1b,DL-UM-40011,2020-02-03,2021-02-03,Montreal Calibration,SYN-MC-20-000925,,370.00,Pass
eaadda23-ceb1-5f01-8715-f7a186d72f2c,DL-BE-30012,2020-02-04,2021-02-04,Montreal Calibration,SYN-MC-20-000926,,395.00,Pass
0de6e01d-ac64-551a-ad4d-ddb917e7f5ac,DL-UM-40015,2020-02-05,2021-02-05,Montreal Calibration,SYN-MC-20-000927,,415.00,Pass
139baf12-6f12-59c2-8aba-21c70ca4b9af,SLM-S50-500017,2020-02-10,2021-02-10,,SYN-FACTORY-000928,,,Pass
a368cf5e-0865-5b52-b99f-dd2fce777845,SLM-S50-500012,2020-02-12,2021-02-12,Montreal Calibration,SYN-MC-20-000929,,360.00,Pass
3daffcc1-9e16-59e9-8d09-dd66fdd0daf4,GEO-V12-400006,2020-02-17,2021-02-17,Montreal Calibration,SYN-MC-20-000930,,240.00,Pass
ee66288d-5153-541b-9624-0d16239d8431,SLM-S50-500006,2020-02-20,2021-02-20,Montreal Calibration,SYN-MC-20-000931,,300.00,Pass
c73a1b90-2dd3-5680-9eef-67e7c5773ef6,DL-BE-30023,2020-02-21,2021-02-21,Montreal Calibration,SYN-MC-20-000932,,375.00,Pass
50ddc8e2-9dad-53b3-b7fe-7db7c98a05e1,GEO-UM-40021,2020-02-24,2021-02-24,Montreal Calibration,SYN-MC-20-000933,,225.00,Pass
918340b8-ce4e-558c-845c-11d3d64a5d07,SLM-LD-5000000,2020-02-24,2021-02-24,Montreal Calibration,SYN-MC-20-000934,,330.00,Pass
fb77439c-fd47-5c98-a181-7be7b76d98e4,SLM-LD-PA-5000,2020-02-24,2021-02-24,Montreal Calibration,SYN-MC-20-000935,,330.00,Pass
ca2d0608-0ccf-5705-8340-2c60f1d9ecb9,SLM-LD-EL-700000,2020-02-24,2021-02-24,Montreal Calibration,SYN-MC-20-000936,,360.00,Pass
95544ea4-a1c5-539a-ba2a-1d0debf25c13,DL-D10-300002,2020-02-25,2021-02-25,Montreal Calibration,SYN-MC-20-000937,,460.00,Pass
738340c4-60f0-5638-aaef-dbc403bd9d38,SLM-S50-500008,2020-02-27,2021-02-27,Montreal Calibration,SYN-MC-20-000938,,355.00,Pass
43f3141b-bc04-5360-9c09-f6a79a66615c,GEO-C22-450000,2020-03-02,2021-03-02,Montreal Calibration,SYN-MC-20-000939,,235.00,Pass
484d5a05-8136-5e4d-b105-97c7751f66e5,GEO-BG-30032,2020-03-02,2021-03-02,Montreal Calibration,SYN-MC-20-000940,,295.00,Pass
998483c9-af99-53b9-b908-57fb24e5531e,GEO-V12-400008,2020-03-02,2021-03-02,Montreal Calibration,SYN-MC-20-000941,,240.00,Pass
74067fb7-06b3-5b16-b4e6-fb042588b825,GEO-C22-450001,2020-03-02,2021-03-02,Montreal Calibration,SYN-MC-20-000942,,250.00,Adjusted
cc4857d9-41b1-5603-bb89-7f851dbadd49,GEO-BG-30027,2020-03-02,2021-03-02,Montreal Calibration,SYN-MC-20-000943,,245.00,Adjusted
c548f4b0-8f82-51a7-bde8-bbc2f37785e9,DL-BE-30030,2020-03-10,2021-03-10,Montreal Calibration,SYN-MC-20-000944,,405.00,Pass
6d837a50-2be3-5ed5-adf9-1f7ec285aa39,DL-UM-40021,2020-03-11,2021-03-11,Montreal Calibration,SYN-MC-20-000945,,450.00,Pass
56759108-30dc-5855-ae1b-b33c3ba1a167,GEO-UM-40009,2020-03-13,2021-03-13,Montreal Calibration,SYN-MC-20-000946,,295.00,Pass
fe5cedce-4f3d-5cbb-a907-9b1912ef4e64,DL-BE-30037,2020-03-16,2021-03-16,Montreal Calibration,SYN-MC-20-000947,,375.00,Pass
b185349b-4724-57df-8cb1-aa53fe3276a5,SLM-S50-500018,2020-03-16,2021-03-16,,SYN-FACTORY-000948,,,Pass
77d3ed12-6fe1-5a85-b7d1-5d2017ed913d,DL-UM-40024,2020-03-18,2021-03-18,,SYN-FACTORY-000949,,,Pass
312a5b01-6024-572a-aad0-64afde02ea23,GEO-UM-40024,2020-03-18,2021-03-18,,SYN-FACTORY-000950,,,Pass
2a096b7c-8741-5f74-9044-a82ac3da244d,GEO-UM-40010,2020-03-20,2021-03-20,Montreal Calibration,SYN-MC-20-000951,,240.00,Pass
d851dd44-a8e2-50f2-ac08-c88cb17a7218,DL-BE-30051,2020-03-23,2021-03-23,Montreal Calibration,SYN-MC-20-000952,,395.00,Pass
f00519ee-ec79-53a9-bccc-c0be572ab6ff,GEO-C22-450002,2020-03-30,2021-03-30,Montreal Calibration,SYN-MC-20-000953,,270.00,Pass
ea7d0da3-d2fe-5f04-b46c-7ec250c7a309,SLM-S50-500005,2020-03-31,2021-03-31,Montreal Calibration,SYN-MC-20-000954,,300.00,Adjusted
7d80ebc1-9046-54b7-b78a-751ce2f99585,DL-UM-40016,2020-04-06,2021-04-06,Montreal Calibration,SYN-MC-20-000955,,475.00,Pass
314a1d8d-8c35-5299-addd-9f00355a422b,DL-BE-30045,2020-04-06,2021-04-06,Montreal Calibration,SYN-MC-20-000956,,375.00,Pass
2da76f33-38b3-5df4-9c84-d99e296959f6,DL-BE-30026,2020-04-13,2021-04-13,Montreal Calibration,SYN-MC-20-000957,,395.00,Pass
15cc9700-bd76-519c-a9da-309bafae9d2b,DL-BE-30054,2020-04-13,2021-04-13,Montreal Calibration,SYN-MC-20-000958,,390.00,Pass
97f7c577-5261-5646-856a-a36c3a95cda2,DL-D10-300000,2020-04-14,2021-04-14,Montreal Calibration,SYN-MC-20-000959,,405.00,Pass
03c3a8fd-5858-5ebf-af1f-947a2f4ececf,GEO-BG-30021,2020-04-15,2021-04-15,Montreal Calibration,SYN-MC-20-000960,,230.00,Pass
17c3abe1-b6ff-5047-aeed-603a914a6989,DL-UM-40003,2020-04-23,2021-04-23,Montreal Calibration,SYN-MC-20-000961,,400.00,Pass
8b3729dd-6f9e-598a-985e-8698068b25c0,DL-BE-30022,2020-04-24,2021-04-24,Montreal Calibration,SYN-MC-20-000962,,365.00,Adjusted
4748e641-fcc5-5e85-8166-3971650189af,GEO-BG-30013,2020-04-27,2021-04-27,Montreal Calibration,SYN-MC-20-000963,,250.00,Pass
06ce5908-cf88-5a70-9752-6c00ddaf0a14,DL-UM-40009,2020-04-27,2021-04-27,Montreal Calibration,SYN-MC-20-000964,,400.00,Pass
4f372c08-ed49-5e20-8591-368115a24883,GEO-UM-40003,2020-04-29,2021-04-29,Montreal Calibration,SYN-MC-20-000965,,290.00,Pass
830eb2fd-1601-5e9e-a0de-2fa3aa35948e,DL-BE-30018,2020-05-04,2021-05-04,Montreal Calibration,SYN-MC-20-000966,,470.00,Adjusted
46044067-5eb0-5312-9b0d-4ac7eae606c1,GEO-BG-30017,2020-05-06,2021-05-06,Montreal Calibration,SYN-MC-20-000967,,225.00,Pass
6a34b5e9-f113-5320-83e2-75630f126dc1,GEO-UM-40015,2020-05-07,2021-05-07,Montreal Calibration,SYN-MC-20-000968,,255.00,Adjusted
ea7f2d35-303d-54c8-9542-9a9c16b6e4d7,DL-D10-300001,2020-05-11,2021-05-11,Montreal Calibration,SYN-MC-20-000969,,390.00,Pass
46bdf092-ad6b-53f0-bb4e-c6269514d674,GEO-UM-40022,2020-05-11,2021-05-11,Montreal Calibration,SYN-MC-20-000970,,295.00,Pass
f0a53629-abfa-54ca-9d92-7fef6ff019f3,DL-BE-30060,2020-05-15,2021-05-15,Montreal Calibration,SYN-MC-20-000971,,400.00,Pass
04a501ef-57d0-5997-91d8-b9d8702fd45b,GEO-UM-40001,2020-05-16,2021-05-16,Montreal Calibration,SYN-MC-20-000972,,290.00,Pass
3090d935-37a2-5eb7-8d93-f0e4d25b087a,DL-UM-40022,2020-05-18,2021-05-18,Montreal Calibration,SYN-MC-20-000973,,435.00,Pass
9c6c5f09-eb1e-5150-b26f-b75d41e797b9,DL-BE-30028,2020-05-22,2021-05-22,Montreal Calibration,SYN-MC-20-000974,,470.00,Pass
0392ab63-7071-5439-9d6d-65dfda47ef6b,SB-600000,2020-05-25,2021-05-25,Montreal Calibration,SYN-MC-20-000975,,305.00,Pass
6987448c-9601-55cd-a0b5-1d8cbb93b46f,DL-UM-40023,2020-05-25,2021-05-25,Montreal Calibration,SYN-MC-20-000976,,385.00,Pass
1afe8dcd-9f50-5830-aef7-e0c7f094ec07,GEO-BG-30023,2020-06-01,2021-06-01,Montreal Calibration,SYN-MC-20-000977,,255.00,Adjusted
10f5c6bd-4bd4-56da-80d5-5222ba079c1d,GEO-V12-400004,2020-06-05,2021-06-05,Montreal Calibration,SYN-MC-20-000978,,245.00,Pass
2b40317d-1dbb-5b88-b42e-808b6873bce0,SLM-S50-500002,2020-06-16,2021-06-16,Montreal Calibration,SYN-MC-20-000979,,365.00,Pass
97f18fd6-5579-55c8-9a7b-8379b2c92c1c,DL-BE-30050,2020-06-19,2021-06-19,Montreal Calibration,SYN-MC-20-000980,,400.00,Pass
a10dccd0-4285-51ea-a63c-536941cfbd85,GEO-V12-400002,2020-06-22,2021-06-22,Montreal Calibration,SYN-MC-20-000981,,245.00,Adjusted
c3c8c5e4-8ec4-5f5a-a448-10c82e121973,SLM-UA-40000,2020-06-22,2021-06-22,Montreal Calibration,SYN-MC-20-000982,,345.00,Pass
ad8f995b-810b-5293-b846-bfcb13ca3e2d,DL-UM-40025,2020-06-24,2021-06-24,,SYN-FACTORY-000983,,,Pass
412adba3-d44b-50f0-8bed-cbffc7ccd32e,GEO-UM-40025,2020-06-24,2021-06-24,,SYN-FACTORY-000984,,,Pass
c4d04fce-ef67-54c2-a1d0-1f0ba1aac1a6,SLM-S50-500009,2020-06-29,2021-06-29,Montreal Calibration,SYN-MC-20-000985,,305.00,Pass
5d70d549-690d-5f8a-9b48-0283caa0307c,DL-UM-40026,2020-07-02,2021-07-02,,SYN-FACTORY-000986,,,Pass
3cff3e83-dba0-59a4-829c-26a2413de627,GEO-UM-40026,2020-07-02,2021-07-02,,SYN-FACTORY-000987,,,Pass
b0ca057d-69db-5fcd-9b0e-7732ced03280,DL-UM-40010,2020-07-03,2021-07-03,Montreal Calibration,SYN-MC-20-000988,,405.00,Pass
67c1496b-2b99-5670-9fd3-7923dbb34fe0,GEO-UM-40005,2020-07-06,2021-07-06,Montreal Calibration,SYN-MC-20-000989,,280.00,Pass
4b9bc74c-47ba-5d2f-9d75-25535091d1aa,DL-UM-40005,2020-07-06,2021-07-06,Montreal Calibration,SYN-MC-20-000990,,480.00,Pass
dd73858f-5139-5f6d-ad53-0eb90fe94e9b,DL-BE-30042,2020-07-08,2021-07-08,Montreal Calibration,SYN-MC-20-000991,,455.00,Adjusted
14e8a4d1-1a64-587d-b239-6f55d7712834,GEO-BG-30022,2020-07-14,2021-07-14,Montreal Calibration,SYN-MC-20-000992,,240.00,Pass
63ef9839-7e47-5527-82a9-4e1ad0cbc6c1,DL-BE-30008,2020-07-16,2021-07-16,Montreal Calibration,SYN-MC-20-000993,,445.00,Pass
7dfc9339-6688-5d6a-bf66-0b01ad540f7f,GEO-UM-40002,2020-07-17,2020-06-13,Montreal Calibration,SYN-MC-20-000994,,295.00,Fail
37e187e0-c54a-50a7-8845-8908a07ec811,GEO-BG-30007,2020-07-20,2021-07-20,Montreal Calibration,SYN-MC-20-000995,,270.00,Pass
b2d3fee9-b179-5429-9981-9e5011b911a8,GEO-V12-400010,2020-07-20,2021-07-20,Montreal Calibration,SYN-MC-20-000996,,265.00,Adjusted
e80f8c2f-fc16-5d92-aa41-6f283e10155e,DL-UM-40002,2020-07-21,2021-07-21,Montreal Calibration,SYN-MC-20-000997,,365.00,Pass
2a75be26-cf3c-5758-a849-388d5175634e,TS-62000001,2020-07-27,2021-07-27,Montreal Calibration,SYN-MC-20-000998,,605.00,Pass
12c598c8-4472-5f79-9958-543498e175e8,GEO-V12-400005,2020-07-28,2021-07-28,Montreal Calibration,SYN-MC-20-000999,,250.00,Pass
439e0fd9-444a-55ae-9287-340940a60d26,GEO-BG-30009,2020-07-31,2021-07-31,Montreal Calibration,SYN-MC-20-001000,,230.00,Adjusted
4115c24f-effc-538a-8124-4663a400bd13,GEO-C22-450003,2020-08-10,2021-08-10,Montreal Calibration,SYN-MC-20-001001,,280.00,Pass
204af1e0-3d45-54e4-b0a8-6209ce7956c4,GEO-SE-30000,2020-08-10,2021-08-10,Montreal Calibration,SYN-MC-20-001002,,260.00,Pass
5d87ad66-82aa-5187-9799-e7bc432059ee,DL-BE-30048,2020-08-10,2021-08-10,Montreal Calibration,SYN-MC-20-001003,,380.00,Adjusted
bd05e748-5d01-5797-9d82-eb429821c920,AC-5001,2020-08-17,2021-08-17,Montreal Calibration,SYN-MC-20-001004,,235.00,Pass
243fd721-0d58-51b1-9eeb-e2aaf4e594fa,DL-BE-30033,2020-08-19,2021-08-19,Montreal Calibration,SYN-MC-20-001005,,455.00,Pass
13ef20bc-cd97-54fd-8c14-def36f1a4cac,DL-BE-30039,2020-08-25,2021-08-25,Montreal Calibration,SYN-MC-20-001006,,385.00,Pass
294db0e3-53fa-5f6d-a8fc-bcdf2a569a6a,VWR-70001,2020-08-26,2022-08-26,Montreal Calibration,SYN-MC-20-001007,,195.00,Pass
314c9e3b-0157-5f11-bf6f-da35b75cf919,DL-UM-40004,2020-08-26,2021-08-26,Montreal Calibration,SYN-MC-20-001008,,455.00,Adjusted
f2e544c9-c063-5bd5-bf5c-e385a53d3b30,GEO-UM-40006,2020-08-26,2021-08-26,Montreal Calibration,SYN-MC-20-001009,,225.00,Pass
fbce9c7f-87cf-5436-bda6-53e9ee2986a9,DL-UM-40019,2020-08-31,2021-08-31,Montreal Calibration,SYN-MC-20-001010,,420.00,Pass
30ac5440-bdd1-5b8c-a6a8-9571e4e4e47c,DL-UM-40006,2020-08-31,2021-08-31,Montreal Calibration,SYN-MC-20-001011,,470.00,Pass
b1403051-f2f7-5479-99d6-0d222cd275a4,GEO-V12-400000,2020-08-31,2021-08-31,Montreal Calibration,SYN-MC-20-001012,,245.00,Pass
7bd0a495-50aa-5bb4-90d5-ee48467310b9,GEO-BG-30031,2020-09-02,2021-09-02,Montreal Calibration,SYN-MC-20-001013,,255.00,Pass
c0a75c8e-f811-5563-a298-26dd09dc1e63,DL-UM-40007,2020-09-07,2021-09-07,Montreal Calibration,SYN-MC-20-001014,,410.00,Pass
a9e5b78b-464e-5384-ada9-c8d33257d987,SLM-S50-500013,2020-09-07,2020-08-08,Montreal Calibration,SYN-MC-20-001015,,365.00,Fail
b822aae6-bb09-5961-bf0c-79467e773317,SLM-S50-500007,2020-09-07,2021-09-07,Montreal Calibration,SYN-MC-20-001016,,350.00,Pass
e8a8910c-b099-58df-8d3c-16cb3b37d61c,SLM-S50-500015,2020-09-07,2021-09-07,Montreal Calibration,SYN-MC-20-001017,,370.00,Pass
2bed54a9-c0e3-5576-8488-6a753f4552a8,SLM-S50-500014,2020-09-10,2021-09-10,Montreal Calibration,SYN-MC-20-001018,,305.00,Pass
60164a4a-1b74-5435-9047-f9997c398d46,GEO-UM-40004,2020-09-10,2021-09-10,Montreal Calibration,SYN-MC-20-001019,,230.00,Pass
fc212d75-0aae-535e-b211-78b7f7d0352a,GEO-BG-30000,2020-09-11,2021-09-11,Montreal Calibration,SYN-MC-20-001020,,295.00,Pass
4c0f678d-48f2-5e6b-ba41-e819141967ff,GEO-UM-40016,2020-09-14,2021-09-14,Montreal Calibration,SYN-MC-20-001021,,230.00,Pass
51be7923-ac66-5cd0-ab95-920b22b025f5,DL-UM-40027,2020-09-18,2021-09-18,,SYN-FACTORY-001022,,,Pass
a715ac92-f6c7-5824-9c1b-652fd8178c0e,GEO-UM-40027,2020-09-18,2021-09-18,,SYN-FACTORY-001023,,,Pass
5c26d898-89b4-532f-9136-faac27f4608c,SLM-S50-500001,2020-09-21,2021-09-21,Montreal Calibration,SYN-MC-20-001024,,335.00,Pass
4476a527-857d-59d2-b871-8b3aa105740e,GEO-BG-30026,2020-09-21,2021-09-21,Montreal Calibration,SYN-MC-20-001025,,275.00,Adjusted
9f2655e1-5adf-5aec-9a13-ea31fbf0fee8,DL-BE-30002,2020-09-22,2021-09-22,Montreal Calibration,SYN-MC-20-001026,,460.00,Pass
03a5647d-de21-58c7-a4b0-63d5995a53e8,AQDS-900001,2020-09-29,2021-09-29,Montreal Calibration,SYN-MC-20-001027,,215.00,Pass
fbbe6c37-6b0e-5118-ad92-8f3c5c95deeb,GEO-BG-30010,2020-09-30,2021-09-30,Montreal Calibration,SYN-MC-20-001028,,225.00,Pass
601114eb-350d-5901-91d7-6d8741693afa,GEO-SE-30001,2020-10-05,2021-10-05,Montreal Calibration,SYN-MC-20-001029,,245.00,Pass
38c78f1c-0177-5965-8ab0-2bc0a70f5f55,SLM-S50-500000,2020-10-07,2021-10-07,Montreal Calibration,SYN-MC-20-001030,,295.00,Pass
e6efe77b-1ae6-59df-845f-c94bed75d90a,GEO-C22-450004,2020-10-08,2021-10-08,Montreal Calibration,SYN-MC-20-001031,,295.00,Pass
e1956f07-64f7-584f-9f29-28f9d8a64bf7,DL-BE-30035,2020-10-09,2021-10-09,Montreal Calibration,SYN-MC-20-001032,,455.00,Pass
15591a1d-b656-570e-8a33-5e663171c6cb,DL-UM-40014,2020-10-12,2021-10-12,Montreal Calibration,SYN-MC-20-001033,,405.00,Pass
716622f4-7d4c-5363-a450-d4b2a36503c6,VWR-E-2000000,2020-10-13,2022-10-13,Montreal Calibration,SYN-MC-20-001034,,225.00,Pass
efe1c049-b8b6-546c-a2cf-9b661a6abc67,DL-BE-30032,2020-10-17,2021-10-17,Montreal Calibration,SYN-MC-20-001035,,470.00,Pass
efa4a710-30cf-5f6c-a4af-a7a7cef136f6,GEO-V12-400003,2020-10-19,2021-10-19,Montreal Calibration,SYN-MC-20-001036,,290.00,Pass
79125158-b490-59c6-9c97-958955a4235e,DL-D10-300003,2020-10-20,2021-10-20,Montreal Calibration,SYN-MC-20-001037,,380.00,Adjusted
54d6caba-e82f-5d92-b06d-3fd1344bfdef,DL-UM-40028,2020-10-22,2021-10-22,,SYN-FACTORY-001038,,,Pass
33b852cd-fe79-5525-94a3-dcf0d82b5ccb,GEO-UM-40028,2020-10-22,2021-10-22,,SYN-FACTORY-001039,,,Pass
2ec1dd6e-4321-5103-b22f-722c4cf85afe,DL-BE-30015,2020-10-23,2021-10-23,Montreal Calibration,SYN-MC-20-001040,,480.00,Pass
4a1a028b-1d79-517c-9b39-b2d138d0e2bc,SLM-S50-500016,2020-10-26,2021-10-26,Montreal Calibration,SYN-MC-20-001041,,335.00,Pass
95950f15-a3fe-5bc0-8313-1b12b4153e48,SLM-UA-40001,2020-10-27,2021-10-27,,SYN-FACTORY-001042,,,Pass
61847574-36c7-579c-aa64-883dd2c277dd,GEO-UM-40002,2020-10-27,2021-10-27,Montreal Calibration,SYN-MC-20-001043,,265.00,Pass
e9f19e3b-bb75-5348-afeb-9ce5e155acab,DL-UM-40029,2020-11-03,2021-11-02,,SYN-FACTORY-001044,,,Pass
2eba7d8b-5b3b-5d2a-91f1-5dbab620bd30,GEO-UM-40029,2020-11-03,2021-11-02,,SYN-FACTORY-001045,,,Pass
6e05df35-bd3d-56dc-b9d5-8ea0fc5b943e,GEO-UM-40014,2020-11-05,2021-11-04,Montreal Calibration,SYN-MC-20-001046,,280.00,Pass
2740d9a7-7d6a-5516-ab17-70ce1a81002a,DL-BE-30020,2020-11-09,2021-11-09,Montreal Calibration,SYN-MC-20-001047,,475.00,Adjusted
426fbe89-3071-56eb-bc72-8b1bec1784d3,DL-BE-30010,2020-11-09,2021-11-09,Montreal Calibration,SYN-MC-20-001048,,420.00,Pass
8aa73ece-2390-59c8-bef4-fcd10e993c9d,SLM-S50-500013,2020-11-10,2021-11-10,Montreal Calibration,SYN-MC-20-001049,,330.00,Pass
42c940a2-be3a-511f-8229-85cf30935305,GEO-C22-450005,2020-11-13,2021-11-13,Montreal Calibration,SYN-MC-20-001050,,300.00,Adjusted
ea895540-66df-52e9-8f6c-84ffedef6452,GEO-BG-30016,2020-11-16,2021-11-16,Montreal Calibration,SYN-MC-20-001051,,265.00,Pass
9e1e6e9f-605b-5ae6-90b2-1df56bd35856,GEO-UM-40023,2020-11-18,2021-11-18,Montreal Calibration,SYN-MC-20-001052,,250.00,Pass
09e6e769-2ccf-5643-ac87-7c4ad8425509,DL-BE-30023,2020-11-19,2021-11-19,Montreal Calibration,SYN-MC-20-001053,,420.00,Pass
02862262-e231-5177-830e-886953fa8ed0,TLT-850000,2020-11-19,2022-11-19,,SYN-FIELD-001054,,,Pass
5831d82e-af03-53f1-acfb-72b514ca2df4,GEO-V12-400009,2020-11-19,2021-11-19,Montreal Calibration,SYN-MC-20-001055,,280.00,Pass
c66980c5-9b71-5711-82ed-d0ee00d24319,SLM-S50-500008,2020-11-25,2021-11-25,Montreal Calibration,SYN-MC-20-001056,,365.00,Pass
770b6517-8605-5087-879c-7cbf5493e1a4,DL-D10-300002,2020-11-30,2021-11-30,Montreal Calibration,SYN-MC-20-001057,,455.00,Pass
9f791ee7-be71-5d5b-8ba3-9be998ede0c7,DL-BE-30000,2020-11-30,2021-11-30,Montreal Calibration,SYN-MC-20-001058,,460.00,Pass
b80c24f2-beb0-57e7-824e-ea0207a965be,DL-D10-300004,2020-12-02,2021-12-02,Montreal Calibration,SYN-MC-20-001059,,425.00,Pass
33b84ea8-2732-51fe-8d35-fade2d8c82a3,SLM-S50-500006,2020-12-04,2021-12-04,Montreal Calibration,SYN-MC-20-001060,,320.00,Pass
d5344b12-9302-5d28-ba7a-11879705aa5f,DL-BE-30034,2020-12-07,2021-12-07,Montreal Calibration,SYN-MC-20-001061,,430.00,Pass
29416109-ec39-5fec-a5a2-1e706c7caac5,GEO-BG-30006,2020-12-09,2021-12-09,Montreal Calibration,SYN-MC-20-001062,,295.00,Pass
fc71c8cf-4e10-5227-a781-9537bfe7d7c8,GEO-BG-30024,2020-12-10,2021-12-10,Montreal Calibration,SYN-MC-20-001063,,285.00,Adjusted
1084356d-70cb-518c-b8cd-37fb13d6a176,DL-BE-30038,2020-12-11,2021-12-11,Montreal Calibration,SYN-MC-20-001064,,450.00,Pass
ec8099d1-6713-54a2-be9e-3c93ac8c12b4,DL-BE-30016,2020-12-13,2021-12-13,Montreal Calibration,SYN-MC-20-001065,,390.00,Pass
7ecf9315-2f4f-5bf4-86f8-6572cf7e9667,DL-D10-300005,2020-12-14,2021-12-14,,SYN-FACTORY-001066,,,Pass
1b38faf0-b6fe-59ac-b075-92de39899c1b,SLM-S50-500017,2020-12-14,2021-12-14,Montreal Calibration,SYN-MC-20-001067,,345.00,Adjusted
52433626-e689-5d26-9b27-93ac1ef94732,SLM-S50-500003,2020-12-18,2021-12-18,Montreal Calibration,SYN-MC-20-001068,,370.00,Pass
fc7edcd8-03ac-583d-8caf-3d2bfb93038c,GEO-V12-400007,2020-12-18,2021-12-18,Montreal Calibration,SYN-MC-20-001069,,270.00,Pass
5201a6b9-21ce-5f64-91c5-b6b14d003f31,GEO-V12-400001,2020-12-21,2021-12-21,Montreal Calibration,SYN-MC-20-001070,,275.00,Pass
c2a30adb-bd8d-538d-b4fb-f6243e400434,AQDS-900000,2020-12-23,2021-12-23,Montreal Calibration,SYN-MC-20-001071,,240.00,Pass
eee95383-eda7-5346-b269-c98bf63db5f1,SLM-S50-500014,2020-12-25,2021-12-25,Montreal Calibration,SYN-MC-20-001072,,330.00,Pass
33bc2f4b-4811-5fbe-a65d-7d9d4bea7669,SLM-S50-500011,2020-12-31,2021-12-31,Montreal Calibration,SYN-MC-20-001073,,335.00,Pass
62095151-7ac7-510b-90d6-c5a34c7509aa,GEO-UM-40019,2021-01-01,2022-01-01,Montreal Calibration,SYN-MC-21-001074,,270.00,Pass
0463b2d6-aa06-5c40-8a5e-d110126e0ebe,DL-BE-30043,2021-01-05,2022-01-05,Montreal Calibration,SYN-MC-21-001075,,480.00,Pass
2bb767ee-fe5b-5375-9a1a-a1c62f4d54db,SLM-LD-5000000,2021-01-08,2022-01-08,Montreal Calibration,SYN-MC-21-001076,,370.00,Pass
41381336-10ff-5d9c-ae71-5c313c73c18e,SLM-LD-PA-5000,2021-01-08,2022-01-08,Montreal Calibration,SYN-MC-21-001077,,350.00,Pass
2166eca2-8aa3-5bcf-9592-8c52e783e8f9,SLM-LD-EL-700000,2021-01-08,2022-01-08,Montreal Calibration,SYN-MC-21-001078,,345.00,Pass
204c9f16-8193-5640-b827-2e0f824d1f80,GEO-UM-40013,2021-01-13,2022-01-13,Montreal Calibration,SYN-MC-21-001079,,295.00,Adjusted
0af7ec85-c8b2-5971-9a77-aae098e13215,DL-UM-40013,2021-01-13,2022-01-13,Montreal Calibration,SYN-MC-21-001080,,450.00,Pass
c3ececb3-a875-5746-808d-069ba20f020e,DL-BE-30061,2021-01-13,2022-01-13,Montreal Calibration,SYN-MC-21-001081,,440.00,Pass
9a32581b-3597-5d89-bda1-8f9f994db964,DL-BE-30055,2021-01-14,2022-01-14,Montreal Calibration,SYN-MC-21-001082,,465.00,Pass
10862a96-59b4-596c-9f3c-d77217e589a3,GEO-V12-400006,2021-01-14,2022-01-14,Montreal Calibration,SYN-MC-21-001083,,285.00,Pass
f5c0a611-2694-5b11-b01b-51fd5f4ff2dc,GEO-BG-30020,2021-01-15,2022-01-15,Montreal Calibration,SYN-MC-21-001084,,245.00,Pass
37294af4-c7c8-5939-adf7-b070c5eb3be3,DL-UM-40030,2021-01-18,2022-01-18,,SYN-FACTORY-001085,,,Pass
42dad1d0-a01b-5559-83c3-732b5ab23f97,GEO-UM-40030,2021-01-18,2022-01-18,,SYN-FACTORY-001086,,,Pass
cdeb1de6-e28f-5360-9956-2177bb20cbb4,GEO-C22-450000,2021-01-22,2022-01-22,Montreal Calibration,SYN-MC-21-001087,,235.00,Pass
d60db756-06ca-5546-a50e-1f2f5d245b10,GEO-V12-400008,2021-01-25,2022-01-25,Montreal Calibration,SYN-MC-21-001088,,260.00,Pass
645634d0-c5ff-5a3f-b3a4-fa42cc7aa4a4,DL-UM-40008,2021-01-28,2022-01-28,Montreal Calibration,SYN-MC-21-001089,,470.00,Pass
fc1b4aff-a700-508e-a885-2dc5ce6db93c,GEO-UM-40008,2021-01-29,2022-01-29,Montreal Calibration,SYN-MC-21-001090,,240.00,Pass
bf42f6e8-2d67-567f-9d7a-f86e7b744927,SLM-S50-500018,2021-02-02,2022-02-02,Montreal Calibration,SYN-MC-21-001091,,305.00,Pass
a089855a-9234-54f3-9a9a-4ac75d5f1cb4,GEO-C22-450001,2021-02-04,2022-02-04,Montreal Calibration,SYN-MC-21-001092,,280.00,Pass
94ac7282-d54a-5990-9489-d2d80cccd53a,SLM-S50-500012,2021-02-08,2022-02-08,Montreal Calibration,SYN-MC-21-001093,,370.00,Adjusted
925bb029-82c6-57a7-a696-94d77c2c70bc,GEO-V12-400011,2021-02-09,2022-02-09,,SYN-FACTORY-001094,,,Pass
e65032e2-5e0b-5c23-b066-e85cadde65ab,DL-UM-40031,2021-02-15,2022-02-15,,SYN-FACTORY-001095,,,Pass
86a56b93-5f1b-5537-94a5-e80a63d16191,GEO-UM-40031,2021-02-15,2022-02-15,,SYN-FACTORY-001096,,,Pass
6812c8fa-9804-5d2a-ac12-a89d77065879,DL-BE-30024,2021-02-19,2022-02-19,Montreal Calibration,SYN-MC-21-001097,,365.00,Pass
adeab289-bb6f-5f92-bcd3-8f5ad46e4c59,GEO-C22-450002,2021-02-23,2022-02-23,Montreal Calibration,SYN-MC-21-001098,,220.00,Pass
86510bc5-2ae2-5a9d-bb36-909754e175b0,GEO-BG-30032,2021-02-26,2022-02-26,Montreal Calibration,SYN-MC-21-001099,,265.00,Pass
637c7489-c301-519f-90aa-8e630fea7c08,DL-BE-30006,2021-03-04,2022-03-04,Montreal Calibration,SYN-MC-21-001100,,365.00,Adjusted
b17e9cac-9af7-57d0-bbc9-2e44dea928d9,DL-BE-30051,2021-03-05,2022-03-05,Montreal Calibration,SYN-MC-21-001101,,480.00,Pass
b21a3727-5dd2-5f5b-ab9f-7b5d70ae3411,DL-BE-30059,2021-03-08,2022-03-08,Montreal Calibration,SYN-MC-21-001102,,430.00,Pass
8509622a-9147-5caa-bf8a-66c609b9a22a,GEO-BG-30028,2021-03-11,2022-03-11,Montreal Calibration,SYN-MC-21-001103,,250.00,Pass
de9cc75f-efee-5387-9bfe-759aef1ff73b,DL-D10-300000,2021-03-15,2022-03-15,Montreal Calibration,SYN-MC-21-001104,,455.00,Pass
ad84555e-f682-5591-ad9f-41d1bb575c43,GEO-UM-40017,2021-03-16,2022-03-16,Montreal Calibration,SYN-MC-21-001105,,220.00,Pass
9f41b4ce-46e2-50d6-9237-fc0d6e892336,DL-BE-30049,2021-03-18,2022-03-18,Montreal Calibration,SYN-MC-21-001106,,390.00,Adjusted
218726a6-3bf6-5458-b3ca-49ab1e969117,SLM-S50-500005,2021-03-19,2022-03-19,Montreal Calibration,SYN-MC-21-001107,,300.00,Pass
3adfc87b-e7b5-52ba-adcf-a64bc3668d5e,DL-BE-30045,2021-03-22,2022-03-22,Montreal Calibration,SYN-MC-21-001108,,405.00,Pass
592c157c-fdce-5fe5-81b4-dd4779bd07d2,GEO-UM-40020,2021-03-22,2022-03-22,Montreal Calibration,SYN-MC-21-001109,,240.00,Pass
e8eca78f-d991-520e-baf8-ba9fa54486f8,DL-UM-40032,2021-03-24,2022-03-24,,SYN-FACTORY-001110,,,Pass
7b8f22ea-0a43-52c2-9d5e-77e7ca305418,GEO-UM-40032,2021-03-24,2022-03-24,,SYN-FACTORY-001111,,,Pass
655296e3-ae3a-5b7c-8674-504e31fc0669,GEO-BG-30023,2021-03-29,2022-03-29,Montreal Calibration,SYN-MC-21-001112,,285.00,Adjusted
e12cae39-bb93-53e0-ac15-4055870c7def,GEO-UM-40015,2021-04-05,2022-04-05,Montreal Calibration,SYN-MC-21-001113,,295.00,Adjusted
5678d9a1-0ace-5017-8809-a37bd00272c3,DL-UM-40011,2021-04-05,2022-04-05,Montreal Calibration,SYN-MC-21-001114,,405.00,Pass
3196944f-25e4-5ccc-acdd-ebc1b1e5bf87,DL-UM-40020,2021-04-12,2022-04-12,Montreal Calibration,SYN-MC-21-001115,,405.00,Pass
e6eb1e12-6333-5447-b0f9-055b9cc0e3bf,DL-UM-40023,2021-04-12,2022-04-12,Montreal Calibration,SYN-MC-21-001116,,475.00,Pass
39453482-250d-5bc1-8767-aa0bdef8d7d5,DL-BE-30022,2021-04-14,2022-04-14,Montreal Calibration,SYN-MC-21-001117,,370.00,Pass
0bdc19ff-3f5c-5d02-a658-3c355e4f5a30,DL-BE-30050,2021-04-16,2022-04-16,Montreal Calibration,SYN-MC-21-001118,,425.00,Pass
1ab3664a-5bbb-507d-83ef-7ff676be775c,DL-BE-30044,2021-04-19,2022-04-19,Montreal Calibration,SYN-MC-21-001119,,430.00,Pass
1967af65-7a4f-5678-9588-d0a6eb941869,SB-600000,2021-04-19,2022-04-19,Montreal Calibration,SYN-MC-21-001120,,305.00,Pass
d390785a-e0c0-5b9d-9b42-1364e6fdb1c2,DL-BE-30009,2021-05-03,2022-05-03,Montreal Calibration,SYN-MC-21-001121,,370.00,Pass
ba7a7edd-469e-56ec-b328-2875933f03f4,GEO-UM-40012,2021-05-06,2022-05-06,Montreal Calibration,SYN-MC-21-001122,,270.00,Pass
ffa5793d-ed75-5dba-a73d-453b4ca5df5e,DL-D10-300006,2021-05-06,2022-05-06,,SYN-FACTORY-001123,,,Pass
eedcab32-7b09-5bc2-ac50-6e959062a4ca,DL-BE-30058,2021-05-07,2022-05-07,Montreal Calibration,SYN-MC-21-001124,,480.00,Adjusted
1ac388d6-b54c-5cb9-b63f-72007e2ea5ea,GEO-BG-30030,2021-05-10,2022-05-10,Montreal Calibration,SYN-MC-21-001125,,260.00,Pass
c09faa76-b359-5db9-9fdf-5964e59a3a77,GEO-V12-400004,2021-05-24,2022-05-24,Montreal Calibration,SYN-MC-21-001126,,260.00,Pass
7a364ac3-28ab-5b44-8a0d-eb83e99be773,DL-BE-30053,2021-05-25,2022-05-25,Montreal Calibration,SYN-MC-21-001127,,485.00,Pass
b9ab0db4-8f00-5969-b09f-b01d683c16d9,VWR-70000,2021-05-26,2023-05-26,Montreal Calibration,SYN-MC-21-001128,,205.00,Adjusted
3f2c7d6f-ada3-5b63-a984-8e4d2debe4b3,DL-BE-30033,2021-05-30,2022-05-30,Montreal Calibration,SYN-MC-21-001129,,470.00,Pass
1f23f0bd-7bb5-5c4a-b76a-b270905ba407,DL-BE-30030,2021-06-03,2022-06-03,Montreal Calibration,SYN-MC-21-001130,,360.00,Pass
117e5f2f-802e-50f5-ac98-1217e1d571ee,DL-UM-40015,2021-06-03,2022-06-03,Montreal Calibration,SYN-MC-21-001131,,440.00,Pass
47127d9a-8985-50e9-bf2a-9f2219ebada4,GEO-C22-450006,2021-06-07,2022-06-07,,SYN-FACTORY-001132,,,Pass
21bd5d27-27ad-5469-8d43-169ebdbb3b1f,DL-UM-40012,2021-06-07,2022-06-07,Montreal Calibration,SYN-MC-21-001133,,415.00,Pass
1398c826-73ff-5ecd-98df-2621ae008877,GEO-V12-400010,2021-06-10,2022-06-10,Montreal Calibration,SYN-MC-21-001134,,235.00,Pass
a63c882c-e32d-5ff7-a470-690c9226e8ca,DL-BE-30019,2021-06-14,2022-06-14,Montreal Calibration,SYN-MC-21-001135,,390.00,Adjusted
1a2f9ad1-8f06-5d8e-85cc-4b26c2296541,GEO-V12-400005,2021-06-21,2022-06-21,Montreal Calibration,SYN-MC-21-001136,,280.00,Pass
3190d6c8-648d-58e2-8393-26533b0aeb84,SLM-S50-500009,2021-06-23,2022-06-23,Montreal Calibration,SYN-MC-21-001137,,300.00,Pass
585600e2-0c8f-514a-8b29-b8f1f2eb0807,SLM-S50-500007,2021-07-01,2022-07-01,Montreal Calibration,SYN-MC-21-001138,,365.00,Pass
b524f35c-97f3-596b-9658-9d08b22ccaee,TS-62000001,2021-07-07,2022-07-07,Montreal Calibration,SYN-MC-21-001139,,595.00,Pass
8cc57193-3cbc-59d9-b79a-bef95398bcb4,DL-UM-40019,2021-07-08,2022-07-08,Montreal Calibration,SYN-MC-21-001140,,465.00,Pass
826fa52f-3588-5651-8365-91736677ff41,GEO-C22-450003,2021-07-08,2022-07-08,Montreal Calibration,SYN-MC-21-001141,,260.00,Pass
38212bc1-cdb5-5309-8787-e9ce9c9aceeb,DL-D10-350000,2021-07-13,2022-07-13,,SYN-FACTORY-001142,,,Pass
48fe6152-67de-5988-8be7-852f6fb56e33,DL-BE-30035,2021-07-18,2022-07-18,Montreal Calibration,SYN-MC-21-001143,,360.00,Adjusted
15b5e203-118c-5423-9b11-9694a0cbb423,DL-UM-40022,2021-07-20,2022-07-20,Montreal Calibration,SYN-MC-21-001144,,400.00,Pass
03252383-f41e-5086-bcaf-f2a3096655bb,GEO-SE-30000,2021-07-20,2022-07-20,Montreal Calibration,SYN-MC-21-001145,,260.00,Pass
a77b33e7-e9bd-5d6d-891c-b93975ec2e2b,AC-5001,2021-07-20,2022-07-20,Montreal Calibration,SYN-MC-21-001146,,225.00,Adjusted
f11de0ca-181e-55b9-9600-64181b25c417,SLM-S50-500019,2021-07-26,2022-07-26,,SYN-FACTORY-001147,,,Pass
d5bbe880-cc42-5c60-8bd1-af2dfa536947,DL-UM-40004,2021-07-30,2022-07-30,Montreal Calibration,SYN-MC-21-001148,,360.00,Adjusted
0360f0fa-6104-579e-926a-8ed9c77b3237,DL-BE-30015,2021-07-30,2022-07-30,Montreal Calibration,SYN-MC-21-001149,,390.00,Pass
32f1a213-02e5-5efb-8392-98ddd027dcd3,SLM-S50-500015,2021-08-02,2022-08-02,Montreal Calibration,SYN-MC-21-001150,,315.00,Pass
5e2ea64f-277d-5b01-a9b2-69d84a9e7db9,DL-UM-40027,2021-08-03,2022-08-03,Montreal Calibration,SYN-MC-21-001151,,430.00,Pass
af7a2bbc-195f-5fbe-9c8f-8f1a3af46995,GEO-UM-40004,2021-08-04,2022-08-04,Montreal Calibration,SYN-MC-21-001152,,255.00,Pass
5c2e4aee-b1b4-5c34-a43e-bbe1ce3819c8,GEO-BG-30013,2021-08-04,2022-08-04,Montreal Calibration,SYN-MC-21-001153,,285.00,Pass
5965db46-d775-5eb2-ab6f-0155c0011af8,DL-UM-40014,2021-08-05,2022-08-05,Montreal Calibration,SYN-MC-21-001154,,370.00,Adjusted
6211b78e-1477-5f43-8a4e-88eaf077eaa5,DL-BE-30042,2021-08-06,2022-08-06,Montreal Calibration,SYN-MC-21-001155,,440.00,Pass
3d058924-56f0-5018-843e-eb29d5a35404,AQDS-900001,2021-08-06,2022-08-06,,SYN-FIELD-001156,,,Pass
188fe68f-3135-5970-a28b-b415a5f5f040,GEO-UM-40022,2021-08-09,2022-08-09,Montreal Calibration,SYN-MC-21-001157,,280.00,Pass
c6d87bf8-ce7c-5d91-bd39-50613b2f0482,SLM-S50-500001,2021-08-15,2022-08-15,Montreal Calibration,SYN-MC-21-001158,,385.00,Pass
2124ec1b-a898-5151-807f-75f63e7e350a,GEO-BG-30000,2021-08-16,2022-08-16,Montreal Calibration,SYN-MC-21-001159,,250.00,Pass
b6be1858-87a7-5f47-8b30-6298a0de1e98,SLM-S50-500002,2021-08-17,2022-08-17,Montreal Calibration,SYN-MC-21-001160,,295.00,Pass
cca1afe8-37ae-5c10-8863-daa3683593e8,DL-D10-350001,2021-08-18,2022-08-18,,SYN-FACTORY-001161,,,Pass
c0cd79aa-0a47-5e7c-96d9-4d94c2219754,DL-BE-30027,2021-08-22,2022-08-22,Montreal Calibration,SYN-MC-21-001162,,415.00,Pass
07639735-4b49-5b3d-85a6-347d2395e3e7,SLM-S50-500016,2021-08-23,2022-08-23,Montreal Calibration,SYN-MC-21-001163,,310.00,Pass
dde2e27d-2462-551a-b3ae-4a0f701da748,DL-UM-40033,2021-08-23,2022-08-23,,SYN-FACTORY-001164,,,Pass
71a971fe-6635-58cb-bfa5-8e8230da649a,GEO-UM-40033,2021-08-23,2022-08-23,,SYN-FACTORY-001165,,,Pass
efda43f9-3d5e-5214-b13c-12f7acb937a1,GEO-V12-400012,2021-08-23,2022-08-23,,SYN-FACTORY-001166,,,Pass
32f7acfd-22b4-599b-bd8b-cc081d8d32f1,GEO-SE-30001,2021-08-30,2022-08-30,Montreal Calibration,SYN-MC-21-001167,,235.00,Pass
868af36b-c82d-5543-85dc-0d44a06a0bc1,GEO-V12-400002,2021-08-30,2022-08-30,Montreal Calibration,SYN-MC-21-001168,,235.00,Pass
af25b1b4-5f59-5747-8587-9e87e96de8e9,SLM-S50-500000,2021-09-06,2022-09-06,Montreal Calibration,SYN-MC-21-001169,,335.00,Adjusted
ff5dfbdd-9941-5bc9-8590-9958d8b68982,DL-BE-30028,2021-09-07,2022-09-07,Montreal Calibration,SYN-MC-21-001170,,400.00,Pass
2337f2fe-9851-56c7-8430-a4cb1b57443b,GEO-UM-40023,2021-09-10,2022-09-10,Montreal Calibration,SYN-MC-21-001171,,250.00,Pass
3907c683-7424-55e0-a7ac-f0508c6d43f2,SLM-S50-500020,2021-09-14,2022-09-14,,SYN-FACTORY-001172,,,Pass
32a1fe98-1629-50f2-ba00-134859b7f8ab,DL-D10-350002,2021-09-17,2022-09-17,,SYN-FACTORY-001173,,,Pass
d1138cdf-6e2e-5cce-8b2c-3d478efa0cf5,SLM-S50-500008,2021-09-20,2022-09-20,Montreal Calibration,SYN-MC-21-001174,,365.00,Pass
a7350074-0868-55c2-ae99-49034072708d,DL-BE-30002,2021-09-27,2022-09-27,Montreal Calibration,SYN-MC-21-001175,,395.00,Pass
573c215c-71db-5ad7-b80b-ab5a28070256,SLM-S50-500013,2021-10-04,2022-10-04,Montreal Calibration,SYN-MC-21-001176,,290.00,Pass
9289ad0c-786a-5430-b8d5-e74757f30b94,GEO-V12-400000,2021-10-06,2022-10-06,Montreal Calibration,SYN-MC-21-001177,,290.00,Pass
e0ba92b8-1493-564e-b82e-c7c4468f7626,DL-UM-40034,2021-10-11,2022-10-11,,SYN-FACTORY-001178,,,Pass
eec1059a-3ae1-5099-bf32-3ce1c5f44441,GEO-UM-40034,2021-10-11,2022-10-11,,SYN-FACTORY-001179,,,Pass
d5e966d2-8379-5b4f-8ae5-979bdb861c61,DL-D10-300003,2021-10-17,2022-10-17,Montreal Calibration,SYN-MC-21-001180,,435.00,Pass
fcf91142-278a-5dff-804d-ff428a0eef84,GEO-BG-30017,2021-10-18,2022-10-18,Montreal Calibration,SYN-MC-21-001181,,280.00,Pass
3c328050-2deb-54d0-aacb-e993c1b14808,DL-D10-300001,2021-10-19,2022-10-19,Montreal Calibration,SYN-MC-21-001182,,360.00,Pass
0fa6845f-15ab-5171-adb8-cf2d75ab9aac,GEO-UM-40026,2021-10-25,2022-10-25,Montreal Calibration,SYN-MC-21-001183,,275.00,Pass
95131947-397a-55bb-8aee-71c2178aa6c9,DL-BE-30061,2021-10-26,2022-10-26,Montreal Calibration,SYN-MC-21-001184,,395.00,Pass
a375d0d0-da8c-5311-a3d3-6f7de00a6861,GEO-C22-450005,2021-10-28,2022-10-28,Montreal Calibration,SYN-MC-21-001185,,230.00,Pass
95c940f3-29e1-59b4-adb9-7690f5de70b8,DL-UM-40010,2021-10-28,2022-10-28,Montreal Calibration,SYN-MC-21-001186,,395.00,Pass
e300f492-b92c-50bf-9550-3b8b6a2f8570,SLM-UA-40001,2021-10-29,2022-10-29,Montreal Calibration,SYN-MC-21-001187,,340.00,Pass
bb14eff4-ae9a-56f0-9142-0fce256c49a6,DL-D10-350001,2021-11-01,2022-11-01,Montreal Calibration,SYN-MC-21-001188,,400.00,Pass
a57c66ef-dc84-5f0e-8d11-4e7e598ec626,GEO-UM-40003,2021-11-01,2022-11-01,Montreal Calibration,SYN-MC-21-001189,,245.00,Pass
e195dc75-a401-5476-b146-5e812c92c8c0,DL-UM-40003,2021-11-01,2022-11-01,Montreal Calibration,SYN-MC-21-001190,,395.00,Pass
f5d72004-08c9-546b-abde-3356dd721230,GEO-UM-40010,2021-11-04,2022-11-04,Montreal Calibration,SYN-MC-21-001191,,225.00,Pass
4c439320-bf90-59e4-a49d-f6b7731790f9,GEO-BG-30033,2021-11-05,2022-11-05,Montreal Calibration,SYN-MC-21-001192,,255.00,Adjusted
4cbf58d7-67c2-5d45-bd4f-0eb909b339ab,GEO-V12-400009,2021-11-08,2022-11-08,Montreal Calibration,SYN-MC-21-001193,,235.00,Pass
2f6e8ff3-abad-531f-8de4-0486e989dedd,DL-D10-300004,2021-11-09,2022-11-09,Montreal Calibration,SYN-MC-21-001194,,430.00,Pass
0a77d1f0-e303-5b77-bf37-22cd91ea9a17,SLM-S50-500003,2021-11-09,2022-11-09,Montreal Calibration,SYN-MC-21-001195,,385.00,Pass
b5105986-b308-5aeb-8b19-3e06ead6417d,SLM-S50-500006,2021-11-10,2022-11-10,Montreal Calibration,SYN-MC-21-001196,,320.00,Pass
3a5079ee-e73e-5948-b102-a28e57cf6156,SLM-LD-5000000,2021-11-15,2022-11-15,Montreal Calibration,SYN-MC-21-001197,,350.00,Pass
f99d5094-e065-5a9c-862c-a21fbcf7d18f,SLM-LD-PA-5000,2021-11-15,2022-11-15,Montreal Calibration,SYN-MC-21-001198,,330.00,Pass
ff81ad6a-d0ce-53b7-9a73-b3a48d00f72c,SLM-LD-EL-700000,2021-11-15,2022-11-15,Montreal Calibration,SYN-MC-21-001199,,355.00,Pass
e27dd177-bb06-5292-b03d-11ee88b99a42,SLM-S50-500014,2021-11-18,2022-11-18,Montreal Calibration,SYN-MC-21-001200,,295.00,Adjusted
7709b8c3-d354-54f3-99f0-b58e3cece055,GEO-V12-400001,2021-11-22,2022-11-22,Montreal Calibration,SYN-MC-21-001201,,295.00,Adjusted
a13d33f6-e880-5c61-b709-8c626e876dcb,GEO-V12-400007,2021-11-26,2022-11-26,Montreal Calibration,SYN-MC-21-001202,,275.00,Adjusted
1d33d1de-709d-5244-b578-b59663f883dd,GEO-V12-400006,2021-12-08,2022-12-08,Montreal Calibration,SYN-MC-21-001203,,250.00,Pass
2fde06f1-9b45-52df-b7ef-b89a0d1aa6c0,SLM-S50-500011,2021-12-09,2022-12-09,Montreal Calibration,SYN-MC-21-001204,,345.00,Pass
dd8fa7cb-10a3-5319-995c-f2d633c194b4,GEO-BG-30021,2021-12-13,2022-12-13,Montreal Calibration,SYN-MC-21-001205,,285.00,Pass
1b29b1ad-ccdd-5961-a6c1-3e29f2ca3374,DL-UM-40026,2021-12-16,2022-12-16,Montreal Calibration,SYN-MC-21-001206,,440.00,Pass
891b2952-2bec-5674-8fed-0a7a12db98e5,GEO-BG-30018,2021-12-28,2022-12-28,Montreal Calibration,SYN-MC-21-001207,,265.00,Pass
736eb222-c4b5-5889-8163-71261e93c267,AQDS-900000,2021-12-28,2022-12-28,Montreal Calibration,SYN-MC-21-001208,,210.00,Pass
bc507c79-1bc6-5495-9f34-cb4e9b83dd7e,GEO-UM-40024,2022-01-07,2023-01-07,Montreal Calibration,SYN-MC-22-001209,,260.00,Pass
f0b9120c-9fc0-5896-bad0-7efa6f2d5a43,DL-UM-40017,2022-01-10,2023-01-10,Montreal Calibration,SYN-MC-22-001210,,445.00,Adjusted
f60bfb46-4771-556c-b4cf-9a484e964146,DL-D10-300000,2022-01-10,2023-01-10,Montreal Calibration,SYN-MC-22-001211,,460.00,Adjusted
c6aa1303-6ed6-58a5-8ef6-aa818b97e021,DL-UM-40029,2022-01-11,2023-01-11,Montreal Calibration,SYN-MC-22-001212,,370.00,Adjusted
8397b28a-8693-5bde-a380-af30619e9340,GEO-UM-40031,2022-01-12,2023-01-12,Montreal Calibration,SYN-MC-22-001213,,225.00,Pass
77bf54ac-cd74-5d1d-abf4-7cab8a02c32a,GEO-BG-30009,2022-01-17,2023-01-17,Montreal Calibration,SYN-MC-22-001214,,235.00,Pass
237c0811-1ae2-5792-a1e9-2599c3491c4f,GEO-C22-450002,2022-01-17,2023-01-17,Montreal Calibration,SYN-MC-22-001215,,260.00,Pass
d53dc835-5d92-598d-ad06-4db5f5a02c32,DL-BE-30037,2022-01-17,2023-01-17,Montreal Calibration,SYN-MC-22-001216,,410.00,Pass
381759e5-e19b-5e86-a771-09acd3906903,DL-UM-40009,2022-01-19,2023-01-19,Montreal Calibration,SYN-MC-22-001217,,385.00,Adjusted
49ffc540-24b0-5569-b6ca-5ecdc8ee3ded,DL-BE-30032,2022-01-24,2023-01-24,Montreal Calibration,SYN-MC-22-001218,,485.00,Pass
75a82be1-c845-58cc-9c07-ac4d301a3209,DL-BE-30055,2022-01-24,2023-01-24,Montreal Calibration,SYN-MC-22-001219,,360.00,Pass
4fcf4457-38b9-565d-83fe-1e1f6c8e5ce4,DL-UM-40024,2022-01-29,2023-01-29,Montreal Calibration,SYN-MC-22-001220,,450.00,Pass
f25b55ee-ae57-5977-bd0d-c4503dbbac95,DL-BE-30007,2022-01-30,2023-01-30,Montreal Calibration,SYN-MC-22-001221,,385.00,Pass
59747bf1-c770-5840-9148-efb33757b98c,DL-BE-30009,2022-01-31,2023-01-31,Montreal Calibration,SYN-MC-22-001222,,375.00,Pass
4b73a66e-5a44-5a26-b6cc-98c5414f697d,GEO-UM-40009,2022-02-02,2023-02-02,Montreal Calibration,SYN-MC-22-001223,,245.00,Pass
ce9af894-57c5-530e-a6b4-97fea2068c4d,DL-BE-30017,2022-02-02,2023-02-02,Montreal Calibration,SYN-MC-22-001224,,365.00,Pass
18bd891e-54ce-53da-ab46-d7e9b810e80a,GEO-UM-40017,2022-02-07,2023-02-07,Montreal Calibration,SYN-MC-22-001225,,290.00,Pass
b5ca4186-32ba-5e09-81b4-f2af9f2e9df2,SLM-S50-500012,2022-02-14,2023-02-14,Montreal Calibration,SYN-MC-22-001226,,335.00,Pass
acb7aa0a-46ab-5421-b848-12427a1d30cb,DL-BE-30048,2022-02-14,2023-02-14,Montreal Calibration,SYN-MC-22-001227,,375.00,Pass
0783d269-3023-5780-94ba-696f07ab1272,GEO-UM-40028,2022-02-14,2023-02-14,Montreal Calibration,SYN-MC-22-001228,,280.00,Pass
094ba968-1717-55fc-a5e2-b69a54398d97,GEO-BG-30025,2022-02-21,2023-02-21,Montreal Calibration,SYN-MC-22-001229,,225.00,Pass
f2906b25-b42d-596a-a5e2-05a1883850aa,GEO-BG-30020,2022-02-21,2023-02-21,Montreal Calibration,SYN-MC-22-001230,,265.00,Pass
dc2e84c3-794d-54d0-85cf-85e025ce259b,SLM-S50-500005,2022-02-22,2023-02-22,Montreal Calibration,SYN-MC-22-001231,,345.00,Adjusted
b115f560-c68a-5f4a-a7f4-e0ae30718b8d,DL-UM-40023,2022-02-23,2023-02-23,Montreal Calibration,SYN-MC-22-001232,,395.00,Pass
a3be79ff-ae12-5ab8-9fbe-4b4fb4457a21,GEO-UM-40021,2022-03-03,2023-03-03,Montreal Calibration,SYN-MC-22-001233,,285.00,Pass
9cf9cb63-c4c1-5bbd-b692-25286d09746c,DL-BE-30006,2022-03-04,2023-03-04,Montreal Calibration,SYN-MC-22-001234,,420.00,Pass
ad5ceb57-54c8-5529-a1ad-4a6fdc0209f4,DL-UM-40021,2022-03-04,2023-03-04,Montreal Calibration,SYN-MC-22-001235,,385.00,Pass
4f935736-dfdc-5d6f-80db-65db81e01512,GEO-BG-30007,2022-03-07,2023-03-07,Montreal Calibration,SYN-MC-22-001236,,225.00,Pass
7133e78b-b4f7-53f9-822b-a1c7b4dae9da,DL-BE-30034,2022-03-08,2023-03-08,Montreal Calibration,SYN-MC-22-001237,,420.00,Pass
e0ce923b-8f27-549a-ab34-57b1762cf80e,DL-BE-30026,2022-03-09,2021-04-13,Montreal Calibration,SYN-MC-22-001238,,390.00,Fail
4137043d-d36d-55f0-b2bb-8062166ff655,GEO-V12-400013,2022-03-10,2023-03-10,,SYN-FACTORY-001239,,,Pass
d3cb1ecd-c3df-5737-9c84-61e36527d68c,DL-BE-30050,2022-03-10,2023-03-10,Montreal Calibration,SYN-MC-22-001240,,450.00,Pass
b2865f60-1936-56b6-a5a1-b6d3c2dbd12a,DL-UM-40030,2022-03-15,2023-03-15,Montreal Calibration,SYN-MC-22-001241,,480.00,Adjusted
72c99ce3-878e-51fc-b78d-f7c27ec950d2,GEO-UM-40030,2022-03-16,2023-03-16,Montreal Calibration,SYN-MC-22-001242,,255.00,Pass
7caaa59b-bc78-572c-974b-5b03fc45886e,GEO-BG-30026,2022-03-17,2023-03-17,Montreal Calibration,SYN-MC-22-001243,,245.00,Pass
9235240e-5b98-5cc7-8ac9-f292b8d00dc7,DL-BE-30011,2022-03-25,2023-03-25,Montreal Calibration,SYN-MC-22-001244,,410.00,Pass
6c32facd-621e-520d-8114-449977818d29,GEO-BG-30024,2022-03-28,2023-03-28,Montreal Calibration,SYN-MC-22-001245,,265.00,Pass
6943719f-ae43-503f-a77a-1f8614887413,SLM-S50-500009,2022-04-01,2023-04-01,Montreal Calibration,SYN-MC-22-001246,,305.00,Pass
70e90398-7ff7-57da-8601-d1e47fda4a20,SLM-S50-500012,2022-04-04,2023-04-04,Montreal Calibration,SYN-MC-22-001247,,325.00,Pass
5fb68ac6-547a-5dff-b538-62b7d5f572b3,DL-BE-30051,2022-04-04,2023-04-04,Montreal Calibration,SYN-MC-22-001248,,380.00,Adjusted
18429641-8b9a-5874-8451-a8129eda2818,DL-D10-350003,2022-04-11,2023-04-11,,SYN-FACTORY-001249,,,Pass
8ffff368-ee3a-53f2-bb12-f1789f08f6d0,GEO-BG-30032,2022-04-12,2023-04-12,Montreal Calibration,SYN-MC-22-001250,,235.00,Pass
3a44847e-73a3-5d7a-bc75-7ffe75f2061e,SLM-S50-500007,2022-04-14,2023-04-14,Montreal Calibration,SYN-MC-22-001251,,375.00,Pass
1d67d06c-7be5-5fba-b160-e303f0546be5,DL-BE-30000,2022-04-20,2023-04-20,Montreal Calibration,SYN-MC-22-001252,,395.00,Pass
a4592bda-a3cd-5ed6-b128-807fc9cfb4f7,DL-UM-40020,2022-04-25,2023-04-25,Montreal Calibration,SYN-MC-22-001253,,370.00,Pass
35fabd59-e14f-559a-b60e-7698f5387924,DL-BE-30026,2022-04-25,2023-04-25,Montreal Calibration,SYN-MC-22-001254,,445.00,Pass
ebabc9e8-95fc-5710-bb1c-091ffba0f535,DL-UM-40001,2022-04-25,2023-04-25,Montreal Calibration,SYN-MC-22-001255,,475.00,Pass
27969dc1-6ab6-55bc-80ab-d774e7b9370e,GEO-C22-450006,2022-04-28,2023-04-28,Montreal Calibration,SYN-MC-22-001256,,270.00,Pass
158729ab-fa65-5f0f-9c3f-ed42039adb45,GEO-V12-400004,2022-04-28,2023-04-28,Montreal Calibration,SYN-MC-22-001257,,260.00,Pass
56e8773d-4bf0-59a0-b853-a2f20e0515b5,SB-600000,2022-04-29,2023-04-29,Montreal Calibration,SYN-MC-22-001258,,380.00,Pass
4ebc0fde-6380-518f-bc44-c33796d36b63,GEO-BG-30030,2022-05-02,2023-05-02,Montreal Calibration,SYN-MC-22-001259,,235.00,Pass
57b5bb0a-735a-5836-932a-e638a6a5db81,GEO-UM-40020,2022-05-04,2023-05-04,Montreal Calibration,SYN-MC-22-001260,,230.00,Pass
5f7970f2-6fb8-5754-b542-d8b34e759771,DL-BE-30039,2022-05-06,2023-05-06,Montreal Calibration,SYN-MC-22-001261,,365.00,Pass
f8057a53-e1aa-5ec6-adb6-1439b19725c6,DL-BE-30038,2022-05-09,2023-05-09,Montreal Calibration,SYN-MC-22-001262,,465.00,Pass
33931cde-d2fb-558d-a5b3-907fa9e29938,AC-5001,2022-05-11,2023-05-11,Montreal Calibration,SYN-MC-22-001263,,215.00,Pass
eeedf869-d88f-5955-ae37-12200a07f837,GEO-UM-40001,2022-05-11,2023-05-11,Montreal Calibration,SYN-MC-22-001264,,290.00,Pass
bc2bac9b-ecc9-5772-b0b1-81c40c74a9ca,GEO-V12-400007,2022-05-16,2023-05-16,Montreal Calibration,SYN-MC-22-001265,,280.00,Pass
f014b866-6faa-5111-b3e5-24723d1b6906,GEO-UM-40023,2022-05-16,2023-05-16,Montreal Calibration,SYN-MC-22-001266,,285.00,Pass
07979161-ee45-5dec-9e6b-59197e4e11f2,DL-BE-30036,2022-05-20,2023-05-20,Montreal Calibration,SYN-MC-22-001267,,420.00,Pass
429d543f-0716-5116-b8fe-3e3ff91b8ab9,VWR-70001,2022-05-23,2024-05-23,Montreal Calibration,SYN-MC-22-001268,,220.00,Pass
270caefa-31b6-5dcf-a02f-d500cce8cdb2,SLM-UA-40000,2022-05-23,2023-05-23,Montreal Calibration,SYN-MC-22-001269,,325.00,Pass
02894344-d647-5ed9-a00f-f90547f5e73c,GEO-UM-40005,2022-05-30,2023-05-30,Montreal Calibration,SYN-MC-22-001270,,220.00,Pass
032488d3-2ff0-5634-9e08-bbb0afd89d8c,DL-BE-30022,2022-05-30,2023-05-30,Montreal Calibration,SYN-MC-22-001271,,415.00,Adjusted
a53b7d7b-feff-56c1-bb39-36dbe51d97a7,DL-UM-40005,2022-05-30,2023-05-30,Montreal Calibration,SYN-MC-22-001272,,360.00,Pass
71dd3542-330b-5012-b0bd-603b5e5256c2,GEO-UM-40033,2022-05-31,2023-05-31,Montreal Calibration,SYN-MC-22-001273,,275.00,Pass
9a85dd72-2eea-5872-a26e-dc5c9b2fedf9,DL-UM-40033,2022-06-06,2023-06-06,Montreal Calibration,SYN-MC-22-001274,,365.00,Pass
b1b69a43-0e15-517f-a50d-6689143a21be,GEO-BG-30006,2022-06-06,2023-06-06,Montreal Calibration,SYN-MC-22-001275,,285.00,Pass
4d453eab-f431-5a40-b057-6e75d5956c5c,TS-62000001,2022-06-06,2023-06-06,,SYN-FIELD-001276,,,Pass
d3e612b2-511f-5710-97da-da98e6e5a1eb,GEO-V12-400005,2022-06-06,2023-06-06,Montreal Calibration,SYN-MC-22-001277,,265.00,Pass
069b6230-5343-573e-ab1a-15c595acec7e,SLM-S50-500012,2022-06-08,2023-06-08,Montreal Calibration,SYN-MC-22-001278,,385.00,Pass
71ed0751-e92a-5e17-b866-9a12e3fc5101,SLM-S50-500002,2022-06-20,2023-06-20,Montreal Calibration,SYN-MC-22-001279,,340.00,Adjusted
c0bbfce6-45fc-5761-bd29-9f9052f9b636,GEO-SE-30000,2022-06-21,2022-07-20,Montreal Calibration,SYN-MC-22-001280,,240.00,Fail
19658120-09e0-5c33-b13e-c659e718d681,GEO-UM-40002,2022-06-23,2021-10-27,Montreal Calibration,SYN-MC-22-001281,,240.00,Fail
7177251c-290f-5af4-b6eb-6af39876a698,SLM-S50-500008,2022-07-01,2023-07-01,Montreal Calibration,SYN-MC-22-001282,,335.00,Adjusted
18dad8eb-cfb4-5a97-88d6-0aa4542bebb6,GEO-V12-400003,2022-07-04,2023-07-04,Montreal Calibration,SYN-MC-22-001283,,225.00,Pass
9b25bae2-0288-5db7-be57-6440c422be90,SLM-S50-500001,2022-07-04,2023-07-04,Montreal Calibration,SYN-MC-22-001284,,340.00,Pass
345b8d18-2189-5ccb-931a-c8f4d576d03a,SLM-S50-500020,2022-07-04,2023-07-04,Montreal Calibration,SYN-MC-22-001285,,290.00,Pass
00434199-530b-5758-b713-8ce3b6251f5b,GEO-C22-450003,2022-07-04,2023-07-04,Montreal Calibration,SYN-MC-22-001286,,245.00,Pass
9ee832f7-6908-5aa9-b81b-913c20515226,DL-BE-30016,2022-07-04,2023-07-04,Montreal Calibration,SYN-MC-22-001287,,400.00,Pass
ed722821-3290-5784-88c2-89a7baed6a9c,SLM-S50-500016,2022-07-05,2023-07-05,Montreal Calibration,SYN-MC-22-001288,,305.00,Pass
76272bfe-1feb-5760-a1fd-82d48cb1fb20,DL-UM-40004,2022-07-11,2023-07-11,Montreal Calibration,SYN-MC-22-001289,,395.00,Pass
8369b075-2117-576b-ad74-733f5cc23c93,SLM-S50-500000,2022-07-11,2022-09-06,Montreal Calibration,SYN-MC-22-001290,,330.00,Fail
a038c0d9-7c56-5721-899e-4b53963940ef,DL-D10-300005,2022-07-11,2023-07-11,Montreal Calibration,SYN-MC-22-001291,,445.00,Pass
ce3fc94c-2f8d-597d-a009-81928e6c39ac,GEO-UM-40004,2022-07-12,2023-07-12,Montreal Calibration,SYN-MC-22-001292,,270.00,Pass
82ecf37f-9c59-55d1-b406-17876d229507,SLM-S50-500015,2022-07-13,2023-07-13,Montreal Calibration,SYN-MC-22-001293,,335.00,Pass
d8e5ff4e-d182-5d14-aa46-6903fe097b4a,SLM-S50-500021,2022-07-18,2023-07-18,,SYN-FACTORY-001294,,,Pass
8851bf07-799e-573f-a76a-f4a44eabe62b,TS-62000001,2022-07-18,2023-07-18,Montreal Calibration,SYN-MC-22-001295,,570.00,Pass
7dbdae72-5d87-512a-9521-c9e96794a407,AQDS-900001,2022-07-20,2023-07-20,Montreal Calibration,SYN-MC-22-001296,,195.00,Pass
4d6ce611-c647-5f09-b442-cee721dd1659,DL-D10-350004,2022-07-22,2023-07-22,,SYN-FACTORY-001297,,,Pass
b8ac59e2-6ec0-5adc-ba87-7e4a593ea8b0,DL-UM-40006,2022-07-26,2023-07-26,Montreal Calibration,SYN-MC-22-001298,,415.00,Pass
ba4ebede-b66f-55dc-a146-62762acc89e9,DL-UM-40013,2022-08-01,2023-08-01,Montreal Calibration,SYN-MC-22-001299,,440.00,Pass
e18a6a33-ff1c-51cb-8141-d59415caf7dc,DL-UM-40002,2022-08-01,2023-08-01,Montreal Calibration,SYN-MC-22-001300,,380.00,Pass
f429230b-075b-57ae-a2e9-0a19a6c07434,GEO-SE-30001,2022-08-01,2023-08-01,Montreal Calibration,SYN-MC-22-001301,,240.00,Pass
fd90ebdc-446c-5562-aef9-db18305591f1,GEO-UM-40006,2022-08-01,2023-08-01,Montreal Calibration,SYN-MC-22-001302,,250.00,Pass
571b883f-5f1e-50e8-8d75-e6ba07db2f5f,DL-BE-30021,2022-08-02,2023-08-02,Montreal Calibration,SYN-MC-22-001303,,420.00,Pass
e3200e2a-babd-5862-a28f-ecd2fcb2094a,TMP-5002,2022-08-05,2023-08-05,,SYN-FACTORY-001304,,,Pass
4d90956f-a763-564f-8cca-abe95a4c1843,SLM-LD-PA-5001,2022-08-05,2023-08-05,,SYN-FACTORY-001305,,,Pass
2401fe07-1425-589d-b575-8f6bd689b196,SLM-LD-EL-700001,2022-08-05,2023-08-05,,SYN-FACTORY-001306,,,Pass
fc380625-8335-5c3e-993f-c248788cba64,DL-BE-30008,2022-08-08,2023-08-08,Montreal Calibration,SYN-MC-22-001307,,420.00,Pass
13ea157f-4f55-5c5d-b651-8be2b009accd,DL-D10-350000,2022-08-09,2023-08-09,Montreal Calibration,SYN-MC-22-001308,,425.00,Pass
0f1b63b3-5a35-59ba-9ae5-49a41bd07a35,GEO-UM-40022,2022-08-18,2023-08-18,Montreal Calibration,SYN-MC-22-001309,,240.00,Pass
cc475fd6-11b7-5f13-8a7b-2eb87c6f5e06,GEO-UM-40002,2022-08-23,2023-08-23,Montreal Calibration,SYN-MC-22-001310,,235.00,Pass
53a4a017-8a24-52dc-a4e0-607bb6ee3b93,SLM-S50-500019,2022-08-29,2023-08-29,Montreal Calibration,SYN-MC-22-001311,,290.00,Pass
62c37163-767a-5d50-aaeb-8729cbecceca,SLM-S50-500014,2022-09-01,2022-11-18,Montreal Calibration,SYN-MC-22-001312,,380.00,Fail
24a22e78-8121-5abc-94b4-0ebc310af614,SLM-LD-5000000,2022-09-04,2023-09-04,Montreal Calibration,SYN-MC-22-001313,,320.00,Pass
d94b4a65-a1ff-58e5-90ab-4aa56ae7b4d2,SLM-LD-PA-5000,2022-09-04,2023-09-04,Montreal Calibration,SYN-MC-22-001314,,360.00,Pass
b87a04e8-7643-53f4-b7ea-151889546015,SLM-LD-EL-700000,2022-09-04,2023-09-04,Montreal Calibration,SYN-MC-22-001315,,380.00,Pass
7fa499dd-6c49-56e6-a6bc-189d1c9dd66a,DL-UM-40016,2022-09-05,2023-09-05,Montreal Calibration,SYN-MC-22-001316,,420.00,Pass
bff5f419-7e2a-536a-85f8-123d112f3df8,GEO-C22-450007,2022-09-08,2023-09-08,,SYN-FACTORY-001317,,,Pass
1d9b20e7-fb40-5b47-bcf6-7a6408869039,DL-UM-40028,2022-09-09,2023-09-09,Montreal Calibration,SYN-MC-22-001318,,375.00,Pass
33f9db3e-0d59-5dab-baac-b6553ba66c3c,SLM-S50-500003,2022-09-12,2023-09-12,Montreal Calibration,SYN-MC-22-001319,,290.00,Pass
3e04f900-9184-5e69-9c6c-15c275de4ccc,GEO-V12-400011,2022-09-12,2023-09-12,Montreal Calibration,SYN-MC-22-001320,,255.00,Pass
d2df63ac-7d48-516f-8a33-508db35a7e8b,MEMS-DP6000,2022-09-12,2024-09-12,,SYN-FACTORY-001321,,,Pass
47bf7509-2069-5946-a86a-9851da926242,DL-D10-350001,2022-09-12,2023-09-12,Montreal Calibration,SYN-MC-22-001322,,420.00,Pass
e14be7f9-74b4-5c16-bc00-1875bec44b6f,DL-UM-40022,2022-09-19,2023-09-19,Montreal Calibration,SYN-MC-22-001323,,370.00,Pass
99fe7e08-aa06-5d60-b757-b93a5ae1b9cd,GEO-UM-40016,2022-09-19,2023-09-19,Montreal Calibration,SYN-MC-22-001324,,240.00,Adjusted
af602147-9582-5a8b-83fb-d5acbd8ec31a,DL-BE-30027,2022-09-19,2023-09-19,Montreal Calibration,SYN-MC-22-001325,,370.00,Pass
4220ac0b-e3fc-5fb7-a5ed-cd7f714e4e37,GEO-SE-30000,2022-09-29,2023-09-29,Montreal Calibration,SYN-MC-22-001326,,265.00,Pass
6da111dc-2f34-5328-8a9f-324840527965,SLM-S50-500016,2022-09-29,2023-09-29,Montreal Calibration,SYN-MC-22-001327,,380.00,Pass
2e13897e-eb27-5968-8cc3-9d23b743200a,SLM-S50-500000,2022-09-30,2023-09-30,Montreal Calibration,SYN-MC-22-001328,,375.00,Pass
8ea38d1d-667e-58b8-8803-5a8333a48fcc,DL-D10-300003,2022-10-03,2023-10-03,Montreal Calibration,SYN-MC-22-001329,,425.00,Pass
e14d1a84-fd9f-5473-8661-ad11266972fe,DL-BE-30035,2022-10-03,2023-10-03,Montreal Calibration,SYN-MC-22-001330,,370.00,Pass
40f568db-ff32-58fb-9f91-34940c6d17e0,VWR-E-2000000,2022-10-03,2024-10-03,Montreal Calibration,SYN-MC-22-001331,,225.00,Pass
3219df15-1246-539f-853f-3b4dcfd46b35,DL-UM-40025,2022-10-03,2023-10-03,Montreal Calibration,SYN-MC-22-001332,,395.00,Pass
9af542cf-9986-5209-b150-56a1f8901d37,DL-BE-30012,2022-10-04,2023-10-04,Montreal Calibration,SYN-MC-22-001333,,420.00,Pass
34b068da-d417-5d06-842e-685f3593e854,DL-BE-30056,2022-10-05,2023-10-05,Montreal Calibration,SYN-MC-22-001334,,360.00,Pass
c0509d50-2887-51ce-b471-d9f184c45f5a,GEO-UM-40025,2022-10-05,2023-10-05,Montreal Calibration,SYN-MC-22-001335,,240.00,Pass
bd527dbd-a0d3-583b-b8e9-d6e97b718d76,GEO-C22-450005,2022-10-06,2023-10-06,Montreal Calibration,SYN-MC-22-001336,,255.00,Pass
79e7e730-e29d-55b1-a1d0-7b89e054341a,GEO-UM-40034,2022-10-10,2023-10-10,Montreal Calibration,SYN-MC-22-001337,,245.00,Pass
26b0fb64-a1a0-5b42-abef-e9020eefe479,GEO-UM-40010,2022-10-10,2023-10-10,Montreal Calibration,SYN-MC-22-001338,,235.00,Pass
d5c4df0c-e6fd-5a39-b5ba-0ed47762f6e2,DL-UM-40035,2022-10-14,2023-10-14,,SYN-FACTORY-001339,,,Pass
1a574786-41f8-50b4-bbf7-7c78ca904b5d,GEO-UM-40035,2022-10-14,2023-10-14,,SYN-FACTORY-001340,,,Pass
90ad35e3-a1d0-5183-8270-ee385ca1384e,GEO-V12-400001,2022-10-20,2023-10-20,Montreal Calibration,SYN-MC-22-001341,,285.00,Pass
9798e18c-80ec-599d-88c2-3015e7826e8c,GEO-UM-40019,2022-10-28,2023-10-28,Montreal Calibration,SYN-MC-22-001342,,300.00,Pass
aaeaebff-2cc0-5123-a3da-00a6727e9613,DL-BE-30059,2022-11-02,2023-11-02,Montreal Calibration,SYN-MC-22-001343,,450.00,Pass
4e439f7d-d826-5e58-92d1-d9307def3f06,DL-UM-40001,2022-11-04,2023-11-04,Montreal Calibration,SYN-MC-22-001344,,425.00,Adjusted
9ee17f4e-5d51-5937-b25c-d168b3277772,DL-UM-40017,2022-11-07,2023-11-07,Montreal Calibration,SYN-MC-22-001345,,455.00,Pass
9714e8ff-571c-5605-9bfb-cb1266434410,GEO-V12-400006,2022-11-08,2023-11-08,Montreal Calibration,SYN-MC-22-001346,,295.00,Pass
927c13a5-b2c5-53dc-9ed0-fbc4e5094009,GEO-C22-450001,2022-11-08,2023-11-08,Montreal Calibration,SYN-MC-22-001347,,280.00,Pass
2df35ddb-e252-501d-8f1e-76f5053ef868,SLM-S50-500022,2022-11-11,2023-11-11,,SYN-FACTORY-001348,,,Pass
3cbd8e60-b34e-5724-97de-4076bc387cef,GEO-BG-30000,2022-11-11,2023-11-11,Montreal Calibration,SYN-MC-22-001349,,260.00,Pass
e57f7e4a-dff0-5e95-923c-5f8a898a5f30,SLM-S50-500013,2022-11-14,2023-11-14,Montreal Calibration,SYN-MC-22-001350,,305.00,Pass
701f9487-9db8-541b-b037-9fa0e92c5950,DL-BE-30048,2022-11-14,2023-11-14,Montreal Calibration,SYN-MC-22-001351,,480.00,Pass
2be58292-8e21-52fa-8626-346f0328e994,GEO-BG-30031,2022-11-16,2023-11-16,Montreal Calibration,SYN-MC-22-001352,,285.00,Pass
8dd9e43c-266c-5bcf-9830-466318edfd32,DL-BE-30002,2022-11-16,2023-11-16,Montreal Calibration,SYN-MC-22-001353,,465.00,Pass
f01c86bb-891a-5d50-bd9e-da06a9073f9b,DL-UM-40032,2022-11-17,2023-11-17,Montreal Calibration,SYN-MC-22-001354,,420.00,Pass
488119b2-3f11-5080-880c-460906d2c865,GEO-UM-40032,2022-11-21,2023-11-21,Montreal Calibration,SYN-MC-22-001355,,235.00,Pass
44d397ac-cc72-5275-9042-887fa6da400c,DL-D10-350003,2022-11-21,2023-11-21,Montreal Calibration,SYN-MC-22-001356,,415.00,Pass
d18c9aa6-8ae6-5a4c-813d-5c9e3b83de6b,AQDS-900000,2022-11-21,2023-11-21,Montreal Calibration,SYN-MC-22-001357,,230.00,Pass
b0367a56-12b5-56e1-a745-553f6d0b0dcb,SLM-S50-500011,2022-11-22,2023-11-22,Montreal Calibration,SYN-MC-22-001358,,315.00,Pass
4c549091-4c72-5cae-a970-86a0cf7a0fef,DL-BE-30010,2022-11-22,2023-11-22,Montreal Calibration,SYN-MC-22-001359,,420.00,Pass
181cb3d8-5825-59b6-a333-95b30818f5fa,SLM-UA-40002,2022-11-23,2023-11-23,,SYN-FACTORY-001360,,,Pass
0b51b1b6-3dab-560f-b8af-f5af1acf5edf,DL-BE-30054,2022-11-24,2023-11-24,Montreal Calibration,SYN-MC-22-001361,,475.00,Pass
2693aecd-e277-50ce-99f1-8ace86193158,DL-D10-350002,2022-11-29,2023-11-29,Montreal Calibration,SYN-MC-22-001362,,480.00,Pass
a98f58ed-fe83-537e-b2a8-079c349e0496,GEO-UM-40031,2022-11-30,2023-11-30,Montreal Calibration,SYN-MC-22-001363,,285.00,Pass
b8b052cc-6eed-5950-8261-34bec0f5de30,GEO-BG-30010,2022-12-01,2023-12-01,Montreal Calibration,SYN-MC-22-001364,,230.00,Adjusted
ad7ef638-d203-5b85-8c22-b9678e282cf0,DL-D10-300000,2022-12-02,2023-12-02,Montreal Calibration,SYN-MC-22-001365,,485.00,Pass
f70d2c34-5814-5cad-a0ea-3a2f48c75dd5,DL-BE-30044,2022-12-06,2023-12-06,Montreal Calibration,SYN-MC-22-001366,,360.00,Pass
b8d745e1-6975-53b3-9c57-69d1f5feee64,GEO-C22-450002,2022-12-15,2023-12-15,Montreal Calibration,SYN-MC-22-001367,,270.00,Pass
b46e24c3-4615-5f3c-b97f-a98574546e69,DL-UM-40031,2022-12-19,2023-12-19,Montreal Calibration,SYN-MC-22-001368,,480.00,Pass
aa97176e-643b-595c-b57a-3f72d98682d3,SLM-S50-500014,2022-12-26,2023-12-26,Montreal Calibration,SYN-MC-22-001369,,320.00,Pass
106db05e-95d3-5bb2-a261-7c8cf34a1490,DL-BE-30057,2022-12-26,2023-12-26,Montreal Calibration,SYN-MC-22-001370,,445.00,Pass
13c9e1db-d792-5c0a-b90c-4019ce3b9f6c,DL-UM-40011,2022-12-26,2023-12-26,Montreal Calibration,SYN-MC-22-001371,,365.00,Pass
05198ef2-bc33-5186-adb5-e97b87179348,DL-BE-30043,2023-01-06,2024-01-06,Montreal Calibration,SYN-MC-23-001372,,425.00,Adjusted
b8c35e3b-1022-5b5b-860c-bc1a04170231,DL-D10-300006,2023-01-17,2024-01-17,Montreal Calibration,SYN-MC-23-001373,,385.00,Pass
885fc104-d546-5019-9d91-a9ad9185eee9,SLM-S50-500005,2023-01-20,2024-01-20,Montreal Calibration,SYN-MC-23-001374,,390.00,Pass
e6785ff6-dcf7-5caf-ae87-3e800c334dec,DL-BE-30050,2023-01-23,2024-01-23,Montreal Calibration,SYN-MC-23-001375,,395.00,Pass
d124573e-a35c-51a1-9687-51aacaddfb81,GEO-UM-40003,2023-01-23,2024-01-23,Montreal Calibration,SYN-MC-23-001376,,230.00,Pass
a31363cd-6d59-5c51-9ff1-22eddfb3bc46,DL-UM-40003,2023-01-31,2022-11-01,Montreal Calibration,SYN-MC-23-001377,,370.00,Fail
12b47d49-088c-5950-ac02-fcfbc97f781e,GEO-V12-400010,2023-02-03,2024-02-03,Montreal Calibration,SYN-MC-23-001378,,255.00,Pass
3e2ecebd-a046-5392-a6e8-d21983dbc700,DL-UM-40029,2023-02-06,2024-02-06,Montreal Calibration,SYN-MC-23-001379,,370.00,Adjusted
efb1057b-bdc2-55dd-a285-7dd75316efec,GEO-UM-40018,2023-02-06,2024-02-06,Montreal Calibration,SYN-MC-23-001380,,275.00,Adjusted
be2d7402-667e-531f-9e92-3bbcaa4f8119,DL-UM-40018,2023-02-09,2024-02-09,Montreal Calibration,SYN-MC-23-001381,,410.00,Pass
a3fee1b2-739c-5696-b72f-e041e61ef3bb,SLM-UA-40001,2023-02-12,2024-02-12,Montreal Calibration,SYN-MC-23-001382,,305.00,Pass
21da0fbd-b199-51c3-8d5d-e53e943cbe71,DL-UM-40023,2023-02-15,2024-02-15,Montreal Calibration,SYN-MC-23-001383,,455.00,Pass
e0fa8121-9530-547a-b811-0e1c139ff736,GEO-UM-40012,2023-02-15,2024-02-15,Montreal Calibration,SYN-MC-23-001384,,270.00,Pass
fdfe7007-bcb9-5a06-95df-ac48f3fb9802,SLM-S50-500009,2023-02-20,2023-04-01,Montreal Calibration,SYN-MC-23-001385,,375.00,Fail
6796b917-d7b6-55f5-9362-5f65f426eef0,GEO-UM-40023,2023-02-27,2024-02-27,Montreal Calibration,SYN-MC-23-001386,,260.00,Pass
4a98981b-9f7b-55aa-b276-3dabe6136788,GEO-V12-400009,2023-02-27,2024-02-27,Montreal Calibration,SYN-MC-23-001387,,290.00,Pass
cace3f2f-ee7b-5b44-bfef-d108b86119e1,GEO-BG-30024,2023-02-28,2023-03-28,Montreal Calibration,SYN-MC-23-001388,,300.00,Fail
c9b7f121-6833-5409-b931-78858fa15b9e,DL-UM-40009,2023-02-28,2024-02-28,Montreal Calibration,SYN-MC-23-001389,,425.00,Pass
4b1d181e-cf0b-5f3e-9a7b-cc9068302b3a,GEO-BG-30007,2023-02-28,2024-02-28,Montreal Calibration,SYN-MC-23-001390,,290.00,Pass
02ed2a60-1a21-53c3-93d6-3415643f5320,DL-UM-40024,2023-02-28,2024-02-28,Montreal Calibration,SYN-MC-23-001391,,450.00,Pass
b1d0ce59-d100-5c00-988c-e698f65e110f,GEO-BG-30009,2023-03-01,2024-02-29,Montreal Calibration,SYN-MC-23-001392,,245.00,Pass
cc2c9217-4b6a-5a6b-920f-6dc41d0a0efd,GEO-UM-40024,2023-03-03,2024-03-03,Montreal Calibration,SYN-MC-23-001393,,220.00,Pass
e400d1f7-165f-53c7-a7c3-f37fd58baaf7,GEO-UM-40009,2023-03-06,2024-03-06,Montreal Calibration,SYN-MC-23-001394,,280.00,Pass
b6402060-ad19-5830-a19e-0c4ede91fc81,DL-BE-30049,2023-03-06,2024-03-06,Montreal Calibration,SYN-MC-23-001395,,400.00,Pass
0fcbbcb6-ddad-5ef6-951a-8d9791c66da7,GEO-V12-400012,2023-03-08,2024-03-08,Montreal Calibration,SYN-MC-23-001396,,270.00,Pass
f516a947-19d5-5d78-b6d2-a67d70c5b769,SB-600000,2023-03-08,2024-03-08,Montreal Calibration,SYN-MC-23-001397,,330.00,Pass
21215211-0d5b-597e-b8e1-ba0cbea0bef9,SLM-S50-500007,2023-03-14,2024-03-14,Montreal Calibration,SYN-MC-23-001398,,315.00,Pass
330faa11-6e8e-5575-9146-8365e603650a,DL-D10-300004,2023-03-15,2024-03-15,Montreal Calibration,SYN-MC-23-001399,,380.00,Adjusted
31cc9ad6-6931-562c-93cc-e55c5c91e87f,DL-UM-40036,2023-03-27,2024-03-27,,SYN-FACTORY-001400,,,Pass
73d4f2af-5857-5c8e-8690-e749863d90d4,GEO-UM-40036,2023-03-27,2024-03-27,,SYN-FACTORY-001401,,,Pass
8e553fec-e64e-5172-aeb9-52d71c8e8dca,GEO-UM-40017,2023-03-27,2024-03-27,Montreal Calibration,SYN-MC-23-001402,,225.00,Adjusted
1f86631c-b8de-5240-9456-4244c7cb0eff,DL-BE-30051,2023-03-28,2024-03-28,Montreal Calibration,SYN-MC-23-001403,,385.00,Pass
1d706010-cc55-5283-be90-6890795af36f,GEO-BG-30032,2023-03-28,2024-03-28,Montreal Calibration,SYN-MC-23-001404,,275.00,Pass
6403d4a0-4029-5c54-a46e-2ddeaac2083e,GEO-V12-400004,2023-03-30,2024-03-30,Montreal Calibration,SYN-MC-23-001405,,245.00,Adjusted
b7283325-5992-5ca2-bc2d-d713d7c5b068,DL-BE-30033,2023-04-03,2024-04-03,Montreal Calibration,SYN-MC-23-001406,,410.00,Pass
05e656f0-d021-5ae6-8df3-7800c95fea23,DL-UM-40003,2023-04-12,2024-04-12,Montreal Calibration,SYN-MC-23-001407,,405.00,Pass
33736f33-7426-5a84-ba14-b7d3173d7481,GEO-C22-450008,2023-04-12,2024-04-12,,SYN-FACTORY-001408,,,Pass
f0ca787e-f8bb-5593-99d1-067804f7fbac,DL-BE-30036,2023-04-13,2024-04-13,Montreal Calibration,SYN-MC-23-001409,,360.00,Pass
6639d946-0605-50b4-a65e-148e42d7043e,GEO-BG-30030,2023-04-14,2024-04-14,Montreal Calibration,SYN-MC-23-001410,,250.00,Pass
61ac5856-dd6f-50a7-b10c-28010032ef8a,SLM-S50-500012,2023-04-14,2024-04-14,Montreal Calibration,SYN-MC-23-001411,,320.00,Pass
c3f1f24c-11dd-5a55-96e8-e165d95c093f,GEO-V12-400007,2023-04-14,2024-04-14,Montreal Calibration,SYN-MC-23-001412,,285.00,Pass
4ced5cdf-7549-547c-8342-9c711956cdcd,SLM-S50-500001,2023-04-17,2024-04-17,Montreal Calibration,SYN-MC-23-001413,,370.00,Pass
89a2936e-6d0e-5121-80f9-da6bba2aef00,GEO-BG-30033,2023-04-17,2024-04-17,Montreal Calibration,SYN-MC-23-001414,,255.00,Pass
0c450f13-f089-5e9c-910c-d157fc49cc4f,DL-UM-40005,2023-04-24,2024-04-24,Montreal Calibration,SYN-MC-23-001415,,455.00,Pass
de512849-73a2-5fb8-8713-abca842a51d9,GEO-UM-40005,2023-04-24,2024-04-24,Montreal Calibration,SYN-MC-23-001416,,250.00,Pass
98f58b60-3a72-56b3-9a5e-b721484848dd,GEO-C22-450006,2023-05-01,2024-05-01,Montreal Calibration,SYN-MC-23-001417,,275.00,Pass
1b248391-4572-59e0-8b36-91ba2e5d898b,SLM-S50-500015,2023-05-05,2024-05-05,Montreal Calibration,SYN-MC-23-001418,,295.00,Pass
f05cf868-80c7-5e50-aa81-bd5a4e3d377f,GEO-BG-30024,2023-05-07,2024-05-07,Montreal Calibration,SYN-MC-23-001419,,285.00,Pass
6f879401-f881-57ea-bf8d-236b27421275,GEO-UM-40004,2023-05-08,2024-05-08,Montreal Calibration,SYN-MC-23-001420,,275.00,Pass
b664834b-48a1-5b05-bb9c-1cca4bd107f9,AC-5001,2023-05-10,2024-05-10,Montreal Calibration,SYN-MC-23-001421,,205.00,Pass
42f0e0d1-8354-59ea-96f1-026ee3a046de,GEO-V12-400005,2023-05-10,2024-05-10,Montreal Calibration,SYN-MC-23-001422,,270.00,Pass
f4542170-a5f1-5777-8fe2-2dc94deed27b,GEO-UM-40030,2023-05-11,2024-05-11,Montreal Calibration,SYN-MC-23-001423,,230.00,Pass
b77bc0f9-9964-5c9f-933d-e1d715764adf,SLM-S50-500002,2023-05-18,2024-05-18,Montreal Calibration,SYN-MC-23-001424,,305.00,Pass
5b297f10-50f5-5d38-9072-e1296b13a9c8,DL-UM-40030,2023-05-19,2024-05-19,Montreal Calibration,SYN-MC-23-001425,,475.00,Adjusted
b1e119ab-21a0-56a0-bae0-5fb2cfd1fc57,GEO-V12-400013,2023-05-25,2024-05-25,Montreal Calibration,SYN-MC-23-001426,,275.00,Pass
48fa6613-cf3c-59bf-9a6b-02b3091f6cb2,DL-BE-30058,2023-05-26,2024-05-26,Montreal Calibration,SYN-MC-23-001427,,365.00,Pass
c96feb4d-37a6-5c11-bf9d-d445f4f29302,GEO-UM-40015,2023-05-26,2024-05-26,Montreal Calibration,SYN-MC-23-001428,,255.00,Pass
68285767-3f0b-5ff9-b957-7f81891920df,GEO-C22-450003,2023-05-29,2024-05-29,Montreal Calibration,SYN-MC-23-001429,,285.00,Pass
2dd1f45d-5568-5feb-9345-3177f8cfc74d,DL-D10-350005,2023-05-29,2024-05-29,,SYN-FACTORY-001430,,,Pass
5e8fa56e-9471-5dae-8d2e-a6b239383dab,DL-UM-40004,2023-05-30,2024-05-30,Montreal Calibration,SYN-MC-23-001431,,450.00,Pass
5d64dd1e-cbd7-529a-aedb-97a15de31b66,DL-BE-30024,2023-06-05,2024-06-05,Montreal Calibration,SYN-MC-23-001432,,440.00,Pass
3d05b330-a6d0-5d04-839c-757f25e03c58,DL-BE-30028,2023-06-07,2024-06-07,Montreal Calibration,SYN-MC-23-001433,,405.00,Pass
063702a0-64ab-5812-accd-24beca61e51b,SLM-LD-5000000,2023-06-08,2024-06-08,Montreal Calibration,SYN-MC-23-001434,,360.00,Pass
29dc5dc7-a47c-5e26-84f0-62b0722702f3,SLM-LD-PA-5000,2023-06-08,2024-06-08,Montreal Calibration,SYN-MC-23-001435,,310.00,Pass
c9d3da21-0ed9-537d-8465-5e40d87f591d,SLM-LD-EL-700000,2023-06-08,2024-06-08,Montreal Calibration,SYN-MC-23-001436,,300.00,Pass
d3803f5e-c826-5543-84a2-d109d674fe6f,DL-UM-40033,2023-06-09,2024-06-09,Montreal Calibration,SYN-MC-23-001437,,390.00,Pass
3ab868e8-d149-5b98-a922-3c2702887eb6,SLM-S50-500009,2023-06-19,2024-06-19,Montreal Calibration,SYN-MC-23-001438,,350.00,Pass
9027b670-a145-52bc-9e45-edc2562b1dbd,SLM-S50-500003,2023-06-23,2024-06-23,Montreal Calibration,SYN-MC-23-001439,,380.00,Pass
9c7a2cb1-f70f-5263-bebb-8fa460d237a3,GEO-SE-30001,2023-06-26,2024-06-26,Montreal Calibration,SYN-MC-23-001440,,270.00,Pass
4106ede6-333c-59d9-b33b-f89e79dae71f,DL-BE-30061,2023-06-26,2024-06-26,Montreal Calibration,SYN-MC-23-001441,,420.00,Pass
5600cfdc-9d76-5d50-8a03-de80cb1655bf,SLM-S50-500020,2023-06-26,2024-06-26,Montreal Calibration,SYN-MC-23-001442,,300.00,Pass
d6d67ffb-913c-5388-84f4-350a14fbb5d3,SLM-S50-500021,2023-06-28,2024-06-28,Montreal Calibration,SYN-MC-23-001443,,320.00,Pass
554ae081-b48b-5d3d-b898-122e354f6571,GEO-V12-400014,2023-07-06,2024-07-06,,SYN-FACTORY-001444,,,Pass
d0d92a42-dace-567e-ab00-266f87d59e22,GEO-UM-40033,2023-07-13,2024-07-13,Montreal Calibration,SYN-MC-23-001445,,225.00,Pass
faabd9c0-fd3b-576a-b443-f13f7f045f3c,DL-BE-30042,2023-07-14,2024-07-14,Montreal Calibration,SYN-MC-23-001446,,450.00,Pass
151a321c-b178-5ecb-9674-207836377497,SLM-S50-500016,2023-07-17,2024-07-17,Montreal Calibration,SYN-MC-23-001447,,300.00,Pass
31a0c6d0-6a2d-583c-ae90-d7946458bffa,SLM-S50-500019,2023-07-26,2024-07-26,Montreal Calibration,SYN-MC-23-001448,,380.00,Pass
2fef86c8-fc6b-572e-8dfd-baac8cdcf0a6,GEO-BG-30020,2023-08-01,2024-08-01,Montreal Calibration,SYN-MC-23-001449,,235.00,Adjusted
ba860ca6-b9b7-5222-b5af-b4b4ccc17940,DL-BE-30009,2023-08-07,2024-08-07,Montreal Calibration,SYN-MC-23-001450,,475.00,Pass
70ce2259-cec4-50c9-983e-8b17ebc2f218,GEO-BG-30021,2023-08-11,2024-08-11,Montreal Calibration,SYN-MC-23-001451,,270.00,Pass
99e0b3ee-2764-5971-8a59-8cfef77d07db,GEO-UM-40016,2023-08-17,2024-08-17,Montreal Calibration,SYN-MC-23-001452,,275.00,Pass
b241c010-9c20-5a32-a350-2840bcb0ef46,DL-BE-30018,2023-08-18,2024-08-18,Montreal Calibration,SYN-MC-23-001453,,370.00,Pass
73019395-1092-5795-adfe-608598ae1bdf,GEO-BG-30025,2023-08-18,2024-08-18,Montreal Calibration,SYN-MC-23-001454,,230.00,Pass
ec786786-8849-553f-9f49-0e97a637bf87,DL-UM-40017,2023-08-18,2024-08-18,Montreal Calibration,SYN-MC-23-001455,,410.00,Pass
2d0411da-69c5-5735-ad61-9ac5d00414be,GEO-SE-30000,2023-08-24,2024-08-24,Montreal Calibration,SYN-MC-23-001456,,280.00,Pass
127379fb-e30a-5d5f-b0a1-9c721db7151d,GEO-UM-40010,2023-08-28,2024-08-28,Montreal Calibration,SYN-MC-23-001457,,265.00,Pass
727c913b-aa7d-5012-8dd9-c3564804ea7b,GEO-C22-450005,2023-08-28,2024-08-28,Montreal Calibration,SYN-MC-23-001458,,260.00,Pass
7ede34b1-79ba-59f9-9d8b-0e2d490afa6b,DL-UM-40022,2023-08-29,2024-08-29,Montreal Calibration,SYN-MC-23-001459,,420.00,Pass
f60ac643-4575-5eea-a1af-351bc351e093,DL-BE-30053,2023-08-31,2024-08-31,Montreal Calibration,SYN-MC-23-001460,,460.00,Adjusted
acab2979-f460-53f3-953d-28deed6a9f11,GEO-UM-40022,2023-09-04,2024-09-04,Montreal Calibration,SYN-MC-23-001461,,230.00,Pass
a5103f67-0a6a-58f8-943e-8201e2d471bb,SLM-S50-500011,2023-09-04,2024-09-04,Montreal Calibration,SYN-MC-23-001462,,375.00,Adjusted
21c98033-505f-5abe-8b5c-f527cebe7917,DL-UM-40027,2023-09-04,2024-09-04,Montreal Calibration,SYN-MC-23-001463,,430.00,Pass
41edc130-8018-554f-81b8-76364df1df61,DL-UM-40025,2023-09-05,2024-09-05,Montreal Calibration,SYN-MC-23-001464,,405.00,Pass
990f8e2a-cdb3-5267-9bda-c565a1b8f14e,DL-BE-30011,2023-09-06,2024-09-06,Montreal Calibration,SYN-MC-23-001465,,370.00,Pass
c01b3c9a-37c4-5a9c-b2f7-c151354e1d4c,GEO-UM-40002,2023-09-07,2024-09-07,Montreal Calibration,SYN-MC-23-001466,,290.00,Adjusted
d06249f8-97c4-5f84-b7fb-9f794692902f,GEO-V12-400001,2023-09-18,2024-09-18,Montreal Calibration,SYN-MC-23-001467,,240.00,Pass
3720d5ac-f5f8-569a-9f54-3cd328237b8d,TS-62000001,2023-09-20,2024-09-20,Montreal Calibration,SYN-MC-23-001468,,685.00,Adjusted
7a8e9a54-727f-585e-905c-afc2e24da59f,AQDS-900001,2023-09-21,2024-09-21,Montreal Calibration,SYN-MC-23-001469,,250.00,Pass
0924064a-6b84-57fc-acbe-e5c01bb0842c,GEO-UM-40006,2023-09-25,2024-09-25,Montreal Calibration,SYN-MC-23-001470,,295.00,Pass
ef0efb6a-8d32-56ae-81c4-c0064337c2d2,SLM-S50-500000,2023-09-25,2024-09-25,Montreal Calibration,SYN-MC-23-001471,,315.00,Pass
3fb2769e-b8a3-5a00-b4e3-0ee43d0530bf,DL-D10-350003,2023-09-25,2024-09-25,Montreal Calibration,SYN-MC-23-001472,,365.00,Pass
f2ac8c8c-c2a4-529e-ba52-ceea831efc83,GEO-BG-30010,2023-09-29,2024-09-29,Montreal Calibration,SYN-MC-23-001473,,240.00,Pass
955c95cd-1221-5876-99c3-99692759ab4f,DL-UM-40037,2023-10-02,2024-10-02,,SYN-FACTORY-001474,,,Pass
d2a86c8b-5930-557f-9ba2-92c76ece7f19,GEO-UM-40037,2023-10-02,2024-10-02,,SYN-FACTORY-001475,,,Pass
962a3fd1-38d7-5998-bad6-f025d2da38ec,GEO-V12-400006,2023-10-02,2024-10-02,Montreal Calibration,SYN-MC-23-001476,,270.00,Pass
0c6c0c24-e79a-56d0-831f-26da8bc4e11c,DL-UM-40006,2023-10-03,2024-10-03,Montreal Calibration,SYN-MC-23-001477,,400.00,Pass
0e30e4bd-12ae-597c-a7e7-42d2b5f6a45a,DL-BE-30010,2023-10-03,2024-10-03,Montreal Calibration,SYN-MC-23-001478,,380.00,Pass
7df1311a-0ad8-5a4f-b8ab-81f6be3a4316,DL-UM-40032,2023-10-09,2024-10-09,Montreal Calibration,SYN-MC-23-001479,,410.00,Pass
2e296f53-a866-556c-9b05-4cfc5eaa692e,DL-BE-30056,2023-10-09,2024-10-09,Montreal Calibration,SYN-MC-23-001480,,480.00,Pass
fcda34f4-df50-58da-8576-efabaec1dedf,GEO-C22-450001,2023-10-09,2024-10-09,Montreal Calibration,SYN-MC-23-001481,,240.00,Pass
b70d0b65-8fcc-5fc9-ba88-174aaecb6589,DL-BE-30046,2023-10-09,2024-10-09,Montreal Calibration,SYN-MC-23-001482,,420.00,Pass
0078e1d3-bf7b-542f-a2b9-3d448a3026e0,DL-UM-40020,2023-10-12,2024-10-12,Montreal Calibration,SYN-MC-23-001483,,465.00,Pass
97959001-96a4-5aae-afe7-9a1c4aa8bacd,GEO-UM-40014,2023-10-13,2021-11-04,Montreal Calibration,SYN-MC-23-001484,,225.00,Fail
664fad6b-e8a8-5819-9986-c92e10a76b8f,GEO-UM-40021,2023-10-13,2024-10-13,Montreal Calibration,SYN-MC-23-001485,,255.00,Pass
840fda0e-4ec4-515d-8fbd-bf94e0f9525b,TMP-5002,2023-10-16,2024-10-16,Montreal Calibration,SYN-MC-23-001486,,385.00,Pass
4045f3c4-c4b7-5cdb-92b4-f788f51987f2,SLM-LD-PA-5001,2023-10-16,2024-10-16,Montreal Calibration,SYN-MC-23-001487,,295.00,Pass
9bf065fa-fbd2-5e65-91e4-61532e0a3eb0,SLM-LD-EL-700001,2023-10-16,2024-10-16,Montreal Calibration,SYN-MC-23-001488,,370.00,Pass
f335b2dc-41fd-5dbc-81d0-4957315fc4f2,GEO-UM-40032,2023-10-16,2024-10-16,Montreal Calibration,SYN-MC-23-001489,,230.00,Pass
4a20e425-ecf2-54f2-ac97-b62db43a385b,SLM-S50-500022,2023-10-20,2024-10-20,Montreal Calibration,SYN-MC-23-001490,,310.00,Pass
dcbdb1c6-2941-55f7-a702-2290e9cdc09c,DL-UM-40021,2023-10-23,2024-10-23,Montreal Calibration,SYN-MC-23-001491,,365.00,Pass
71cd6f0d-8085-529a-89b0-b80e35ee7758,GEO-UM-40001,2023-10-24,2024-10-24,Montreal Calibration,SYN-MC-23-001492,,235.00,Pass
e639c457-2563-5196-94e4-d742eadf6c58,DL-BE-30061,2023-10-26,2024-10-26,Montreal Calibration,SYN-MC-23-001493,,420.00,Pass
55f17e4e-f79a-5e99-8ac6-ce31c0f46068,GEO-V12-400011,2023-10-27,2024-10-27,Montreal Calibration,SYN-MC-23-001494,,295.00,Pass
94d0fac8-a117-5bd5-a918-bc5441638722,DL-UM-40014,2023-10-27,2024-10-27,Montreal Calibration,SYN-MC-23-001495,,385.00,Pass
ddc2901f-ed31-5645-8480-1ffb66172ccc,GEO-UM-40025,2023-10-30,2024-10-30,Montreal Calibration,SYN-MC-23-001496,,270.00,Pass
00bf1941-576a-5138-975f-d9ad580def3a,SLM-S50-500014,2023-10-30,2024-10-30,Montreal Calibration,SYN-MC-23-001497,,385.00,Pass
83861a1a-3496-530b-9f3c-b24455ca1e5c,DL-D10-350002,2023-11-01,2024-11-01,Montreal Calibration,SYN-MC-23-001498,,395.00,Pass
1c2e9f0d-5bca-59d3-99a4-58e9a1f7fe46,GEO-UM-40028,2023-11-01,2024-11-01,Montreal Calibration,SYN-MC-23-001499,,255.00,Adjusted
09a923d9-d5c9-50c1-9e3f-784a574c9e22,DL-UM-40012,2023-11-06,2024-11-06,Montreal Calibration,SYN-MC-23-001500,,410.00,Pass
3461d4d4-972b-5ad0-ae08-6d08cccd2f73,GEO-UM-40003,2023-11-06,2024-11-06,Montreal Calibration,SYN-MC-23-001501,,270.00,Pass
1b783e56-4778-5e92-a759-fedee36801c6,GEO-BG-30031,2023-11-08,2024-11-08,Montreal Calibration,SYN-MC-23-001502,,265.00,Pass
3ebd37be-ce56-5cc1-b99a-c7815a5e51b6,DL-BE-30048,2023-11-10,2024-11-10,Montreal Calibration,SYN-MC-23-001503,,455.00,Pass
5b1fb2b7-6631-5d32-ba27-a67ad6a6ada9,GEO-C22-450002,2023-11-14,2024-11-14,Montreal Calibration,SYN-MC-23-001504,,240.00,Adjusted
99ca0be2-dcc4-566d-af1c-00e0878c9f00,DL-BE-30028,2023-11-17,2024-11-17,Montreal Calibration,SYN-MC-23-001505,,465.00,Pass
14bf2cc2-ca17-5587-8adf-3f69bfcd214b,DL-UM-40028,2023-11-27,2024-11-27,Montreal Calibration,SYN-MC-23-001506,,450.00,Pass
abbfe0ce-f11a-59ef-a0d3-b531565ad96b,DL-UM-40038,2023-12-05,2024-12-05,,SYN-FACTORY-001507,,,Pass
f829a16b-cc6a-5b6e-8ea5-53b6c8877da5,GEO-UM-40038,2023-12-05,2024-12-05,,SYN-FACTORY-001508,,,Pass
183a4179-95cd-566d-9886-c7155256925a,GEO-UM-40022,2023-12-08,2024-12-08,Montreal Calibration,SYN-MC-23-001509,,255.00,Pass
e5a6fb35-6177-52eb-8cf5-5b885ed1a16d,GEO-V12-400003,2023-12-18,2024-12-18,Montreal Calibration,SYN-MC-23-001510,,230.00,Adjusted
aaedb388-b5d1-5b52-9650-cfa3ea1e9a6c,SB-600000,2023-12-20,2024-12-20,Montreal Calibration,SYN-MC-23-001511,,385.00,Pass
13ca6160-b0cc-5dcb-935a-71ab89f0c6e0,DL-UM-40011,2023-12-26,2024-12-26,Montreal Calibration,SYN-MC-23-001512,,460.00,Pass
7a36dc16-7d70-5a32-b54e-a32961b89ac7,GEO-UM-40014,2024-01-08,2025-01-08,Montreal Calibration,SYN-MC-24-001513,,265.00,Pass
ce5f8fd0-a5ec-5d38-b0a0-8472a8f4c0cb,GEO-BG-30013,2024-01-08,2025-01-08,Montreal Calibration,SYN-MC-24-001514,,300.00,Pass
bac709c6-963f-5d34-9cc7-4090fe26fcd9,DL-BE-30013,2024-01-10,2025-01-10,Montreal Calibration,SYN-MC-24-001515,,425.00,Pass
d816c362-9b14-59f1-9041-a506331925c0,DL-D10-350000,2024-01-16,2025-01-16,Montreal Calibration,SYN-MC-24-001516,,395.00,Pass
4794dea4-5420-5f20-864a-93d5f91c12b7,DL-D10-300005,2024-01-16,2025-01-16,Montreal Calibration,SYN-MC-24-001517,,450.00,Adjusted
7392ebe6-aea0-5660-8894-19ed7cda8a09,GEO-BG-30017,2024-01-17,2025-01-17,Montreal Calibration,SYN-MC-24-001518,,265.00,Pass
ab4d7678-890c-5167-a5e9-b73776fdfea2,GEO-BG-30006,2024-01-22,2025-01-22,Montreal Calibration,SYN-MC-24-001519,,235.00,Pass
2901d93f-da6f-5b54-9800-b924a4f3cd62,DL-BE-30044,2024-01-23,2025-01-23,Montreal Calibration,SYN-MC-24-001520,,360.00,Pass
ba71eac4-315b-5237-b0a6-f4e1d96ae07f,GEO-UM-40019,2024-01-29,2025-01-29,Montreal Calibration,SYN-MC-24-001521,,290.00,Pass
dbe10ba0-5a24-5ed7-8ca2-2b7e2eec984f,GEO-BG-30007,2024-01-29,2025-01-29,Montreal Calibration,SYN-MC-24-001522,,285.00,Pass
8ee0d8b2-420a-5fda-8851-05305e24812d,DL-BE-30021,2024-01-29,2025-01-29,Montreal Calibration,SYN-MC-24-001523,,470.00,Pass
42d8b232-be92-5c24-a796-2f48f1d7e53b,SLM-UA-40001,2024-02-01,2025-02-01,Montreal Calibration,SYN-MC-24-001524,,380.00,Pass
82a00879-55f2-5a31-b93a-b73cf8f81fba,GEO-V12-400009,2024-02-02,2025-02-02,Montreal Calibration,SYN-MC-24-001525,,250.00,Pass
04852c02-4843-51a5-aae1-997c474c2649,GEO-BG-30018,2024-02-09,2025-02-09,Montreal Calibration,SYN-MC-24-001526,,250.00,Adjusted
8398e051-12f1-5751-8ed3-bd75566fb385,SLM-S50-500007,2024-02-12,2025-02-12,Montreal Calibration,SYN-MC-24-001527,,345.00,Pass
5ed413b9-c38b-5532-a07c-f2891b87b3b0,AQDS-900000,2024-02-12,2025-02-12,Montreal Calibration,SYN-MC-24-001528,,240.00,Pass
103505b1-e376-5589-b2f6-94d79c1c6de8,DL-BE-30055,2024-02-14,2025-02-14,Montreal Calibration,SYN-MC-24-001529,,410.00,Pass
1f610fdc-9771-561a-982f-e9628fde236b,DL-UM-40034,2024-02-26,2025-02-26,Montreal Calibration,SYN-MC-24-001530,,365.00,Pass
ba487d12-c5a4-5339-9066-2af1ec25d40e,GEO-UM-40017,2024-02-29,2025-03-01,Montreal Calibration,SYN-MC-24-001531,,270.00,Pass
7a8a9f17-43ca-5ae0-8812-660294ccac54,SLM-S50-500011,2024-03-01,2025-03-02,Montreal Calibration,SYN-MC-24-001532,,365.00,Pass
6bed4e91-0546-5738-9bc7-b9f6704d015f,SLM-S50-500015,2024-03-04,2025-03-04,Montreal Calibration,SYN-MC-24-001533,,345.00,Pass
b539dc68-eaf6-5e59-bd6f-230ebd0e3dda,GEO-V12-400015,2024-03-06,2025-03-06,,SYN-FACTORY-001534,,,Pass
fdbac9b4-5a0e-5ceb-8f19-106416b9437f,SLM-S50-500012,2024-03-09,2025-03-09,Montreal Calibration,SYN-MC-24-001535,,295.00,Pass
a7743b6c-1892-5431-ae5c-9133d33895f7,GEO-UM-40034,2024-03-11,2025-03-11,Montreal Calibration,SYN-MC-24-001536,,220.00,Pass
5e44045c-bbb3-56b9-97e7-b1a6a1fa8ca7,GEO-BG-30033,2024-03-11,2025-03-11,Montreal Calibration,SYN-MC-24-001537,,285.00,Pass
5291ab9c-4552-5559-84f1-016b0ba25cbb,DL-UM-40003,2024-03-11,2025-03-11,Montreal Calibration,SYN-MC-24-001538,,435.00,Pass
25020d6d-00c7-5241-9ccc-96d489590464,SLM-S50-500005,2024-03-14,2025-03-14,Montreal Calibration,SYN-MC-24-001539,,380.00,Pass
b51422ae-58a3-55a3-8751-36a2848996c2,GEO-C22-450006,2024-03-18,2025-03-18,Montreal Calibration,SYN-MC-24-001540,,230.00,Pass
68f009d8-d195-58a2-b37d-6941c0ac153d,GEO-C22-450008,2024-03-19,2025-03-19,Montreal Calibration,SYN-MC-24-001541,,235.00,Pass
c97f14f9-d6c0-580f-bb6b-b18d64c42fbb,DL-UM-40015,2024-03-22,2025-03-22,Montreal Calibration,SYN-MC-24-001542,,385.00,Pass
68cd1b4c-9f9c-549f-a846-ba188f133c78,GEO-UM-40026,2024-03-26,2025-03-26,Montreal Calibration,SYN-MC-24-001543,,300.00,Pass
98d15fcf-aea9-58ce-8b69-d3c255cbddf1,GEO-V12-400007,2024-03-28,2025-03-28,Montreal Calibration,SYN-MC-24-001544,,235.00,Adjusted
48ff86eb-60b6-54ea-bb62-604eac6a3608,DL-BE-30038,2024-04-01,2025-04-01,Montreal Calibration,SYN-MC-24-001545,,405.00,Pass
84ca0062-d85f-5694-b52c-c5adf58438f6,DL-UM-40002,2024-04-01,2025-04-01,Montreal Calibration,SYN-MC-24-001546,,480.00,Pass
04e8f5dc-5ae4-5d43-b057-7c13c5afc097,AC-5001,2024-04-04,2025-04-04,Montreal Calibration,SYN-MC-24-001547,,245.00,Adjusted
9deaee12-3a74-5992-b1af-ee28c66b3a71,GEO-UM-40036,2024-04-10,2025-04-10,Montreal Calibration,SYN-MC-24-001548,,295.00,Pass
31d888d5-8b5b-5657-b89b-6e73d71d93b2,VWR-70001,2024-04-11,2026-04-11,Montreal Calibration,SYN-MC-24-001549,,195.00,Pass
dd3ea3ec-9962-597c-86dd-81fef17c94ed,GEO-UM-40004,2024-04-15,2025-04-15,Montreal Calibration,SYN-MC-24-001550,,245.00,Pass
7ddc7a35-e863-528b-9036-622fbaf9df05,GEO-V12-400005,2024-04-15,2025-04-15,Montreal Calibration,SYN-MC-24-001551,,275.00,Pass
97454963-00fc-5309-bf48-60443a065080,GEO-BG-30009,2024-04-15,2025-04-15,Montreal Calibration,SYN-MC-24-001552,,260.00,Pass
477d3183-a426-58c2-aa56-05adca5b1673,DL-BE-30008,2024-04-15,2025-04-15,Montreal Calibration,SYN-MC-24-001553,,420.00,Adjusted
ea9da120-e72f-5c24-bd51-d53e198e92c9,DL-BE-30058,2024-04-16,2025-04-16,Montreal Calibration,SYN-MC-24-001554,,440.00,Pass
6c61319c-4a48-55fd-b2d2-fddec8a7ac97,DL-UM-40036,2024-04-16,2025-04-16,Montreal Calibration,SYN-MC-24-001555,,425.00,Adjusted
4121c0fe-6daa-5f70-b4f0-14bd578d5138,DL-D10-300000,2024-04-17,2025-04-17,Montreal Calibration,SYN-MC-24-001556,,445.00,Pass
90e67873-2b3d-5d34-b3d7-aed86942df24,DL-D10-350002,2024-04-18,2025-04-18,Montreal Calibration,SYN-MC-24-001557,,405.00,Pass
563b22c9-a0b0-5e93-8c5e-dfefede0aa43,GEO-V12-400004,2024-04-19,2025-04-19,Montreal Calibration,SYN-MC-24-001558,,240.00,Adjusted
2bc98e93-69f8-5095-ba90-97e155e41b7b,DL-UM-40004,2024-04-22,2025-04-22,Montreal Calibration,SYN-MC-24-001559,,380.00,Pass
d11220a6-ffd6-5d44-bc42-cae91469b033,GEO-BG-30026,2024-04-24,2025-04-24,Montreal Calibration,SYN-MC-24-001560,,240.00,Adjusted
9b2538af-9034-5c9c-929d-d743370b2a7a,GEO-BG-30024,2024-04-27,2025-04-27,Montreal Calibration,SYN-MC-24-001561,,260.00,Pass
fec13e95-9dff-5576-aaac-6236fc83dcdd,DL-D10-350005,2024-04-29,2025-04-29,Montreal Calibration,SYN-MC-24-001562,,425.00,Pass
550725b9-addd-5444-adff-a6d7b864a579,SLM-S50-500002,2024-05-06,2025-05-06,Montreal Calibration,SYN-MC-24-001563,,340.00,Adjusted
f2b5bd42-5fba-5df7-b612-d2ecfdf20bb0,GEO-C22-450003,2024-05-13,2025-05-13,Montreal Calibration,SYN-MC-24-001564,,235.00,Pass
44e82d53-9445-5119-87dc-505f4a425497,DL-BE-30033,2024-05-14,2025-05-14,Montreal Calibration,SYN-MC-24-001565,,440.00,Pass
f5714695-d922-5226-8ba5-0b5893988b33,SLM-S50-500021,2024-05-16,2025-05-16,Montreal Calibration,SYN-MC-24-001566,,300.00,Pass
1d11c5cc-6456-5b27-8577-78328ef5eb98,DL-BE-30006,2024-05-16,2025-05-16,Montreal Calibration,SYN-MC-24-001567,,395.00,Pass
5e517ea7-ac7d-582d-9036-c1782efe2e0c,DL-UM-40026,2024-05-20,2025-05-20,Montreal Calibration,SYN-MC-24-001568,,420.00,Pass
0fc05f8b-b321-57aa-b4c1-6b01f4ef1dce,DL-BE-30034,2024-05-22,2025-05-22,Montreal Calibration,SYN-MC-24-001569,,480.00,Pass
9e78a879-f1ad-55ed-87a8-17782faf86e5,SLM-S50-500020,2024-05-27,2025-05-27,Montreal Calibration,SYN-MC-24-001570,,300.00,Pass
1b121340-0e61-5b6e-9ea2-c2477613a85d,SLM-S50-500008,2024-05-27,2025-05-27,Montreal Calibration,SYN-MC-24-001571,,355.00,Pass
b3fa2da8-c49a-59ca-934d-ab000d308ebb,GEO-BG-30030,2024-05-28,2025-05-28,Montreal Calibration,SYN-MC-24-001572,,235.00,Pass
9dc27383-1e1d-5c1e-8ee1-fec7124d8c78,SLM-S50-500016,2024-05-28,2025-05-28,Montreal Calibration,SYN-MC-24-001573,,335.00,Pass
a37e2f78-b3ba-5c69-a089-730f747f5d66,SLM-S50-500003,2024-05-31,2025-05-31,Montreal Calibration,SYN-MC-24-001574,,380.00,Pass
f5aebb29-a3f8-5df8-9182-6d0b95774b5e,GEO-V12-400014,2024-06-03,2025-06-03,Montreal Calibration,SYN-MC-24-001575,,240.00,Pass
0637a7a8-1600-5490-a425-d731d31594dc,GEO-UM-40033,2024-06-04,2025-06-04,Montreal Calibration,SYN-MC-24-001576,,285.00,Pass
bdc84740-c6cb-56aa-8d17-beeb5dae79ce,SLM-S50-500019,2024-06-10,2025-06-10,Montreal Calibration,SYN-MC-24-001577,,350.00,Pass
0f3cc9ef-692a-57d6-8e9b-e9bb6153cb22,VWR-50000,2024-06-13,2026-06-13,,SYN-FACTORY-001578,,,Pass
da739c3e-b85c-5ad7-af2c-4b6b43526aeb,GEO-UM-40005,2024-06-13,2025-06-13,Montreal Calibration,SYN-MC-24-001579,,280.00,Adjusted
ae0b790a-a747-59d8-bb29-db49a196e55f,SLM-S50-500023,2024-06-19,2025-06-19,,SYN-FACTORY-001580,,,Pass
533934e3-e4f0-5f66-9bc1-5537debb7fd7,GEO-C22-450006,2024-06-21,2025-06-21,Montreal Calibration,SYN-MC-24-001581,,270.00,Pass
6eeb1623-84d6-5d46-b22e-d089392cfeb4,DL-D10-300001,2024-06-21,2025-06-21,Montreal Calibration,SYN-MC-24-001582,,370.00,Pass
7f30da5d-7600-5aec-b44e-0eddfc39c70f,SLM-LD-5000000,2024-06-24,2025-06-24,Montreal Calibration,SYN-MC-24-001583,,355.00,Adjusted
840414ea-69a0-5b8a-ab14-8ea318e38f67,SLM-LD-PA-5000,2024-06-24,2025-06-24,Montreal Calibration,SYN-MC-24-001584,,390.00,Pass
877a14d4-438f-57e4-bdcb-e9469802baab,SLM-LD-EL-700000,2024-06-24,2025-06-24,Montreal Calibration,SYN-MC-24-001585,,385.00,Pass
2425f65d-6403-592b-bb09-c2a53f06ac2b,GEO-V12-400013,2024-06-27,2025-06-27,Montreal Calibration,SYN-MC-24-001586,,225.00,Pass
3eebefcd-bfb1-5a8d-8a0d-02b27c9861c4,DL-BE-30027,2024-06-27,2025-06-27,Montreal Calibration,SYN-MC-24-001587,,415.00,Pass
9d96151a-aa20-509a-b858-cdf3bcb5729c,GEO-SE-30001,2024-06-28,2025-06-28,Montreal Calibration,SYN-MC-24-001588,,255.00,Pass
39736138-ec90-5fc9-8965-341a6d6ee093,GEO-UM-40016,2024-07-01,2025-07-01,Montreal Calibration,SYN-MC-24-001589,,240.00,Pass
0f053cb6-30ba-5692-b1fd-33b94174426f,SLM-S50-500000,2024-07-02,2025-07-02,Montreal Calibration,SYN-MC-24-001590,,390.00,Pass
abccd93b-0105-5286-8b43-e19608f28514,DL-UM-40016,2024-07-03,2025-07-03,Montreal Calibration,SYN-MC-24-001591,,455.00,Pass
7444cc96-7b20-58a9-9083-2486bd3bbb55,DL-UM-40031,2024-07-11,2025-07-11,Montreal Calibration,SYN-MC-24-001592,,405.00,Pass
7dfa41bc-bff0-5f5b-9f39-7a3f6b3e62af,DL-BE-30036,2024-07-17,2025-07-17,Montreal Calibration,SYN-MC-24-001593,,360.00,Pass
3bbc119a-f15d-5101-b101-1bedc92fba70,GEO-UM-40031,2024-07-18,2025-07-18,Montreal Calibration,SYN-MC-24-001594,,265.00,Pass
a0200c07-1fcd-5d06-b169-16857543c31b,GEO-BG-30025,2024-07-22,2025-07-22,Montreal Calibration,SYN-MC-24-001595,,285.00,Adjusted
019d9cf3-57b0-5fee-aed7-591548c51429,GEO-C22-450005,2024-07-29,2025-07-29,Montreal Calibration,SYN-MC-24-001596,,295.00,Pass
dbe2a4a0-da69-553b-9e57-9ba2c9dc7c7f,GEO-BG-30021,2024-07-29,2025-07-29,Montreal Calibration,SYN-MC-24-001597,,285.00,Pass
ce0ce23b-f755-5b31-9f8e-91d1926e0851,VWR-E-2000000,2024-08-01,2026-08-01,Montreal Calibration,SYN-MC-24-001598,,220.00,Pass
60996d6a-63c0-50fa-a3d0-14f7cdebfb4e,DL-BE-30050,2024-08-06,2025-08-06,Montreal Calibration,SYN-MC-24-001599,,375.00,Pass
1fcb7607-3fef-59cb-bfad-f73c434c496e,GEO-SE-30000,2024-08-09,2025-08-09,Montreal Calibration,SYN-MC-24-001600,,255.00,Pass
64ff6cb5-568c-5ee6-bda4-bd6c28a91a94,DL-UM-40033,2024-08-12,2025-08-12,Montreal Calibration,SYN-MC-24-001601,,425.00,Pass
211bbd75-13bc-5e13-8217-fc761d832405,DL-UM-40024,2024-08-13,2025-08-13,Montreal Calibration,SYN-MC-24-001602,,380.00,Pass
c07958df-5517-5139-9e79-aa3318b11981,AQDS-900001,2024-08-19,2025-08-19,Montreal Calibration,SYN-MC-24-001603,,240.00,Pass
8bc1a309-2410-5152-983c-19c1b3741c55,GEO-UM-40024,2024-08-20,2025-08-20,Montreal Calibration,SYN-MC-24-001604,,245.00,Pass
78507dac-e087-5749-bd0c-299487af9be2,DL-BE-30035,2024-08-22,2025-08-22,Montreal Calibration,SYN-MC-24-001605,,385.00,Pass
ed6769fc-2713-5f31-957d-a490050758b9,SLM-S50-500007,2024-08-22,2025-08-22,Montreal Calibration,SYN-MC-24-001606,,385.00,Pass
e36f614c-4ae9-5035-a025-6167786c31ae,SLM-S50-500011,2024-08-26,2025-08-26,Montreal Calibration,SYN-MC-24-001607,,355.00,Pass
6119aa4b-23cf-5c72-806b-2d50fe86f52e,GEO-BG-30010,2024-09-02,2025-09-02,Montreal Calibration,SYN-MC-24-001608,,250.00,Pass
42a6d45f-886d-50ec-b2fb-09a5f8b4ecfd,TMP-5002,2024-09-04,2025-09-04,Montreal Calibration,SYN-MC-24-001609,,295.00,Pass
8b2f9a27-9759-55d3-aa0d-e344af19d214,SLM-LD-PA-5001,2024-09-04,2025-09-04,Montreal Calibration,SYN-MC-24-001610,,380.00,Pass
d8b78c42-fdf7-5149-8c15-f7ffb3754225,SLM-LD-EL-700001,2024-09-04,2025-09-04,Montreal Calibration,SYN-MC-24-001611,,345.00,Pass
67bd4c6d-ff55-5d59-ae9b-09b6a9858cab,DL-BE-30042,2024-09-05,2025-09-05,Montreal Calibration,SYN-MC-24-001612,,450.00,Adjusted
9dd5e294-0b04-56c8-85b3-4b411da0a3bc,TS-62000001,2024-09-05,2025-09-05,Montreal Calibration,SYN-MC-24-001613,,555.00,Pass
9680f4c0-1f1f-55f4-9748-f33a58c4428e,DL-BE-30054,2024-09-10,2025-09-10,Montreal Calibration,SYN-MC-24-001614,,365.00,Adjusted
d4bb9a94-8c59-5339-9b22-54cac1d2d953,GEO-UM-40032,2024-09-11,2025-09-11,Montreal Calibration,SYN-MC-24-001615,,295.00,Pass
1305d3ef-bd8a-5620-9bc4-613ca4c29f78,DL-BE-30039,2024-09-11,2025-09-11,Montreal Calibration,SYN-MC-24-001616,,450.00,Pass
a53a52ac-757a-5a83-98bf-8b3c6ad0bc45,SLM-S50-500014,2024-09-17,2025-09-17,Montreal Calibration,SYN-MC-24-001617,,310.00,Pass
08bfc49f-013e-5a08-b6d2-7b01bd393342,DL-BE-30057,2024-09-18,2025-09-18,Montreal Calibration,SYN-MC-24-001618,,400.00,Pass
b1c3d54d-4c86-56dd-9209-2293fd58f8a8,GEO-V12-400001,2024-09-22,2025-09-22,Montreal Calibration,SYN-MC-24-001619,,290.00,Pass
6e889865-1482-5dd4-9117-fba25abf0ed4,GEO-C22-450001,2024-10-04,2025-10-04,Montreal Calibration,SYN-MC-24-001620,,265.00,Pass
c4defdaf-45c8-5f16-8fcd-82abc604703f,GEO-UM-40025,2024-10-07,2025-10-07,Montreal Calibration,SYN-MC-24-001621,,280.00,Pass
2adbbdbf-9561-5fd1-b2ee-1c364daea88e,DL-UM-40020,2024-10-08,2025-10-08,Montreal Calibration,SYN-MC-24-001622,,410.00,Pass
994e719c-e90b-5b5f-a118-8e32bd4fdbe9,SLM-S50-500022,2024-10-08,2025-10-08,Montreal Calibration,SYN-MC-24-001623,,355.00,Adjusted
453dd581-5987-58d9-9236-55088a78cfde,DL-UM-40008,2024-10-09,2025-10-09,Montreal Calibration,SYN-MC-24-001624,,425.00,Pass
40937c3f-8407-5ddb-9671-477a13c5397c,DL-BE-30020,2024-10-11,2025-10-11,Montreal Calibration,SYN-MC-24-001625,,395.00,Pass
c383e316-ea97-5d31-bcb1-65d79fd02f73,GEO-UM-40022,2024-10-16,2025-10-16,Montreal Calibration,SYN-MC-24-001626,,285.00,Pass
51252e57-63da-5fb2-bd31-b730f6e3e618,MEMS-DP6000,2024-10-21,2026-10-21,Montreal Calibration,SYN-MC-24-001627,,205.00,Pass
38db3fdb-1abf-5d41-8e09-0cab63c04fd8,DL-UM-40039,2024-11-01,2025-11-01,,SYN-FACTORY-001628,,,Pass
05d499b4-5a73-532c-be65-bfc47174eaef,GEO-UM-40039,2024-11-01,2025-11-01,,SYN-FACTORY-001629,,,Pass
7f8e6ed5-338d-5ff1-a959-74aa4dc26155,DL-UM-40022,2024-11-11,2025-11-11,Montreal Calibration,SYN-MC-24-001630,,470.00,Pass
ca237aef-20b5-577c-a42e-bee6655675ee,DL-D10-350003,2024-11-11,2025-11-11,Montreal Calibration,SYN-MC-24-001631,,420.00,Pass
76f3932a-1b86-548d-864f-dc6055fed638,SB-600000,2024-11-12,2025-11-12,Montreal Calibration,SYN-MC-24-001632,,350.00,Pass
d369a586-9573-529f-a3be-f5edee66e89a,DL-BE-30019,2024-11-19,2025-11-19,Montreal Calibration,SYN-MC-24-001633,,415.00,Pass
b6d0b240-aff6-5830-8582-5ddfc9513692,GEO-BG-30027,2024-11-21,2025-11-21,Montreal Calibration,SYN-MC-24-001634,,255.00,Pass
226a2df7-69cf-5bf8-a980-6a8384c6c6cf,GEO-UM-40006,2024-11-22,2025-11-22,Montreal Calibration,SYN-MC-24-001635,,255.00,Adjusted
aa791339-f8bc-57cc-8287-955c8444b154,DL-UM-40006,2024-11-26,2025-11-26,Montreal Calibration,SYN-MC-24-001636,,420.00,Pass
53a1be63-ffb3-5ef4-be2d-75d289297d16,DL-BE-30000,2024-12-02,2025-12-02,Montreal Calibration,SYN-MC-24-001637,,480.00,Pass
286f87c1-98fd-53e1-8019-8193f93d8ce5,DL-BE-30060,2024-12-02,2025-12-02,Montreal Calibration,SYN-MC-24-001638,,385.00,Pass
ea26cf0c-a005-5c49-b903-4cef9fcadc0a,DL-BE-30021,2024-12-04,2025-12-04,Montreal Calibration,SYN-MC-24-001639,,395.00,Pass
ef097950-2803-5b90-89b4-3f84d1cd0588,DL-UM-40025,2024-12-10,2025-12-10,Montreal Calibration,SYN-MC-24-001640,,375.00,Pass
c32427bd-f0b1-5cd3-8444-4d5d206d2b02,GEO-BG-30007,2024-12-17,2025-12-17,Montreal Calibration,SYN-MC-24-001641,,260.00,Pass
2463eeba-526e-5048-88ae-2655eee93f82,DL-BE-30018,2024-12-19,2025-12-19,Montreal Calibration,SYN-MC-24-001642,,420.00,Pass
31ea7de0-6a87-54ac-a9b9-6bcebfabb481,GEO-UM-40002,2024-12-23,2025-12-23,Montreal Calibration,SYN-MC-24-001643,,285.00,Pass
e7f1b78b-8235-51a9-85b2-c5c8398d317f,SLM-S50-500015,2024-12-23,2025-12-23,Montreal Calibration,SYN-MC-24-001644,,325.00,Adjusted
cb9154ec-bc15-54d9-aa82-ce3461fe5a00,GEO-V12-400008,2024-12-25,2025-12-25,Montreal Calibration,SYN-MC-24-001645,,265.00,Pass
834cfa18-8798-55e6-9b6a-f5ee6c5e8140,GEO-V12-400006,2024-12-27,2025-12-27,Montreal Calibration,SYN-MC-24-001646,,245.00,Pass
8bd4f5c5-a911-5859-866c-ebd0aa39864e,DL-UM-40001,2024-12-30,2025-12-30,Montreal Calibration,SYN-MC-24-001647,,380.00,Pass
8f975628-8f5f-5f90-a1b6-1e57dfa4882e,GEO-C22-450000,2024-12-30,2025-12-30,Montreal Calibration,SYN-MC-24-001648,,235.00,Pass
51e69fee-d3a7-5075-99e9-77b84dfe196c,DL-D10-300006,2024-12-31,2025-12-31,Montreal Calibration,SYN-MC-24-001649,,400.00,Pass
e40047b2-b091-5cee-aa67-79ae2fe7e778,GEO-UM-40019,2025-01-04,2026-01-04,Montreal Calibration,SYN-MC-25-001650,,255.00,Pass
7a57b5ac-9ec6-5078-ada0-0dfd01a7c447,DL-UM-40027,2025-01-06,2026-01-06,Montreal Calibration,SYN-MC-25-001651,,430.00,Pass
37103740-5e72-5e4a-9ac7-f11f3ab003be,GEO-BG-30000,2025-01-06,2026-01-06,Montreal Calibration,SYN-MC-25-001652,,270.00,Pass
b9a2a2c9-ca45-5d37-be1a-3061a029e4b0,DL-UM-40009,2025-01-06,2026-01-06,Montreal Calibration,SYN-MC-25-001653,,425.00,Pass
5b2aa137-8585-5cf3-b21c-e5d2288bf1ca,DL-D10-300002,2025-01-07,2026-01-07,Montreal Calibration,SYN-MC-25-001654,,445.00,Pass
ea0c819e-84b8-53ed-b48b-5c53f70fbdd4,DL-BE-30037,2025-01-11,2026-01-11,Montreal Calibration,SYN-MC-25-001655,,370.00,Adjusted
b8e43ab8-34fe-5575-b435-fd076b5cdbbe,GEO-UM-40001,2025-01-13,2026-01-13,Montreal Calibration,SYN-MC-25-001656,,230.00,Pass
968c6252-0529-5f6a-8e10-5c330cead05c,DL-BE-30059,2025-01-15,2026-01-15,Montreal Calibration,SYN-MC-25-001657,,445.00,Pass
c03d9057-6cdb-5f0b-ac95-5f2c6e33f686,GEO-UM-40009,2025-01-15,2026-01-15,Montreal Calibration,SYN-MC-25-001658,,270.00,Pass
97f2da85-6f1d-5ef9-8c3c-c7bf714f7136,DL-UM-40031,2025-01-20,2026-01-20,Montreal Calibration,SYN-MC-25-001659,,425.00,Pass
f0f99a5d-45e2-5fe9-a481-bf41a82bed92,DL-BE-30002,2025-01-22,2026-01-22,Montreal Calibration,SYN-MC-25-001660,,480.00,Pass
7ddbab0d-5818-53fe-838a-ff02235ef2bd,AQDS-900000,2025-01-27,2026-01-27,Montreal Calibration,SYN-MC-25-001661,,245.00,Pass
433fac1a-e0b7-59e0-8f99-b19f6e6d66ad,DL-BE-30011,2025-01-28,2026-01-28,Montreal Calibration,SYN-MC-25-001662,,480.00,Pass
d13b57cd-2eff-5139-961a-02b6e28d24eb,DL-D10-350002,2025-01-29,2026-01-29,Montreal Calibration,SYN-MC-25-001663,,425.00,Pass
c252148a-97a0-51a7-abe2-5147afd467d6,GEO-V12-400015,2025-01-29,2026-01-29,Montreal Calibration,SYN-MC-25-001664,,250.00,Adjusted
768ea00e-bcb6-5f0f-86a7-8e8aa9977887,DL-UM-40032,2025-01-29,2026-01-29,Montreal Calibration,SYN-MC-25-001665,,395.00,Pass
56fa43e6-577f-55f6-a331-adf7fdf80f1b,SLM-S50-500002,2025-02-02,2026-02-02,Montreal Calibration,SYN-MC-25-001666,,385.00,Pass
a318fc33-5870-5acf-aeda-4e2891b08133,DL-BE-30017,2025-02-04,2026-02-04,Montreal Calibration,SYN-MC-25-001667,,450.00,Pass
8b8a7c92-7903-5c1b-8b2f-f88218e53561,GEO-UM-40021,2025-02-10,2024-10-13,Montreal Calibration,SYN-MC-25-001668,,270.00,Fail
83eb41f9-d376-50dc-827f-d1e38d653cf2,AC-5001,2025-02-11,2026-02-11,Montreal Calibration,SYN-MC-25-001669,,245.00,Pass
8de5b698-e58c-568b-8c60-31a60ae643f3,GEO-V12-400007,2025-02-12,2026-02-12,Montreal Calibration,SYN-MC-25-001670,,225.00,Pass
e62d2493-234e-5f1b-9c03-9ddf9b2e0094,GEO-C22-450008,2025-02-12,2026-02-12,Montreal Calibration,SYN-MC-25-001671,,255.00,Pass
e4e854b2-85b5-5eab-8778-6569f40da24e,DL-UM-40022,2025-02-14,2026-02-14,Montreal Calibration,SYN-MC-25-001672,,410.00,Pass
02f99be4-527a-5212-8063-1e3def47ead8,GEO-UM-40017,2025-02-17,2026-02-17,Montreal Calibration,SYN-MC-25-001673,,250.00,Adjusted
68d0092d-1ccf-5900-8eb8-615100b257f0,GEO-UM-40026,2025-02-21,2026-02-21,Montreal Calibration,SYN-MC-25-001674,,230.00,Adjusted
80d78e1b-4066-5dda-9aac-04365a10fe16,DL-D10-350006,2025-02-24,2026-02-24,,SYN-FACTORY-001675,,,Pass
0dc163aa-a5f8-510f-bad0-b8078fc611c6,SLM-S50-500003,2025-02-24,2026-02-24,Montreal Calibration,SYN-MC-25-001676,,340.00,Pass
5c5070c5-75a7-551c-9822-df70f11e91bb,GEO-V12-400016,2025-02-28,2026-02-28,,SYN-FACTORY-001677,,,Pass
a066870b-b540-5634-8d03-c37fcbace2fd,GEO-UM-40004,2025-03-11,2026-03-11,Montreal Calibration,SYN-MC-25-001678,,240.00,Pass
ce01db0a-aa0f-5518-8c8f-c2a546f5949a,DL-UM-40004,2025-03-24,2026-03-24,Montreal Calibration,SYN-MC-25-001679,,475.00,Pass
fe5ae393-da2b-592b-9377-8a907353b923,DL-BE-30058,2025-03-25,2026-03-25,Montreal Calibration,SYN-MC-25-001680,,475.00,Pass
e6b88145-1575-50a3-bace-146dfc43e1ee,SLM-S50-500024,2025-04-03,2026-04-03,,SYN-FACTORY-001681,,,Pass
ad9e7049-9a84-5119-9606-0f3ab68d7f26,SLM-S50-500021,2025-04-03,2026-04-03,Montreal Calibration,SYN-MC-25-001682,,330.00,Pass
cb4108e9-400c-5347-a465-a1b211223623,DL-BE-30023,2025-04-04,2026-04-04,Montreal Calibration,SYN-MC-25-001683,,370.00,Pass
81c57b53-3402-5044-a631-b03400f7b103,GEO-UM-40014,2025-04-06,2026-04-06,Montreal Calibration,SYN-MC-25-001684,,270.00,Pass
72e85c19-27dd-50e5-803c-2c7342e6a24f,GEO-V12-400005,2025-04-07,2026-04-07,Montreal Calibration,SYN-MC-25-001685,,285.00,Pass
8ce40305-00ac-5458-8ae3-bb5b95727f54,GEO-C22-450003,2025-04-07,2026-04-07,Montreal Calibration,SYN-MC-25-001686,,270.00,Adjusted
72fb804a-96b8-575e-9434-2a6bbb381797,DL-BE-30056,2025-04-08,2026-04-08,Montreal Calibration,SYN-MC-25-001687,,380.00,Pass
2c7a6d2d-05ef-52f6-b513-485afc6bfa09,SLM-S50-500020,2025-04-10,2026-04-10,Montreal Calibration,SYN-MC-25-001688,,315.00,Pass
b6cf84d2-03ca-59f9-b20a-cc1e7a3b2fa4,SLM-S50-500008,2025-04-14,2026-04-14,Montreal Calibration,SYN-MC-25-001689,,325.00,Pass
e1d4e116-5718-599f-9c04-bc9a88559f69,DL-BE-30020,2025-04-17,2026-04-17,Montreal Calibration,SYN-MC-25-001690,,440.00,Pass
2826ad4f-c602-5803-975a-b7b90844bfe6,DL-UM-40037,2025-04-23,2026-04-23,Montreal Calibration,SYN-MC-25-001691,,390.00,Pass
49b8b57e-ac70-5215-9e25-f170f23075d3,DL-BE-30048,2025-04-24,2026-04-24,Montreal Calibration,SYN-MC-25-001692,,420.00,Pass
4a2503de-dcfe-5df2-8a3a-31dc2d169778,GEO-BG-30033,2025-04-25,2026-04-25,Montreal Calibration,SYN-MC-25-001693,,270.00,Pass
df3c297b-e613-5056-8e2d-e297cb57a9e0,GEO-V12-400014,2025-04-29,2026-04-29,Montreal Calibration,SYN-MC-25-001694,,240.00,Adjusted
d240f34d-63ee-562d-bdf8-bd2a468db2bc,GEO-UM-40021,2025-04-30,2026-04-30,Montreal Calibration,SYN-MC-25-001695,,285.00,Pass
ddf2aafb-7f25-5f4b-a294-f20fb273f995,SLM-S50-500016,2025-04-30,2026-04-30,Montreal Calibration,SYN-MC-25-001696,,350.00,Pass
b3ccc255-e631-59cc-9311-1268674d9152,GEO-BG-30030,2025-05-02,2026-05-02,Montreal Calibration,SYN-MC-25-001697,,250.00,Pass
a4a6bda0-74b4-5096-a24a-54ddcb75df65,GEO-UM-40037,2025-05-05,2026-05-05,Montreal Calibration,SYN-MC-25-001698,,255.00,Pass
ff51f937-38db-5379-a412-a37567f6afe0,DL-UM-40002,2025-05-05,2026-05-05,Montreal Calibration,SYN-MC-25-001699,,360.00,Adjusted
7eb1a0d2-7456-5e9d-bc30-481d0ce66228,GEO-BG-30018,2025-05-07,2026-05-07,Montreal Calibration,SYN-MC-25-001700,,255.00,Pass
d14e6799-08fe-556a-b6ad-49683aa1796b,SLM-S50-500019,2025-05-07,2026-05-07,Montreal Calibration,SYN-MC-25-001701,,345.00,Pass
50c491be-f084-5924-9292-53ec307f50b9,SLM-LD-5000000,2025-05-12,2026-05-12,Montreal Calibration,SYN-MC-25-001702,,300.00,Pass
9edbcf4c-bbc6-573f-ac8b-69847e70551b,SLM-LD-PA-5000,2025-05-12,2026-05-12,Montreal Calibration,SYN-MC-25-001703,,310.00,Pass
1bb2fae2-9ae1-56d2-9e5a-0b00ffbb986c,SLM-LD-EL-700000,2025-05-12,2026-05-12,Montreal Calibration,SYN-MC-25-001704,,345.00,Pass
cbf91319-2f26-5a44-b828-41dda8472c28,GEO-BG-30024,2025-05-15,2026-05-15,Montreal Calibration,SYN-MC-25-001705,,260.00,Pass
71ecacf5-c944-58cb-89ab-17f5e6f1e608,DL-BE-30053,2025-05-16,2026-05-16,Montreal Calibration,SYN-MC-25-001706,,390.00,Pass
f83cc1da-c4eb-53e4-883f-314d24bf9f4b,DL-UM-40014,2025-05-18,2026-05-18,Montreal Calibration,SYN-MC-25-001707,,410.00,Pass
3506bd7f-68ee-5dee-aaa2-54aeeddc1019,GEO-BG-30026,2025-05-20,2026-05-20,Montreal Calibration,SYN-MC-25-001708,,265.00,Pass
9782c98c-6678-550b-85fa-70d6d55f83ad,DL-BE-30034,2025-05-25,2026-05-25,Montreal Calibration,SYN-MC-25-001709,,395.00,Pass
c4af2d75-51f9-54d2-8797-d56236da3349,SLM-S50-500000,2025-05-26,2026-05-26,Montreal Calibration,SYN-MC-25-001710,,320.00,Pass
55661786-24de-52b8-b0bb-75bd9f56a1f0,DL-D10-300000,2025-05-26,2026-05-26,Montreal Calibration,SYN-MC-25-001711,,430.00,Pass
f1887e3e-7a91-53fd-9e7c-40d67e2c5c5a,GEO-UM-40005,2025-05-26,2026-05-26,Montreal Calibration,SYN-MC-25-001712,,275.00,Adjusted
bd136b3a-c9e9-5816-aae3-eb5fd85f253e,GEO-C22-450006,2025-06-03,2026-06-03,Montreal Calibration,SYN-MC-25-001713,,295.00,Pass
a3ad75f1-3f05-53af-8bf0-41677eea70cb,DL-BE-30024,2025-06-04,2026-06-04,Montreal Calibration,SYN-MC-25-001714,,405.00,Pass
306c072c-b3c4-5eae-8df2-f4b9d82ab2a8,DL-BE-30044,2025-06-06,2026-06-06,Montreal Calibration,SYN-MC-25-001715,,480.00,Pass
c8a0a0ba-5438-5fe5-91e7-6b0da83142c3,GEO-V12-400017,2025-06-06,2026-06-06,,SYN-FACTORY-001716,,,Pass
5d9b3a5a-7480-5ad4-b802-a16d6e285821,GEO-SE-30001,2025-06-06,2026-06-06,Montreal Calibration,SYN-MC-25-001717,,245.00,Pass
0b1c46e6-403a-599a-89d8-7bd7fb2473ac,DL-BE-30010,2025-06-11,2026-06-11,Montreal Calibration,SYN-MC-25-001718,,385.00,Pass
8f3ed86f-a906-5202-86e8-2f2adecc222e,DL-D10-350001,2025-06-13,2026-06-13,Montreal Calibration,SYN-MC-25-001719,,445.00,Pass
d2b1c36d-4d92-582b-9bd4-0fead0b723e8,DL-BE-30007,2025-06-15,2026-06-15,Montreal Calibration,SYN-MC-25-001720,,470.00,Pass
2dc34f6a-0f04-5dcd-a434-0198626667dc,DL-UM-40003,2025-06-16,2026-06-16,Montreal Calibration,SYN-MC-25-001721,,415.00,Pass
563428bc-fa02-52ff-bbf4-a09c01928c82,GEO-BG-30017,2025-06-17,2026-06-17,Montreal Calibration,SYN-MC-25-001722,,295.00,Pass
69cec441-1af8-5096-afca-0fa5fa44ac4d,DL-D10-300005,2025-06-17,2026-06-17,Montreal Calibration,SYN-MC-25-001723,,435.00,Pass
5c68137c-df34-590d-82c3-48e036df2bc0,GEO-UM-40038,2025-06-20,2026-06-20,Montreal Calibration,SYN-MC-25-001724,,235.00,Pass
d6416699-b50b-5687-8a3d-dc7950c5c873,SLM-S50-500023,2025-06-23,2026-06-23,Montreal Calibration,SYN-MC-25-001725,,290.00,Pass
2ef0a9bb-9824-58c6-a861-0780cc3b1cc0,DL-BE-30033,2025-06-23,2026-06-23,Montreal Calibration,SYN-MC-25-001726,,400.00,Pass
d480156f-91f3-5949-ae87-2843a74ffb7b,GEO-C22-450005,2025-06-23,2026-06-23,Montreal Calibration,SYN-MC-25-001727,,245.00,Pass
d9008ac4-5565-5061-9e5a-71a222a0049e,GEO-V12-400003,2025-07-02,2026-07-02,Montreal Calibration,SYN-MC-25-001728,,265.00,Pass
5008656f-236e-50c1-93f4-a070e7493190,DL-UM-40030,2025-07-03,2026-07-03,Montreal Calibration,SYN-MC-25-001729,,445.00,Pass
cab3aeef-e20b-5e30-87be-7efe1b97030e,DL-UM-40038,2025-07-04,2026-07-04,Montreal Calibration,SYN-MC-25-001730,,440.00,Pass
d629345c-6833-58e0-beb8-bdc0fe95f6e4,GEO-V12-400011,2025-07-05,2026-07-05,Montreal Calibration,SYN-MC-25-001731,,260.00,Pass
6eb5facb-9258-53ec-8256-e52e2c11a940,DL-BE-30055,2025-07-07,2026-07-07,Montreal Calibration,SYN-MC-25-001732,,400.00,Pass
710d45eb-c142-5998-b4e3-03bfa4dc8207,SLM-S50-500007,2025-07-08,2026-07-08,Montreal Calibration,SYN-MC-25-001733,,370.00,Pass
3b41ac6e-1c22-592c-85dc-0f4b2e79e39c,TMP-5002,2025-07-10,2026-07-10,Montreal Calibration,SYN-MC-25-001734,,350.00,Pass
3ff410f1-c682-55d5-aecc-1f3eff57bced,SLM-LD-PA-5001,2025-07-10,2026-07-10,Montreal Calibration,SYN-MC-25-001735,,325.00,Pass
456ea356-e43e-5ba7-b166-df286d60a942,SLM-LD-EL-700001,2025-07-10,2026-07-10,Montreal Calibration,SYN-MC-25-001736,,300.00,Pass
4c1798c6-e21b-56c1-8f15-b6bc26727768,GEO-UM-40030,2025-07-14,2026-07-14,Montreal Calibration,SYN-MC-25-001737,,285.00,Pass
a46ba623-68ac-5b60-b25c-f173397009d3,SLM-UA-40001,2025-07-14,2026-07-14,Montreal Calibration,SYN-MC-25-001738,,355.00,Pass
925d1189-0057-515f-a9a7-8ed6f74a3b52,GEO-UM-40003,2025-07-17,2026-07-17,Montreal Calibration,SYN-MC-25-001739,,225.00,Pass
aa264b0e-9fb5-5746-a7d8-a13f6dfd58ba,TS-62000001,2025-07-18,2026-07-18,Montreal Calibration,SYN-MC-25-001740,,560.00,Pass
07cef7bb-2a33-5edc-8d2a-14b354e107fc,GEO-SE-30000,2025-07-21,2026-07-21,Montreal Calibration,SYN-MC-25-001741,,240.00,Pass
1b11805a-015e-570a-91f8-65ef4189344e,DL-UM-40012,2025-08-04,2026-08-04,Montreal Calibration,SYN-MC-25-001742,,440.00,Pass
1c986012-10e3-5938-82a3-ace803ef82b0,GEO-UM-40012,2025-08-08,2026-08-08,Montreal Calibration,SYN-MC-25-001743,,260.00,Pass
4ee67eba-5d82-5248-905b-798b28e23d98,SB-600000,2025-08-12,2026-08-12,Montreal Calibration,SYN-MC-25-001744,,355.00,Pass
ad11a18a-4c7f-5b2d-8834-e2d8a3b9407e,SLM-S50-500014,2025-08-14,2026-08-14,Montreal Calibration,SYN-MC-25-001745,,330.00,Pass
5b2d168c-d464-5e14-ad94-2591638afef8,AQDS-900001,2025-08-18,2026-08-18,Montreal Calibration,SYN-MC-25-001746,,230.00,Pass
db809437-cb3f-51f8-9afd-795d8d5c70ca,DL-BE-30048,2025-08-18,2026-08-18,Montreal Calibration,SYN-MC-25-001747,,475.00,Pass
1d46e5ba-e10c-5c40-a1f5-fc14d54bdfda,GEO-V12-400001,2025-08-25,2026-08-25,Montreal Calibration,SYN-MC-25-001748,,245.00,Pass
ad2c43ea-36ef-50b0-9b1b-dbeadb0c3b74,DL-D10-350007,2025-08-26,2026-08-26,,SYN-FACTORY-001749,,,Pass
55dfdf41-88b5-5a50-bc2d-03f509b2ea35,DL-UM-40018,2025-08-27,2026-08-27,Montreal Calibration,SYN-MC-25-001750,,440.00,Pass
91616f7a-2639-5fb3-ae68-8f25b2edf168,SLM-S50-500022,2025-08-28,2026-08-28,Montreal Calibration,SYN-MC-25-001751,,310.00,Pass
62620561-2f81-55b5-880a-60b112f6588e,GEO-UM-40023,2025-09-01,2026-09-01,Montreal Calibration,SYN-MC-25-001752,,235.00,Pass
88ada08e-d60a-5bf8-b796-93a8b27a8e7f,DL-BE-30036,2025-09-04,2026-09-04,Montreal Calibration,SYN-MC-25-001753,,375.00,Pass
6f3c40f6-350b-5a7f-ba01-ae277787caa5,GEO-UM-40018,2025-09-15,2024-02-06,Montreal Calibration,SYN-MC-25-001754,,255.00,Fail
444be864-abb4-5e3f-96e7-1841b7588c5e,GEO-V12-400004,2025-09-22,2026-09-22,Montreal Calibration,SYN-MC-25-001755,,295.00,Pass
be63f99f-73a3-5c2e-8264-c226c5b98c97,DL-BE-30038,2025-09-23,2026-09-23,Montreal Calibration,SYN-MC-25-001756,,405.00,Pass
8af3be5e-9d46-5686-bd7a-492b4fdc5e1d,DL-UM-40026,2025-10-02,2026-10-02,Montreal Calibration,SYN-MC-25-001757,,410.00,Pass
23c47fd1-a837-5769-8cfc-b2cfb6253254,DL-BE-30009,2025-10-07,2026-10-07,Montreal Calibration,SYN-MC-25-001758,,455.00,Pass
58488ca8-96fc-5f76-9ca7-aff88ff563d8,DL-UM-40020,2025-10-07,2025-10-08,Montreal Calibration,SYN-MC-25-001759,,415.00,Fail
e733ad43-21a4-5278-a3ec-54261d69c9d1,GEO-BG-30020,2025-10-10,2026-10-10,Montreal Calibration,SYN-MC-25-001760,,235.00,Pass
fb5bc4a2-b2d1-529a-8c45-9b8e7702581c,DL-UM-40036,2025-10-10,2026-10-10,Montreal Calibration,SYN-MC-25-001761,,480.00,Adjusted
2e08b449-7018-5d6f-b1f8-8e1d9bca25b2,GEO-UM-40036,2025-10-15,2026-10-15,Montreal Calibration,SYN-MC-25-001762,,240.00,Pass
627cd0c3-5bc5-54b3-a21f-d8ada0343524,GEO-BG-30006,2025-10-20,2026-10-20,Montreal Calibration,SYN-MC-25-001763,,300.00,Pass
fb721ae4-1a1a-5fbd-a435-8edab2134797,DL-BE-30016,2025-10-23,2026-10-23,Montreal Calibration,SYN-MC-25-001764,,420.00,Pass
86219ed3-23bf-58df-85ae-646e7113282a,DL-BE-30060,2025-10-28,2026-10-28,Montreal Calibration,SYN-MC-25-001765,,430.00,Pass
7f7a66a8-b4f1-53fc-8baa-90ce44f0d5cd,GEO-UM-40035,2025-11-10,2026-11-10,Montreal Calibration,SYN-MC-25-001766,,280.00,Pass
d82243a8-97d7-5880-9034-97ecde00048c,DL-UM-40029,2025-11-11,2026-11-11,Montreal Calibration,SYN-MC-25-001767,,415.00,Pass
9e2328d4-ba91-5dd9-8873-032ee4716b50,GEO-UM-40018,2025-11-19,2026-11-19,Montreal Calibration,SYN-MC-25-001768,,220.00,Pass
7863bd7f-2279-53b2-9e76-88f4057d021c,GEO-UM-40016,2025-11-19,2026-11-19,Montreal Calibration,SYN-MC-25-001769,,225.00,Pass
0af07556-cd07-59fa-8abb-d5c2f7a57964,TLT-800000,2025-11-21,2027-11-21,,SYN-FACTORY-001770,,,Pass
df4eff53-7603-5cc0-b7b2-4171ae690c14,DL-UM-40035,2025-11-23,2026-11-23,Montreal Calibration,SYN-MC-25-001771,,470.00,Pass
3cde7c48-a181-57ee-8ade-a6bc6c9bc159,DL-BE-30054,2025-11-25,2026-11-25,Montreal Calibration,SYN-MC-25-001772,,400.00,Pass
45a571d3-6196-5e52-8d1b-9c82312c038f,GEO-V12-400001,2025-11-27,2026-08-25,Montreal Calibration,SYN-MC-25-001773,,250.00,Fail
2029744f-94fa-5bea-9374-d486ee09868b,SLM-S50-500015,2025-11-27,2026-11-27,Montreal Calibration,SYN-MC-25-001774,,385.00,Pass
09b819e4-d2d6-55f0-8852-d415cb2baf3c,GEO-UM-40026,2025-12-01,2026-12-01,Montreal Calibration,SYN-MC-25-001775,,240.00,Pass
fd376630-d7d9-5660-8934-0daab92c7074,DL-UM-40016,2025-12-01,2026-12-01,Montreal Calibration,SYN-MC-25-001776,,410.00,Pass
29f026f7-395b-52e4-af17-b8971479b236,GEO-UM-40039,2025-12-16,2026-12-16,Montreal Calibration,SYN-MC-25-001777,,230.00,Pass
a25236ab-3a3d-5ff0-8ed7-b815767d9914,GEO-V12-400015,2025-12-22,2026-12-22,Montreal Calibration,SYN-MC-25-001778,,255.00,Pass
7f1917da-9880-5a7b-858a-fe648465cc85,SLM-S50-500003,2025-12-22,2026-12-22,Montreal Calibration,SYN-MC-25-001779,,365.00,Pass
a0a29efa-638e-5d00-92c6-60ef699aea45,GEO-C22-450008,2025-12-25,2026-12-25,Montreal Calibration,SYN-MC-25-001780,,290.00,Pass
c83736d2-4899-5362-9c46-b0a9df0fcbab,GEO-UM-40024,2025-12-26,2026-12-26,Montreal Calibration,SYN-MC-25-001781,,285.00,Adjusted
964c64ab-ff2e-57c8-9389-009b504e8d8c,DL-UM-40024,2025-12-30,2026-12-30,Montreal Calibration,SYN-MC-25-001782,,425.00,Pass
f82775cd-526a-5de9-9ff1-0d02938d1d63,DL-BE-30046,2026-01-05,2027-01-05,Montreal Calibration,SYN-MC-26-001783,,420.00,Pass
e2cda5c0-98d5-5f01-8cdd-8ea4dae05852,DL-BE-30027,2026-01-06,2027-01-06,Montreal Calibration,SYN-MC-26-001784,,415.00,Pass
d41bbe8b-dc6a-524b-8cf6-d5bf19a026bb,DL-UM-40025,2026-01-07,2027-01-07,Montreal Calibration,SYN-MC-26-001785,,485.00,Pass
fef17483-45e9-544f-b289-4fd8ae12263c,GEO-UM-40025,2026-01-07,2027-01-07,Montreal Calibration,SYN-MC-26-001786,,240.00,Pass
1c74f157-320c-566c-bedc-029c5ed52c99,GEO-UM-40002,2026-01-07,2027-01-07,Montreal Calibration,SYN-MC-26-001787,,240.00,Pass
46fa972e-1434-578c-816e-956589b71f12,DL-BE-30058,2026-01-08,2027-01-08,Montreal Calibration,SYN-MC-26-001788,,460.00,Pass
1f58a2cb-4458-50b0-956f-6ca65f89d458,GEO-UM-40017,2026-01-10,2027-01-10,Montreal Calibration,SYN-MC-26-001789,,240.00,Pass
13741614-e5f2-5fd8-aa61-d24ee0ec6eb0,AC-5001,2026-01-12,2027-01-12,Montreal Calibration,SYN-MC-26-001790,,240.00,Pass
b7fbb4c2-32b7-58de-b107-ff5fc4208b77,DL-BE-30002,2026-01-12,2027-01-12,Montreal Calibration,SYN-MC-26-001791,,365.00,Pass
725be382-be86-5d90-a8f1-8c486b863946,GEO-V12-400007,2026-01-12,2027-01-12,Montreal Calibration,SYN-MC-26-001792,,295.00,Pass
0ee05419-19c1-58bd-9033-92cb6d0bd747,GEO-V12-400001,2026-01-12,2027-01-12,Montreal Calibration,SYN-MC-26-001793,,265.00,Pass
03a8fe1f-7795-5d05-a321-5463fa1ce344,SLM-S50-500008,2026-01-14,2027-01-14,Montreal Calibration,SYN-MC-26-001794,,310.00,Pass
bfea92be-d71f-5500-a0e3-181e6c886256,GEO-BG-30000,2026-01-16,2027-01-16,Montreal Calibration,SYN-MC-26-001795,,280.00,Adjusted
98b1da41-b411-5d4b-81b7-2b0e04819c22,AC-5002,2026-01-21,2027-01-21,,SYN-FACTORY-001796,,,Pass
3e6f98ef-9aeb-5989-a48f-829f7b429d8c,DL-UM-40017,2026-01-21,2027-01-21,Montreal Calibration,SYN-MC-26-001797,,460.00,Pass
fcbe5320-c9a7-5d87-ba25-6fb422e77825,AQDS-900000,2026-01-27,2027-01-27,,SYN-FIELD-001798,,,Pass
64403c45-7c53-581c-be85-b5bba6a58223,GEO-BG-30010,2026-01-30,2027-01-30,Montreal Calibration,SYN-MC-26-001799,,265.00,Pass
25ff2f9d-6d95-56d7-9040-f0fa24105f87,SLM-S50-500012,2026-01-30,2027-01-30,Montreal Calibration,SYN-MC-26-001800,,370.00,Pass
e349038e-4f7b-5cf9-8c0f-514a084b229f,GEO-V12-400016,2026-02-11,2027-02-11,Montreal Calibration,SYN-MC-26-001801,,290.00,Pass
497334d9-4da7-5c95-a3ec-22ab5c92559e,GEO-BG-30018,2026-02-18,2026-05-07,Montreal Calibration,SYN-MC-26-001802,,265.00,Fail
18b6abf0-5cb3-586e-8a54-b6bb8cb37ed6,SLM-LD-5000000,2026-02-24,2027-02-24,Montreal Calibration,SYN-MC-26-001803,,390.00,Pass
02b7a797-4069-5ff9-8330-b8298cfdcc29,SLM-LD-PA-5000,2026-02-24,2027-02-24,Montreal Calibration,SYN-MC-26-001804,,330.00,Pass
179cb6c2-fed8-5d4d-9c30-9e5db77e1bd4,SLM-LD-EL-700000,2026-02-24,2027-02-24,Montreal Calibration,SYN-MC-26-001805,,360.00,Pass
553b597e-f130-5083-afef-6ac8cc46a42a,GEO-V12-400005,2026-02-25,2027-02-25,Montreal Calibration,SYN-MC-26-001806,,295.00,Pass
614a07a2-ac4d-5474-8e51-844b37a7b859,DL-UM-40015,2026-02-25,2027-02-25,Montreal Calibration,SYN-MC-26-001807,,410.00,Pass
32fbf097-b680-5128-8920-2b325d1f617d,GEO-UM-40004,2026-02-26,2027-02-26,Montreal Calibration,SYN-MC-26-001808,,300.00,Pass
9acc560d-c116-5b30-a82a-85e120d42781,GEO-BG-30026,2026-02-27,2027-02-27,Montreal Calibration,SYN-MC-26-001809,,260.00,Pass
0bc00af0-316d-5aa3-9a97-d6b996e754c2,GEO-BG-30024,2026-03-01,2027-03-01,Montreal Calibration,SYN-MC-26-001810,,235.00,Pass
eef02f7f-59b1-5bc2-b7e8-7ab038f6cd0f,DL-BE-30034,2026-03-04,2027-03-04,Montreal Calibration,SYN-MC-26-001811,,475.00,Pass
004010d0-fedd-56ad-a1be-53941045f332,GEO-UM-40015,2026-03-05,2024-05-26,Montreal Calibration,SYN-MC-26-001812,,235.00,Fail
7e14406b-f743-5003-a618-bf84a0157011,SLM-S50-500020,2026-03-09,2027-03-09,Montreal Calibration,SYN-MC-26-001813,,300.00,Pass
b412b81d-c880-5328-a446-07c7be5e9695,DL-UM-40013,2026-03-11,2027-03-11,Montreal Calibration,SYN-MC-26-001814,,415.00,Pass
344631bd-6e86-5fb2-9adb-622a94a772f7,DL-D10-350005,2026-03-12,2027-03-12,Montreal Calibration,SYN-MC-26-001815,,405.00,Pass
f91fa665-ea21-5130-973c-ff1428e9aa88,GEO-C22-450003,2026-03-17,2027-03-17,Montreal Calibration,SYN-MC-26-001816,,245.00,Pass
5a7ed4fa-43c3-5470-ae9c-a1b7de900048,DL-UM-40004,2026-03-20,2027-03-20,Montreal Calibration,SYN-MC-26-001817,,415.00,Pass
1a4b2b16-8404-56d1-ada6-244d14585145,GEO-UM-40006,2026-03-23,2027-03-23,Montreal Calibration,SYN-MC-26-001818,,230.00,Adjusted
6dafed27-ba66-5128-b765-2b422ab3435e,GEO-V12-400014,2026-03-23,2027-03-23,Montreal Calibration,SYN-MC-26-001819,,295.00,Pass
ebe08f28-ef92-5246-aa94-fc62562fe1e5,DL-D10-350002,2026-03-27,2027-03-27,Montreal Calibration,SYN-MC-26-001820,,445.00,Adjusted
77148922-7933-54b5-abd5-850e97c4d071,DL-BE-30039,2026-03-31,2027-03-31,Montreal Calibration,SYN-MC-26-001821,,365.00,Pass
5eb4d051-a37a-5058-a3f1-6cedb7efd696,GEO-V12-400006,2026-03-31,2027-03-31,Montreal Calibration,SYN-MC-26-001822,,280.00,Pass
432b9079-8c1e-5939-ba7a-9734bc495355,DL-UM-40040,2026-04-02,2027-04-02,,SYN-FACTORY-001823,,,Pass
7459dcd1-0e14-5cb6-bb44-0fd9b4b50e6c,GEO-UM-40040,2026-04-02,2027-04-02,,SYN-FACTORY-001824,,,Pass
710d81f2-ab87-5f49-9300-ae6f253a2f9e,DL-UM-40011,2026-04-06,2027-04-06,Montreal Calibration,SYN-MC-26-001825,,415.00,Pass
957d8ec4-afef-5c16-a0b7-68910a44e86f,DL-D10-350008,2026-04-07,2027-04-07,,SYN-FACTORY-001826,,,Pass
0ce88af4-bfe6-5fe9-b03c-3157467cfa78,DL-D10-300000,2026-04-13,2027-04-13,Montreal Calibration,SYN-MC-26-001827,,405.00,Pass
eba27892-e73a-54e9-9a8d-efc6caa255b7,GEO-BG-30025,2026-04-14,2027-04-14,Montreal Calibration,SYN-MC-26-001828,,280.00,Pass
55df37b8-bbfb-520b-b205-c8a31f4400a7,DL-UM-40012,2026-04-20,2027-04-20,Montreal Calibration,SYN-MC-26-001829,,360.00,Pass
ec8967b7-9eb7-5a10-b309-5e2d07fcdb86,SLM-S50-500000,2026-04-20,2027-04-20,Montreal Calibration,SYN-MC-26-001830,,325.00,Pass
2d6a181f-40f5-5c8e-b9d2-a3c68d3daf3a,DL-BE-30057,2026-04-21,2027-04-21,Montreal Calibration,SYN-MC-26-001831,,415.00,Pass
bec233ff-5782-51cf-b373-ad96d3f00649,DL-D10-300004,2026-04-23,2027-04-23,Montreal Calibration,SYN-MC-26-001832,,475.00,Pass
14826858-e990-59a4-ad55-e9d0871ae7ac,GEO-UM-40015,2026-04-24,2027-04-24,Montreal Calibration,SYN-MC-26-001833,,225.00,Pass
2f0bf8d8-a515-5468-a43e-c82121f073e6,DL-BE-30043,2026-04-27,2027-04-27,Montreal Calibration,SYN-MC-26-001834,,450.00,Pass
10455c53-182d-5eec-86db-040264d22d0d,SLM-S50-500024,2026-04-27,2027-04-27,Montreal Calibration,SYN-MC-26-001835,,290.00,Pass
5befc6a4-07bd-597c-9395-3c541d8a6da7,DL-BE-30044,2026-04-27,2027-04-27,Montreal Calibration,SYN-MC-26-001836,,370.00,Pass
32e2337b-85a7-586a-b6f6-4a2b6474a8a8,DL-D10-350003,2026-04-27,2027-04-27,Montreal Calibration,SYN-MC-26-001837,,365.00,Pass
8141fe0c-73e8-5852-9349-f235e05ae0bb,DL-BE-30024,2026-04-29,2027-04-29,Montreal Calibration,SYN-MC-26-001838,,360.00,Pass
b324e5e6-0f48-560b-8c83-d3830fe4d1db,SLM-S50-500016,2026-05-04,2027-05-04,Montreal Calibration,SYN-MC-26-001839,,365.00,Pass
feecff1c-b6af-59e6-b1b3-cb9d753184b1,SLM-S50-500021,2026-05-05,2027-05-05,Montreal Calibration,SYN-MC-26-001840,,325.00,Pass
d73bc453-1c5a-5234-ae24-4002f7b7bc91,GEO-V12-400017,2026-05-11,2027-05-11,Montreal Calibration,SYN-MC-26-001841,,270.00,Pass
52fb0e0d-1383-5625-87f9-da23a237ad1f,GEO-V12-400009,2026-05-11,2027-05-11,Montreal Calibration,SYN-MC-26-001842,,255.00,Pass
1d73c600-e024-5ab5-ab39-90d97e52c59f,VWR-50000,2026-05-12,2028-05-12,Montreal Calibration,SYN-MC-26-001843,,205.00,Pass
ae7610a2-fd14-5929-b554-40ab07fbd646,GEO-C22-450006,2026-05-18,2027-05-18,Montreal Calibration,SYN-MC-26-001844,,255.00,Pass
ab4c1914-39b4-524b-b342-707aefe189cb,GEO-SE-30001,2026-05-18,2027-05-18,Montreal Calibration,SYN-MC-26-001845,,290.00,Pass
00bc5d5f-e2e2-5d2a-be10-0c9dd3908632,GEO-BG-30033,2026-05-20,2027-05-20,Montreal Calibration,SYN-MC-26-001846,,280.00,Pass
c5f8f269-c294-5fb2-b2e0-442e5edc4467,DL-BE-30041,2026-05-25,2027-05-25,Montreal Calibration,SYN-MC-26-001847,,475.00,Pass
1450e7d7-9b1a-5747-a867-c8e92a9d33d7,TMP-5002,2026-05-26,2027-05-26,Montreal Calibration,SYN-MC-26-001848,,385.00,Pass
68b1f315-a54a-5ac3-bea8-6da879fb3092,SLM-LD-PA-5001,2026-05-26,2027-05-26,Montreal Calibration,SYN-MC-26-001849,,325.00,Pass
844e981d-9fbc-559b-863c-f51e69ccb010,SLM-LD-EL-700001,2026-05-26,2027-05-26,Montreal Calibration,SYN-MC-26-001850,,330.00,Pass
96b6d14f-971e-59f5-80fb-06046c398552,SLM-S50-500014,2026-05-26,2027-05-26,Montreal Calibration,SYN-MC-26-001851,,300.00,Pass
ba3f06db-c293-5f87-8025-46f21e65192b,GEO-BG-30030,2026-05-26,2027-05-26,Montreal Calibration,SYN-MC-26-001852,,265.00,Pass
592b4c78-ec41-5c1a-8c4b-d3153283090d,DL-BE-30053,2026-06-01,2027-06-01,Montreal Calibration,SYN-MC-26-001853,,445.00,Pass
0f975447-b557-5b71-85b9-5baffbb11a70,DL-D10-300003,2026-06-01,2027-06-01,Montreal Calibration,SYN-MC-26-001854,,410.00,Adjusted
7126e5c4-8c39-5b28-b68c-28acadddbd2a,SLM-S50-500023,2026-06-03,2026-06-23,Montreal Calibration,SYN-MC-26-001855,,305.00,Fail
57432508-c921-565a-8567-2dcc0d299a05,VWR-E-2000000,2026-06-04,2028-06-04,Montreal Calibration,SYN-MC-26-001856,,190.00,Pass
4df03835-1bc3-57b5-9aac-6bb917347691,DL-UM-40001,2026-06-05,2027-06-05,Montreal Calibration,SYN-MC-26-001857,,400.00,Pass
bc37b052-1c9b-5f78-9618-3aa1c9be57ac,DL-BE-30017,2026-06-08,2027-06-08,Montreal Calibration,SYN-MC-26-001858,,410.00,Pass
aedc5037-5afa-5275-801c-e8bc226746b3,GEO-C22-450007,2026-06-08,2027-06-08,Montreal Calibration,SYN-MC-26-001859,,265.00,Pass
d3398df6-8d50-5714-89ff-a2c626b3c04d,GEO-V12-400003,2026-06-08,2027-06-08,Montreal Calibration,SYN-MC-26-001860,,275.00,Pass
a8d94f13-0531-5b1c-9a6e-dd9cf242ae2c,GEO-BG-30018,2026-06-10,2027-06-10,Montreal Calibration,SYN-MC-26-001861,,295.00,Pass
e30eb1e2-203a-5c33-b6be-dcd70a06bd71,SLM-S50-500007,2026-06-16,2027-06-16,Montreal Calibration,SYN-MC-26-001862,,375.00,Pass
1bc142e2-ca07-51ab-9f7f-58092ea09be6,GEO-V12-400011,2026-06-18,2027-06-18,Montreal Calibration,SYN-MC-26-001863,,270.00,Pass
e65553fb-a701-50f0-b443-a5237e2b5d80,SLM-S50-500022,2026-06-29,2027-06-29,Montreal Calibration,SYN-MC-26-001864,,345.00,Pass
c64b946f-858d-5051-8e6d-db8f591da231,DL-BE-30021,2026-07-07,2027-07-07,Montreal Calibration,SYN-MC-26-001865,,420.00,Pass
050733c0-cc13-518f-a007-2a5c7a913b24,GEO-UM-40010,2026-07-14,2027-07-14,Montreal Calibration,SYN-MC-26-001866,,230.00,Pass
1deed763-8a0f-5c48-9aac-3f0e2971afc6,GEO-SE-30000,2026-07-20,2027-07-20,Montreal Calibration,SYN-MC-26-001867,,245.00,Pass
c178a0e7-e49e-5294-a647-1bd3bc1771f1,DL-BE-30061,2026-07-27,2027-07-27,Montreal Calibration,SYN-MC-26-001868,,385.00,Pass
ec89c0d2-c859-5a86-8f70-ec5dad6891b6,GEO-UM-40023,2026-08-07,2027-08-07,Montreal Calibration,SYN-MC-26-001869,,280.00,Pass
fa672687-ebed-5895-8af3-268ce5d106d8,GEO-BG-30031,2026-08-10,2027-08-10,Montreal Calibration,SYN-MC-26-001870,,230.00,Pass
41164db5-7955-58b7-8dd2-166041403614,GEO-BG-30013,2026-08-13,2027-08-13,Montreal Calibration,SYN-MC-26-001871,,300.00,Pass
52071c31-7cd3-5e73-a991-29d416e33e74,GEO-C22-450001,2026-08-19,2027-08-19,Montreal Calibration,SYN-MC-26-001872,,245.00,Pass
3d334357-9a75-56c3-970f-ff95f13a2614,GEO-V12-400008,2026-08-20,2027-08-20,Montreal Calibration,SYN-MC-26-001873,,295.00,Pass
081f7ddc-9a60-57f2-b298-190c891fd07a,GEO-UM-40038,2026-08-21,2027-08-21,Montreal Calibration,SYN-MC-26-001874,,275.00,Pass
fd86e8b1-b4c3-5422-bd89-fc996b47592a,GEO-C22-450000,2026-08-24,2027-08-24,Montreal Calibration,SYN-MC-26-001875,,275.00,Pass
c92a5f1f-edce-5d63-9612-bcd655678bae,DL-UM-40034,2026-08-24,2027-08-24,Montreal Calibration,SYN-MC-26-001876,,425.00,Pass
bd2fbb7d-6658-59ae-a2be-c675eafa428b,GEO-UM-40034,2026-08-24,2027-08-24,Montreal Calibration,SYN-MC-26-001877,,270.00,Pass
