InstallationComponentId,InstallationId,AssetId,KitRole,Orientation,Start,End,OpenedByLine,ClosedByLine
f5a43964-74f5-509e-9e92-da36b1a24709,042fb177-a7ad-5aae-8c13-61837e9e6971,DL-BE-30000,Primary,,2006-10-17T17:03:53Z,2006-11-29T21:43:46Z,2b3d070d-ed84-582e-a5bb-8ed74a6b1d9f,9ada6d94-a722-597f-a3d2-1e8b3b0d19ab
59257883-863b-5514-9926-97a9499ad5a8,f5383f2d-dc54-5fea-a75d-82b735add85f,DL-BE-30001,Primary,,2006-12-18T19:39:14Z,2007-11-06T21:51:37Z,89ea3f17-1d77-577c-b8b5-bee259189de3,c3de1cd5-7c09-5370-8aca-1088cfef12ca
70af7001-2f01-5e1b-822e-7ae04389ebfb,f5383f2d-dc54-5fea-a75d-82b735add85f,GEO-BG-30000,Sensor1,V,2006-12-18T19:39:14Z,2007-11-06T21:51:37Z,89ea3f17-1d77-577c-b8b5-bee259189de3,c3de1cd5-7c09-5370-8aca-1088cfef12ca
7b360bed-827d-5dfb-b16f-88d00aa9e5bf,e8d0e2d8-ec36-506c-9167-a725334f461d,DL-BE-30000,Primary,,2006-12-20T17:29:37Z,2007-04-05T21:50:08Z,c2ab1710-57bd-5c4d-89ca-1d9e477fa184,77a7ada3-3e85-5efa-8ee2-7f1f07d92423
592d350d-a07b-5992-ad84-245fa7c7da35,6b67bef7-105d-5a9e-b767-feaa683d21fc,DL-BE-30002,Primary,,2007-02-05T19:46:12Z,2007-03-19T19:04:26Z,46b690fe-e55e-54c3-9bb6-cb6c51fee1ff,e84df870-ff51-58dc-8436-2f4408df9dc7
2e5024b8-45c6-5271-abfb-ca298444316c,443d91f3-935f-5824-b952-80f99420c79a,DL-BE-30003,Primary,,2007-02-21T13:12:06Z,2007-03-15T15:54:28Z,8fa92db2-b9a1-5948-8098-f1b17b0bc9cc,5c4318f0-4e32-54cd-8b97-4eb730ebb2d2
c0bb7859-5043-5624-b92b-54544920144f,3736b18f-1990-5452-b496-a9af20f59b50,TMP-5001,Primary,,2007-03-29T18:50:29Z,2007-06-02T12:33:22Z,39909a5f-fa87-56c2-a842-a37e5f50474d,a0e49673-acc1-5ead-93b4-4d3d55306abb
7d685eee-e3ec-5997-adf0-2e4023cf2f4c,ebfc0b4c-bed9-5e95-8f38-ecb94d68a630,DL-BE-30005,Primary,,2007-04-16T13:10:14Z,2007-07-08T22:08:26Z,911446f3-32a2-5f25-9531-71fb28e363e4,80ddca84-e645-5316-a3fd-e5924db3a679
dc10e640-970d-5967-a10d-f0297b3d2214,cf5b640f-24c2-58ac-b616-6b30a905b339,DL-BE-30006,Primary,,2007-04-16T16:22:44Z,2007-05-18T20:24:34Z,97f60024-c2c2-5755-a157-90abe8cf75ee,3c739185-c3f8-5b3f-92ad-df2996d5cded
f22d255a-f2e9-5ca0-8701-4779f5126991,d7db1610-2fe1-5e71-8790-c4381bd56126,DL-BE-30003,Primary,,2007-04-30T13:28:25Z,2007-05-29T21:07:33Z,ab00603c-2928-57e2-96ee-4f6f9ec58634,cbeb9032-386e-5143-8661-9efb775106d1
be24b6bd-b102-522f-ad2d-d770bd90b1a2,d7db1610-2fe1-5e71-8790-c4381bd56126,GEO-BG-30002,Sensor1,V,2007-04-30T13:28:25Z,2007-05-29T21:07:33Z,ab00603c-2928-57e2-96ee-4f6f9ec58634,cbeb9032-386e-5143-8661-9efb775106d1
d09cd027-f4be-59fb-80cf-f86c0d3a9889,959a6780-18a0-53d0-b868-88c4acb79ce1,DL-BE-30000,Primary,,2007-05-07T12:18:52Z,2007-05-31T20:56:57Z,d4b36946-e4b9-52af-8ed1-6964287f24fb,1f87da16-345a-5a6e-b800-808363fea8c9
ddd5269a-5a00-56ab-9e30-5743c43d4b04,959a6780-18a0-53d0-b868-88c4acb79ce1,GEO-BG-30001,Sensor1,N,2007-05-07T12:18:52Z,2007-05-31T20:56:57Z,d4b36946-e4b9-52af-8ed1-6964287f24fb,1f87da16-345a-5a6e-b800-808363fea8c9
54ebffec-37ef-5942-95db-62212997a9c1,656d6ca0-2490-5905-8e9c-07f44588dc47,DL-BE-30003,Primary,,2007-06-04T13:39:30Z,2007-07-03T17:30:03Z,9e728348-afaf-5ed7-82ba-d52d7ad517f6,2b441d48-5bb4-5a46-b386-738273794fd6
812fbbd8-15c9-5109-9aad-3e171b1d12cb,656d6ca0-2490-5905-8e9c-07f44588dc47,GEO-BG-30002,Sensor1,S,2007-06-04T13:39:30Z,2007-06-12T17:52:34Z,9e728348-afaf-5ed7-82ba-d52d7ad517f6,55405ddd-4ad8-53f5-9f4b-ba1ed4451364
06f11bc3-6498-569d-b07f-ff665f40aeff,21ad982b-eaa0-552c-a915-5c53ba03b853,DL-BE-30002,Primary,,2007-06-15T14:45:48Z,2007-08-27T19:03:59Z,1d40ad0c-e0ae-5074-878d-e755b89b784a,7fc40785-2b8a-57e5-b5b0-f1772c5eb333
cd35d553-7b9b-5b75-bde0-9e27dd81e3f1,95facf17-12ff-5a19-98a7-fe43e5e1e903,DL-BE-30007,Primary,,2007-06-18T14:59:24Z,2007-12-21T18:45:25Z,30a00536-e333-57e9-919d-0e802d3ee3ef,21af8954-7818-5b5e-b277-f64b770f4a31
84403860-395b-5198-968c-a798b1fd1a9f,7a90044a-1937-50a7-bdc8-94745c12835f,TMP-5001,Primary,,2007-07-04T18:49:13Z,2007-07-23T18:34:48Z,594d9ae3-ae18-5091-bce9-ed71f9bbdfe8,b86970dc-6cfd-5fb7-9d3d-107b4da2253f
083dc768-88ea-5b45-bc5d-fabd4f76b69b,d35f6321-8aa3-5a43-a12e-f29cf14132c3,DL-BE-30006,Primary,,2007-07-20T16:13:45Z,2007-08-07T18:26:31Z,cac883ec-81e9-5fa3-8c07-5f14298f4cd1,60e61a92-5485-5528-8b06-8d88da0e37c8
dc96e312-d77d-5ebc-89c0-d8b47c92613a,cb74f73e-1028-54fe-beb4-6699ec03c0dc,DL-BE-30008,Primary,,2007-08-01T13:37:24Z,2007-09-18T20:46:46Z,23a0ca88-92d3-5e57-96c4-0306ddc2b4e6,316bf31c-d366-56d3-9c24-9dfec08f5dc0
f34da8aa-0e29-5624-8b72-ca8ba13f4fc2,90f8e0e8-b261-5f9d-9a8c-e8ea18c2ffb7,TMP-5001,Primary,,2007-08-06T12:26:33Z,2008-03-28T17:31:32Z,7c6aebda-26c5-579d-becc-e85254380607,b55ae973-ce43-56db-963f-79cf7551993e
a788db0a-83b5-51bb-90d3-a83f6681aa64,0fedc84e-7189-5753-9728-f6a01638da15,DL-BE-30000,Primary,,2007-08-07T19:53:06Z,2007-10-14T19:51:06Z,87b3bb00-87a6-5018-939e-99456a643317,59ba4482-91b9-5d8c-bf9e-a9c8d28ea3a7
009170b8-d0a3-51da-8375-7cbd9c9f94bf,0fedc84e-7189-5753-9728-f6a01638da15,GEO-BG-30001,Sensor1,BH,2007-08-07T19:53:06Z,2007-10-14T19:51:06Z,87b3bb00-87a6-5018-939e-99456a643317,59ba4482-91b9-5d8c-bf9e-a9c8d28ea3a7
43c919fa-7676-505b-b6e0-e38b2bb31fd0,f1e68e2a-d0d2-5a46-8cf4-3d06ebdfc96a,DL-BE-30003,Primary,,2007-08-07T19:26:41Z,2008-01-25T19:04:35Z,976e6a7a-9d73-5c16-ad8d-585c7267b19d,eaa4a35d-6e92-5aaa-ad7c-e61c15b0f7df
5ed91a74-4b72-5e13-a041-9b7172259f66,f1e68e2a-d0d2-5a46-8cf4-3d06ebdfc96a,GEO-BG-30002,Sensor1,S,2007-08-07T19:26:41Z,2008-01-25T19:04:35Z,976e6a7a-9d73-5c16-ad8d-585c7267b19d,eaa4a35d-6e92-5aaa-ad7c-e61c15b0f7df
7c2bd077-c796-5729-8ab1-3050a0f088af,9972895f-d5b5-59e3-889e-34acab1d1ca1,DL-BE-30009,Primary,,2007-08-30T15:28:12Z,2007-10-04T17:56:44Z,1da4c7b3-ca11-5461-a8f4-91eb696644b2,73c07b42-127d-5100-a6c0-f4d4e2c11854
818920af-2c20-5e3e-ab14-9789cb8d10a1,e6a11080-f98a-5c90-9d4b-6b804270600f,DL-BE-30006,Primary,,2007-09-11T19:46:26Z,2007-10-09T19:09:06Z,963a719a-35e9-5456-9a4a-781399ed66c2,d4400e57-99ac-58f0-bf45-15da4eea6b52
c82034bb-4ddc-5a6a-8472-826632f98307,e6a11080-f98a-5c90-9d4b-6b804270600f,GEO-BG-30004,Sensor1,S,2007-09-11T19:46:26Z,2007-10-09T19:09:06Z,963a719a-35e9-5456-9a4a-781399ed66c2,d4400e57-99ac-58f0-bf45-15da4eea6b52
c062f523-54de-540d-84a1-af30ae87299d,7697f249-f588-581c-917c-69ad8374bfc8,DL-BE-30006,Primary,,2007-10-18T16:49:17Z,2007-12-31T22:29:20Z,a7b61388-da4f-51d2-b412-b04995a9167c,fe41d4f8-15b8-5c2c-b72f-7680bcd5fd66
afd2765e-5194-5ef7-8b1d-799bf23addca,7697f249-f588-581c-917c-69ad8374bfc8,GEO-BG-30004,Sensor1,H,2007-10-18T16:49:17Z,2007-12-31T22:29:20Z,a7b61388-da4f-51d2-b412-b04995a9167c,fe41d4f8-15b8-5c2c-b72f-7680bcd5fd66
f4c8ab68-8f9f-5e04-a362-da05b7d284e2,418b4bf5-2c6b-5eed-8f03-9252ae6a8869,DL-BE-30000,Primary,,2007-10-22T17:26:09Z,2008-03-03T18:25:42Z,6c259b6a-66ef-50b6-881d-f9b4b8e1df92,e68c2817-72a8-5040-8964-57ca67d49c9e
70556032-3f8f-5af9-a375-106f1eaf5f26,418b4bf5-2c6b-5eed-8f03-9252ae6a8869,GEO-BG-30001,Sensor1,S,2007-10-22T17:26:09Z,2008-03-03T18:25:42Z,6c259b6a-66ef-50b6-881d-f9b4b8e1df92,e68c2817-72a8-5040-8964-57ca67d49c9e
6727393f-1455-524f-a2ff-77a46f540941,03d6435d-e873-59c2-95ba-0000dffe3473,DL-BE-30008,Primary,,2007-11-05T13:12:03Z,2008-04-14T21:55:33Z,29f27c5f-a33a-5268-a66d-0806ab1cb729,8dbbb2e8-8665-55b6-b69b-18d9e91e691b
29c96242-e8fb-5fdf-a565-a4c4ffbaa96a,2f3b52b9-3db8-5df1-b621-492b43184d82,DL-BE-30009,Primary,,2007-11-26T20:21:23Z,2008-01-15T20:10:23Z,b0a60393-2a9c-58b6-9a77-6ed3f2b778d1,5a282559-d39a-5a2c-af47-49bb8cc3fc66
019e5ef2-e85f-5b37-9bcc-a62c6b4709fc,9bf9b878-62d4-57c4-a650-d14326a9ec6c,DL-BE-30007,Primary,,2008-01-02T13:36:42Z,2008-09-19T18:48:17Z,8f675743-2f02-542b-9811-c014772df321,31f34ae1-c7db-5454-8676-0eb6bea24e99
93444826-f56c-5c3f-b51e-ecb2d1c97f13,9bf9b878-62d4-57c4-a650-d14326a9ec6c,GEO-BG-30005,Sensor1,H,2008-01-02T13:36:42Z,2008-09-19T18:48:17Z,8f675743-2f02-542b-9811-c014772df321,31f34ae1-c7db-5454-8676-0eb6bea24e99
d25a0b1f-d72f-508b-9e6c-15b5067d773f,d986a16e-6958-528d-8cea-03b8882e15e8,DL-BE-30006,Primary,,2008-01-24T15:47:55Z,2008-02-12T18:46:11Z,6d2d1429-c1e8-590c-8a7b-c4d30197611a,916a028a-ef2e-5ee6-b4c2-f240d1a47866
5cb0f06a-784b-5691-96b3-a6ad4028f72e,d986a16e-6958-528d-8cea-03b8882e15e8,GEO-BG-30004,Sensor1,E,2008-01-24T15:47:55Z,2008-02-12T18:46:11Z,6d2d1429-c1e8-590c-8a7b-c4d30197611a,916a028a-ef2e-5ee6-b4c2-f240d1a47866
eeb9358e-25c2-5b05-9697-8ada6b3a9eb8,d41b3755-3df7-5ea0-888f-b98f2822aa4f,DL-BE-30009,Primary,,2008-02-09T15:19:44Z,2008-03-07T19:39:19Z,2d6c30eb-c2e8-5711-b604-71af6dab4624,177325d8-8e08-5527-95f4-b016da91d754
5bf63074-9f3c-5780-8944-b2354e71c3f5,fa772cec-faa3-549d-a101-0b018815d962,DL-BE-30001,Primary,,2008-02-19T20:13:02Z,2008-06-12T17:42:50Z,8c337684-0269-5aab-89c0-dda723558ea1,5ece4087-c0ba-5b93-a07d-23f33bf1394f
ed433796-3252-5195-b347-87137527e7ea,fa772cec-faa3-549d-a101-0b018815d962,GEO-BG-30000,Sensor1,E,2008-02-19T20:13:02Z,2008-06-12T17:42:50Z,8c337684-0269-5aab-89c0-dda723558ea1,5ece4087-c0ba-5b93-a07d-23f33bf1394f
9bed8127-4964-5362-ad15-38f85034ef2c,f78bb510-4ff3-56fb-b951-94ffd5c2721e,DL-BE-30006,Primary,,2008-03-03T22:52:12Z,2008-07-07T20:14:13Z,59aec6ee-af0c-5921-9c07-86382f6e77c7,80bef9fc-65e2-5e20-a02c-e6e5cae80279
724f7304-56ba-515c-ab0b-85d730e7fea9,f78bb510-4ff3-56fb-b951-94ffd5c2721e,GEO-BG-30004,Sensor1,V,2008-03-03T22:52:12Z,2008-07-07T20:14:13Z,59aec6ee-af0c-5921-9c07-86382f6e77c7,80bef9fc-65e2-5e20-a02c-e6e5cae80279
2c413a40-0f34-5b87-9ff0-f38cb3bfec2b,9df694d9-d4e0-52ee-9a2c-882b248736c9,DL-BE-30002,Primary,,2008-03-04T16:34:20Z,2008-03-17T19:49:32Z,86da3e4f-8db7-54d3-b969-45bb103507bc,8b89e61c-3d8f-5faa-99c4-d6912b66b0ee
431855ef-3d18-58bf-9572-e5224160cf89,9df694d9-d4e0-52ee-9a2c-882b248736c9,GEO-BG-30003,Sensor1,W,2008-03-04T16:34:20Z,2008-03-17T19:49:32Z,86da3e4f-8db7-54d3-b969-45bb103507bc,8b89e61c-3d8f-5faa-99c4-d6912b66b0ee
7a50d51c-9c31-575a-8535-67a25789167a,bf80bdca-d60a-57e2-bdf8-24396049658b,DL-BE-30000,Primary,,2008-03-13T20:29:38Z,2008-08-18T18:31:05Z,5568a476-3e19-5f57-9c0f-aeeb9cbff562,acd5d57b-8cbc-58f0-b1c6-5e03e5bd54fa
40e7d854-6496-5b69-adde-454e462b4c1c,bf80bdca-d60a-57e2-bdf8-24396049658b,GEO-BG-30001,Sensor1,W,2008-03-13T20:29:38Z,2008-08-18T18:31:05Z,5568a476-3e19-5f57-9c0f-aeeb9cbff562,acd5d57b-8cbc-58f0-b1c6-5e03e5bd54fa
076f342d-302c-5420-9a4d-8d6c4da79da2,c84a37b8-f1c7-57a6-8e06-479e6d8f6053,DL-BE-30003,Primary,,2008-03-21T20:52:52Z,2008-08-18T21:41:15Z,59df6606-de0f-503a-a0ef-087a5f0d8d5f,f7f46b2c-a8e0-5e75-814e-3a7cf6a71076
68bcb06a-2796-51f0-a9fd-af7f5eca81a6,c84a37b8-f1c7-57a6-8e06-479e6d8f6053,GEO-BG-30002,Sensor1,V,2008-03-21T20:52:52Z,2008-08-18T21:41:15Z,59df6606-de0f-503a-a0ef-087a5f0d8d5f,f7f46b2c-a8e0-5e75-814e-3a7cf6a71076
d9fb2e04-5400-5a1b-8e57-44d126a141a6,d7e7f558-acb9-54ba-9045-c480f65ff35e,DL-BE-30005,Primary,,2008-03-27T18:46:40Z,2008-04-08T17:05:05Z,b570a321-4615-5988-8636-f61a8cd95c20,92610a29-b60d-5c70-a235-18d4359584d3
ae1baf46-4061-579e-9ed3-bf4b1b9d5f0b,bc0e2a5a-676a-5f2a-9ebe-c44c6966a695,DL-BE-30009,Primary,,2008-04-06T17:33:38Z,2008-10-13T17:42:02Z,41966520-8a06-506f-8a47-332734a77b14,5acb16a0-1d3c-5e45-8011-2931440680dc
74423332-932a-59b5-8390-1084c343c1ae,213c307a-8d31-5ebf-a7ea-ee0ee235c8c7,DL-BE-30010,Primary,,2008-04-17T15:26:43Z,2008-09-15T19:58:12Z,2d095f4e-16a4-5a37-ae27-0d82a3940b45,d9ddf2c2-c684-53e0-9f25-2795e6b37e72
8fa83b70-47f2-5a08-acbe-e78a28768afe,3f6bbc5d-670a-59ab-80c9-a83a24cc146c,DL-BE-30008,Primary,,2008-04-23T19:28:04Z,2008-05-05T20:29:32Z,1bef14db-10b8-5d03-b844-4a4379e38e16,c67f2950-d29c-55b0-a967-89520d121428
6e1e39a5-e875-5a3e-8477-18986948eb7f,dcb77c61-dcca-5e8d-9611-0a2b348efa87,TMP-5001,Primary,,2008-04-25T19:56:39Z,2009-08-24T18:13:11Z,8ef204e6-fd8c-5e8c-a5a5-e800aacb8ff4,97a7db9c-0cc8-58fb-b164-839f8424360f
03fb917e-7416-51c3-93eb-d87635b458e1,dcb77c61-dcca-5e8d-9611-0a2b348efa87,GEO-BG-30006,Sensor1,V,2008-04-25T19:56:39Z,2009-08-24T18:13:11Z,8ef204e6-fd8c-5e8c-a5a5-e800aacb8ff4,97a7db9c-0cc8-58fb-b164-839f8424360f
df3ce7da-b339-50c0-bd94-3ae491ef8348,1bffd8e2-f8bb-59bc-bfec-46538741377d,DL-BE-30011,Primary,,2008-06-09T20:34:06Z,2008-06-25T20:42:25Z,9741f9ac-2fdc-587a-a4e1-9da7918a0e53,19db2a77-5263-500a-927f-6d880251b565
c5a9744b-e1c0-5b8a-90d7-1ee54278bdeb,8de66073-bdbb-5fac-a2e0-b8c8005e3813,DL-BE-30011,Primary,,2008-07-14T18:44:22Z,2008-09-04T10:32:58Z,74abacd9-0c33-5c8d-89bc-a97a8dd4d3fb,0813ef93-3c72-5cfd-b378-18088eaf2a87
68d679f4-d8ed-5990-9464-046d81a36fa9,7c31bf7b-2e43-5c67-b8a2-8685275be7d2,DL-BE-30008,Primary,,2008-07-18T15:55:50Z,2008-08-11T18:54:42Z,5e94703a-91e9-53e3-985a-5fdb5bfc1bc6,04c9b74a-1dde-5897-a375-78205e32f169
f2e9f972-ad69-50e8-bcfe-0cc23a0f3c91,bcbb3e4d-11a6-554e-bd2f-bb77eb96ef77,DL-BE-30001,Primary,,2008-07-23T13:29:43Z,2008-10-20T17:24:17Z,db18e13c-9d37-5e1c-8e51-36788179b7a6,86788c44-fe57-5b25-9a48-14dd284e41af
9159fef1-1e10-5538-80d1-48598782daf0,bcbb3e4d-11a6-554e-bd2f-bb77eb96ef77,GEO-BG-30000,Sensor1,V,2008-07-23T13:29:43Z,2008-10-20T17:24:17Z,db18e13c-9d37-5e1c-8e51-36788179b7a6,86788c44-fe57-5b25-9a48-14dd284e41af
29cf8a95-d09b-5b03-9738-ce5d0a9c4d07,9eeae405-394d-5512-b978-c1ba0fcdb1db,DL-BE-30012,Primary,,2008-07-24T18:54:01Z,2008-08-18T21:55:42Z,ea5537eb-d896-5f18-a0db-f507f9f2bc50,41d3cc35-acaa-51cf-bc02-952b5ea9b693
849a67e6-70bb-526b-9fa4-11332036e534,a41218b1-a4c8-504a-929d-55a95ee76d22,DL-BE-30013,Primary,,2008-08-14T15:31:00Z,2008-12-12T22:46:41Z,64da53e1-52ef-57ac-9071-f9d2bf6da604,7548067a-b2b4-5255-b298-e402364ffdb5
2acd48ac-3924-51b8-a8df-dd80943bde58,eee9a0a5-9c56-591f-974e-1dab8713f159,DL-BE-30008,Primary,,2008-08-25T12:51:18Z,2008-10-30T18:11:53Z,d82eeaa1-90c3-5ebd-a3c5-d20be6adc3d5,80c9157e-60de-5228-a7fa-a7f35b17cf6c
54942b40-d728-5868-928a-0c6032cab67f,81c55218-6bd2-5df3-abfd-521c39d12db0,DL-BE-30006,Primary,,2008-08-26T18:29:32Z,2008-11-04T19:13:42Z,e6cd306b-e152-58b7-808a-295068015014,94350ba0-f8b1-57bb-92b9-31abbe4d32bb
f64519c4-edc6-5868-b867-0b0396e961e5,81c55218-6bd2-5df3-abfd-521c39d12db0,GEO-BG-30004,Sensor1,S,2008-08-26T18:29:32Z,2008-11-04T19:13:42Z,e6cd306b-e152-58b7-808a-295068015014,94350ba0-f8b1-57bb-92b9-31abbe4d32bb
5ec71543-0d6f-55c0-b63c-9f62fe5263f2,e089630b-67d8-537e-8b3e-c89b0e281907,DL-BE-30012,Primary,,2008-08-28T11:14:47Z,2009-08-03T21:12:59Z,cbbfbbfe-7a91-5b8b-a0ba-373ddcbdd755,bfb21334-7cb0-5181-99a4-2bf91349f9fb
b724bc4c-f87b-5f45-9241-ef1fc23b6e89,1d383172-5772-5cfa-bd1d-d6dfe2a154a5,DL-BE-30000,Primary,,2008-09-04T18:52:13Z,2008-12-15T18:35:17Z,55cb92bf-32c0-5669-a2a3-5016057b634a,3ac4672d-332b-5658-9268-336ebde09376
552b3dcc-9d10-570c-93cc-077b813939a4,1d383172-5772-5cfa-bd1d-d6dfe2a154a5,GEO-BG-30001,Sensor1,E,2008-09-04T18:52:13Z,2008-12-15T18:35:17Z,55cb92bf-32c0-5669-a2a3-5016057b634a,3ac4672d-332b-5658-9268-336ebde09376
2c7a685a-7189-5542-a43c-6c1792694635,95e598d4-8e64-5c95-b079-df80f4d2291f,DL-BE-30003,Primary,,2008-10-01T21:37:12Z,2008-10-29T19:28:59Z,adec9ffc-52c1-528d-b8cb-01aa3e711dda,2aa01e09-9583-541e-a35a-69c8b1d2b736
00b24a72-d087-5ff8-8243-4466a7d80484,95e598d4-8e64-5c95-b079-df80f4d2291f,GEO-BG-30002,Sensor1,S,2008-10-01T21:37:12Z,2008-10-29T19:28:59Z,adec9ffc-52c1-528d-b8cb-01aa3e711dda,2aa01e09-9583-541e-a35a-69c8b1d2b736
85fcd89e-53b9-59b4-a6ba-cbb33de46a30,4d046a81-3efb-5c92-a2f4-5c7c32e9f727,DL-BE-30014,Primary,,2008-10-09T18:32:30Z,2009-06-25T21:58:22Z,a656c91f-9ac1-53bb-8990-5be24be7212f,428fbb68-9981-5306-ad06-ba7a0f8e2f3e
d2114c8c-e9c0-50a2-8523-720c55f0c75e,55284525-f245-59d4-b5c8-9b8954c2552c,DL-BE-30010,Primary,,2008-10-16T19:20:53Z,2008-10-25T21:55:23Z,28dbc7cb-a5c1-54e2-bf3d-326ab7d609ab,ca7c90cd-b904-5982-9926-be370a64628f
615968e6-7ff8-5625-b85f-0eed56242fc5,1ef94c68-2e8e-52c1-99f7-87e679be88b2,DL-BE-30007,Primary,,2008-10-23T19:32:02Z,2008-11-24T20:53:40Z,e9292944-6804-5c87-b34b-2a9b2664a197,ccca8e0a-4791-5946-9a37-4c9c544145d6
14bba0f9-ffc7-5d70-b755-e1936f5d9440,1ef94c68-2e8e-52c1-99f7-87e679be88b2,GEO-BG-30005,Sensor1,BH,2008-10-23T19:32:02Z,2008-11-24T20:53:40Z,e9292944-6804-5c87-b34b-2a9b2664a197,ccca8e0a-4791-5946-9a37-4c9c544145d6
85fc4d5e-2f95-5be0-bb46-40198c1be147,d90224e5-94ba-5f05-bc4b-6dc338a44702,DL-BE-30008,Primary,,2008-11-10T15:39:11Z,2009-03-16T21:43:07Z,10796273-452b-5d7c-bf4d-9e34ee53213e,a84c2eb2-bff2-5c32-a59b-d72f09f47576
5f657fad-7f62-55ed-9e6d-41224b1f448d,cb3d4cae-00ac-518f-9bb1-62362d4e0af2,DL-BE-30011,Primary,,2008-11-17T20:11:28Z,2008-12-24T18:43:20Z,1ed5c992-1c77-5d9b-9441-e9f6e6126c3b,b892e6d0-3390-5505-86ff-7be6e3eee69a
a9b22faa-0288-5f25-86d7-d0b152a6efa7,eda25f37-fb74-513d-8bc2-54be1b69e94e,DL-BE-30010,Primary,,2008-11-19T18:31:25Z,2009-02-10T01:52:27Z,adeab4ee-3ab4-5a5b-af96-8dbd896ffe23,9543dae2-1ddc-5083-af81-5e7908aaa1c4
f7cbd29a-f644-58b7-a411-c150110691e0,ac2b18fb-56b8-5d27-b116-ffbd04387796,DL-BE-30003,Primary,,2008-11-21T18:01:22Z,2009-01-09T22:12:29Z,1e1bb1da-77cc-5180-b5a1-c399eb95d334,f0139350-dd83-5518-a659-6899a154eb4d
05ff4030-43e4-5f5e-9fba-4424aeb266e3,ac2b18fb-56b8-5d27-b116-ffbd04387796,GEO-BG-30002,Sensor1,H,2008-11-21T18:01:22Z,2009-01-09T22:12:29Z,1e1bb1da-77cc-5180-b5a1-c399eb95d334,f0139350-dd83-5518-a659-6899a154eb4d
ec9d6b0f-ab67-5755-914e-082e81b5d5ff,41d09a96-9888-5818-9f69-e5d541fa36ca,DL-BE-30001,Primary,,2008-11-24T17:51:28Z,2009-03-30T19:33:30Z,fe3ffb60-6acf-582a-b915-e00eb0eccbe0,f8a103ee-861b-5bbe-8e06-f0e577dde8e7
0e0a7133-c055-5215-8ce9-565690e08e61,bd8a471f-8e5e-5d08-b9e6-f10d6305831f,DL-BE-30009,Primary,,2008-11-24T18:48:43Z,2008-12-25T20:41:31Z,a9853add-df47-5ea9-b979-edf430c3c9e8,43942e57-0cde-55d9-b995-bc61d8144001
920dffe2-23dd-53ea-80ba-af6c8ac259df,e4b5ffd9-b292-5b83-a378-62d7d9c406c7,DL-BE-30000,Primary,,2008-12-29T11:07:35Z,2009-03-01T22:32:10Z,b39525cd-2a05-5c5e-ab97-a01fe3957b36,d41f018a-0a5b-515e-b147-0f41c9546cfd
e0929b97-11ff-5ec1-b7b7-6499a599f207,e4b5ffd9-b292-5b83-a378-62d7d9c406c7,GEO-BG-30001,Sensor1,E,2008-12-29T11:07:35Z,2009-03-01T22:32:10Z,b39525cd-2a05-5c5e-ab97-a01fe3957b36,d41f018a-0a5b-515e-b147-0f41c9546cfd
efff1f09-74c8-513c-bcb3-6bb37af91adf,f7bfa53f-6614-5c9a-ac4c-57001c99b45f,DL-BE-30011,Primary,,2009-01-05T18:40:54Z,2009-01-20T19:45:11Z,b5a80cc0-2f73-5e41-b88f-2d4530656d15,c3d6f89b-8dcc-5b45-887e-c6f271ec71af
3c622f3f-fa40-59a8-ba9a-c00b1251416f,2966b43f-34ee-5224-84b6-4bfa76c78391,DL-BE-30009,Primary,,2009-01-09T18:51:42Z,2009-02-23T18:32:10Z,1f8802c9-0818-5f59-8af5-97eb7c7c0910,599b009c-0d2e-5d9c-9995-f5ff915eced7
d5eba307-642d-5eb1-b81a-f8e1b2c767f5,f9669c6d-ee93-56aa-9b93-ec51f7c1cc15,DL-BE-30007,Primary,,2009-01-12T20:20:51Z,2009-05-13T17:39:25Z,6ad3a775-d517-5042-8b9c-c0d1cd43d426,5ae67f3d-463a-552d-9458-6ece54013c63
5188aeb4-d58a-5e53-8320-fe669beddd5d,f9669c6d-ee93-56aa-9b93-ec51f7c1cc15,GEO-BG-30005,Sensor1,H,2009-01-12T20:20:51Z,2009-05-13T17:39:25Z,6ad3a775-d517-5042-8b9c-c0d1cd43d426,5ae67f3d-463a-552d-9458-6ece54013c63
4b8f3652-9364-52d1-9819-9b249b94faae,fb4d0dbb-41e9-5f9f-b110-16160987a252,DL-BE-30015,Primary,,2009-01-14T15:24:37Z,2009-10-16T19:37:40Z,f62d4790-eaa9-56ec-bb57-6fc3006f54cd,bb9beb53-b3c0-55f9-afbd-a4ad25cc40d1
ad7e6720-4885-5795-beec-30c4e91c768c,51abf60d-a582-508f-9ddf-96dc7ac0edb4,DL-BE-30016,Primary,,2009-01-15T21:02:09Z,2009-03-10T00:32:20Z,b88f589b-6ce1-54e7-8a92-30744e195db3,d8dd5107-e5da-5393-9d74-ea8a5d20fb65
04a0c96e-a25d-5b76-acf9-3ffefde0c613,8253a7e2-2bb0-5cad-87df-c50e5d77f485,DL-BE-30006,Primary,,2009-01-15T20:01:00Z,2009-09-04T18:57:13Z,87d9deb4-8dfc-563e-b187-7c8209d41c4a,e2f8e4ea-f2fa-5748-8b9c-d8b966a61020
bad37a04-816b-5056-a4a7-66f888eef48f,8253a7e2-2bb0-5cad-87df-c50e5d77f485,GEO-BG-30004,Sensor1,N,2009-01-15T20:01:00Z,2009-09-04T18:57:13Z,87d9deb4-8dfc-563e-b187-7c8209d41c4a,e2f8e4ea-f2fa-5748-8b9c-d8b966a61020
60e39de3-c155-5675-913b-f5e2e68b2a1e,1c4ba3f6-8441-5063-ac0e-be19e6f4cc53,DL-BE-30003,Primary,,2009-01-19T17:58:14Z,2009-05-27T19:10:34Z,01cea343-4c7a-541e-859b-0a39136f631d,19f717da-650c-5f3f-831a-cf25b4e4cd0f
68385577-7c8c-5d97-b688-b643d8a1f82e,1c4ba3f6-8441-5063-ac0e-be19e6f4cc53,GEO-BG-30002,Sensor1,S,2009-01-19T17:58:14Z,2009-05-27T19:10:34Z,01cea343-4c7a-541e-859b-0a39136f631d,19f717da-650c-5f3f-831a-cf25b4e4cd0f
536bef10-1a8e-548e-95e7-e52e75b19676,866703ce-d9c3-5f7a-8b1f-791add234420,DL-BE-30002,Primary,,2009-01-28T16:25:21Z,2009-05-28T21:19:45Z,76fe9de9-d8fe-53b9-b432-6366c1d821fe,1d2262fc-5786-50a0-a904-a9f0d97be076
f2994c6d-0125-576a-8447-3e03c58b7073,8e09c0d0-d4b0-5865-a4a1-74f57313344b,DL-BE-30011,Primary,,2009-02-23T21:40:23Z,2009-05-29T20:21:30Z,e5dbbac3-078b-5ef9-9042-bda2dba3868f,02e060d2-47ec-5b4f-8213-6abce66f5e6b
ba16df38-7901-5816-b70b-e96f7a2c2cb2,93f0d6ec-4fb4-5b76-9197-82e39acc2c40,DL-BE-30013,Primary,,2009-03-12T12:27:24Z,2009-11-09T19:36:03Z,3eac9169-10b1-52bd-92ae-c482bfc97cb9,be041be7-ddd0-542d-bf5b-bf40ddf5317f
fb62260d-b3b8-5746-a44a-88e857f9619e,fd53790a-86f6-5105-837f-eafee75070f4,DL-BE-30000,Primary,,2009-03-18T15:07:31Z,2009-06-29T17:11:37Z,3e271da2-c3a5-5352-9de6-93e0fad8fdd2,ea048136-8d1e-5822-801d-27ae8aa970cf
4e7672b2-3ca7-5bf8-bb53-690cbf95301b,fd53790a-86f6-5105-837f-eafee75070f4,GEO-BG-30001,Sensor1,S,2009-03-18T15:07:31Z,2009-06-29T17:11:37Z,3e271da2-c3a5-5352-9de6-93e0fad8fdd2,ea048136-8d1e-5822-801d-27ae8aa970cf
2064e38a-023e-5d15-ac5a-e0162223f74e,40df2b4e-2155-594f-a61e-d85dda64eaef,DL-BE-30009,Primary,,2009-03-18T20:55:58Z,2010-07-08T18:01:43Z,991d5ee3-9a48-5ca2-91f0-a2410b1e8538,9a6051e7-0e93-5fec-b515-083c175e8829
269a2588-db51-5481-a3f6-f577149486df,be5febc9-b93f-5cb0-b744-81cef939f4b3,DL-BE-30010,Primary,,2009-03-26T18:51:22Z,2011-03-02T20:12:41Z,86d1ba68-86d9-5d84-b102-7cd1172e10fe,236087e0-98a8-549a-8f51-c1ca5a65428c
02939593-19e7-5230-bffe-0038654b04a3,3c4bc7b9-7101-548e-a814-ab5b1cf6bf1c,DL-BE-30017,Primary,,2009-04-07T12:34:42Z,2009-06-04T21:41:24Z,034599f6-6226-56f1-b39e-ed8983c7eb71,dda34d72-9e0b-51fe-9a53-0e97a78e692e
4af25455-56f3-59ef-be84-d508f7912905,eaaffe50-d96f-50d5-ab90-dcec2c18f241,DL-BE-30016,Primary,,2009-04-10T12:14:54Z,2009-04-24T17:35:03Z,2c965fa7-4559-5b07-8b71-5e38b924f9f4,7a2ffeab-ae03-51b1-8939-ed29d30e3041
4a686681-846a-5d5e-90aa-7ef471453120,c6f527e7-b695-5437-98c2-1532eec049b5,DL-BE-30001,Primary,,2009-04-10T12:20:32Z,2009-05-21T17:48:12Z,04cc3527-f180-519c-a9aa-85e8ac96411e,9cc95736-1324-5dc9-a61d-eb9f356288b8
2a8d88a2-8866-5c30-a42d-91ca9b8f5726,c6f527e7-b695-5437-98c2-1532eec049b5,GEO-BG-30000,Sensor1,S,2009-04-10T12:20:32Z,2009-05-21T17:48:12Z,04cc3527-f180-519c-a9aa-85e8ac96411e,9cc95736-1324-5dc9-a61d-eb9f356288b8
099f13ae-063a-5942-a397-25a99b5d1ef8,6ab5a29e-6891-5bd9-bf59-6aeab7915b0b,DL-BE-30018,Primary,,2009-04-23T14:22:18Z,2009-10-12T17:18:18Z,4b066cf8-b5ea-5786-b26d-09f8d044cbec,7617ec18-7dcd-5a62-bb10-06189eba273e
d1029800-cd7b-58e0-b990-74144b0d57b1,193c4e8c-b68f-543c-98e1-2e4f90be7397,DL-BE-30008,Primary,,2009-05-06T14:11:28Z,2009-05-14T17:03:53Z,b4609ebb-6003-59bf-83a0-f04d34a0ea77,1024b55d-e1f7-5be6-8605-ae69f05274b1
c37dde85-0003-5b6f-b60a-95d52b6a7eff,193c4e8c-b68f-543c-98e1-2e4f90be7397,GEO-BG-30009,Sensor1,V,2009-05-06T14:11:28Z,2009-05-14T17:03:53Z,b4609ebb-6003-59bf-83a0-f04d34a0ea77,1024b55d-e1f7-5be6-8605-ae69f05274b1
6fb360de-4560-533d-b7fd-dae1535062df,6ab9c161-1dd1-5f42-85cc-d87915db7eb3,DL-BE-30016,Primary,,2009-05-21T17:50:24Z,2009-06-04T20:50:08Z,0be57598-8689-5b77-9399-e2265bdc6251,f651b3f9-f3b6-57ae-97f0-c7f4dd3753b8
dd42c378-9530-5ca4-8c9e-6093e99d12f8,e186ab1b-18d5-5c0e-95df-773df5b44dc9,DL-BE-30019,Primary,,2009-05-29T14:05:14Z,2009-08-10T19:01:57Z,3b494ddb-fefd-5991-8a3f-939095fbdfae,def1a38b-c871-53ad-9af0-5f7e84e19c19
e71dc5e4-edde-52db-8456-c5a56f3b9750,0237c2dc-d36a-5a72-bbe8-ecb33edff4b8,DL-BE-30005,Primary,,2009-06-02T17:30:30Z,2009-10-05T20:34:42Z,67224b30-3de8-58b8-8839-d05f2efcbee1,303ad1be-5ba5-5771-a45b-fd9ff5746415
d3d7b79b-d75f-5073-a12f-82b3904d480f,0237c2dc-d36a-5a72-bbe8-ecb33edff4b8,GEO-BG-30007,Sensor1,BH,2009-06-02T17:30:30Z,2009-10-05T20:34:42Z,67224b30-3de8-58b8-8839-d05f2efcbee1,303ad1be-5ba5-5771-a45b-fd9ff5746415
e85bc1e2-c26b-5c09-8c7a-26cae779fd44,0237c2dc-d36a-5a72-bbe8-ecb33edff4b8,GEO-BG-30008,Sensor2,S,2009-06-02T17:30:30Z,2009-10-05T20:34:42Z,67224b30-3de8-58b8-8839-d05f2efcbee1,303ad1be-5ba5-5771-a45b-fd9ff5746415
0264bed6-e517-51c7-bdf1-bcdf064c1bb0,ca0abb13-4a54-509c-a499-e66a332bd079,DL-BE-30001,Primary,,2009-06-05T19:38:15Z,2009-11-06T21:00:31Z,f1f222a6-aac7-5bcc-9fef-f4f33f866602,50ad5d24-9b39-525b-b903-725dfea5d168
0fa74a14-7495-5c22-982a-94f447d5b89b,ca0abb13-4a54-509c-a499-e66a332bd079,GEO-BG-30000,Sensor1,V,2009-06-05T19:38:15Z,2009-11-06T21:00:31Z,f1f222a6-aac7-5bcc-9fef-f4f33f866602,50ad5d24-9b39-525b-b903-725dfea5d168
a3d6dc58-fd19-577d-8ef6-14b5a22529e4,af6b850a-f3b6-5207-a173-8d1536223389,DL-BE-30008,Primary,,2009-06-14T12:05:51Z,2009-06-30T10:53:33Z,7a00b180-df89-5f19-acff-f877d4b9450f,f2110bdd-a978-52ae-9c0a-1d0609e30ec0
ebcff83b-81e5-5505-81de-5c1198df0bd0,af6b850a-f3b6-5207-a173-8d1536223389,GEO-BG-30009,Sensor1,W,2009-06-14T12:05:51Z,2009-06-30T10:53:33Z,7a00b180-df89-5f19-acff-f877d4b9450f,f2110bdd-a978-52ae-9c0a-1d0609e30ec0
18aa67c5-b8d3-5d3d-92f1-fd89b305fa0c,3bf73033-14c7-5e67-9028-3f770148d2b3,DL-BE-30021,Primary,,2009-06-22T18:27:55Z,2010-01-25T23:13:32Z,085a81db-f065-50b6-9cd5-74dab54647d5,b3915db5-6369-5453-943c-d6f715619e00
c8ac244f-f1bf-55cf-b6d2-cd726a9f1cba,5f5ad8bd-a4b7-51ac-87a1-ba98169796cc,DL-BE-30017,Primary,,2009-06-25T16:01:37Z,2009-12-02T22:26:34Z,de165e7a-a25d-5cbf-93ce-80edff2c1058,4e464e4e-6707-52c0-ab6d-44153d48abd9
4f4c7b70-5657-5988-8dcb-256b2f085806,966042a0-4b0e-59b0-9b3e-7ea19e07cb12,DL-BE-30003,Primary,,2009-07-02T14:14:50Z,2009-10-16T20:09:00Z,60cfb38c-6f74-5e72-84d6-b6c442e76803,8c8da507-430b-5018-beee-53e140ff6bfa
17e40014-7842-54bf-b51a-9faf1aa15e68,966042a0-4b0e-59b0-9b3e-7ea19e07cb12,GEO-BG-30002,Sensor1,E,2009-07-02T14:14:50Z,2009-10-16T20:09:00Z,60cfb38c-6f74-5e72-84d6-b6c442e76803,8c8da507-430b-5018-beee-53e140ff6bfa
8a67b379-b9b2-544b-8248-ea586abf216c,5bf0ae11-ed7c-5f73-ab4f-f1b629979052,DL-BE-30020,Primary,,2009-07-06T12:52:23Z,2009-09-04T17:13:40Z,36c2b833-6931-587c-a0f1-24e5c784cb1b,de8ea4f5-ff59-5250-80c9-bb2d134889ce
497ebb89-085e-54ea-9b83-b655b9875884,ff8be67e-9e9e-5d5d-9409-387ecd136789,DL-BE-30022,Primary,,2009-07-13T19:17:34Z,2010-11-01T21:54:36Z,9a055cf8-65dd-54aa-9757-a092dc07b30b,55856bdd-069d-54f6-b8ab-acd7e29ea8a1
20a77268-2281-5460-9200-22daecd760d3,f6ef64f6-bf87-5e6d-b224-9fbdaf7488ee,DL-BE-30007,Primary,,2009-07-15T15:16:15Z,2010-04-06T17:08:35Z,5bfa95ab-a86b-5ffb-a941-6c78b60b7a97,54501b37-4b01-5170-af52-3fd39ed2d4fd
d16f7d8e-0be1-5e67-8f9d-dba5b9edc75c,f6ef64f6-bf87-5e6d-b224-9fbdaf7488ee,GEO-BG-30005,Sensor1,W,2009-07-15T15:16:15Z,2010-04-06T17:08:35Z,5bfa95ab-a86b-5ffb-a941-6c78b60b7a97,54501b37-4b01-5170-af52-3fd39ed2d4fd
3f01f055-fad7-5516-be87-1620f3857736,238737ab-17d8-5cc8-86a0-e722bddd530a,DL-BE-30016,Primary,,2009-07-24T18:08:16Z,2010-03-29T21:56:55Z,1aa52e92-a09e-58d8-9358-2425ebcf4db3,81d35ea1-8d5e-5453-9dda-8978704d0a01
9603481f-282e-5e93-a680-c562f8e35674,f6d2ba54-59ac-5aa6-9e1d-af0dbb06beed,DL-BE-30008,Primary,,2009-07-27T18:02:48Z,2009-10-28T18:07:14Z,8cf25d47-e041-5b15-9885-57577897963c,1e72626c-0d52-5e12-b436-ec965deb76b0
1f9cccd5-b40e-57c4-a656-4bc613e96d60,f6d2ba54-59ac-5aa6-9e1d-af0dbb06beed,GEO-BG-30009,Sensor1,N,2009-07-27T18:02:48Z,2009-10-28T18:07:14Z,8cf25d47-e041-5b15-9885-57577897963c,1e72626c-0d52-5e12-b436-ec965deb76b0
e0070f62-9b93-5243-b2d3-d95766f7d6ff,021150b8-4bfc-5e0e-b455-91d9d156b9d4,DL-BE-30014,Primary,,2009-07-29T13:21:32Z,2010-01-16T15:42:45Z,f650193d-21ae-560e-bd7e-ac019cdd0260,05705627-a0a9-5637-89dc-7f7e7a692248
0f2ac5ea-dd91-5486-8f9f-cbfe284532bc,4484e458-01f2-564f-8e0b-add7258ca604,DL-BE-30012,Primary,,2009-08-13T19:28:56Z,2009-09-06T17:10:52Z,b40ed5ce-7b34-5672-bc35-2c9c44f13137,f46138e3-cde5-5f01-a53a-ec165382ad4d
6f8391ac-e9bd-5e6b-a4c6-e1972613404f,4f4f1230-d564-5329-919f-a98397ab3d10,DL-BE-30000,Primary,,2009-08-20T16:27:04Z,2010-01-22T21:59:43Z,d9337ac1-7827-5ba1-8425-095e24744cfd,db9e3a88-9ca9-5f5e-9d77-12e580f29333
0dd50ffa-3c7e-537a-ab78-f070f46a7a0c,4f4f1230-d564-5329-919f-a98397ab3d10,GEO-BG-30001,Sensor1,V,2009-08-20T16:27:04Z,2010-01-22T21:59:43Z,d9337ac1-7827-5ba1-8425-095e24744cfd,db9e3a88-9ca9-5f5e-9d77-12e580f29333
c69ed1a2-1aa0-560e-a3fc-71bcc594b98d,e433da83-7fe0-53ec-9efd-6d5875bd01ab,DL-BE-30019,Primary,,2009-09-04T17:49:26Z,2010-12-20T22:17:22Z,6f4f4c6b-e9e1-50e5-ab3d-6459649bd6ed,edbd3f81-7290-5b00-89ab-ee4351d729db
3194295a-9e06-515f-80fc-1d9b41f88366,b8752589-c02d-5b3e-85eb-d959aff35f30,DL-BE-30020,Primary,,2009-10-12T21:36:20Z,2009-12-16T11:03:45Z,da91f857-1edc-53a0-b986-03b9f3013590,1c5265c8-dcca-51ac-80d9-7caa6f0b9da4
36755920-3671-5ce0-8fe3-e6649844faa0,378e2a12-a837-5ad9-93ae-448be43e6df1,DL-BE-30023,Primary,,2009-10-13T18:58:45Z,2010-03-10T19:51:19Z,2294e8c3-8beb-5253-9f67-5dc8493ad420,3e5454f7-5fe9-541e-9708-cb5bdebec2da
89c42cef-8338-5b92-bfda-ef566f20e0b1,1fb05545-285e-5304-aaaf-9099dcfb48a2,DL-BE-30012,Primary,,2009-10-23T14:17:52Z,2010-04-20T17:57:56Z,04a29bae-8f49-5f6b-90e2-5f30bbed84f7,e67a0e21-7c38-5099-8e25-abbfb78cb5dc
c79f0e6b-519c-5858-b63b-7c32780d58df,92939dff-5e74-56e0-ba7c-9607a9243ab8,DL-BE-30018,Primary,,2009-11-06T14:17:23Z,2011-10-13T21:21:57Z,0d5d67ee-1bfb-5ebd-8feb-0f9d18f4fb5c,df1179f8-3375-5afb-b6a8-8c7aa6f4df85
e6d56357-138d-512b-a4bc-935786a7f0f3,8ba39e29-7e4e-5194-b572-ddfc018ddc6e,TMP-5001,Primary,,2009-11-11T13:56:53Z,2010-06-05T19:11:11Z,5714a0d9-5b14-5410-abc3-2dfb7f80b4e6,83ef42d2-b31c-5201-b4ea-409ca1334717
9a56cb57-810f-5182-9f6c-7453c5c37ffb,8ba39e29-7e4e-5194-b572-ddfc018ddc6e,GEO-BG-30006,Sensor1,V,2009-11-11T13:56:53Z,2010-06-05T19:11:11Z,5714a0d9-5b14-5410-abc3-2dfb7f80b4e6,83ef42d2-b31c-5201-b4ea-409ca1334717
a4f0e649-7a8f-5531-9016-7565b2d16409,2803c801-7c05-52fb-8ae2-f43886e6ccb4,DL-BE-30002,Primary,,2009-11-13T17:51:38Z,2009-11-27T20:21:37Z,8ea914d0-8cd7-502e-9256-e88b8b87a1be,1624fc20-bbc4-5f23-b846-65ed7e5bd377
e9427e2f-bbd4-5cb8-8c92-41e569de1f2e,b62b020e-012d-57b9-9fb2-0dbd56bfb242,DL-BE-30008,Primary,,2009-11-20T20:13:06Z,2009-12-21T19:28:45Z,43d3f50f-8284-59be-b031-367357c9df71,3ee29ce1-ed6b-5e5c-a685-3fcd5511cc7e
3c5e726b-7df7-5df8-ba7f-eb9af69c1b1f,b62b020e-012d-57b9-9fb2-0dbd56bfb242,GEO-BG-30009,Sensor1,BH,2009-11-20T20:13:06Z,2009-12-21T19:28:45Z,43d3f50f-8284-59be-b031-367357c9df71,3ee29ce1-ed6b-5e5c-a685-3fcd5511cc7e
098e9e12-c2cf-58c0-95a6-bf33815d8d69,e9a8d43b-0c36-5908-b194-86263e1cc58d,DL-BE-30003,Primary,,2009-11-25T19:48:07Z,2010-03-22T21:56:45Z,37883e94-8836-5e53-b3dd-2eb52aaae701,ca33f84b-09db-511d-9497-a145e01803ee
1599c511-cc67-5f95-9a48-dd9fb94325d3,e9a8d43b-0c36-5908-b194-86263e1cc58d,GEO-BG-30002,Sensor1,W,2009-11-25T19:48:07Z,2010-03-22T21:56:45Z,37883e94-8836-5e53-b3dd-2eb52aaae701,ca33f84b-09db-511d-9497-a145e01803ee
3daa6ffb-502a-5cb8-a01a-a1e9690b3b98,95a06432-0661-577a-bc3d-f35e1a8b49f2,DL-BE-30015,Primary,,2009-12-03T17:37:29Z,2011-06-27T19:26:13Z,16cab93a-90a4-5073-9a77-eca89c216813,966963dd-613e-5c3b-b5a9-b2fadc1f6e7c
7fd746d8-1cb6-5273-b0ae-1cb110275b0b,03abd455-0ca1-5559-a3a9-33f1003a47d5,DL-BE-30011,Primary,,2009-12-09T17:33:24Z,2010-07-12T17:51:16Z,ae0bbe65-ba4d-58cb-a3ae-3102d454f41e,7107ba90-6051-54eb-af9f-beda6aadf741
97149681-77de-5784-9b1c-1ea50bd2ac7e,e71d049f-babd-54b0-b45e-bc4ab54c183b,DL-BE-30001,Primary,,2009-12-13T18:23:19Z,2011-02-18T18:37:27Z,078ceb02-0edf-5be8-a61d-931c2ccaeaf4,809ca0ce-580d-5397-b406-beb561387b22
7c629950-e41d-586e-8309-ad028530a3a4,e71d049f-babd-54b0-b45e-bc4ab54c183b,GEO-BG-30000,Sensor1,E,2009-12-13T18:23:19Z,2011-02-18T18:37:27Z,078ceb02-0edf-5be8-a61d-931c2ccaeaf4,809ca0ce-580d-5397-b406-beb561387b22
983d0d4c-5c7a-57b7-9035-4f7b5802de06,533eeaba-18f0-526d-b830-36eed3bc3856,DL-BE-30013,Primary,,2009-12-15T17:06:34Z,2010-02-15T20:16:13Z,d8019fb2-9856-52d6-afb9-7402d3df3f88,4109ca71-3685-58e2-897f-d4aaaf5111a9
d44ee8c5-c4e9-5eb9-b4a8-fcd5d38552e9,ee7389e2-7a2d-5f39-8ce3-92058cbdf607,DL-BE-30006,Primary,,2009-12-15T17:16:07Z,2010-06-21T21:33:25Z,432547b4-4ea7-5412-8c7b-afbed3e85bbd,9fc406e5-5d11-5449-973a-2539b03773b1
f9954c5b-06ee-5964-aa7e-959e293c74d1,ee7389e2-7a2d-5f39-8ce3-92058cbdf607,GEO-BG-30004,Sensor1,S,2009-12-15T17:16:07Z,2010-06-21T21:33:25Z,432547b4-4ea7-5412-8c7b-afbed3e85bbd,9fc406e5-5d11-5449-973a-2539b03773b1
69fdefd3-0d77-5b71-a50f-0447640f90e1,b640fa01-a336-562a-9eaf-fb3713407c13,DL-BE-30017,Primary,,2010-01-05T00:02:54Z,2010-05-25T20:26:29Z,00643668-04bb-5693-ae95-691ef0ae584b,91b2abdf-c832-56a9-83ad-f2ae44a584f0
4fc11dc9-58d9-5fd1-b365-b24a296dee09,f68d28ae-e22d-5ee2-abdd-52e1b36dc75a,DL-BE-30008,Primary,,2010-01-06T14:59:34Z,2010-03-01T22:53:36Z,8e577c64-a213-50bb-ae6b-b7d420f9020e,d5eb9b59-a8aa-5505-8fa8-db79957408c6
14fe822c-a705-5672-b665-dfa7e9b6127d,e174944e-f911-589c-81fe-cd1e411c8284,DL-BE-30020,Primary,,2010-01-11T19:13:48Z,2010-02-04T11:48:17Z,eb856849-43b8-5972-bf1a-80cc19200dd2,649cdf1c-3709-5599-9b17-30c057e595c9
0e8d1a37-b489-54dc-8013-dc62dbb516b1,9aec7e50-2311-5b6c-9cb3-45d25293fde3,DL-BE-30000,Primary,,2010-02-08T15:09:53Z,2010-11-22T20:53:14Z,ed8e6c2f-dd96-56e0-a58a-815446939cc8,31e95745-1815-56ec-b8df-321ed422f26e
e03bb3be-b973-51fd-97d9-66f63f285bf8,9aec7e50-2311-5b6c-9cb3-45d25293fde3,GEO-BG-30001,Sensor1,H,2010-02-08T15:09:53Z,2010-11-22T20:53:14Z,ed8e6c2f-dd96-56e0-a58a-815446939cc8,31e95745-1815-56ec-b8df-321ed422f26e
fdf67b59-f089-5ace-a150-861dc24056f5,d438fd9e-fafe-5bde-9f75-bab6e3f66c50,DL-BE-30024,Primary,,2010-02-18T21:02:38Z,2010-05-20T20:01:46Z,e3b05462-c58f-5165-887e-d47365ad0968,089c5a83-6e42-5075-9e27-e8743c86f368
cc31aca9-6543-5b5f-91c7-b87d7c7849c3,3034e4a0-40a3-540c-aec9-a731c518dfac,DL-BE-30014,Primary,,2010-02-19T11:31:21Z,2010-03-21T19:19:17Z,3c55ac19-4da2-5b5e-8a1a-6dfae40af939,232c679d-5260-5e1c-bd02-6e0059da26b4
6f84625e-1b79-574a-b22e-d70693684426,63c69875-3563-5ad8-adda-71f8eeb55d0e,DL-BE-30008,Primary,,2010-03-09T19:38:00Z,2010-03-17T21:03:43Z,198ef9a3-adf3-5ca2-90c2-cd268b9914e7,9b1bf1a6-4676-542e-9717-4857a68aefd4
699c7ce4-7406-5024-b435-347a6a0a71f8,63c69875-3563-5ad8-adda-71f8eeb55d0e,GEO-BG-30009,Sensor1,BH,2010-03-09T19:38:00Z,2010-03-17T21:03:43Z,198ef9a3-adf3-5ca2-90c2-cd268b9914e7,9b1bf1a6-4676-542e-9717-4857a68aefd4
e6cbdc31-c812-588a-8611-9f1a8e2a7223,19b4a4e6-8214-51d4-9020-0d96de32f360,DL-BE-30002,Primary,,2010-04-05T15:18:00Z,2010-08-27T19:18:46Z,e53dfd87-747e-5247-af60-1c9bda744634,1b8499cc-7f1a-5314-b049-a200903b7466
79d10e2c-111c-50aa-a23f-ebf43d28f3c6,19b4a4e6-8214-51d4-9020-0d96de32f360,GEO-BG-30012,Sensor1,V,2010-04-05T15:18:00Z,2010-07-26T21:56:40Z,e53dfd87-747e-5247-af60-1c9bda744634,7978aaca-b819-595b-a58a-c3ec00cc7c61
7162ff7b-e7ac-52ab-b2eb-afd15532ae7f,cf4e8070-a0ec-557f-8782-69d1eca42131,DL-BE-30013,Primary,,2010-04-12T14:29:22Z,2010-08-10T18:18:27Z,b33c4dc2-112f-5b41-b2ba-b61f46183ecb,759783ce-032d-557b-b85f-513115e73eda
b8eff506-306e-5bff-9601-492501a2d8e5,cf4e8070-a0ec-557f-8782-69d1eca42131,GEO-BG-30011,Sensor1,H,2010-04-12T14:29:22Z,2010-08-10T18:18:27Z,b33c4dc2-112f-5b41-b2ba-b61f46183ecb,759783ce-032d-557b-b85f-513115e73eda
2d8cbf09-9537-5925-bfa5-bcbe71a9b330,f82c82b9-01dc-55b0-991c-5ef329318afe,DL-BE-30016,Primary,,2010-04-12T14:26:26Z,2010-11-22T20:15:14Z,dd0284f8-961c-579e-b9a1-b764e27e3a01,f7574bce-fd15-5730-9e1e-68045f10a062
9e359cac-cb76-5ddb-8fd1-56dbab2ffe20,4b8b8551-6866-5440-8d9e-7c1c9be7948c,DL-BE-30020,Primary,,2010-04-13T14:15:08Z,2011-01-11T22:47:39Z,899c6f9b-584a-5dce-b1b0-e3bd13a4a2e9,d67f4c97-0cbc-5246-b448-6eadf3714d27
e994f235-161a-5786-9693-94fcdb446a90,0eaebed1-6a7e-5dc6-adac-548fede72cfb,DL-BE-30014,Primary,,2010-04-14T14:56:35Z,2010-10-21T17:46:42Z,c1327fbc-ed21-54cd-85a4-ec70061afb86,ece1aae8-9503-553f-922c-38bb1ba736a0
df6094b1-3545-5ecc-ade3-2f5076e9714e,3f3d379b-afac-5b95-ae86-c663911da815,DL-BE-30003,Primary,,2010-04-15T12:05:42Z,2011-03-07T21:57:55Z,65e66fb6-13b8-5b8f-bd3c-d770c42189fe,06a31384-44e8-53ea-8f7b-e0701155cede
5dadb904-b675-5827-9276-76f3ba541b1d,3f3d379b-afac-5b95-ae86-c663911da815,GEO-BG-30002,Sensor1,E,2010-04-15T12:05:42Z,2011-03-07T21:57:55Z,65e66fb6-13b8-5b8f-bd3c-d770c42189fe,06a31384-44e8-53ea-8f7b-e0701155cede
aee3b780-8ba3-5a97-825d-efd44aca8c93,b3cb416a-1f8e-5a59-a44c-fb08d0044e0a,DL-BE-30026,Primary,,2010-04-29T18:59:34Z,2010-08-17T20:50:47Z,ea2504ea-d1f0-57ca-b259-4028a14a6224,e09f86e6-7f10-52c4-9300-7b2fdb78f6a1
d0172e21-00f8-5015-8120-806fd1455225,a2ab506f-6243-5f20-ac2c-346951bedcf8,DL-BE-30012,Primary,,2010-04-29T21:39:34Z,2010-05-25T21:32:02Z,7301688e-bd49-5e1e-8b06-cdef2225e298,3a334a02-1af8-5c84-b825-85301926bf0e
9eb50f65-d40f-5277-882b-efe4674ca89a,13ad48a8-de88-52b5-bd76-4186469c2ed2,DL-BE-30008,Primary,,2010-04-30T14:39:43Z,2011-09-05T17:10:35Z,60445d7c-0518-5c4f-9b68-249b88e81b1c,bb940d6f-efbd-5210-8ad4-a664831ec6a5
2469144e-96d2-5eba-ab44-624aa70a6992,13ad48a8-de88-52b5-bd76-4186469c2ed2,GEO-BG-30009,Sensor1,V,2010-04-30T14:39:43Z,2011-09-05T17:10:35Z,60445d7c-0518-5c4f-9b68-249b88e81b1c,bb940d6f-efbd-5210-8ad4-a664831ec6a5
1597be66-3316-56ee-9cb2-6d891d97defc,446be1ca-c6ad-5c85-8504-993e2d70ebd1,DL-BE-30007,Primary,,2010-05-07T15:52:06Z,2010-06-22T19:48:49Z,9fb2a5dd-76f8-5621-bd12-4e9c401bdd07,a597b792-89e1-50c3-8e3c-1c66a189469f
a1541226-5414-54eb-b114-d0208eedcf2b,446be1ca-c6ad-5c85-8504-993e2d70ebd1,GEO-BG-30005,Sensor1,W,2010-05-07T15:52:06Z,2010-05-24T21:51:23Z,9fb2a5dd-76f8-5621-bd12-4e9c401bdd07,8da50d01-7d89-579c-8cd7-97ae999a76fa
934bcf19-1e74-56e4-bee1-1e6fcfb170b5,a27ef9b3-6c31-566f-9499-5978f2a07b69,DL-BE-30025,Primary,,2010-05-10T15:31:27Z,2010-06-14T18:16:20Z,57c1857a-79fe-58c9-95d8-03c6612694ca,183dfc9b-702f-590b-88e3-3dede2de0bac
ddab9982-ab73-584d-9ad5-efcbd8bea7e2,0e796327-c54d-5e97-97b9-7bf4e037cd0e,DL-BE-30017,Primary,,2010-06-03T16:24:17Z,2010-07-06T18:15:28Z,db29a7fb-70f6-5575-8a80-7c405ff2dd1c,6e8e658d-f5f2-5742-89e3-28cfce5cdd54
00fe280e-9d27-5fb6-b3b8-65bda58e5440,c2d997ca-e3e6-56cf-b100-28216823fb3c,DL-BE-30021,Primary,,2010-06-07T18:55:27Z,2010-08-27T21:24:52Z,d82ad049-566f-5659-9fc5-ee6bc9148036,eb5043d7-7f55-539d-8765-0d6f305da3a2
055fb342-106b-59a8-9139-15ca922b09c2,889d4bf6-4376-5951-9253-b380a73ebe03,DL-BE-30024,Primary,,2010-06-08T13:16:30Z,2010-07-12T21:14:14Z,3c032d83-abdc-5a9b-98f8-d47b430a9b97,268b1d73-8c27-5a0e-8986-1543e9503a39
dcd81a98-2452-5495-bc6f-fa1696a2c6b2,f07a2b75-a7da-5cd1-9f38-df3de58462c5,DL-BE-30023,Primary,,2010-06-09T13:29:25Z,2011-01-13T22:13:21Z,02685f5b-66e1-5e13-bdd8-ff8f11a2dbbb,c7b32d48-7364-523e-ad17-a0f69689f490
347268a3-1d5d-5a16-84b3-90f0856a3f56,47b680a3-974c-5733-9528-526aef86cfbf,DL-BE-30012,Primary,,2010-06-21T19:32:07Z,2010-07-05T19:38:31Z,d0bfebdf-4e71-5f92-b8cc-15787d8d2688,3417ad2a-1f09-54d7-9b0b-990532c1e58a
fe1d7c74-9961-59b1-b5cf-87b897c80ad7,57f8458b-b12e-5ae4-8a49-f4552facdfde,DL-BE-30027,Primary,,2010-07-04T17:00:19Z,2011-03-22T19:28:00Z,741f53bd-bfeb-5f5d-b176-88bafcbb3252,1149307c-e744-5f2a-bb2e-d78c56080a9c
66112a90-c8c9-51cd-8a24-0127f16a0e62,5c18a887-5698-54f4-bbf7-1e17755a99b4,DL-BE-30017,Primary,,2010-07-19T19:00:29Z,2010-12-09T22:07:46Z,8ecd98c1-3709-5234-b385-7bded38f607c,1fe3607b-1c79-5eaf-aa41-9ff911c25e04
3a160542-e421-5b66-93a9-4542d2252c13,b2fbe1ca-bb13-5453-892a-a7c7d854108a,DL-BE-30012,Primary,,2010-07-19T21:56:28Z,2010-11-16T11:47:13Z,8838f14f-d42f-5c15-84c1-286432337ff9,2bce8a62-c78f-5bc8-9635-5839dd76227b
5f421556-0eb6-5e91-8578-652c784e7304,788a0bff-822f-5a51-abbf-ffcd2033214e,DL-BE-30024,Primary,,2010-07-22T16:34:22Z,2010-08-20T20:01:37Z,3396e531-5c57-50e9-a0d2-179a83cdde79,f99133de-ec96-5fbf-9e14-96fbf74c6bbf
3024effd-4ace-5a65-9cdb-6ab53ab14027,0b24bb92-5cf8-555c-b93e-113132aac0a6,TMP-5001,Primary,,2010-07-26T12:32:17Z,2010-08-09T19:43:31Z,bf079444-427a-54b0-8b6f-8275ec0241f3,09e30e9f-b33f-520e-82c3-d1594c23ab0f
8fdfcc6e-93de-56c2-b2bf-938e27b18066,0b24bb92-5cf8-555c-b93e-113132aac0a6,GEO-BG-30006,Sensor1,V,2010-07-26T12:32:17Z,2010-08-09T19:43:31Z,bf079444-427a-54b0-8b6f-8275ec0241f3,09e30e9f-b33f-520e-82c3-d1594c23ab0f
98036109-a82b-5f9e-bc20-0e252d43f0d0,01dd80b8-f0c1-5e74-a691-6d6d8a9a83ca,DL-BE-30009,Primary,,2010-07-26T14:56:18Z,2010-11-23T21:57:58Z,d49e85ad-d098-50f6-bf27-2377168ed945,77a7fa07-eb3f-5069-b2d5-2a194f672b7d
abbb7889-ad51-558e-b6af-2e8e469be341,4de067ff-7258-5e8e-b2ed-2b6ca3ffb380,DL-BE-30005,Primary,,2010-07-30T19:15:30Z,2010-09-13T17:15:42Z,1aafb286-d16a-5a83-8bb8-2bc99598b5f2,ca9581e8-e5aa-5176-a626-5ee6427d29b4
47fd92f1-b619-5486-a867-59e6f786ab3a,4de067ff-7258-5e8e-b2ed-2b6ca3ffb380,GEO-BG-30007,Sensor1,W,2010-07-30T19:15:30Z,2010-09-13T17:15:42Z,1aafb286-d16a-5a83-8bb8-2bc99598b5f2,ca9581e8-e5aa-5176-a626-5ee6427d29b4
cab68d6d-f872-5ef3-9388-5cdff89c7e19,4de067ff-7258-5e8e-b2ed-2b6ca3ffb380,GEO-BG-30008,Sensor2,N,2010-07-30T19:15:30Z,2010-09-13T17:15:42Z,1aafb286-d16a-5a83-8bb8-2bc99598b5f2,ca9581e8-e5aa-5176-a626-5ee6427d29b4
e5fd4041-00a2-5792-922c-649e9370dde8,e5d659ea-3131-5239-a8a8-045fc9d018db,DL-BE-30028,Primary,,2010-08-01T17:39:04Z,2010-08-06T17:56:14Z,e13f9ba3-f543-57bd-8132-93efd578b425,82c4506b-e0cd-5f27-8707-217aadda5ab2
ea22f242-7dcd-54dc-9b96-39dc0c53811e,9221bc44-4b43-57f2-b0c9-fbe8e6818910,DL-BE-30006,Primary,,2010-08-05T17:39:40Z,2011-07-15T20:58:33Z,0ae6525c-97f9-53fb-acba-059afa059c40,1b94e4a1-175e-5fa2-b820-a99779560791
d95d3822-9029-59dc-8385-4a2840dd246c,9221bc44-4b43-57f2-b0c9-fbe8e6818910,GEO-BG-30004,Sensor1,E,2010-08-05T17:39:40Z,2011-06-28T20:56:29Z,0ae6525c-97f9-53fb-acba-059afa059c40,3bd86ae7-5b8a-5093-b984-096415e06efa
6be059ca-c6ca-50db-ba97-d3f348ed1ad5,24595138-c9d6-56e1-9ed1-d55f759b8b7c,DL-BE-30025,Primary,,2010-08-16T18:38:20Z,2012-08-20T18:11:58Z,253bc5b4-dfeb-504b-bc00-27f7101b06bf,ec4093a3-2b91-5d1e-9825-becd572a1391
5a23b954-426c-5683-8684-b045e86d3c86,866b04e6-fbda-503d-8c1e-91dd32b33d7e,TMP-5001,Primary,,2010-08-24T16:36:12Z,2010-09-02T10:24:09Z,cbbcdee6-007e-5028-9a57-031218a1a409,a87d409d-36d5-5e86-81e4-3ad07e3d1cc7
d48047e8-c0d0-5b34-898a-3c4ab9f4f5bd,866b04e6-fbda-503d-8c1e-91dd32b33d7e,GEO-BG-30006,Sensor1,N,2010-08-24T16:36:12Z,2010-09-02T10:24:09Z,cbbcdee6-007e-5028-9a57-031218a1a409,a87d409d-36d5-5e86-81e4-3ad07e3d1cc7
4e697259-62b9-513b-ad56-209453d63f03,2bd4835f-846a-5e07-bbf7-6a353fc2af35,DL-BE-30028,Primary,,2010-08-30T20:57:55Z,2011-06-23T20:27:44Z,a82fc1a6-a9a5-5c9b-893c-6f2da9ea6c2a,918f0f2a-8ddb-56dc-b3cd-9948792cea8f
699d1236-4bb1-5c11-8947-dfad9a29c6a0,ef6acc0d-47af-5626-b1bc-489575eca4de,DL-BE-30026,Primary,,2010-09-10T14:24:29Z,2010-10-18T17:43:33Z,133f3c8d-3bad-5153-be6e-01561d6c21ab,4ac2caf5-9f61-54b8-a8a1-58716d620ffc
8b604e05-ed6f-5715-88f2-2367ff669121,ff8ada0c-833f-55a9-8d5a-777aeff638e4,DL-BE-30013,Primary,,2010-09-13T20:36:05Z,2010-11-03T18:21:18Z,80e1278c-61b3-5ccc-93fb-21ab1fdc0d65,7475878b-b715-582a-875f-5e65aea4449c
2c1ac97d-23ba-52d1-ba5c-ee37c0e789d6,ff8ada0c-833f-55a9-8d5a-777aeff638e4,GEO-BG-30011,Sensor1,S,2010-09-13T20:36:05Z,2010-11-03T18:21:18Z,80e1278c-61b3-5ccc-93fb-21ab1fdc0d65,7475878b-b715-582a-875f-5e65aea4449c
965571e5-1194-5a9c-ab3d-619e6625a4ec,23e97747-c5b0-5a6b-8f33-615ba6b05a8b,DL-BE-30011,Primary,,2010-09-13T18:52:01Z,2010-11-19T21:17:32Z,3b094d3c-6e59-5e9a-ba29-1d8d4340d246,3e24c60e-3ed6-5488-9239-f154fe3d4e40
55838317-14f0-5b79-b368-2935b63a78fb,746bd324-218e-57da-a220-c2f23baa82a2,TMP-5001,Primary,,2010-09-14T10:33:37Z,2010-10-07T20:03:24Z,e0347cca-cb6b-5aca-af2e-f59822dcfb1a,d9d0f169-0173-5c5b-b0e7-74e7124dc558
44e8dcf7-eec1-52f7-8c5f-f1d8da38a991,746bd324-218e-57da-a220-c2f23baa82a2,GEO-BG-30006,Sensor1,BH,2010-09-14T10:33:37Z,2010-10-07T20:03:24Z,e0347cca-cb6b-5aca-af2e-f59822dcfb1a,d9d0f169-0173-5c5b-b0e7-74e7124dc558
c3e8606e-7a2e-5744-a4c7-c6f7e778e603,3f44c176-99fe-555d-9bfa-a71c49517f96,DL-BE-30007,Primary,,2010-09-23T14:29:01Z,2010-10-08T19:28:48Z,4dc027b3-8717-5a1b-b007-c04fccf430fd,51907cee-92bf-58c9-b2f9-436abee16369
9f4506eb-b9a0-5b6e-b1c1-fa371a19c04b,3f44c176-99fe-555d-9bfa-a71c49517f96,GEO-BG-30005,Sensor1,E,2010-09-23T14:29:01Z,2010-10-08T19:28:48Z,4dc027b3-8717-5a1b-b007-c04fccf430fd,51907cee-92bf-58c9-b2f9-436abee16369
1b340c12-8f46-56e5-9779-c174dda00413,d6ca72f7-d093-51fd-ad89-774e597ee834,DL-BE-30029,Primary,,2010-09-29T15:26:36Z,2010-10-12T19:28:29Z,9e6ee1f0-809e-59d2-bebb-9c595c82e298,8880aac4-1913-568f-88ae-0779788d438e
49c4d4cc-e62e-5729-9ce3-c4b65775724c,eb19d57d-49d0-53ef-9775-7521b19543d2,DL-BE-30007,Primary,,2010-10-17T17:56:31Z,2010-11-09T18:51:05Z,8d049690-b1b4-50a9-8798-782dfc4b32a5,cedccd49-5185-5b49-b828-c07cc4e425d4
334fed3c-9152-5dfe-8479-5134d183d285,eb19d57d-49d0-53ef-9775-7521b19543d2,GEO-BG-30005,Sensor1,BH,2010-10-17T17:56:31Z,2010-11-09T18:51:05Z,8d049690-b1b4-50a9-8798-782dfc4b32a5,cedccd49-5185-5b49-b828-c07cc4e425d4
9d235483-a3b3-55b3-a0dd-40118f93e0b2,8e8650e2-d852-5c29-9035-f52045855f7e,DL-BE-30021,Primary,,2010-10-18T13:35:41Z,2010-11-10T19:50:35Z,cee4b225-c885-5591-ba43-148666c1848e,aa70412b-919e-51cf-88f1-522eddb86c88
1a5e5c95-1b55-5be8-840e-2eb5a07b7e76,6217d9fb-5d9f-5b31-9297-9115a6cf2dd9,DL-BE-30029,Primary,,2010-10-21T18:13:36Z,2010-12-09T19:07:12Z,acdf2590-c093-5512-b57c-7fdf632bf250,19758605-6b8e-5689-b008-1d35c49cb792
2655c4f9-e51a-5f0e-8238-abd6f4a3fc0d,c06b9341-697e-5152-8408-c3e0be57bddd,DL-BE-30024,Primary,,2010-10-26T21:24:47Z,2010-11-30T19:29:06Z,afefb803-0e60-5baf-b069-47c0346ac29e,48db04b4-bb6a-5590-a012-82390896c519
429f9998-928f-5590-a936-824a5e764e1d,ea0815c2-d1d2-52d3-88ed-a0870b41649e,DL-BE-30026,Primary,,2010-11-15T16:07:56Z,2010-11-19T20:54:39Z,d07ed679-f27c-5148-82d2-53140b2a0fee,d8816895-8eba-5b21-9f9f-b45402b4f010
af00dfa0-9d05-51df-bc7c-0d835957efbe,7f1e0510-3615-585d-86cb-1c88619efd81,TMP-5001,Primary,,2010-11-15T11:45:50Z,2010-12-06T20:11:18Z,293dd60e-fa84-5642-8ee9-0f120511730b,13a0c601-72fd-5d07-b7f2-579d168f7f59
4b67b3b6-6bfd-5525-8992-e8a6a3cd9bde,7f1e0510-3615-585d-86cb-1c88619efd81,GEO-BG-30006,Sensor1,H,2010-11-15T11:45:50Z,2010-12-06T20:11:18Z,293dd60e-fa84-5642-8ee9-0f120511730b,13a0c601-72fd-5d07-b7f2-579d168f7f59
3e55d3ac-5c84-5308-bc5c-ce9714954830,d52d09d8-cb25-504e-a727-de1a44069905,DL-BE-30013,Primary,,2010-11-16T12:50:39Z,2011-02-24T19:19:58Z,08d71415-446b-52c8-aac6-31e5035f6def,ca4ee37f-e33d-58a8-a6ca-34a32742a244
2b5ae96c-11ae-5664-a575-d3a50ea171f1,62a8a4ba-e358-52ef-9d20-7d032827e38e,DL-BE-30007,Primary,,2010-11-22T17:46:04Z,2010-12-22T22:37:11Z,8193b420-9a64-5f76-949f-e94a22ce7f15,198b20df-df20-51ce-8224-104920a4b97b
005e6ac2-338a-5020-8add-9f98f9952b3f,62a8a4ba-e358-52ef-9d20-7d032827e38e,GEO-BG-30005,Sensor1,E,2010-11-22T17:46:04Z,2010-11-30T21:29:27Z,8193b420-9a64-5f76-949f-e94a22ce7f15,8d542966-602a-521c-aa88-a5154645e92f
2f7437d6-f983-5c74-9919-33534a8312ec,54c8c48b-0b4b-5340-be04-b4516c60237a,DL-BE-30016,Primary,,2010-12-15T18:53:13Z,2011-01-03T11:14:13Z,57eeab52-21a2-5188-9e78-3f962c9f989c,41d5d97b-4497-53c0-a4c3-f1390a48488f
974e9a6a-8044-5091-934a-3e74a5a99395,41e3a764-086e-5902-a2fc-91764c515591,DL-BE-30011,Primary,,2010-12-17T01:36:08Z,2012-04-30T19:57:09Z,f66feb28-cfcb-5a5a-ae9b-1f2a24568dd4,e1cec654-921e-5a6d-9f1e-42e2856d613c
73764610-5f45-5329-bfef-c1c26243200c,2ffafc0c-2f7f-5f57-a5e4-3d32e510ece2,DL-BE-30002,Primary,,2010-12-16T18:20:34Z,2011-03-09T22:18:22Z,7fd274e1-e7c0-5a42-bde6-344a172a2251,b5ee55ad-07e5-5b91-b487-8dde087f5f6e
c1205aa4-81fc-5a01-8954-bcf1e159af37,2ffafc0c-2f7f-5f57-a5e4-3d32e510ece2,GEO-BG-30012,Sensor1,N,2010-12-16T18:20:34Z,2011-03-09T22:18:22Z,7fd274e1-e7c0-5a42-bde6-344a172a2251,b5ee55ad-07e5-5b91-b487-8dde087f5f6e
56ee940f-69b4-569d-b565-8e7e6d73ef9c,1bd355e0-d293-55fe-903a-de74ad0e6451,DL-BE-30030,Primary,,2010-12-23T11:57:28Z,2011-01-05T19:46:07Z,0a8aa55d-9bda-5e73-9880-2e0e5eb0d504,8cfce1ab-f4f5-5f3e-a847-d87db8ada1b1
65933fa4-ee24-56d1-af45-9b45d52fbc28,361e9ba6-8d91-5d95-9553-e651dc8f9cbb,DL-BE-30012,Primary,,2010-12-28T21:32:45Z,2011-01-19T19:58:23Z,3c7dba78-4f52-50cc-a63b-8bbdbaa7bad2,e7d07c5d-4118-54ad-a6aa-e92573ce9fa2
9dbf9cfe-c03a-5d6f-8a7a-a0b4f9e60d97,68e0e591-61d3-50c2-8c8e-22a1061a2b03,DL-BE-30022,Primary,,2010-12-31T18:58:17Z,2011-01-18T18:33:16Z,586f968e-2728-5112-8cd3-d0c871e59a0e,72ac1405-a0f8-5f09-9ba9-ace035d00fc2
77ebd635-4adf-5708-8fa1-7c36c7bd2f3a,7d17a382-eac2-5a17-8f90-6501d09a9b04,TMP-5001,Primary,,2011-01-05T18:56:27Z,2011-03-08T00:34:07Z,43d18ca1-5571-596b-83b3-669f0ae42121,f2de40a6-773a-580a-a530-3939f01f5359
7b9a475f-6a5a-571a-a08f-37502479c341,7d17a382-eac2-5a17-8f90-6501d09a9b04,GEO-BG-30006,Sensor1,H,2011-01-05T18:56:27Z,2011-03-08T00:34:07Z,43d18ca1-5571-596b-83b3-669f0ae42121,f2de40a6-773a-580a-a530-3939f01f5359
557f8881-0164-5494-8c93-b8ead8f088fb,c826e4c8-690e-50eb-8d17-c0adbb681704,DL-BE-30000,Primary,,2011-01-06T14:11:02Z,2011-02-17T19:43:24Z,6928b6a3-78bc-588c-994f-95ca68652147,469f8847-def8-5642-a316-cb7135eb1fdd
40db6b13-3169-5f97-b1d6-d7732a49d2ee,c826e4c8-690e-50eb-8d17-c0adbb681704,GEO-BG-30001,Sensor1,BH,2011-01-06T14:11:02Z,2011-01-24T22:23:27Z,6928b6a3-78bc-588c-994f-95ca68652147,8417ce0c-b3ce-5fa5-a8ad-4e392e08b185
8fb14232-3376-51b7-93ea-3e6bdb9ce0d3,da951703-592a-521e-88c9-db870b3470f2,DL-BE-30014,Primary,,2011-01-08T00:49:47Z,2011-03-07T20:19:21Z,cc256c7b-a9c3-56ac-9bb0-7d63129858eb,811f85ec-65c3-53b2-b0f2-8d58c1f24b6a
b03ad348-76ca-5f74-8564-0ea113c79e89,da951703-592a-521e-88c9-db870b3470f2,GEO-BG-30013,Sensor1,N,2011-01-08T00:49:47Z,2011-02-21T21:28:13Z,cc256c7b-a9c3-56ac-9bb0-7d63129858eb,d0eb7287-f879-5938-9e7e-eee59c7b46cf
2bb20699-ba28-5693-a691-53aeab6d8d5b,b11ff76d-2664-5aa5-a2b1-c598bd6b90f8,DL-BE-30021,Primary,,2011-01-07T21:27:10Z,2011-01-18T01:55:10Z,3363b264-4a02-5d26-b212-9c23e4945677,d573ba51-04f8-5b2e-8995-4052effcbe91
88688648-0d5c-598e-a840-43389c43cc08,537fa69a-9f59-59e2-b392-4024d9a63e04,DL-BE-30026,Primary,,2011-01-13T22:47:00Z,2011-02-06T20:43:52Z,0f7e2dfd-ef00-5269-8e8c-8d8dedea3d66,0bc1475f-c704-56a3-bfa1-e70540368885
573e9bcd-562c-5e35-9380-b866568188aa,f6ff826e-fb40-5534-9e41-23f4996c77ed,DL-BE-30016,Primary,,2011-01-16T15:29:54Z,2011-01-24T20:29:12Z,a2fbd7d1-3f12-5099-8296-a349bd250447,d3e924cf-12c3-54ba-8fe0-06a529525e79
c3189bff-757e-59be-833e-a2de200b1cdd,0174eb20-b158-5d8f-85a9-b6d22422a116,DL-BE-30009,Primary,,2011-01-21T19:31:40Z,2011-02-10T22:55:37Z,46d71539-163d-5681-b1c6-49f07f408aa4,0c6acc3f-0c21-5d14-9e7b-8ac87994fc71
2e1dc3f5-15ba-5546-aa0e-daaac0ff9908,cefde336-559c-59e9-9629-c344b0852516,DL-BE-30019,Primary,,2011-01-31T22:01:25Z,2011-02-18T22:58:16Z,40367123-ba83-5cca-b798-fc9f45b396cc,11a0b95c-5556-53ed-9b67-b5a2c738b938
ba32571c-ae4f-5807-99fe-4952a399386e,ce909711-c708-51e2-9c87-1157ab82e9cc,DL-BE-30005,Primary,,2011-01-31T22:30:11Z,2011-03-30T17:36:32Z,495d4f7a-b864-5475-a5f6-d86f0ec1c641,752bc773-df86-5eb5-b953-156d507fed9c
eddd0231-426c-5b5a-8e6a-0bf64d06b299,ce909711-c708-51e2-9c87-1157ab82e9cc,GEO-BG-30007,Sensor1,H,2011-01-31T22:30:11Z,2011-03-30T17:36:32Z,495d4f7a-b864-5475-a5f6-d86f0ec1c641,752bc773-df86-5eb5-b953-156d507fed9c
0b652859-ad58-5380-acb4-5260b67aae85,ce909711-c708-51e2-9c87-1157ab82e9cc,GEO-BG-30008,Sensor2,W,2011-01-31T22:30:11Z,2011-03-30T17:36:32Z,495d4f7a-b864-5475-a5f6-d86f0ec1c641,752bc773-df86-5eb5-b953-156d507fed9c
518e2360-3eb1-5044-a7b0-a7b6929060c8,20f75081-6db3-5cb1-94bb-d27574a8ff21,DL-BE-30029,Primary,,2011-02-02T23:47:54Z,2011-05-12T17:46:55Z,1a7a178f-ad41-50f8-8700-7dbeec6a48a6,a3441e67-53bf-5c58-85ae-333c69e4af21
135e6a1a-32d7-5a48-ad07-5aaf290c99a8,b6858f88-9171-56f9-a81f-ede1accf50e6,DL-BE-30030,Primary,,2011-02-13T22:16:13Z,2012-05-07T20:38:13Z,c1c1d989-888a-5194-9a2f-f26adf6d3502,934a9007-d705-5b88-9d36-f4791cf14798
a4b008ac-dafd-5d47-8df1-06c0077bf716,4bab46b4-3b1c-5aee-bace-5dfd54868872,DL-BE-30023,Primary,,2011-02-15T13:49:55Z,2011-07-29T18:34:18Z,f1196170-6745-5499-bba4-d1b1fd6cf162,a3d10d0a-b3d8-575d-8834-ca1021a3d487
019c3a45-35d4-59f1-854e-18dd46509c69,fbca8015-d330-53d1-8f70-7b2209d3ef4c,DL-BE-30024,Primary,,2011-02-18T11:44:59Z,2011-03-15T20:31:21Z,306e693e-baad-5b0d-b25f-2ff973026093,d212585c-fce5-5ec0-8689-e2af51708285
474bed30-eb93-5fb1-9662-020bd7fcbe26,3cbda8cd-511d-5bac-b914-33701bca3d3a,DL-BE-30026,Primary,,2011-02-18T11:13:02Z,2011-09-19T21:40:43Z,07632d41-47e5-5973-9a0c-5aed0e0894ba,4eea7d7b-f26d-5e76-8f70-242a3f18283a
88df79dc-8b2f-5a17-9faf-9b648c3886fc,ecdb12f0-d4bb-5ebb-a0c4-2c447440d288,DL-BE-30021,Primary,,2011-02-22T12:27:54Z,2011-04-05T17:28:37Z,257ef2c4-4f9a-5edd-bfbb-6f9a59d2963c,f9471c7f-b542-5f6d-a2d0-96e5a345b2ef
3825c16a-7e9d-5b29-8e96-8824cf406e5d,a0cecd81-b192-504d-ba3b-61f5f69b7894,DL-BE-30022,Primary,,2011-02-25T17:53:04Z,2011-07-25T21:22:09Z,2c1a8896-d25c-579b-b790-662e7cff06e5,f1e8908f-772b-5d30-8621-496638e8a824
847c312c-fbe1-575f-b13f-acda51058431,55829735-2a87-5c57-9a6b-cb625b485f30,DL-BE-30019,Primary,,2011-02-28T17:08:29Z,2011-12-26T22:28:31Z,dd210943-4a28-5f1a-831f-9d095ca6312a,ca61fbcb-b61d-5cc6-a8c7-6ce4af0fa690
2e52894f-12c8-5d77-ae24-b98ed6d1f823,498533b0-2584-55fa-8a0f-88554e22231f,DL-BE-30009,Primary,,2011-03-01T13:16:35Z,2012-02-21T21:42:52Z,eea17411-0086-53f3-85a0-cb9e23757612,eba45350-177f-56df-a144-ba35788e2dca
ecee5f22-f70b-5508-9e9f-0767a26423ec,8b4c7be8-71ef-5506-8274-8c34f8853e36,DL-BE-30007,Primary,,2011-03-02T14:19:07Z,2011-09-19T17:56:03Z,9b9e13ba-9b48-519f-a047-1aebf9a223ba,697cc43a-ee16-5aa2-a58c-c4d9b91f1452
d1cc89fd-df4e-5015-82b0-2b3ecf045bab,8b4c7be8-71ef-5506-8274-8c34f8853e36,GEO-BG-30005,Sensor1,E,2011-03-02T14:19:07Z,2011-09-19T17:56:03Z,9b9e13ba-9b48-519f-a047-1aebf9a223ba,697cc43a-ee16-5aa2-a58c-c4d9b91f1452
df914737-56c5-5831-b4a8-13ba508ffbb2,166de21e-8043-5b34-9bf5-1b025e9c7b7f,DL-BE-30000,Primary,,2011-03-07T21:34:01Z,2011-06-24T19:52:34Z,09b06592-a0a1-58b4-8e43-9091c4fd8d29,792fbb4a-ca26-585d-9927-4d5c5e4b6e86
2db9a835-7c70-53cc-adef-ba0e434378ee,166de21e-8043-5b34-9bf5-1b025e9c7b7f,GEO-BG-30001,Sensor1,V,2011-03-07T21:34:01Z,2011-06-24T19:52:34Z,09b06592-a0a1-58b4-8e43-9091c4fd8d29,792fbb4a-ca26-585d-9927-4d5c5e4b6e86
83b64267-1804-572a-bcd5-411ac9e1edec,ed72711b-92aa-5526-9a0e-7337e85e24d7,DL-BE-30020,Primary,,2011-03-11T19:43:47Z,2011-07-14T18:41:42Z,cf01d3b3-5a1c-5917-8ef5-f1fd522bec04,b86d3a76-f304-59d3-8028-38bd27769903
f26c78dd-8d4d-5985-967d-85f12661e41d,f93677e6-a73a-563c-ba78-c3d0de81b24c,TMP-5001,Primary,,2011-03-19T11:19:45Z,2011-05-17T18:25:04Z,74ce0f74-18a0-5c74-af6d-66de44275531,5b010fed-67cc-589c-b0c8-96d42eefd598
d1d6934d-de91-5980-933b-972cacc8f9ab,f93677e6-a73a-563c-ba78-c3d0de81b24c,GEO-BG-30006,Sensor1,S,2011-03-19T11:19:45Z,2011-05-17T18:25:04Z,74ce0f74-18a0-5c74-af6d-66de44275531,5b010fed-67cc-589c-b0c8-96d42eefd598
66a2ccb3-8cdd-5d63-bd0d-71fa664af480,7b4f4d37-3ddb-5a59-97a1-3fa216f897b9,DL-BE-30001,Primary,,2011-03-21T17:32:37Z,2011-08-30T20:27:17Z,29d914ee-30a9-58f2-a980-61f141dba3f7,3e52e1af-5187-562f-846a-a187a7b0f844
04b8acd1-9234-546b-963e-22f1a4fada7a,7b4f4d37-3ddb-5a59-97a1-3fa216f897b9,GEO-BG-30000,Sensor1,N,2011-03-21T17:32:37Z,2011-08-30T20:27:17Z,29d914ee-30a9-58f2-a980-61f141dba3f7,3e52e1af-5187-562f-846a-a187a7b0f844
3a3086e0-0184-5bd9-a2a3-9d7a4af01f0b,c5fd2cf2-ffba-54d1-9e02-603d3d46e17d,DL-BE-30024,Primary,,2011-03-22T20:44:32Z,2011-04-05T17:53:50Z,8a544f9f-68a9-569c-bb09-cddb90e9f878,c3833173-9657-5def-a0d4-8cbac0bcc9e1
6783631f-af97-5ef3-86db-b056fc87c061,59bb6da0-98e8-5063-8c45-ba975dd4b190,DL-BE-30017,Primary,,2011-03-28T21:49:34Z,2012-03-27T18:30:19Z,f1e85681-55fa-5c1e-a61b-da64345b6faf,b3c0a6b6-e722-51ba-9d8d-3522abd32fba
de6773c3-ff6f-54ce-b3ac-641f3c38ffc6,aac5ebbc-4672-51ab-8dff-dbe32f771f15,DL-BE-30012,Primary,,2011-03-29T12:45:49Z,2011-05-25T18:24:12Z,da971baf-b9ab-5bc4-a4c6-80a785dcab44,df082ae7-3f2e-5898-a999-f8f6996b5cf8
d7f6904e-4162-5600-b33d-e5e2f573367d,fc36b829-3fbb-5fda-8632-3f4119f3be4d,DL-BE-30016,Primary,,2011-03-30T19:19:09Z,2012-04-09T19:02:09Z,02feb8ec-b0a5-5c66-af8e-5a8a81b4f0dd,eb106161-d814-561c-bf5f-e5772c25a396
ff7b1b6a-783d-501b-a1b6-5c85787f0be7,50d92a11-6db9-528f-ae8c-717c2499393b,DL-BE-30013,Primary,,2011-03-30T10:26:59Z,2012-05-21T17:30:42Z,6fe11fbb-12fd-5b6a-9d37-30af4b42c744,e1f63d3b-84a0-58fa-a02e-db9f19e0c6a6
9fd0276d-2553-5ab2-baa9-9cfdeb04dfbe,50d92a11-6db9-528f-ae8c-717c2499393b,GEO-BG-30011,Sensor1,H,2011-03-30T10:26:59Z,2012-05-21T17:30:42Z,6fe11fbb-12fd-5b6a-9d37-30af4b42c744,e1f63d3b-84a0-58fa-a02e-db9f19e0c6a6
db8602e0-2e94-57fa-a9ab-da30398c9c74,7c72e9e5-b52f-56bb-a6c1-b163deeb6092,DL-BE-30010,Primary,,2011-04-20T18:55:27Z,2011-10-28T21:53:01Z,94e43a87-4b4b-530a-9ec2-c9635e5a85d5,8a9998e8-5132-54c1-a198-b435fa7940c1
751ecc82-d226-5194-b8b5-5571e7bc7e01,7c72e9e5-b52f-56bb-a6c1-b163deeb6092,GEO-BG-30010,Sensor1,N,2011-04-20T18:55:27Z,2011-10-28T21:53:01Z,94e43a87-4b4b-530a-9ec2-c9635e5a85d5,8a9998e8-5132-54c1-a198-b435fa7940c1
ba70240c-182d-5a0c-ba5e-1935effaba12,77031a23-1811-5e9a-be09-60c50989b752,DL-BE-30021,Primary,,2011-04-26T19:57:15Z,2011-05-09T20:51:13Z,97e18d7f-cba7-53a4-908d-d62d920d0a8e,b22beac7-3967-5ad4-994f-35e8ea9df041
911af066-d127-5adc-b023-f3d99cf0637d,75fe9d5a-0a05-5779-aeb7-37fb4ce9246d,DL-BE-30031,Primary,,2011-04-28T11:59:46Z,2011-09-26T18:52:10Z,1c3fb366-d4a8-576f-bf50-a5675b3bd50f,a5a0f906-ad82-5d26-88ab-3eec57b8c6fb
f14a2553-71d5-52eb-9f7a-f1958489bfba,a945b4c3-7472-52ed-8e0d-d07ef5a3a391,DL-BE-30014,Primary,,2011-05-02T13:17:26Z,2011-07-25T18:54:58Z,345ddd4f-672d-54f2-ba0c-fa0784389159,4c93144f-af24-5075-8eee-669496247276
8d6e2bd2-a304-56a4-87e8-871fcd3eb81c,a945b4c3-7472-52ed-8e0d-d07ef5a3a391,GEO-BG-30013,Sensor1,S,2011-05-02T13:17:26Z,2011-07-25T18:54:58Z,345ddd4f-672d-54f2-ba0c-fa0784389159,4c93144f-af24-5075-8eee-669496247276
f551daa1-0f52-5b61-88c6-bf05a740956d,eb6c81b1-8827-5cdf-9b03-48e1e44cdf9c,DL-BE-30003,Primary,,2011-05-05T16:36:29Z,2011-07-18T19:22:40Z,595e8ee6-bdb2-57e0-bf71-d76f8d7d47bc,5d8b8b30-7623-5f9f-9d6e-9f463aca5159
b57ffc28-1b89-5d7c-8bfa-2e49aaa5a9dc,eb6c81b1-8827-5cdf-9b03-48e1e44cdf9c,GEO-BG-30002,Sensor1,W,2011-05-05T16:36:29Z,2011-06-27T21:11:10Z,595e8ee6-bdb2-57e0-bf71-d76f8d7d47bc,609321f6-4f9e-5014-82e9-9454dd0dc9b7
4f922595-83ec-52d2-9c11-8a7fbe27eb12,f1f6433a-0fc9-5fd4-8ff2-24a4a7499850,DL-BE-30024,Primary,,2011-05-16T12:24:31Z,2012-10-19T21:24:57Z,0fc4cc35-3b00-58f1-a3df-88e2cfc86d5d,85dde3b2-2cad-5d26-b9c5-b1ba6220a6cc
ec22962d-463f-545f-932f-07f88d2eb9ce,e3694926-7fdb-54a6-a43c-42b57ee91ed6,DL-BE-30029,Primary,,2011-06-07T13:53:35Z,2011-06-19T21:43:23Z,d203fe36-df24-58de-b120-cafcb66516f5,02d3e279-bca8-5b4c-88e2-b024a7bc0430
02b45837-b61f-5f7c-9ff9-cfc52af0e7bc,bfd4696b-259c-53c4-b0f6-686e1d24ade5,DL-BE-30012,Primary,,2011-06-26T14:31:15Z,2011-08-11T20:25:08Z,0e759798-966f-58e2-b839-a37584c916b1,4457b32a-384e-51d8-8b1e-1860089f1b57
e22c0498-a6a9-559f-b520-bebc311357e4,af224fb1-b027-51d1-abea-0fa7333efb86,DL-BE-30032,Primary,,2011-06-29T19:26:15Z,2011-09-05T18:18:22Z,006d9e49-e911-5fc2-8a57-78d90fe6d96d,c21e4da0-0f55-5a81-b713-fe338777daa6
e917e2b6-9768-5c05-92ed-055d62ed1f14,27c7287d-ca83-51e8-a87e-e09434ae33e2,DL-BE-30021,Primary,,2011-07-06T18:08:37Z,2011-09-19T18:51:40Z,e0728636-0c97-57ee-8ef3-b308ef23102e,172a71b5-39f0-5c1d-bade-c7f00b078d47
50f38301-f91a-5e8d-874c-77bbda08857c,827e862d-3c70-5902-9864-6d72e4137e73,TMP-5001,Primary,,2011-07-18T00:39:53Z,2012-04-11T18:19:04Z,6cda0f5d-9b18-58b8-bff1-e12d1089e4d0,e093b21c-1daf-5e3e-889f-67890037def8
8b33152a-e599-5cde-b23e-739ae4420179,827e862d-3c70-5902-9864-6d72e4137e73,GEO-BG-30006,Sensor1,H,2011-07-18T00:39:53Z,2012-04-11T18:19:04Z,6cda0f5d-9b18-58b8-bff1-e12d1089e4d0,e093b21c-1daf-5e3e-889f-67890037def8
814c196b-5188-5e1b-9baa-ddcf7cc103e8,66c54ae9-b73c-5e79-a93f-4b629d9be6b0,DL-BE-30029,Primary,,2011-07-18T21:42:00Z,2011-08-16T20:27:31Z,90900371-0a93-519e-9e94-e523659d15dd,2c31a727-80f1-5c7d-b301-c85cac3e4953
a43ddb87-6345-5bba-87ce-c46d0e513b93,e21cb03c-f7ff-5a71-b85f-8d391a804e5c,DL-BE-30028,Primary,,2011-07-29T18:24:54Z,2011-11-04T21:38:10Z,430f42ae-8074-5ba5-a51d-159c69adce8c,afa13e61-8bad-5cb2-a3a0-bcb942a2762b
e8e1ae76-e4f9-5469-a53d-63c61db81f15,678b1ab2-ee57-5a84-a282-934c6833bf74,DL-BE-30015,Primary,,2011-07-30T21:18:14Z,2011-11-07T19:29:55Z,26b65b6f-d31b-5642-b197-1a79820e0e8c,89475dce-7d29-5f5b-b8f9-f3c3a05525b7
b55dc6d5-2d97-5b40-93b8-0adb821506cd,678b1ab2-ee57-5a84-a282-934c6833bf74,GEO-BG-30014,Sensor1,S,2011-07-30T21:18:14Z,2011-11-07T19:29:55Z,26b65b6f-d31b-5642-b197-1a79820e0e8c,89475dce-7d29-5f5b-b8f9-f3c3a05525b7
26e59ed3-531f-53dd-9760-b6134e5f334d,678b1ab2-ee57-5a84-a282-934c6833bf74,GEO-BG-30016,Sensor2,BH,2011-07-30T21:18:14Z,2011-11-07T19:29:55Z,26b65b6f-d31b-5642-b197-1a79820e0e8c,89475dce-7d29-5f5b-b8f9-f3c3a05525b7
4f96b6dc-8543-5f1e-afa2-35ce7c104ec5,c55779e3-b063-5016-a21c-5150daa245c7,DL-BE-30020,Primary,,2011-08-01T17:30:34Z,2012-01-09T21:32:16Z,5572cb8e-e3ae-5d65-8d44-0ae2b3c7c2b4,94c12d07-c5a3-55e9-af07-0edbc3f56e6d
79ee9595-121d-59f6-94fe-06ad3334cdc7,f3db76cc-2dc7-5794-822b-e2d35d9d7360,DL-BE-30000,Primary,,2011-08-02T18:42:16Z,2011-10-17T19:16:26Z,ed3194d4-c46f-50ee-b2c5-38634934a7eb,09cec44b-2f76-5b30-b63e-c0fe79788105
1720f136-8350-5c53-9041-4630434385b5,f3db76cc-2dc7-5794-822b-e2d35d9d7360,GEO-BG-30001,Sensor1,E,2011-08-02T18:42:16Z,2011-09-06T19:25:26Z,ed3194d4-c46f-50ee-b2c5-38634934a7eb,afd5d2f6-d470-5ce8-9952-df46571be61a
cabfe8d0-f4f9-53bc-93c5-3fdd0f28ed3f,c4086ce7-603e-5f25-a745-ab2f078987d1,DL-BE-30003,Primary,,2011-08-17T13:11:23Z,2011-10-06T21:34:01Z,bdc58180-2477-5932-bea0-c0b9ecfe92c4,261fcd1e-ca15-53ad-90c7-dd2e47f070f5
deb7b7a0-56c0-5fff-8eb1-cfbc16ff888f,c4086ce7-603e-5f25-a745-ab2f078987d1,GEO-BG-30002,Sensor1,H,2011-08-17T13:11:23Z,2011-10-06T21:34:01Z,bdc58180-2477-5932-bea0-c0b9ecfe92c4,261fcd1e-ca15-53ad-90c7-dd2e47f070f5
be5ddeda-1a9e-5450-a99a-ea1221ad3344,5879ec63-96f7-5f2d-8b44-96893b0aaa49,DL-BE-30006,Primary,,2011-08-18T16:13:54Z,2012-03-16T18:13:54Z,d77b2c53-5f14-5acd-84a8-a8664ca39f51,b1a39c0d-000f-5779-ab49-b5e4603f1875
a71fe9f8-973a-5579-9386-4e8c3dad198e,e369ba19-597e-50f4-b04c-3078a42f8291,DL-BE-30002,Primary,,2011-08-24T20:24:01Z,2012-06-26T21:27:17Z,a140dda7-f8cf-589c-8a7e-740f36cc8e8d,0f68ec20-3b15-5ed2-b38a-a041a8e96aef
7b4d127b-e740-5d31-a9a4-eafe4780b838,e369ba19-597e-50f4-b04c-3078a42f8291,GEO-BG-30012,Sensor1,N,2011-08-24T20:24:01Z,2012-06-26T21:27:17Z,a140dda7-f8cf-589c-8a7e-740f36cc8e8d,0f68ec20-3b15-5ed2-b38a-a041a8e96aef
b7fc93ae-4cde-5c72-8dc2-c8e0dbd45c6e,9ad7b7bc-5a3a-51a4-94e7-705b441240ca,DL-BE-30022,Primary,,2011-08-29T15:49:13Z,2012-05-14T18:38:08Z,9ef7b05f-df0f-50b0-882d-ff78f61fbc68,5a6f7dd8-5114-520e-93e8-fe68008ba3f4
ac998d88-9eeb-57b1-9d0a-ac1cef8dfc4c,1d977695-0cbc-5d78-85fd-8116eec934d3,DL-BE-30023,Primary,,2011-08-30T13:31:06Z,2012-01-15T20:17:29Z,298869b8-e8df-52c7-9b2a-2638e990aae5,3707db0f-7fe5-5061-b0d1-0a99eb1cf7d0
4a37d077-b959-5e76-b58d-3995080fb8e5,0f73b27f-c3ae-5682-96bc-63e0e36579ee,DL-BE-30033,Primary,,2011-08-31T15:27:55Z,2011-09-09T17:41:11Z,b083c755-fccf-56a2-b643-97b40f5106ec,9ed4eb42-0978-57d3-9105-93551a81ea44
75262bbd-3ffc-52ed-9de2-dabe15f0d619,3aef3551-7d2e-591a-a2a4-6df9fa39a492,DL-BE-30027,Primary,,2011-08-31T20:51:17Z,2013-07-18T21:02:23Z,cfcf2b01-dfce-5c52-a7e4-db10d5f16124,9a535ff9-2dc1-5831-b2f3-ec9e618080f0
08b1b26d-bdb3-5ba8-9acf-59b4c0cfee27,9f692b7b-21f9-5225-a24b-4b77b18e4780,DL-BE-30014,Primary,,2011-09-09T10:47:01Z,2013-02-20T22:08:59Z,5d910eea-9089-50a0-bd10-471bdcc75e40,d648a48d-570c-58cf-85fa-b3a40bec186b
bd14042f-43f2-5c30-b80e-2c65042eacbe,9f692b7b-21f9-5225-a24b-4b77b18e4780,GEO-BG-30013,Sensor1,E,2011-09-09T10:47:01Z,2013-01-14T18:25:37Z,5d910eea-9089-50a0-bd10-471bdcc75e40,2a95c29f-fd03-5b32-beb9-fcc5c84f9c42
f0305de2-9e42-5f46-aa10-eeabee86be27,e839e32b-4f9f-5c06-9d0b-33417f25f5c4,DL-BE-30032,Primary,,2011-09-16T15:48:15Z,2011-10-12T17:33:20Z,0a906450-1e19-59fb-9002-c7c01a45d687,78949ca3-1eb1-5440-9ecf-01e56c0303ee
1cf9e173-bc6d-5605-bc85-f4f433971426,832969d5-6f86-5b95-b75c-9d1ac3c9fb78,DL-BE-30033,Primary,,2011-09-20T19:10:21Z,2012-05-23T19:33:20Z,bce705d0-00a9-5b38-9892-61dbe768be90,1e0f357b-d7f8-53ae-a5bd-62aeea8983b2
3934ded2-ebf2-5fa7-b20e-0f796849bc72,5598730f-27ad-5cb8-9cf5-b5988675d455,DL-BE-30029,Primary,,2011-09-26T21:00:10Z,2012-07-24T18:35:42Z,1a946dec-74be-53b1-8ab9-6380b10e8317,fc5bc560-1663-5cce-9890-903aea270311
29af15da-5cb5-5cec-802b-aa1c749b8b81,6e25fc76-f9ba-576c-b978-dbf3f38c66f6,DL-BE-30021,Primary,,2011-10-13T14:17:01Z,2013-01-07T21:55:35Z,ebebd285-15af-59a9-a85c-f4a0b5329570,6e0f94f5-0f5e-550a-8dea-99dfaa5181b3
f7c27be8-3bd0-5c13-ad9e-925c5b08afe8,6fdb2b44-9b24-546e-868b-c1b46bdeb0f7,DL-BE-30008,Primary,,2011-10-17T18:02:37Z,2013-07-03T17:18:14Z,41845aee-b4c8-59cb-b763-e68a20053b45,2c3c07a6-b1cf-5ab7-80f4-50d06ec7d4d5
1ddbf552-e1b4-5d5a-a0db-9f36fc252604,a5fe1b45-e81d-5b1e-acf5-d7b6f499175b,DL-BE-30034,Primary,,2011-10-19T18:16:56Z,2011-11-05T19:25:22Z,dd12b728-93ab-5f9a-b590-c7f379684e35,1ed22dd9-f096-5868-ab6d-fd21f0efeb67
ed6fd1ec-7529-581c-8d28-c9baad95cbc3,e616e8c3-3c94-5dc7-a0b9-542bc66492f7,DL-BE-30026,Primary,,2011-10-20T15:42:43Z,2012-01-09T18:06:32Z,ebd86ff3-5b4d-5262-89df-5b49f599618c,52ecc9dd-626a-5a90-9bd4-e3641a408e2e
8564be08-86b0-565e-918d-02d2bd76a3e8,c4f304d7-db63-57d4-8037-c83eca65e70d,DL-BE-30012,Primary,,2011-10-20T20:43:59Z,2012-01-23T20:50:58Z,44356e59-20ce-5a82-9e4f-2ddfd769d9c2,b3ed9ada-4fa8-5155-9bae-ad7410a8e5de
7503be25-31f6-50ce-9ad1-8d1fd346405f,c4f304d7-db63-57d4-8037-c83eca65e70d,GEO-BG-30019,Sensor1,V,2011-10-20T20:43:59Z,2012-01-23T20:50:58Z,44356e59-20ce-5a82-9e4f-2ddfd769d9c2,b3ed9ada-4fa8-5155-9bae-ad7410a8e5de
f55bb636-b4b8-596b-be56-bdb3f0f4d825,0906b8b6-7545-5be5-8487-b00845b8e902,DL-BE-30032,Primary,,2011-10-27T17:57:55Z,2012-05-16T20:09:14Z,c96ca4b9-1c03-5645-9525-ae8c2859ac34,6c6960ba-6ab1-58a8-abd5-868ba079cbf0
d4534c9d-dea3-5ca3-898f-be7431c6e095,0e647a1f-75f1-5cf8-b5ab-fdaa5fd879d8,DL-BE-30001,Primary,,2011-11-01T22:33:07Z,2012-03-01T19:30:20Z,bacce09c-ceec-594f-91cd-73523b7e4ed0,704bd769-0823-5b93-8f15-25347e1c4c5b
f08f7dd9-0872-5643-81c8-ea12372e0d09,0e647a1f-75f1-5cf8-b5ab-fdaa5fd879d8,GEO-BG-30000,Sensor1,S,2011-11-01T22:33:07Z,2012-03-01T19:30:20Z,bacce09c-ceec-594f-91cd-73523b7e4ed0,704bd769-0823-5b93-8f15-25347e1c4c5b
d8a46834-2208-565e-9cb3-080731088e19,1d054e3d-5ad5-5bdb-bddf-1c376be72985,DL-BE-30035,Primary,,2011-11-02T17:45:09Z,2012-02-22T19:12:57Z,a4e201d0-94bb-5bde-a6f8-4d1ac844f0fc,41c89190-4397-5791-b895-e5433ad8e5eb
da6b610d-50ed-5652-ab78-5b894e609ef9,5db16266-03c2-5fde-a05b-279b46ef2daf,DL-BE-30007,Primary,,2011-11-07T19:03:22Z,2012-05-14T17:12:36Z,eee34b9c-af1a-5cdf-9780-b9ff02bd4bc2,28f00b0f-59be-5054-ae42-10522b95adb8
445afc58-e9d8-53ff-a8db-dd33473d20fc,5db16266-03c2-5fde-a05b-279b46ef2daf,GEO-BG-30017,Sensor1,V,2011-11-07T19:03:22Z,2012-05-14T17:12:36Z,eee34b9c-af1a-5cdf-9780-b9ff02bd4bc2,28f00b0f-59be-5054-ae42-10522b95adb8
c2ca1e12-54a1-593f-aa18-26dda4d657e2,9feee826-e551-536c-b4c5-d96e7af93956,DL-BE-30031,Primary,,2011-11-08T15:20:14Z,2012-01-23T21:39:51Z,3ad10d19-479c-5da1-9cae-7b9dfdf55252,67b69c2b-471c-5a0c-ac70-b8f5f3e8af61
0daca13c-65aa-5909-a1ed-bfc3ecae43f2,82528fa5-31a7-5dd8-a391-5695bfb74e0f,DL-BE-30028,Primary,,2011-11-15T15:33:49Z,2012-03-31T18:19:47Z,ce36ce97-e82f-5676-bd4f-59b4d32d3520,d445bb49-eaec-5cd4-a19f-a035e34c6492
15258250-2b5c-5766-85bc-dbc7410ba19c,584e6863-371f-5138-8dcf-5c2081a5f369,DL-BE-30003,Primary,,2011-11-21T14:52:09Z,2011-12-19T21:18:10Z,f8bd648f-6864-53b2-ae93-bc65c22a13ea,f614b77e-6562-5994-8d32-8c58710e9815
ccc820c4-837b-5894-b3f3-68470d99d9ca,584e6863-371f-5138-8dcf-5c2081a5f369,GEO-BG-30002,Sensor1,H,2011-11-21T14:52:09Z,2011-12-19T21:18:10Z,f8bd648f-6864-53b2-ae93-bc65c22a13ea,f614b77e-6562-5994-8d32-8c58710e9815
0f6490e3-174d-5155-bf3a-a4418dfe8421,695ff697-fa0b-5bfe-8994-c20104cf50ed,DL-BE-30018,Primary,,2011-11-30T13:12:31Z,2012-01-17T21:34:12Z,6d8e7c88-8852-5cfe-aefb-8132c9207000,96c04c72-00ac-5fe0-b7a1-56b4f5f6bbc4
82924686-8c9e-5a69-b1a3-7266c710332e,b8794833-c219-56d1-a3ed-0d70f06a8de9,DL-BE-30034,Primary,,2011-12-05T21:17:40Z,2012-01-12T21:36:09Z,39b7a674-9eb2-5bdf-b323-51c51c8e9032,d614b370-75e7-5d0a-a800-7ec47e989163
d0f2adfd-beed-5453-a9f7-c51199c7504c,0dceba1a-b67f-525f-8e3d-64b2ded8ae6c,DL-BE-30000,Primary,,2011-12-12T16:49:12Z,2012-05-07T20:19:38Z,acd22634-3a99-5630-b800-d124e3b965b0,a4e2c91d-402e-590c-9f00-53eca57d8bcf
41de3a8d-73a6-5d59-b20f-f7ea1f660c24,0dceba1a-b67f-525f-8e3d-64b2ded8ae6c,GEO-BG-30001,Sensor1,V,2011-12-12T16:49:12Z,2012-05-07T20:19:38Z,acd22634-3a99-5630-b800-d124e3b965b0,a4e2c91d-402e-590c-9f00-53eca57d8bcf
6d580812-c4ef-51d9-8df6-148e2bc15324,c6f296ba-7220-54ea-b14f-987a5569426e,DL-BE-30015,Primary,,2011-12-29T19:27:40Z,2012-03-21T18:14:03Z,e0063099-2379-5948-a7b3-253cb3b46d6d,e3228aba-d673-581b-b4d2-361f656e7a36
6d121a08-c3fc-54bf-bd6f-c311636170f0,c6f296ba-7220-54ea-b14f-987a5569426e,GEO-BG-30014,Sensor1,E,2011-12-29T19:27:40Z,2012-03-21T18:14:03Z,e0063099-2379-5948-a7b3-253cb3b46d6d,e3228aba-d673-581b-b4d2-361f656e7a36
759d9fa5-8abb-5882-a5f3-5b590596c93a,c6f296ba-7220-54ea-b14f-987a5569426e,GEO-BG-30016,Sensor2,N,2011-12-29T19:27:40Z,2012-03-21T18:14:03Z,e0063099-2379-5948-a7b3-253cb3b46d6d,e3228aba-d673-581b-b4d2-361f656e7a36
5343fc33-c7a6-51a4-a4c9-6acb52b67c29,f352be1d-9fb7-5308-ab7a-19f2b333603b,DL-BE-30036,Primary,,2012-01-01T16:59:28Z,2012-03-30T20:20:44Z,d4893ed1-716f-5950-9d39-5c85c361f352,62bc406e-9f7f-56bd-b5f7-2ac33dfc5bf2
ac50904f-5189-5e4c-825b-3d14b19f7b7a,1d99043c-db97-5773-b218-265a7e14bdee,DL-BE-30026,Primary,,2012-01-17T15:43:49Z,2012-01-26T20:31:35Z,2ee8340e-f496-5cd3-9c96-a28d8aea8ed1,ec8bd7ac-3964-5c43-9f43-be4c22e445d5
a10ed132-e1ad-5e30-80fd-87145bc175d8,52bc87d9-5439-531e-9ddb-93e80fcaacb3,DL-BE-30020,Primary,,2012-01-19T18:08:16Z,2012-03-02T20:47:46Z,26790b18-82bb-585d-9894-3e90547027c0,b2c1eac4-9708-539d-82bb-2be70a10c87a
65dbdb5b-f970-568f-9d09-31de00c62431,52bc87d9-5439-531e-9ddb-93e80fcaacb3,GEO-BG-30022,Sensor1,BH,2012-01-19T18:08:16Z,2012-03-02T20:47:46Z,26790b18-82bb-585d-9894-3e90547027c0,b2c1eac4-9708-539d-82bb-2be70a10c87a
fada6f5b-4571-5376-8a6f-8926a59716b8,bda28e5a-14f3-5c90-bf27-a18682f11424,DL-BE-30010,Primary,,2012-01-20T13:04:32Z,2012-06-04T20:31:18Z,e40691d7-5c7c-57b7-bee7-b8c8e4166a01,238355fa-b734-5c3a-8ca0-08c1c92c41a1
f06f14cc-605f-517a-b664-daa363d79d69,bda28e5a-14f3-5c90-bf27-a18682f11424,GEO-BG-30010,Sensor1,BH,2012-01-20T13:04:32Z,2012-06-04T20:31:18Z,e40691d7-5c7c-57b7-bee7-b8c8e4166a01,238355fa-b734-5c3a-8ca0-08c1c92c41a1
b427655d-ecd8-5f96-a0d1-ee5c6db81848,9a679447-a474-56e9-93e4-ec75cc7790b6,DL-BE-30018,Primary,,2012-01-26T12:57:06Z,2012-03-19T20:09:13Z,14f62e41-da6f-5df8-ad52-5c792daefee3,5759fa61-4436-525a-8f57-f079d26f8f3f
3fc41b66-854f-5b1c-88a1-67938dccc826,9a679447-a474-56e9-93e4-ec75cc7790b6,GEO-BG-30021,Sensor1,N,2012-01-26T12:57:06Z,2012-03-08T21:03:58Z,14f62e41-da6f-5df8-ad52-5c792daefee3,05a6fc3e-ac2f-5e1f-a1ee-3413091b490e
3630b01f-9b9a-5e73-882e-a60a9bf9cedc,1f3f3189-5c59-5700-b145-30e9d3fa531f,DL-BE-30012,Primary,,2012-02-01T12:51:22Z,2013-01-28T20:23:46Z,910bb492-d784-50a4-93dd-b2d9e266d3f0,62e5bd02-ae63-5d08-9d5a-4766a53bac31
d0c7df5e-6109-5ec3-bd09-ba706dc3235d,1f3f3189-5c59-5700-b145-30e9d3fa531f,GEO-BG-30019,Sensor1,BH,2012-02-01T12:51:22Z,2012-12-21T21:33:12Z,910bb492-d784-50a4-93dd-b2d9e266d3f0,1bbeaad0-8ec3-5877-9b93-87e4d9974795
3d347108-2dbd-5a98-98d7-f934828dc267,e4c26ef0-db85-5aca-9e4d-202e50620fa2,DL-BE-30019,Primary,,2012-02-02T22:31:52Z,2012-02-20T22:06:34Z,13a3a418-fcab-5c74-893b-258e9851b774,796e2c96-5a16-59c9-9087-ada274e065d5
afb85fc3-754d-5845-96ae-cc7eae4143de,858bdc7d-3ca4-553c-a7c7-799e28faf8b9,DL-BE-30034,Primary,,2012-02-13T21:58:07Z,2012-04-16T20:05:12Z,ff9a35fd-2f08-5713-92f3-da1708ca6fd9,66dc940c-f231-5739-bf84-17741a899158
0f555905-914b-53cf-b339-35faf6cb7eef,0fb7ca41-d043-5616-9f05-41fd82682b42,DL-BE-30031,Primary,,2012-02-25T21:01:38Z,2013-08-28T17:50:10Z,47bbffec-5d10-55e6-ba21-7846e68d1472,354c3c61-3b18-5b3a-8ced-25c768ff7b24
a17ff8d1-7f95-55ae-bd12-1b068b14813f,1ecc26d2-990f-56ef-8742-f1506ba1628e,DL-BE-30037,Primary,,2012-03-01T16:56:19Z,2012-08-08T17:29:24Z,af4adcc0-bd98-5911-b574-9306bcac684c,a25b7f08-ffe3-5a75-970f-e20ec1687f16
51a6607e-358d-5d78-a99b-de82d4f91fd8,afdd9707-9cdb-511c-8d3a-2fa7f622d357,DL-BE-30003,Primary,,2012-03-05T22:45:51Z,2012-06-04T17:52:58Z,d01ab531-9870-5990-9580-9006af4f05a3,a570cc82-5921-5c35-a94d-8bea5f6e8b6f
42dbadca-6956-5540-b1db-1671cae632de,88477b46-0346-5807-9ef2-7ee91b26c41b,DL-BE-30038,Primary,,2012-03-05T19:15:19Z,2013-01-21T20:06:31Z,a090b38a-ac15-524b-a1ff-87c8c8eb4967,60b24ef3-86c2-53f6-a47c-b2bdd299a4af
e9f8b7f8-2247-5114-adf2-49f84df2b252,e4ec520a-9b8f-5cbf-9781-87e5af241c93,DL-BE-30009,Primary,,2012-03-05T22:03:04Z,2012-05-23T21:56:43Z,7a500fb0-a394-5ab8-bb56-425715c44df0,c09cbba4-4a9b-5647-87e3-1258d03d96b7
e9e4a82c-9964-5d83-9c39-e26e5c59b869,e4ec520a-9b8f-5cbf-9781-87e5af241c93,GEO-BG-30020,Sensor1,N,2012-03-05T22:03:04Z,2012-05-23T21:56:43Z,7a500fb0-a394-5ab8-bb56-425715c44df0,c09cbba4-4a9b-5647-87e3-1258d03d96b7
e36013b5-13aa-5e4a-a207-73b7d15d82d1,18ee3452-f203-5760-b977-244dfc1220ee,DL-BE-30019,Primary,,2012-03-08T14:39:41Z,2012-03-26T19:11:03Z,192cb577-f0f8-5fc0-af4b-bb0438a8b830,7e151707-d849-566e-97ea-e406721c9f1e
25612edd-1c7b-5761-80c9-65bfad6a5738,94d38fc8-87d1-5426-aed4-c14c9bf482dc,DL-BE-30005,Primary,,2012-03-12T19:56:40Z,2012-07-31T18:56:22Z,1468cc4c-30d8-5d85-8e50-c2c114b912fc,9642c2df-0137-5e58-92fa-470f544ceeef
fcc24ac2-1843-5eb9-bc29-77363410e856,25933124-d5f3-5893-ab17-556c2da8c139,DL-BE-30026,Primary,,2012-03-14T20:45:20Z,2012-04-19T17:05:11Z,d2773819-4f3e-51a7-af25-0752d3040f1e,547265c9-006f-58f5-94ec-eaa9579ca702
750d5834-91f4-54e7-8a0a-a58d3829343b,a914f064-b1f7-5b51-8283-3b06d4631853,DL-BE-30035,Primary,,2012-03-23T13:37:56Z,2012-11-01T18:50:46Z,78a9d548-59bc-552d-8b63-33228689ba0e,f465c90d-dd16-5370-ba1b-2c995b47ec83
862346fb-7330-590d-9d6f-b34ed5f7ccca,a7fcfbf3-b8c5-5b3e-aa24-333b11a01b66,DL-BE-30001,Primary,,2012-03-23T20:12:18Z,2012-07-03T18:51:37Z,d5994e5b-9128-52a6-b935-79548a119308,83763125-dba4-5e4b-9b48-a4b2a60100fb
46a805ac-ba96-5705-a938-f1664e562077,d118f605-c63b-50cf-8875-61b33cf7079c,DL-BE-30018,Primary,,2012-03-26T17:44:36Z,2012-06-04T20:18:03Z,13b11de1-5a9d-5e51-9ae7-ff53a8ced8ed,3b69daba-bbc4-524c-b847-72c3664651e3
0a83873f-68fa-5da2-b1d5-fff789fa0702,16e88bb7-ae3f-5a56-8245-551a93de6512,DL-BE-30006,Primary,,2012-04-01T13:38:03Z,2013-07-10T20:15:52Z,ff62c202-e795-5702-b1a4-c088313a1c89,2d4a3461-b4a4-5195-9c3c-9f06cb494996
134d5a70-95c1-575b-ad38-167d6c8fc5b1,16e88bb7-ae3f-5a56-8245-551a93de6512,GEO-BG-30004,Sensor1,N,2012-04-01T13:38:03Z,2013-07-10T20:15:52Z,ff62c202-e795-5702-b1a4-c088313a1c89,2d4a3461-b4a4-5195-9c3c-9f06cb494996
6435c90d-0b13-57f6-aba1-0085b9577925,9d545293-2479-58cb-916e-aab75c3ec2b4,DL-BE-30036,Primary,,2012-04-09T19:03:23Z,2012-05-01T18:52:43Z,ada8ba57-e861-59d8-983c-697be14add26,7cc7e18d-fa69-5770-ad15-eb236d04ac2d
2eeecaaa-0d27-5aad-b4bc-364beb6d4762,a978d0d2-230c-5dd5-95b0-d31edbe635c5,DL-BE-30023,Primary,,2012-04-09T19:59:29Z,2012-10-29T17:47:32Z,97273881-0d93-57f5-8f44-0fdc1c6a87d0,0da2d71d-567d-56ec-bcd7-335efa71b20d
91772cf3-f0ad-5e0c-be47-f024d3625aef,9f6c356f-059e-59c8-9dcd-6006aa7a6dd5,DL-BE-30015,Primary,,2012-04-13T19:59:20Z,2013-11-05T18:27:19Z,9133f669-dcf8-5572-ba20-1cc46d137fc4,5100f682-6045-5ffe-902b-d0ba5de164fb
53ad9b93-b4de-5e86-b5e3-10ba728d4fc2,9f6c356f-059e-59c8-9dcd-6006aa7a6dd5,GEO-BG-30014,Sensor1,BH,2012-04-13T19:59:20Z,2013-11-05T18:27:19Z,9133f669-dcf8-5572-ba20-1cc46d137fc4,5100f682-6045-5ffe-902b-d0ba5de164fb
41dc1562-059d-55a7-8655-ce088b8182e9,9f6c356f-059e-59c8-9dcd-6006aa7a6dd5,GEO-BG-30016,Sensor2,V,2012-04-13T19:59:20Z,2013-11-05T18:27:19Z,9133f669-dcf8-5572-ba20-1cc46d137fc4,5100f682-6045-5ffe-902b-d0ba5de164fb
fb50f48a-9662-5c3f-98be-708faf4bee8c,db6abdb0-d703-5273-ba3b-46862a2bff71,DL-BE-30020,Primary,,2012-04-20T17:51:33Z,2012-09-17T21:06:35Z,3a8807d3-ef0b-560f-b944-88d49aebe955,0f7ef9e2-e771-5f0a-9173-6c4ee81371b7
a972723a-6c41-5e66-9a30-2793e09651bc,db6abdb0-d703-5273-ba3b-46862a2bff71,GEO-BG-30022,Sensor1,E,2012-04-20T17:51:33Z,2012-09-17T21:06:35Z,3a8807d3-ef0b-560f-b944-88d49aebe955,0f7ef9e2-e771-5f0a-9173-6c4ee81371b7
bd29027f-57b6-5f5a-bdf7-26f8f2d4f4d8,28c32b69-e30f-5807-b62c-28b0ec361989,DL-BE-30039,Primary,,2012-04-30T12:46:58Z,2012-08-25T19:43:39Z,28cd1efb-c733-5f2e-881f-9a91466affaf,33abb88c-790b-5827-91a6-e21bccddb835
b189b027-3f14-5ba3-8f4f-4b3cd77d944c,c4231e3a-0668-57a5-9d4f-874702af7fb3,DL-BE-30019,Primary,,2012-05-01T18:36:25Z,2012-11-20T19:32:51Z,82439d91-906d-5f3f-b91e-48c7d7e653dc,c0feab9e-85d5-5c6f-b308-4231f6397568
acb51d71-0b0e-5cad-bbc7-e1668185919b,91327119-8904-5a52-b172-75427bc2281e,DL-BE-30026,Primary,,2012-05-01T13:34:05Z,2012-08-15T17:27:22Z,92134526-b0fe-5606-af5c-c46523b9f5f8,d9da8177-1acf-5ff6-8eb7-736530d5a54b
b90ec2b5-7bf8-51f3-abf4-916c0d2ab690,8d3a238a-201e-5743-8607-40b8084269c7,DL-BE-30028,Primary,,2012-05-07T17:00:25Z,2012-08-14T20:54:14Z,e25a686b-a176-5153-a97b-2fa24944fcfb,3723b3f7-8d8f-58dd-b575-45ca3f5bfa55
d61b646c-4162-52b9-97c7-f7c160df4ef6,df914e8e-eb16-564d-9eed-4fa4c9633251,DL-BE-30036,Primary,,2012-05-14T19:36:51Z,2012-06-17T20:38:41Z,d01cd92b-d28f-5749-9d07-a3d1235f9b8f,231963f8-3bf5-5b80-ac65-850834ce34a8
5a61eade-a4f6-5b8a-8b13-38db2ec22c72,c0e90bdb-7e36-520c-aed7-4e2a586d61fc,TMP-5001,Primary,,2012-05-14T15:45:58Z,2013-02-07T22:03:17Z,72996d98-e354-54b6-bd71-0da332a7f9b7,22992d43-3bb9-517e-9b30-a7dc51396259
5a41c3e6-a8ae-551a-b9f8-ce0dfb1bc3b0,c0e90bdb-7e36-520c-aed7-4e2a586d61fc,GEO-BG-30006,Sensor1,V,2012-05-14T15:45:58Z,2013-02-07T22:03:17Z,72996d98-e354-54b6-bd71-0da332a7f9b7,22992d43-3bb9-517e-9b30-a7dc51396259
fad02892-298c-5dd1-9628-5bf6239de829,03f1d232-a63a-5c9e-a04f-2980f4dea961,DL-BE-30017,Primary,,2012-05-14T17:39:52Z,2012-08-20T20:40:15Z,c6b38e49-3aa5-5302-b692-31b15a884961,c54231cd-2878-5f59-a80d-5802865a89c5
95237ee4-6f1e-5c30-89f4-20135638aa46,03f1d232-a63a-5c9e-a04f-2980f4dea961,GEO-BG-30018,Sensor1,E,2012-05-14T17:39:52Z,2012-08-20T20:40:15Z,c6b38e49-3aa5-5302-b692-31b15a884961,c54231cd-2878-5f59-a80d-5802865a89c5
6cf5b5ea-68c0-543c-87be-20a29eb3952c,43b5ae1d-048c-5fce-8c61-2b597a845565,DL-BE-30034,Primary,,2012-05-19T21:32:04Z,2012-07-02T19:32:54Z,ce40678b-6193-5b2f-a05f-f14ea40e7498,3bd310ec-5113-5caa-9f17-c58c971381cb
5a02e64b-22fe-58f7-b22f-5f4fdcc0748a,7d800093-a695-53f4-a161-8cfe6b99cac3,DL-BE-30040,Primary,,2012-05-22T15:15:31Z,2012-06-20T19:30:27Z,2f0c7f0a-0587-5f80-8ff0-7858ed96009a,79eb7112-8151-56aa-a2a5-4460b7dc8a13
d31d03b3-4add-5152-b8ec-6cfacbc6b14a,f4382088-f823-5283-af9a-1053383a34b9,DL-BE-30011,Primary,,2012-06-02T20:43:36Z,2013-03-19T21:06:53Z,6428bc25-d52b-53f9-8e1c-9acaaade0edd,be179c62-40eb-5ec1-9467-25b1579ad44b
69c1055b-e556-5c7e-9638-88fb5bbb3bda,f4382088-f823-5283-af9a-1053383a34b9,GEO-BG-30015,Sensor1,N,2012-06-02T20:43:36Z,2013-03-19T21:06:53Z,6428bc25-d52b-53f9-8e1c-9acaaade0edd,be179c62-40eb-5ec1-9467-25b1579ad44b
24d7e89f-82b1-529a-984d-987dfc95a4d8,f8426642-3d06-53c4-aaa4-11e78c08f3e7,DL-BE-30016,Primary,,2012-06-04T18:49:56Z,2013-01-22T18:31:20Z,af8a3b40-e8cd-5c06-9326-5aaed24140fc,d62a5501-1776-5146-8ef9-3d78b29d391a
190f88a2-6fd7-59ab-8746-23683eb3d8a4,47e2a87c-8dd3-5305-b503-e51d111a024d,DL-BE-30000,Primary,,2012-06-04T21:14:22Z,2013-03-13T18:25:04Z,70658489-8b61-5ee2-8bc0-674caea55f8a,2f179a41-0f11-54c9-883b-edbf936834e9
5e067fdc-30ce-5c1f-a355-9082492573a8,47e2a87c-8dd3-5305-b503-e51d111a024d,GEO-BG-30001,Sensor1,N,2012-06-04T21:14:22Z,2013-03-13T18:25:04Z,70658489-8b61-5ee2-8bc0-674caea55f8a,2f179a41-0f11-54c9-883b-edbf936834e9
d0b68ce1-b173-58b9-b185-40b5dbfa8736,909f2dac-0f7b-5740-b0d2-7100fcc4eacf,DL-BE-30013,Primary,,2012-06-07T18:33:28Z,2013-01-18T20:26:22Z,e9889dfb-1536-5031-9ee1-0570cc45b186,103e603b-39e8-52ab-b59a-170b964e9c2d
97de817c-e4a0-5093-9bf0-64b6ef4dca2b,909f2dac-0f7b-5740-b0d2-7100fcc4eacf,GEO-BG-30011,Sensor1,V,2012-06-07T18:33:28Z,2013-01-18T20:26:22Z,e9889dfb-1536-5031-9ee1-0570cc45b186,103e603b-39e8-52ab-b59a-170b964e9c2d
316be2dc-3a2e-5d23-a4c7-95433da896cb,90303f25-caef-5f2d-840c-396f5d146ebc,DL-BE-30007,Primary,,2012-06-12T11:20:03Z,2012-12-05T20:56:11Z,36f0194d-dbf6-5a2e-ae16-ed5496654b95,fa37ac56-976c-552d-adb2-722b762c329d
95ed5873-be45-5ded-81e4-2c14699aca8e,90303f25-caef-5f2d-840c-396f5d146ebc,GEO-BG-30017,Sensor1,H,2012-06-12T11:20:03Z,2012-12-05T20:56:11Z,36f0194d-dbf6-5a2e-ae16-ed5496654b95,fa37ac56-976c-552d-adb2-722b762c329d
6cf345d5-dd46-5612-a390-312f1ff32298,30ae48fe-bc38-515b-9a01-d3bdcb26bf9f,DL-BE-30032,Primary,,2012-06-25T21:23:14Z,2012-07-10T19:23:31Z,a37037e0-5d87-5a28-abf1-624a9c8d187e,dd02f662-6e66-57ba-ac78-5c3d59cd22f4
49de553f-52bf-57d7-a016-564e6527e8c9,704c0f64-4caf-5b55-9538-72874217a120,DL-BE-30022,Primary,,2012-07-04T12:10:15Z,2013-06-09T18:22:11Z,fb95b55b-ab6d-5d7d-8881-8da5344fbaf7,9eaa3ce4-232f-5f14-92af-e68e39a70021
0b44306f-2fe7-50cc-89c9-c26b01dd8063,199e09a4-631a-54bc-b99b-6d7d38e91dfa,DL-BE-30003,Primary,,2012-07-04T19:15:29Z,2013-06-03T17:39:22Z,461d0b14-e0ad-5b45-9850-3abc69d0a09b,b123782a-7e3a-53a9-bab9-5b5c63b16227
6a5ece1e-4251-5432-9660-4c2d367f8ed5,199e09a4-631a-54bc-b99b-6d7d38e91dfa,GEO-BG-30002,Sensor1,BH,2012-07-04T19:15:29Z,2013-06-03T17:39:22Z,461d0b14-e0ad-5b45-9850-3abc69d0a09b,b123782a-7e3a-53a9-bab9-5b5c63b16227
8803157b-502b-521a-b28c-732dd174d9cb,ea5b6630-fa0d-57dd-a923-3cf64533cacc,DL-BE-30030,Primary,,2012-07-11T17:27:41Z,2013-11-28T22:12:24Z,0d96fa39-c5bf-55c9-aa64-1a527ea275b8,61fbd7c5-763f-579b-888f-0098d812d5cc
c192095a-8229-5ab5-8654-39c813ccd670,eacd048c-2db6-5943-a28b-cc74eed16267,DL-BE-30036,Primary,,2012-07-16T18:09:37Z,2012-08-17T20:35:08Z,24a413e4-a336-573e-8caa-e66c2b70d5a1,8572651e-13bd-5cc0-816d-cfdf49975fca
f68b3bfe-8c1e-5a7b-8b98-512a4a2877db,4a1d06c8-0fea-5fda-85e7-ba1cb6ea9e79,DL-BE-30009,Primary,,2012-07-17T21:08:02Z,2012-10-08T17:42:39Z,b7ad5856-6189-59e2-977c-5b110ce13006,2d3bf535-b289-54cd-b9fe-0e4c437df6b5
221007ef-22c6-5a30-9ff3-8e6c021a0f03,4a1d06c8-0fea-5fda-85e7-ba1cb6ea9e79,GEO-BG-30020,Sensor1,N,2012-07-17T21:08:02Z,2012-10-08T17:42:39Z,b7ad5856-6189-59e2-977c-5b110ce13006,2d3bf535-b289-54cd-b9fe-0e4c437df6b5
10175a53-5b25-5bd8-8f80-f641a0c09962,16e10faf-2baf-55fd-af18-d3293fb25851,DL-BE-30001,Primary,,2012-07-19T14:52:03Z,2013-06-03T18:23:30Z,70c29549-627c-506e-acfb-2fbbd885ad3f,6d562868-03ff-5d25-b49a-27502ec29686
1028e4a2-048c-59ff-9057-7d59021cf3b5,16e10faf-2baf-55fd-af18-d3293fb25851,GEO-BG-30000,Sensor1,V,2012-07-19T14:52:03Z,2013-06-03T18:23:30Z,70c29549-627c-506e-acfb-2fbbd885ad3f,6d562868-03ff-5d25-b49a-27502ec29686
df8a3800-ff96-5c6c-a18b-1c3bcb347c79,6fe62312-8262-5623-b359-e54b7adf7cc1,DL-BE-30018,Primary,,2012-07-23T17:36:09Z,2012-08-13T18:25:26Z,dda32a22-b9e4-5d9b-8cdb-b9099e491ed0,b25c3006-0f14-50d1-a3cb-cab043dfc99b
bb6dcb8f-e4b5-5387-a33c-1fa35408a7ec,6fe62312-8262-5623-b359-e54b7adf7cc1,GEO-BG-30021,Sensor1,BH,2012-07-23T17:36:09Z,2012-08-13T18:25:26Z,dda32a22-b9e4-5d9b-8cdb-b9099e491ed0,b25c3006-0f14-50d1-a3cb-cab043dfc99b
8a98aece-8719-5aca-86e4-517b912d8b56,d492460d-5807-5b34-a272-cae056d1cf7d,DL-BE-30041,Primary,,2012-07-23T17:04:32Z,2012-11-26T21:00:38Z,5599f3bd-73ce-5b36-b152-0406bfff5652,2123aea7-5dc8-5bfe-96f3-01d5ed7264f9
a1c8e36a-cc83-54de-8620-50a6a4394c6b,4f226832-9c64-57f6-83a1-56c4b1ddd10d,DL-BE-30010,Primary,,2012-07-26T20:27:35Z,2012-08-07T19:51:41Z,6d4801ca-b6ce-5314-8580-ebbee4f95d40,892b1733-9c84-5699-b8b8-c0faacd9a8c1
d6674628-378e-590f-8980-94b5355a92e7,4f226832-9c64-57f6-83a1-56c4b1ddd10d,GEO-BG-30010,Sensor1,BH,2012-07-26T20:27:35Z,2012-08-07T19:51:41Z,6d4801ca-b6ce-5314-8580-ebbee4f95d40,892b1733-9c84-5699-b8b8-c0faacd9a8c1
c9c768bb-8c37-59f7-a776-1c0b1ec9a5a9,8c34ebc3-5337-5a64-82bc-5a26f46db084,DL-BE-30033,Primary,,2012-07-26T17:55:00Z,2013-02-19T19:44:30Z,d1420180-1fee-5e8e-be9f-1de0323cba4e,f11f66f4-48cd-5cc8-a6c9-97246d730353
2b9e7a64-0104-5fee-ad08-ded89620b93e,d67ca9f4-5be5-5dfc-bdd3-7091da338547,DL-BE-30032,Primary,,2012-08-06T15:02:16Z,2012-12-14T20:32:47Z,47b9961f-5159-56ce-991d-50d02e0be534,c241a0ca-8a4f-5681-b9e5-9162b22fc67c
6271186b-cffb-5d4b-81e0-283c27e41841,840bd01a-fe64-5fee-8549-5a2f68034d6a,DL-BE-30037,Primary,,2012-08-15T14:52:00Z,2013-05-22T17:51:15Z,f56e7973-09f7-5aae-84fc-a510aa17440c,298ca2d1-ed39-5e26-81c1-ee4556d4bb64
84652d1b-d2de-5164-b7f4-f98e827a2262,a792bd04-9b30-5beb-9761-2b774a515fe7,DL-BE-30010,Primary,,2012-08-27T14:38:41Z,2013-10-02T20:55:43Z,cd312da5-4c68-5603-a444-fd196505ea17,b7370943-d294-5f44-98ff-509b5854ffd7
03d39f55-e507-5b7e-a886-2f54000562a9,4cfaa9c4-3f13-5e63-b464-6afb0a1362f9,DL-BE-30028,Primary,,2012-08-28T16:11:46Z,2012-10-19T20:14:17Z,05878aaa-d93f-507a-8283-ee1d803dd78b,54934b8d-309d-5c6a-9437-e50d10c0c91a
dfcfff07-8d00-543a-bac6-45ecddce9e3d,c670a340-b42b-5710-9ed4-a36aa0a63dbb,DL-BE-30029,Primary,,2012-08-28T19:24:23Z,2013-08-12T21:13:36Z,b264cc6c-f6ef-5ab0-ba28-31e53bd3b7a6,287239e7-7862-59d2-9fd3-175be6071106
c95cd605-6a81-524f-aff5-c331c6ce0389,429fcb9d-a366-5e09-b39d-7767b5633497,DL-BE-30034,Primary,,2012-08-31T12:54:41Z,2012-10-02T21:23:06Z,5f36f892-1566-5271-b5b8-63b84bde08b3,42feb248-15ae-58be-a565-f22ae8a414a2
cf5760fd-0618-52ed-bc7c-d312d8bd7120,652661a6-e71f-5ae7-8ba2-c1a316166c35,DL-BE-30039,Primary,,2012-09-02T21:50:46Z,2013-01-30T19:46:09Z,4a7e91de-30ba-5d3c-857f-1ca5c7372571,1ddaa6e5-6fd7-5a72-80c2-a9281071e81b
ee97b7ea-a84b-5f9a-bbc1-3e12f1ad70cc,7a735d40-b9e3-52fc-b8f6-c8f8a67fa9e5,DL-BE-30042,Primary,,2012-09-05T17:35:34Z,2012-10-01T18:19:29Z,085e5874-5bd0-54bd-8581-130a61c4c0a1,45188504-5e43-53c7-afd1-6cd8184ad1b3
ed99545a-933a-5489-9ef8-5cf853a667dd,85770c2a-24fc-58d1-babd-2f614d46f4c4,DL-BE-30026,Primary,,2012-09-20T20:14:42Z,2013-04-04T17:10:13Z,65eeaf4b-576a-5bd5-afe1-2f89e99fecfa,731908fe-04b2-5ae1-ab87-15c1fb232d2a
0554ad4b-c2ca-5ea8-b80a-345f7f1e5b5a,b5490bb8-8739-5df8-9902-2f9ff3d5e43c,DL-BE-30043,Primary,,2012-09-25T15:45:22Z,2012-11-14T21:27:19Z,f72b31e4-8d82-58e9-895b-cb40ac909cac,140878ea-8123-5863-8acb-c4b29f085a4f
570d51c2-8a10-5fb0-a7a6-e3cbe124e60c,94e447dc-37cd-5827-b785-5f26befe67fd,DL-BE-30018,Primary,,2012-09-25T19:53:22Z,2012-11-30T20:56:05Z,5304c4e3-b85a-5fb7-8230-71b98d31652f,30f514d9-affc-5366-9c1d-655292f03067
5e62cbaa-12ca-55e3-b833-245ccebfad31,509334d5-4c2d-5cf0-9210-70582b503745,DL-BE-30020,Primary,,2012-09-26T14:53:42Z,2012-12-01T11:54:49Z,5dc2efbb-1c0b-5438-8a14-27a727b22bf4,1afe6a78-8da8-5b63-be91-17405d8a6357
3eb8eb92-7e6d-5c79-840b-4580cc2ad8bc,509334d5-4c2d-5cf0-9210-70582b503745,GEO-BG-30022,Sensor1,S,2012-09-26T14:53:42Z,2012-12-01T11:54:49Z,5dc2efbb-1c0b-5438-8a14-27a727b22bf4,1afe6a78-8da8-5b63-be91-17405d8a6357
5c219756-4197-59ec-ae91-6407b541f0cc,509334d5-4c2d-5cf0-9210-70582b503745,GEO-BG-30023,Sensor2,BH,2012-09-26T14:53:42Z,2012-12-01T11:54:49Z,5dc2efbb-1c0b-5438-8a14-27a727b22bf4,1afe6a78-8da8-5b63-be91-17405d8a6357
2bf8e1d5-dab0-58c2-9669-ef6710405be7,f3362230-3daa-50f2-b5ed-328db0883142,DL-BE-30040,Primary,,2012-09-28T13:00:38Z,2012-11-06T20:48:07Z,d8d92f2f-a984-5481-8ec3-3868d48e9698,4e43ddeb-dcb6-55a3-9555-4bd2311fca8c
58a8ff14-f3d2-55ce-9f82-54498382e1aa,73ff1b44-662a-5c3b-8e49-272ca1225d59,DL-BE-30025,Primary,,2012-09-28T17:47:10Z,2014-01-24T22:44:23Z,591d5172-d8e4-5142-a3f2-fc9317e78d06,d58aa454-84fd-5c42-a79d-08e482154b94
5aaa772f-3429-5bfa-bd6e-0e59b82c18d8,49584ded-a4fd-5c92-b814-9d00ad32d12f,DL-BE-30002,Primary,,2012-10-01T14:29:25Z,2013-01-14T18:56:23Z,b350dd25-224e-5728-b345-c9d0f66bda45,f834e727-a077-5718-ac60-6894b45556af
b7ca7746-8492-54a8-9675-f8c38f60d11c,49584ded-a4fd-5c92-b814-9d00ad32d12f,GEO-BG-30012,Sensor1,H,2012-10-01T14:29:25Z,2013-01-14T18:56:23Z,b350dd25-224e-5728-b345-c9d0f66bda45,f834e727-a077-5718-ac60-6894b45556af
5a7e6183-610d-5a6a-8a52-44331e2431a3,69b4f620-a5ba-5fde-8273-db1ec0204ff0,DL-BE-30036,Primary,,2012-10-02T20:35:18Z,2012-10-08T21:15:02Z,04c217b2-813d-5833-ae05-49f015957484,4b58bf45-dfe3-5f7d-8757-39a206d8afa6
65479219-e83d-550f-b11f-76d52b0fcaa8,2fd3b338-a483-5d3a-9a61-8340e646e84d,DL-BE-30042,Primary,,2012-10-08T17:53:26Z,2013-08-19T18:50:29Z,fb88d355-f564-5dcf-9cfa-64a66c17b2c3,c3f99053-138a-5ac2-a45a-984537f6f5f4
85c98580-877d-5820-8bf4-ea276d8855c5,d88507b1-b0b2-5b9a-a3fa-4e6dd36e9c16,DL-BE-30044,Primary,,2012-10-09T19:31:31Z,2013-05-29T17:41:31Z,77336627-190d-5e23-b500-f2b347e0af6b,2d70ce0f-313c-56aa-b0a5-aa5b09835b8b
b80328de-86ec-5ebb-b70b-e456bee01c2c,790adc64-26f4-596c-a6b1-dff67c903204,DL-BE-30034,Primary,,2012-10-15T18:04:35Z,2012-10-22T20:51:30Z,e1432084-f50c-569e-bbd6-0aec985a0ca1,1cc5847e-fe1e-57b6-98c2-36085f48b104
f61c12b4-f5a0-550c-b390-e4ea128dfcad,4d20823a-915e-5325-a609-999f73c134be,DL-BE-30024,Primary,,2012-11-01T12:44:01Z,2013-06-13T21:05:36Z,a75b131a-9130-540b-8b6f-6c4cc507a936,33102a7e-43ba-58dc-bc3f-5a0e27aec9b1
d79fcd80-a7b5-5eca-a168-844006e6a98c,0d50f37b-f75e-5813-8067-b8e4226db860,DL-BE-30034,Primary,,2012-11-05T20:58:20Z,2012-11-20T18:30:35Z,5db8e5c5-a9b0-5533-8b3f-14b5dcd442b1,1461ce7f-829c-5e1d-887c-b151555a8ef6
2cfa94e6-5bb8-59a9-9e7b-f3c4a345f3ca,ba6bfe2b-31d4-5ee5-af7f-7fbbedfa277c,DL-BE-30028,Primary,,2012-11-12T14:52:09Z,2012-12-29T14:29:15Z,40f3ba54-1f33-5978-8d90-b68fa9fddb7b,2a357782-4eb5-55aa-9d3d-6c2e88886df6
edc680be-d97b-57c8-836d-692077ae381a,0ebcad42-4556-5e69-8f17-d98331e5e3ff,DL-BE-30009,Primary,,2012-11-19T16:43:12Z,2014-03-24T21:11:44Z,6e19e4be-2c68-58c3-9821-d298e463e3d2,d0f37c33-0ddd-5db1-be26-bc8c6dedfddd
8f6bce5e-2c7d-5989-9ba6-9a7c37f4183e,0ebcad42-4556-5e69-8f17-d98331e5e3ff,GEO-BG-30020,Sensor1,H,2012-11-19T16:43:12Z,2014-03-04T19:31:55Z,6e19e4be-2c68-58c3-9821-d298e463e3d2,e1bfea18-c3b8-5665-b76f-cebb2b1282df
73058f2c-6f1c-599d-95b5-eb900b02b169,de1b1d56-266e-504c-8efc-1ab70d917a7a,DL-BE-30035,Primary,,2012-11-19T19:00:14Z,2013-03-29T18:20:37Z,aa340805-dfef-5a7e-a44c-50cb62c93911,22e3c6c8-f93a-5faf-96c0-9036050d0758
a2d5fab1-ba75-57dc-96df-1ed11050ff24,e0d66031-a288-5191-ba16-8418422cac38,DL-BE-30045,Primary,,2012-11-26T16:39:31Z,2012-12-04T19:53:38Z,fe876d32-16ed-5f98-9a6b-04d345c29708,332460d2-9e7e-50ec-bbdc-1d57b8d9ebf2
3115cdab-3967-5bf1-804e-ce268c85b542,5c2c93ea-9b97-5f8d-ba75-eb370dfb4a44,DL-BE-30019,Primary,,2012-11-26T21:07:12Z,2014-01-13T21:38:27Z,7bdd9241-09d2-52b3-be38-80edff9d535e,d89bebf7-dffd-501d-acd4-15661e9233ec
3c6cedb3-bbd3-5102-9f7f-2c5d214c0c37,0d486e12-d50f-5276-8508-ffc38c54c00e,DL-BE-30046,Primary,,2012-11-30T18:33:45Z,2013-06-02T18:32:13Z,08ae1d4c-6d17-5e75-b057-8581247c6bfe,6aa4e933-6a7f-5b9c-aba9-a6f00608932f
69d7a0ac-7177-54e8-881c-0733d00a8f07,87f5da1a-4694-54ff-940b-f6a231acee6d,DL-BE-30043,Primary,,2012-12-03T20:54:23Z,2013-07-22T10:11:18Z,91046c98-28c3-509b-b2b5-572aef55364a,94ed4f4d-0f5b-5ab1-ac98-b08cad8ff89b
73f88367-373b-5e66-a85e-6f9f404d2e8c,cb54b40e-16ff-5e0e-91f5-2eaa8f0b439e,DL-BE-30017,Primary,,2012-12-03T13:03:17Z,2013-05-14T19:02:32Z,4f6a4483-7a9c-5fb8-8a72-f0826c188d4e,fe35c49c-a817-50a8-92e6-448e361b3370
476f706d-f4ef-5e1f-9390-febcf3c5b55c,dc38840e-3c58-52ed-be78-16fdfbceca60,DL-BE-30023,Primary,,2012-12-11T21:01:56Z,2013-02-21T18:53:43Z,e6d91ea8-1ffb-538d-bcf9-b2ec12e05a9e,1b2a2e7f-beb7-504b-966a-147feee9ab06
1863997a-a423-563a-9752-77d5768450a1,71701cc5-952b-5fca-b007-9e03117324f1,DL-BE-30018,Primary,,2012-12-24T17:43:26Z,2013-01-21T18:10:17Z,fade185a-2042-51bf-8d8b-8238c42939e6,a80810bc-460d-53f1-8771-059da3a19a18
c5a8b4f1-2635-5f51-97b2-eef4334f98eb,71701cc5-952b-5fca-b007-9e03117324f1,GEO-BG-30021,Sensor1,S,2012-12-24T17:43:26Z,2013-01-21T18:10:17Z,fade185a-2042-51bf-8d8b-8238c42939e6,a80810bc-460d-53f1-8771-059da3a19a18
9645c14a-e181-54b4-996e-390565384615,59b8eab4-7ef8-549a-841b-727499bc21c2,DL-BE-30047,Primary,,2012-12-31T19:28:51Z,2013-06-17T17:25:20Z,b1dbed47-3493-5fb3-b3fe-bfaf5d8cbf87,5ac88e05-06b9-5729-a906-01221a8a2a46
a38884d1-8f46-56e8-a591-6a8436e497ae,f3965f73-bf06-5c25-ac76-de167d3dfda8,DL-BE-30034,Primary,,2012-12-31T20:24:14Z,2013-07-05T17:08:06Z,3317c3cf-d3a2-5ac7-bb9b-1a28bdc5cb9d,727c3760-da11-57ad-a2d1-034373f6fa5f
cb60cc69-f980-5c5f-a688-e060754ca742,f3965f73-bf06-5c25-ac76-de167d3dfda8,GEO-BG-30024,Sensor1,V,2012-12-31T20:24:14Z,2013-07-05T17:08:06Z,3317c3cf-d3a2-5ac7-bb9b-1a28bdc5cb9d,727c3760-da11-57ad-a2d1-034373f6fa5f
16da0932-0bab-5d15-b24c-a8bd45c36552,6556ab17-dd6f-5567-8fc6-f8a2e7ae016e,DL-BE-30007,Primary,,2013-01-10T21:52:37Z,2013-04-22T20:53:50Z,dfe3b951-1474-5b7a-94ae-3fac9c212a94,a3259785-f856-502d-b4b3-d04bf7a932bb
0bd1904e-18bb-5207-8c7d-a1a86ed99462,6556ab17-dd6f-5567-8fc6-f8a2e7ae016e,GEO-BG-30017,Sensor1,W,2013-01-10T21:52:37Z,2013-04-22T20:53:50Z,dfe3b951-1474-5b7a-94ae-3fac9c212a94,a3259785-f856-502d-b4b3-d04bf7a932bb
e7f99241-a5f7-54f2-a001-81253b812ec6,a13cab2f-3565-58f6-b50d-b79ebbeb7a38,DL-BE-30041,Primary,,2013-01-11T20:34:34Z,2013-08-28T20:10:15Z,f9d7520a-a5a3-5023-a578-1b096133af3d,0d752ddd-e873-5742-a08a-eaa0313c6368
6c92ad00-53b7-5ccb-97c3-6e10c726b6a4,2f9f6ad3-d275-5cfd-9cf6-613956f111a3,DL-BE-30040,Primary,,2013-01-15T14:50:46Z,2013-01-29T22:09:18Z,dc50a2c3-a404-5a00-91dd-cc1c2c867ac0,23c4a677-3673-50fb-af21-fed921b590bd
85b1fbc3-550b-5ee8-9acb-f4a068e4bd29,961e2ebd-4859-5bf8-8a54-d93a9cb0aad7,DL-BE-30032,Primary,,2013-01-16T17:57:20Z,2013-07-22T17:00:52Z,ebc297c7-bba6-52b7-9b7a-b68a9cb4ea04,3ac285b4-7d6e-5bfa-941b-120ed59e5db4
97bcdc84-fcbe-57c2-bee3-65b6f2b71066,2164c3ef-8013-5a53-b321-867f5c804e13,DL-BE-30038,Primary,,2013-01-28T21:44:40Z,2013-11-13T18:02:44Z,822e6702-fb38-51ef-8778-0eb5183bd9e3,b5b88ec6-348d-5e09-85c9-3e56f8efa21d
bc69cb48-e7fa-50b8-af8e-4a46add7b3b3,cd46aba0-1dff-5d19-a526-24e939e52e17,DL-BE-30036,Primary,,2013-01-28T22:51:24Z,2013-02-09T22:04:16Z,d76eb8d1-c94e-57d3-aa73-f9e94f23cb4e,9f37ce3d-98ff-59d5-a496-5cde62b910a2
980ae030-fc7d-548a-b624-dabc8c216eda,e1826614-d68c-5772-a6c3-30ada0d6ea47,DL-BE-30013,Primary,,2013-01-29T20:54:15Z,2013-03-04T20:32:28Z,ac570378-bd30-53dd-a097-efe2ef25978c,10838231-76d4-538d-8e14-650a769ca0b0
d1d7995d-fc89-53b1-a9b0-3aa3f9685cb4,e1826614-d68c-5772-a6c3-30ada0d6ea47,GEO-BG-30011,Sensor1,E,2013-01-29T20:54:15Z,2013-03-04T20:32:28Z,ac570378-bd30-53dd-a097-efe2ef25978c,10838231-76d4-538d-8e14-650a769ca0b0
b54e93b0-a942-533d-b58e-13619eaa8b9a,a56bba51-41b8-55b6-8b6b-9165958ea486,DL-BE-30018,Primary,,2013-02-01T18:16:40Z,2013-06-10T17:38:49Z,39f5a1fa-db4c-5507-93ae-491b3f7da8c5,a021c2b1-53c4-528c-b9e0-c0fb605b7423
5b6f4733-ac11-5641-9ffa-cf28d2e88487,a56bba51-41b8-55b6-8b6b-9165958ea486,GEO-BG-30021,Sensor1,E,2013-02-01T18:16:40Z,2013-06-10T17:38:49Z,39f5a1fa-db4c-5507-93ae-491b3f7da8c5,a021c2b1-53c4-528c-b9e0-c0fb605b7423
429f941b-6a4c-5f2d-85dd-4851496dcaad,4fb417c0-4168-5a1e-839b-9aba65cec271,DL-BE-30048,Primary,,2013-02-05T15:27:46Z,2014-04-04T19:37:50Z,877fd9c3-bab9-5f40-82fb-149b16281b27,829d6330-ce4e-5838-8005-f05c041871ff
cda92771-1f77-5e1b-8573-046e03989be8,d3846c14-9bec-5ea0-aabd-c3c48f33df1f,DL-BE-30028,Primary,,2013-02-11T22:31:11Z,2013-02-25T19:46:12Z,5ff709b7-62c0-5e22-86ab-797bfc72021c,5b2722e9-bc08-52a0-8c24-c3c482acf1a9
ca969279-a58f-5e3d-beff-6c75fb8d3f02,e2e86754-d0b6-5fed-8832-2991c25d3eb0,DL-BE-30020,Primary,,2013-02-18T15:41:57Z,2013-09-10T00:17:21Z,9e96791b-4237-5233-9888-ccc6a5754b59,7b4003a8-96aa-5c43-9945-28e0e7fa80ae
5303954f-7078-5954-969c-35d2f0327f2d,e2e86754-d0b6-5fed-8832-2991c25d3eb0,GEO-BG-30022,Sensor1,N,2013-02-18T15:41:57Z,2013-09-10T00:17:21Z,9e96791b-4237-5233-9888-ccc6a5754b59,7b4003a8-96aa-5c43-9945-28e0e7fa80ae
349503bd-d87c-5c1b-9b55-07b89d508f0f,e2e86754-d0b6-5fed-8832-2991c25d3eb0,GEO-BG-30023,Sensor2,W,2013-02-18T15:41:57Z,2013-09-10T00:17:21Z,9e96791b-4237-5233-9888-ccc6a5754b59,7b4003a8-96aa-5c43-9945-28e0e7fa80ae
aed40394-3ba7-5cea-b80a-3a465daf5b8b,905c46bc-9fa4-5ede-9e70-ddeb2a1312da,DL-BE-30016,Primary,,2013-02-19T14:17:37Z,2013-07-18T20:15:08Z,36b296ff-b3e3-590e-9b05-bace892ad560,ee1b5af7-2f1e-5191-98df-034cf160e29a
6ce6212d-0c85-5004-b5ab-aeddd534f124,cbe31599-7ccd-5afd-b535-48f8ba38695b,DL-BE-30049,Primary,,2013-02-21T13:48:47Z,2013-03-22T17:16:12Z,c5ad5555-767b-55ab-8dbd-9a4bbe014483,84fd2756-2bb8-5444-9c9a-3b36004b38fe
3b202c51-8abc-5b3e-a2d0-01141f54bc19,ef20cf03-872c-5e4a-a13c-945dac747830,DL-BE-30033,Primary,,2013-02-26T19:05:12Z,2014-05-29T20:39:23Z,3db17c7c-3ea0-5df3-97cd-2aa6a11f0815,82f510fd-0a4a-5edb-b401-7bc62f5de914
042d18e4-8b92-5453-9f46-7220195e2659,d4ade740-cc88-512b-bde7-0ce3777efd09,DL-BE-30036,Primary,,2013-03-04T21:49:58Z,2013-06-17T19:14:23Z,92b1506a-f139-5ad1-8b14-15e4be188483,7ebcff36-7d6a-5f4f-b085-13a417d83f9f
6f719449-df9a-548f-875a-3cc324e3b535,b13128e8-4be5-5347-9d99-6b21fdc1a1fb,DL-UM-40000,Primary,,2013-03-04T20:39:55Z,2013-10-16T17:16:53Z,5941fdfc-9ed9-5ebf-bdaf-acb1a62c647c,3a805d6f-7f17-56c5-84a7-cd22cbd0cc12
640069dc-4bb8-5c0d-b95d-c5eb98f6adb3,b13128e8-4be5-5347-9d99-6b21fdc1a1fb,GEO-UM-40000,Sensor1,W,2013-03-04T20:39:55Z,2013-10-16T17:16:53Z,5941fdfc-9ed9-5ebf-bdaf-acb1a62c647c,3a805d6f-7f17-56c5-84a7-cd22cbd0cc12
8cc3bb3e-9e9f-5bfe-bd07-0c691cba6ece,a2a2cbf6-97bc-53fb-89d4-c224e7407ff6,DL-BE-30023,Primary,,2013-03-10T19:34:04Z,2013-07-22T19:44:21Z,4435ad3c-4d18-5ff2-8575-4bf83c995264,f81e84f3-029e-520b-9fbe-8c3be23b689b
69a0c674-499d-514f-bafd-3f67c5b92178,7b1835e3-48bd-58ea-99fa-8d182c32f4a1,DL-BE-30013,Primary,,2013-03-11T14:00:07Z,2013-07-04T21:15:21Z,7d7fb1df-67f6-50d7-8d5d-ca6daf7e68ce,ef3cb3e4-b5db-5aad-aaa5-8f9d736d431f
6e8f7ba2-90a9-5df0-87d5-2e08c52add3b,7b1835e3-48bd-58ea-99fa-8d182c32f4a1,GEO-BG-30011,Sensor1,E,2013-03-11T14:00:07Z,2013-07-04T21:15:21Z,7d7fb1df-67f6-50d7-8d5d-ca6daf7e68ce,ef3cb3e4-b5db-5aad-aaa5-8f9d736d431f
9e02986e-d3bc-573e-8df9-253c52913f6b,b5c39979-0b9c-570f-aa57-4d0f8e528cb6,DL-BE-30040,Primary,,2013-03-15T17:14:02Z,2013-04-01T19:00:36Z,dd822d5e-8356-598c-89ff-f583cc90d386,66e7ea83-9d4f-5dce-a2fa-be72ba843a0a
edd1df9f-7d34-5b76-a1b0-6124a9256ffb,4e15fd82-9e25-54f5-bd40-dc5a8f1d29d1,DL-BE-30051,Primary,,2013-03-26T20:31:48Z,2013-04-19T18:15:09Z,e7b18dde-3e37-564e-b2e8-ec77792154ba,4261a972-205c-54cc-9297-4d1e95bd582b
2bb69b14-b2d0-5502-8fed-0da2e8ea02b4,f83915be-8997-50b7-9269-df49e25aea4d,DL-BE-30012,Primary,,2013-03-26T19:05:55Z,2013-08-05T10:58:13Z,d0d26694-23b7-57a5-938b-d6eb7af47488,ac353b2b-e70f-54ae-bf15-377f3efc3b6c
ef92e23b-6892-5e81-a9d1-7b93ea7fdbce,f83915be-8997-50b7-9269-df49e25aea4d,GEO-BG-30019,Sensor1,W,2013-03-26T19:05:55Z,2013-07-16T21:27:06Z,d0d26694-23b7-57a5-938b-d6eb7af47488,41732c80-f15f-5290-b9ac-b63c5c615aa7
d20f6ba1-eb3c-5af9-8f39-dcbe82b351e3,a7836797-6d41-5bff-9b8c-596e69aaef2c,DL-BE-30050,Primary,,2013-04-04T13:09:09Z,2014-12-26T18:47:57Z,42b84a90-aeca-5b3d-b7f7-5fd6aeac0da3,46c91308-7211-5e3f-aeab-35087263dad2
f870aff9-84fe-5295-b9d4-edff6365236a,46bebcfb-9721-59ce-a9b2-b9b8fc541c12,DL-BE-30014,Primary,,2013-04-08T19:31:54Z,2013-05-02T17:59:29Z,d50e11a2-b4f5-56df-85a1-d66ba0cddbf2,25eac528-b4b1-5548-98fc-86653514e41b
08d37a23-9738-5101-bd40-20823d938b19,46bebcfb-9721-59ce-a9b2-b9b8fc541c12,GEO-BG-30013,Sensor1,W,2013-04-08T19:31:54Z,2013-05-02T17:59:29Z,d50e11a2-b4f5-56df-85a1-d66ba0cddbf2,25eac528-b4b1-5548-98fc-86653514e41b
05d70eff-ff49-5c01-91fc-42bf1c616faf,2f8173ae-a972-58b2-91c0-63eebd525395,DL-BE-30039,Primary,,2013-04-22T13:03:46Z,2013-08-26T20:27:27Z,6aa616c9-3a54-5846-b96b-7ad11e90e358,76b158c2-110f-5ea7-aec7-080171db3a54
ecd7a0b2-f82d-5bce-844b-352f5396e52e,33cd8085-65d7-5e32-b6c8-98841662faff,DL-BE-30021,Primary,,2013-04-22T12:50:03Z,2014-03-24T19:32:48Z,c1985781-2740-5830-97ea-eacda6094872,1aab8b1f-53ce-5603-bd7f-cc3c6cba2564
74defade-c0ae-52a3-bc80-ddef9c22c47f,d69bfaae-688c-54c2-b349-84d269a989af,DL-BE-30040,Primary,,2013-04-22T18:18:31Z,2013-05-20T19:17:27Z,5b464d2c-92e2-5de9-9e25-64ab1af95967,f1810e31-8d08-57b3-b029-9aec521c48af
72b96d58-7cf8-5723-b3e3-31ff822fa91a,cb284712-224b-578d-b327-a56b4f4f31d4,DL-BE-30007,Primary,,2013-05-08T12:03:38Z,2013-11-20T18:13:49Z,82d835bd-21e0-56c4-8d66-1d9ebf64a8ef,e3ed8b7a-45f3-542d-a9d2-ced6d2c422e9
b371feae-dc7c-5057-bcf9-dcc1bb6b9f45,d3a3f64a-6084-5e8c-80ba-94f7a9459620,DL-BE-30028,Primary,,2013-05-09T19:14:52Z,2013-10-23T19:36:13Z,aa998f0a-36f7-54af-a47d-68978b738aad,48831ede-df82-5c52-9d9a-2a9528618104
1aaf599c-afad-5293-aad2-bf2fed8f1c42,e3dc6ea0-9680-58d8-abc2-ee10b9cffb4c,DL-BE-30011,Primary,,2013-05-13T15:47:47Z,2013-08-23T17:57:46Z,edfba48d-b8c9-5a08-a3b3-6b1f604f4a89,a91d77ec-decc-5cbd-9cc3-d70e185dbde7
bb47eebd-4914-55ab-b540-84b6247e83c9,e3dc6ea0-9680-58d8-abc2-ee10b9cffb4c,GEO-BG-30015,Sensor1,E,2013-05-13T15:47:47Z,2013-08-23T17:57:46Z,edfba48d-b8c9-5a08-a3b3-6b1f604f4a89,a91d77ec-decc-5cbd-9cc3-d70e185dbde7
21a59533-7dc0-5d16-816c-250022438f92,fc1f143b-1fdd-5fba-adfc-6f54d44dbedf,DL-BE-30052,Primary,,2013-05-13T20:08:31Z,2013-06-03T18:23:16Z,83c513c9-ec39-5c51-9083-e798c5f45655,f705a867-59b2-592a-ba95-49ec6e6db72b
2e090ee8-82bf-5331-b08c-6d989a5abc0c,da2460fa-0166-50ff-acfd-992fd39b1779,DL-BE-30049,Primary,,2013-05-16T18:47:50Z,2013-07-15T18:47:32Z,d6eebdba-2c59-5a68-96d1-e7caa2550388,9f52d7de-69dd-5afa-b223-860831e11115
43c68818-ef8f-581b-8acf-f40a0728f1de,2795f3de-f4a3-5265-993f-e60315551909,DL-BE-30000,Primary,,2013-05-21T12:38:57Z,2014-01-10T21:16:24Z,b0652326-4d08-509f-87d0-79ab23dbeb30,dcee9b3e-5f2f-57b2-be0e-568ef7de348e
be5335e2-62a9-5f7a-b532-22b81be34285,2795f3de-f4a3-5265-993f-e60315551909,GEO-BG-30001,Sensor1,E,2013-05-21T12:38:57Z,2014-01-10T21:16:24Z,b0652326-4d08-509f-87d0-79ab23dbeb30,dcee9b3e-5f2f-57b2-be0e-568ef7de348e
4b72d866-17b2-5df0-9639-817301548b7c,97feb8ec-e222-5da7-8ba7-a8301efc3eba,DL-BE-30051,Primary,,2013-05-24T19:47:31Z,2013-06-12T21:10:30Z,de7c4266-8b4e-5405-8dbb-cc0e4cf1e6d1,3af6982c-7167-5082-bfdc-9f897b9f7fca
c3646d66-6a24-5c6d-9aed-4b77fb69a6f7,6a4cf6f5-d07f-5be0-aced-02a8efee3d06,DL-BE-30035,Primary,,2013-05-28T11:25:12Z,2013-10-07T18:26:00Z,9e0b7ef9-e8b9-5539-bbe3-b26658ca406d,87a937e0-d1f1-5c6d-b515-03c5dc3f7949
e11d306e-c951-5e2d-9b82-bacb6d3217b5,a30e0842-ebdb-5785-bdb7-6a8e6aec184f,DL-BE-30052,Primary,,2013-06-10T18:23:16Z,2013-06-20T17:34:36Z,3f5df7dd-1a70-5a8b-a4fb-9595e92f70b9,ce012812-18b3-5b93-b8ab-0d35aa23eea1
912a53c9-ddc3-5e1d-924b-9c38ebd95e6b,0f1595d5-dc20-5e18-894b-634b43bb502a,DL-BE-30018,Primary,,2013-06-17T17:01:19Z,2013-08-20T19:35:05Z,9e5422f4-6812-5f3c-a64a-79c6fa77e8a1,49271991-e25c-591d-9324-f6ba1af71e18
6c941e73-6b12-53f0-815b-e07c64a71e4e,08f2e178-e370-57e4-b8dd-13ecd6a32f38,DL-BE-30051,Primary,,2013-06-21T17:19:29Z,2013-07-02T20:29:04Z,a63db134-8901-558c-b223-8dad9ef9d56b,c38a2187-87db-5564-bdba-be5663e29b23
fdac9e59-d3ec-5654-a8d6-1e36f3190b2f,020e8ec9-1150-57d4-8bae-84b7aeef9845,DL-BE-30036,Primary,,2013-06-24T19:47:40Z,2013-11-05T21:29:07Z,3b4b1f1c-dd0d-5450-9b66-fb1322cab9c8,a058b0c1-060a-56a8-a487-6c0da171129b
f2d59582-c4aa-5dae-b228-2969a9f087a0,908415ce-f9cb-5b0f-b60f-f0c2626ae8b8,DL-BE-30053,Primary,,2013-06-27T17:00:17Z,2014-06-11T19:23:36Z,60c7c7ef-97ec-5bb8-bfb5-0df643197f9e,ca2d3d28-b215-5014-ba9d-37b9d6ae68a1
1f7a22f9-7300-5169-9e82-afe95cb2666c,b78f13a3-0d72-59e5-b5f2-62b3c8cd13a0,DL-BE-30046,Primary,,2013-06-30T13:15:59Z,2014-06-30T19:02:41Z,0fa28529-96ab-5cee-9698-aa5ffc3b9304,f4f5ae50-1315-59c5-bccb-5ac897f13844
370c4881-f469-57f0-99a6-34317709e3e7,2f8d7582-9b89-59da-b1bf-7765326a679c,DL-BE-30001,Primary,,2013-07-02T13:22:47Z,2013-09-23T17:45:19Z,52cdd54f-0bad-576f-b31e-5f47c1b6027d,b0a0929c-0dcc-5d05-9a13-9b811ccd518b
89d72014-f557-58a4-9f22-0060bfb2981e,fa3fae48-83d6-5817-bd3f-afd2e83d58c7,DL-BE-30045,Primary,,2013-07-05T13:47:04Z,2013-09-12T21:59:07Z,8236c77a-cfee-5b0a-a166-b6f88bb413a4,31649ba8-5abd-5ec5-8f9a-6581ad7c152a
f5487334-ac21-5439-8aea-68ccba36482e,8299ba69-7e48-5c7e-8b84-8799b561788f,DL-BE-30017,Primary,,2013-07-08T20:20:20Z,2013-09-11T17:33:14Z,1734f083-ec67-5710-8e37-6af114145829,50998fa5-cb02-5f8d-9bf0-78a27da7711f
371a2077-e9ec-5eac-a3a3-b5b855e35272,8299ba69-7e48-5c7e-8b84-8799b561788f,GEO-BG-30018,Sensor1,E,2013-07-08T20:20:20Z,2013-09-11T17:33:14Z,1734f083-ec67-5710-8e37-6af114145829,50998fa5-cb02-5f8d-9bf0-78a27da7711f
b5df5e0b-b87c-51fe-beee-8c2908f6540c,41d01d3d-0cf8-503b-bc01-aa560576e1bb,DL-BE-30052,Primary,,2013-07-10T15:10:44Z,2014-01-02T22:49:35Z,c824a811-02d4-519b-b940-8a4ab7bb11c2,6923386c-b9c5-5868-955a-1a95201ff18d
addf98bf-bf42-5066-bb55-c13f7ab9a9e2,74ce7f6b-7800-5ae9-a111-ea5eabcfe6f6,DL-BE-30047,Primary,,2013-07-15T17:43:10Z,2014-05-29T10:41:29Z,5e68caeb-a4e9-527a-8b18-4df5a9fc8a14,fb4196a0-1cf2-5910-adf7-ab2f5f0343ff
fe46347f-739c-594a-9739-10d825a9445a,58655d87-9ac2-5e42-81e2-782a43f06411,DL-BE-30054,Primary,,2013-07-17T15:17:59Z,2013-10-02T22:25:56Z,a86fc52d-132b-5bdb-9a96-ed6a72b7b44d,3a78f449-898a-5c29-9613-27c23bf48a32
27ac558a-4a8f-532c-a1de-4e2deaf6d5da,6fd41ec0-bc9a-51ab-9a75-97212ba1481e,DL-BE-30006,Primary,,2013-07-18T15:25:19Z,2014-09-29T21:22:19Z,19c88222-3bff-58af-9165-53ecc7eaaa9f,7358cd90-27d2-5eda-87dd-54dafd8f47c0
053910ee-c177-519e-81f9-dd82930ef1d7,6fd41ec0-bc9a-51ab-9a75-97212ba1481e,GEO-BG-30004,Sensor1,S,2013-07-18T15:25:19Z,2014-09-29T21:22:19Z,19c88222-3bff-58af-9165-53ecc7eaaa9f,7358cd90-27d2-5eda-87dd-54dafd8f47c0
4a444be7-44df-5552-a803-997cd2b84ee8,37f1271c-9e65-5645-a85d-c25cff2f7f18,DL-BE-30003,Primary,,2013-07-19T17:56:12Z,2014-05-26T17:48:54Z,4a297d01-b4df-555a-a635-fde51ad4bf03,ffdca6b7-1d0b-5e98-b0e8-867b27d4dde9
724bb3df-742c-55c2-80da-f815e920605a,37f1271c-9e65-5645-a85d-c25cff2f7f18,GEO-BG-30002,Sensor1,N,2013-07-19T17:56:12Z,2014-05-26T17:48:54Z,4a297d01-b4df-555a-a635-fde51ad4bf03,ffdca6b7-1d0b-5e98-b0e8-867b27d4dde9
04bda389-52ae-5961-a591-8f67bcf6a4a3,623475dd-04a6-5785-adf0-2c26cd897035,DL-BE-30037,Primary,,2013-07-20T18:43:17Z,2014-09-08T18:20:51Z,a9877d6a-bfb7-57c2-811f-70c22c1931f5,a6226d0d-e2b2-54da-8da9-67bcf5ac2cfe
6cc553b0-3758-509a-b110-c6bd4a5f0a1d,7373dc87-dd42-543e-a728-b15140629de7,DL-BE-30014,Primary,,2013-07-21T14:50:37Z,2013-09-16T17:32:11Z,6198c457-c918-5637-8eeb-01b71f88b215,70470b17-21e5-5b03-adca-15eaf31f979c
a79dcc72-6d23-5ba1-9e30-73b41e3ef76d,7373dc87-dd42-543e-a728-b15140629de7,GEO-BG-30013,Sensor1,N,2013-07-21T14:50:37Z,2013-09-16T17:32:11Z,6198c457-c918-5637-8eeb-01b71f88b215,70470b17-21e5-5b03-adca-15eaf31f979c
d941222c-d80e-54b9-b5b9-2cdd901def94,98eeb11d-9895-5cf7-9d3d-f8aef70530e1,DL-BE-30044,Primary,,2013-07-22T14:37:36Z,2014-06-18T21:09:54Z,6560959d-b2ba-5b16-ae6e-473153cc4865,20e76f0e-0ce0-5853-9b33-218f22d737cb
da18b8d3-5c6f-5209-bd72-fece7b63584a,a1974187-b8d9-513d-a8ac-1d61a5ec8d67,DL-BE-30008,Primary,,2013-07-22T18:57:38Z,2013-11-18T18:41:59Z,5b77cb96-8693-51c7-9353-aaffebb757c8,e1341c81-c6cb-5298-8c95-837e7d045425
a25f0147-06e3-5f81-a672-23e834ad74f9,a1974187-b8d9-513d-a8ac-1d61a5ec8d67,GEO-BG-30009,Sensor1,W,2013-07-22T18:57:38Z,2013-11-18T18:41:59Z,5b77cb96-8693-51c7-9353-aaffebb757c8,e1341c81-c6cb-5298-8c95-837e7d045425
93682e88-4750-5c7e-a3cd-0422223e8ce1,cdd1779c-7690-5387-a8fb-59b0260d1553,DL-BE-30026,Primary,,2013-07-22T18:20:06Z,2013-08-20T00:17:59Z,eb5d07eb-a2b1-5d3d-9767-8283dfac58be,696f03d8-3fbe-523c-a4ed-706addcbd03c
946e5c2e-55cd-5c22-a17e-9ab4f96c0794,c86eadde-1af6-5e93-9b28-072dc730b321,DL-BE-30040,Primary,,2013-07-29T10:03:20Z,2013-12-06T19:56:38Z,2b77086a-402c-5e15-882e-5f03a9ac167f,49653035-7e54-505b-97b4-79865583792f
7ab6ea6e-6bb2-58ab-a14d-d43db9e3d363,d20837ff-6b70-5794-b039-abbf52d8818a,DL-BE-30049,Primary,,2013-07-31T19:46:04Z,2014-02-13T20:45:27Z,b65412f2-1045-593e-822b-1c9f9b2642ee,b8fb12ca-b693-5fa0-9f9d-d2e216db183b
031e8d04-49f7-5dbc-a9eb-3f4dd116815c,7f311b77-7181-5f2b-9649-18018af4cef0,DL-BE-30002,Primary,,2013-08-07T18:39:18Z,2013-09-26T17:24:10Z,acaf4fa7-742a-52e8-8f87-2fabf8c39401,1c1964b1-109a-512e-aa80-20a090a46f84
2d036271-bddd-5417-b663-229935380107,810be83b-0012-5149-88e4-18873c32fb33,DL-BE-30051,Primary,,2013-08-20T13:05:56Z,2013-09-06T17:00:48Z,3eaa5d9a-2b0c-5ad4-b300-640fde45f75b,bdbf8b32-1499-54c7-a503-160e72a42881
d9163f9f-4b20-52b6-9ce0-3c4311d2281f,47071a62-45dd-5997-b5b1-1b04c03831be,DL-BE-30024,Primary,,2013-08-26T14:17:03Z,2013-09-09T20:32:25Z,83132d2d-9771-5ed2-98d2-8b54dd4bb97d,246871c8-18c4-5c99-a8b5-810f9004459d
bdccd6c1-bc0c-56b3-8933-45d57232428d,d8389e61-6589-5abe-a1af-462a38b9cb1b,DL-BE-30013,Primary,,2013-08-27T11:17:39Z,2014-08-11T21:26:49Z,80f687de-2970-523c-8c1d-6482497ab58a,5295be06-91e5-5922-b852-7dbfd6a0bd76
913e4368-ac8e-5aa7-b5ce-d51b57e365c7,d8389e61-6589-5abe-a1af-462a38b9cb1b,GEO-BG-30011,Sensor1,H,2013-08-27T11:17:39Z,2014-08-11T21:26:49Z,80f687de-2970-523c-8c1d-6482497ab58a,5295be06-91e5-5922-b852-7dbfd6a0bd76
22ef22af-8b54-5a3b-95ab-98b38a6d434c,f2549ca1-c814-5ce5-8834-0384478df3fb,DL-BE-30023,Primary,,2013-08-28T17:09:27Z,2013-09-05T21:25:13Z,16f8df32-2937-57e3-9bfd-8bfee0fc470f,370aa820-dd7d-5a23-92e4-2b61d8752db8
a92e46e0-e618-567d-a1bf-9b77df149663,f2549ca1-c814-5ce5-8834-0384478df3fb,GEO-BG-30027,Sensor1,N,2013-08-28T17:09:27Z,2013-09-05T21:25:13Z,16f8df32-2937-57e3-9bfd-8bfee0fc470f,370aa820-dd7d-5a23-92e4-2b61d8752db8
c7f82f5b-acf5-5aa6-81b4-27aeb4c337de,523aedfe-d638-5b79-8efb-358ca8a86697,DL-BE-30027,Primary,,2013-08-28T10:26:22Z,2014-11-13T20:46:23Z,37ba63a5-b089-5502-ba6d-dafb7a7d1fc8,84b86b62-3cae-5410-bed9-6e692d6b7136
16c9f875-9c98-5492-ab62-b40f006de4f7,acaa58cc-033b-548f-b8b4-75886288b343,DL-BE-30034,Primary,,2013-08-29T13:33:30Z,2013-10-21T20:00:27Z,7fd2833f-cd7b-544e-9444-bd00a8b4b8cb,1e527328-8052-56da-a52b-f510d4218202
43366c36-e419-568f-8281-2ece79727b47,acaa58cc-033b-548f-b8b4-75886288b343,GEO-BG-30024,Sensor1,N,2013-08-29T13:33:30Z,2013-10-21T20:00:27Z,7fd2833f-cd7b-544e-9444-bd00a8b4b8cb,1e527328-8052-56da-a52b-f510d4218202
17f5a875-1787-52a8-be5c-cb382bb9e505,acaa58cc-033b-548f-b8b4-75886288b343,GEO-BG-30026,Sensor2,BH,2013-08-29T13:33:30Z,2013-10-21T20:00:27Z,7fd2833f-cd7b-544e-9444-bd00a8b4b8cb,1e527328-8052-56da-a52b-f510d4218202
c4a78e67-2055-56da-b543-7ee5bc328ff2,8ecf8e6b-3a44-53e2-b778-5092d0e58087,DL-BE-30055,Primary,,2013-09-02T13:24:18Z,2014-11-21T18:53:58Z,ddbe88da-0a68-583f-b47b-1e873a947a35,992dd6ba-4660-5e54-b940-5c2c83ac9c49
6254eb7b-3a57-5476-a282-ee95d3c2c179,ebea2296-afc4-53ae-8b38-57bf914869e7,DL-BE-30022,Primary,,2013-09-03T11:33:02Z,2013-11-11T22:05:53Z,0dcc9ee2-0995-5d4f-9b54-c1bcbcd67aed,3b491923-4569-54c6-97f5-d28eff85d75a
c665c9e6-f479-5c0e-bce2-116a1757c8dd,ffd17f54-f24d-5017-8687-7bb00d64712e,DL-BE-30012,Primary,,2013-09-04T14:03:25Z,2014-09-16T21:30:24Z,ebbcdc39-1f12-5c49-94db-14a348fd57e7,ef19e01c-af07-5931-9409-19a71e533485
a40df337-2bd6-53e2-95cf-dff51d591fd1,ffd17f54-f24d-5017-8687-7bb00d64712e,GEO-BG-30019,Sensor1,BH,2013-09-04T14:03:25Z,2014-09-16T21:30:24Z,ebbcdc39-1f12-5c49-94db-14a348fd57e7,ef19e01c-af07-5931-9409-19a71e533485
cb8ac91f-96c2-51c7-ba68-d840b1c454d9,6819a00a-4b94-56f6-a108-f9680b206427,DL-BE-30041,Primary,,2013-09-05T20:26:24Z,2014-05-20T17:02:48Z,8b4bff06-cbcd-5c90-95fe-77bc3c133efa,9c477306-1378-5a18-acf5-788e81c1a7c6
13baf478-4a5b-58da-ad0d-cbfc21615bac,6819a00a-4b94-56f6-a108-f9680b206427,GEO-BG-30029,Sensor1,V,2013-09-05T20:26:24Z,2014-05-20T17:02:48Z,8b4bff06-cbcd-5c90-95fe-77bc3c133efa,9c477306-1378-5a18-acf5-788e81c1a7c6
7824307a-5871-515a-8cdb-1cf0059bb9fa,b0f3fb04-b77e-5cdc-977c-c4a53ae2b3e1,DL-BE-30043,Primary,,2013-09-11T19:39:39Z,2013-09-27T19:02:19Z,a3a17c90-d8fb-5134-9935-ae5e8e3b9760,1551347b-6618-5019-b1ca-34f9effac657
1bda8645-9109-5302-aa42-9d67a96d725e,439f891e-d5ed-5851-8625-ba54f411bee9,DL-BE-30039,Primary,,2013-09-13T13:39:36Z,2014-04-21T18:20:22Z,17db07db-8769-5b3e-ad16-6a240e644554,9ce20ff9-e976-52df-bea5-a69e7088c390
50944f42-256d-5ad3-b8b3-bd2460b2b338,b7765f3d-89d4-5c70-840b-2b8b2f5c8e24,DL-BE-30029,Primary,,2013-09-16T20:21:26Z,2014-05-05T17:12:40Z,b2f1e602-c893-5e30-bbd2-7cf38b80872a,2ee4d948-1494-54bf-86e6-772a5ae5893c
7a4b7208-3767-5887-9d13-f01d55efdbc6,4c8874d9-43b9-5ae5-b13c-2028744e6fe4,DL-BE-30024,Primary,,2013-09-19T19:30:00Z,2013-12-09T22:20:28Z,3cdccd9d-e258-5fd8-b231-668a92061ed4,30a0ab3e-bfa7-551d-bcf2-94758a2cb013
4782dad1-f99e-596b-bdd7-4ebf40489ca9,7d74271f-8ad6-5e70-9f50-3a385b7121a0,DL-BE-30016,Primary,,2013-09-21T15:24:46Z,2014-01-27T19:21:25Z,f65eeb07-377d-59e6-bdf2-305ea7857ab1,1f42a425-09ad-59e1-89a1-0581ff14c204
3daa7acf-e981-5ee7-a02b-78c2b88d8959,7d74271f-8ad6-5e70-9f50-3a385b7121a0,GEO-BG-30006,Sensor1,N,2013-09-21T15:24:46Z,2014-01-27T19:21:25Z,f65eeb07-377d-59e6-bdf2-305ea7857ab1,1f42a425-09ad-59e1-89a1-0581ff14c204
18c8b73b-7928-5478-9ca2-153acf5722e5,0b3c6ff4-2572-580c-b5a2-7e28f36e041b,DL-BE-30011,Primary,,2013-09-23T14:06:18Z,2015-01-18T20:07:56Z,2e20200f-7d8f-5ecd-a3f1-13e44bb31237,51ed665e-0d38-5a18-8ecb-37a6069d5676
e10eeae3-7eac-5dc3-aa89-7b15a8b76952,0b3c6ff4-2572-580c-b5a2-7e28f36e041b,GEO-BG-30015,Sensor1,E,2013-09-23T14:06:18Z,2015-01-18T20:07:56Z,2e20200f-7d8f-5ecd-a3f1-13e44bb31237,51ed665e-0d38-5a18-8ecb-37a6069d5676
79ae42b4-f02d-53df-8128-db90dce99beb,5e24fc8d-ebe6-5a96-a256-fb09578a7054,DL-BE-30017,Primary,,2013-09-23T20:50:38Z,2013-10-20T18:07:29Z,fd9777d5-da57-55b1-8bf9-91a04d31c4e6,e7b9a6c8-e7fa-5863-b8e9-c868ec9549d1
7fa8fd66-7ab5-5e25-acc9-a4ae36c443fe,5e24fc8d-ebe6-5a96-a256-fb09578a7054,GEO-BG-30018,Sensor1,N,2013-09-23T20:50:38Z,2013-10-20T18:07:29Z,fd9777d5-da57-55b1-8bf9-91a04d31c4e6,e7b9a6c8-e7fa-5863-b8e9-c868ec9549d1
dcaba0f5-b117-54c6-83c9-5f92ab916648,bb9867ff-31b3-5dbb-8126-2075c21c1787,DL-BE-30014,Primary,,2013-09-30T17:32:32Z,2014-02-05T19:02:23Z,ad77c29a-626a-5dca-ac63-4e8ed1bbfc2d,9854bdce-2c4f-56df-bfb4-ef68e86fef9c
07da45d2-ddc9-52c8-be00-8e31a2474b2d,bb9867ff-31b3-5dbb-8126-2075c21c1787,GEO-BG-30013,Sensor1,N,2013-09-30T17:32:32Z,2014-02-05T19:02:23Z,ad77c29a-626a-5dca-ac63-4e8ed1bbfc2d,9854bdce-2c4f-56df-bfb4-ef68e86fef9c
2230684f-f727-513c-bd4d-62d7401f77bb,e46e3513-6680-583c-b4b0-463b9dc60785,DL-BE-30023,Primary,,2013-09-30T13:35:06Z,2014-04-24T20:47:03Z,7ac2f96b-4fb6-5fd8-a6c0-92039bfa58d8,d4c6c74f-e0e0-50cf-acea-28d4b78cd1e9
fb5a7921-91ba-5ffe-95fa-3acc2408fff6,e46e3513-6680-583c-b4b0-463b9dc60785,GEO-BG-30027,Sensor1,V,2013-09-30T13:35:06Z,2014-04-24T20:47:03Z,7ac2f96b-4fb6-5fd8-a6c0-92039bfa58d8,d4c6c74f-e0e0-50cf-acea-28d4b78cd1e9
be765982-03f9-5faf-84f8-5ce9d065c646,bc303e68-888d-5a96-a45b-ad91132a0a9c,DL-BE-30018,Primary,,2013-10-02T16:06:30Z,2013-11-18T20:45:58Z,3e835b3b-865d-548a-8155-d3535bf5990b,7c169bd3-9208-5f05-8301-99b8e5e6c9cc
100a43c8-55be-5728-8f73-1344cb8a3afb,bc303e68-888d-5a96-a45b-ad91132a0a9c,GEO-BG-30021,Sensor1,N,2013-10-02T16:06:30Z,2013-11-18T20:45:58Z,3e835b3b-865d-548a-8155-d3535bf5990b,7c169bd3-9208-5f05-8301-99b8e5e6c9cc
7645bf68-c65f-5ce8-aec3-40340b2d90da,a67a234f-db63-569d-b819-0262332343f4,DL-BE-30031,Primary,,2013-10-04T19:38:20Z,2014-01-20T19:06:57Z,5e9f5e01-e3a7-51f4-93e0-e3677c02babc,78fea084-5641-5ccd-b3ef-9236a08a8165
bac771b4-355a-548e-9c19-6b6eb9a679d8,19a1ba18-8652-5df8-8a3b-f0d2cd1f9c63,DL-BE-30056,Primary,,2013-10-07T11:27:13Z,2014-02-20T18:41:51Z,b2d12868-2f55-5a15-9d28-714be2d0a9f1,36e4d3f4-7f4a-5551-8b42-e8652647c6ea
1108a66e-a31b-5372-95ca-d7774744872e,8b7de7ea-5654-587f-88e4-42ea098ce1c8,DL-BE-30051,Primary,,2013-10-10T14:32:36Z,2013-11-25T21:49:54Z,786810a3-3f71-56ec-b2cf-f8b4b652917e,490679ea-8fac-5f2a-998e-89c5a3eb3e6a
30f1503f-0929-519b-b022-8a17e4757965,d7aa6f5c-2516-57fe-9c8b-5ba313cf935f,DL-BE-30026,Primary,,2013-10-11T14:20:32Z,2014-06-13T19:07:10Z,bfa2ba36-f31e-52a6-bd34-6d64af176173,1194fef8-35d6-5bc4-a6b4-9836212f24cf
3871d543-bbe6-50fd-8a38-1a806a7fea53,f52a65c7-9a61-551a-90b5-79d2c9c5c890,DL-BE-30058,Primary,,2013-10-14T11:08:56Z,2015-02-02T20:44:21Z,d4d0ccc5-fa63-5a51-8e81-74deda37ee1f,df35ce2a-3105-5cfc-9c55-3ab6b10cbe3a
66f6b719-524b-5c3a-8026-80ef8a49dec6,a1f5fd09-ea0d-5666-bd54-0606f25401b2,DL-BE-30043,Primary,,2013-10-14T20:19:23Z,2013-11-05T19:58:59Z,4ece978c-f883-5a2d-bdca-57d20fc276eb,cd312eae-f4fe-50a7-87a6-7d9e728f7f14
1ff732d7-e664-5ffd-857f-d56fa97e061c,ca2a69ac-480b-551f-a03d-a6732b4ebdc7,DL-BE-30054,Primary,,2013-10-15T17:30:58Z,2013-12-23T19:56:43Z,4a356c51-ad64-52b1-856a-54b6f9d7bac1,411a5470-b4e7-5186-8f94-0db3981f4abf
c79be582-8c54-540a-8f13-d487423faaf9,428e67a4-597b-598f-9ea4-a6589e3352bb,DL-BE-30020,Primary,,2013-10-16T14:25:43Z,2013-11-11T18:21:25Z,6961596a-8424-57d8-8556-26cc0e93b851,240fa5d3-abb5-5428-9bd6-e31f44a6a04c
232cdadd-49b2-5832-a799-12f0beb8b4a2,22df55ab-1326-510d-8131-907483bb4a50,DL-BE-30001,Primary,,2013-10-21T19:22:46Z,2014-04-14T21:32:08Z,4847eca5-6fba-5a9b-900c-8893fe17e512,e44d8ef5-e567-5e2c-8a83-756aa7ba3971
52847ea1-c9c4-5863-9106-6135aba0999b,22df55ab-1326-510d-8131-907483bb4a50,GEO-BG-30000,Sensor1,BH,2013-10-21T19:22:46Z,2014-04-14T21:32:08Z,4847eca5-6fba-5a9b-900c-8893fe17e512,e44d8ef5-e567-5e2c-8a83-756aa7ba3971
9626be6f-5750-508c-a780-f78e880b5557,7a8300c4-8148-55e9-bab6-8493d79dad6f,DL-BE-30057,Primary,,2013-10-24T21:15:29Z,2014-01-16T19:23:48Z,8757bc7e-16e4-5d64-9b6e-1e85862aeaa6,1917410e-f008-5ae0-8716-bbd38925d2b9
95e33db1-90bc-5f7e-9563-d465bc2fff4b,e6444227-4966-596e-929d-3900a60067ef,DL-UM-40000,Primary,,2013-10-25T18:25:52Z,2014-07-21T19:16:14Z,bedb0faa-2020-5fe5-98ba-1de942a48cb8,1fcf534a-0184-5d53-ab26-a5e08a8b334c
9fae7d7a-db4f-5693-8d34-db6fbdac044c,e6444227-4966-596e-929d-3900a60067ef,GEO-UM-40000,Sensor1,E,2013-10-25T18:25:52Z,2014-07-21T19:16:14Z,bedb0faa-2020-5fe5-98ba-1de942a48cb8,1fcf534a-0184-5d53-ab26-a5e08a8b334c
ae62c064-93a6-56fc-beea-53ceacbaaabc,d11cacc9-cdc7-51fc-9e71-970e1bd0aaca,DL-BE-30042,Primary,,2013-10-28T19:46:55Z,2013-12-06T18:24:53Z,fab640dd-3b19-570c-9383-b00559f2927e,c9cf815b-c1d0-5964-92a4-622f45093226
92d61963-94ac-5d5d-92a9-6dd219711c8f,ba79460d-6a50-51f5-8aa0-e1e6a45239c2,DL-BE-30035,Primary,,2013-10-30T14:24:39Z,2014-01-22T22:35:24Z,a753fb8d-4ce6-519d-b60f-c495768402f8,19c732af-607f-5a6f-82ce-362fadb512ea
9a181db3-ef51-5155-a1f0-71a7cd6dbce4,22e0e2e9-2902-5ee5-aff5-12dd5a1ad0e7,DL-BE-30059,Primary,,2013-11-04T19:25:15Z,2013-12-30T19:38:13Z,1a744ad3-f976-5095-be33-34382f748b4a,65828ae2-456c-51dd-aac7-c21549c46189
3ff3a185-8bb9-5bd0-8bfc-d2a1170d7e7e,cfc9fbbb-adbc-5d3a-9b03-f8455b717fa9,DL-BE-30034,Primary,,2013-11-07T20:59:14Z,2014-04-24T17:54:49Z,6e02f75b-edbf-5622-b2a4-2f8da90b006e,0d8e4ea4-001b-5c5e-b84c-c4f172e69d28
ff81914f-8e21-51e7-8b9b-4f1b91b750ef,cfc9fbbb-adbc-5d3a-9b03-f8455b717fa9,GEO-BG-30024,Sensor1,H,2013-11-07T20:59:14Z,2014-04-24T17:54:49Z,6e02f75b-edbf-5622-b2a4-2f8da90b006e,0d8e4ea4-001b-5c5e-b84c-c4f172e69d28
3aa4ab2c-1056-5f5e-829b-6201d53234a0,cfc9fbbb-adbc-5d3a-9b03-f8455b717fa9,GEO-BG-30026,Sensor2,H,2013-11-07T20:59:14Z,2014-04-24T17:54:49Z,6e02f75b-edbf-5622-b2a4-2f8da90b006e,0d8e4ea4-001b-5c5e-b84c-c4f172e69d28
41e8666e-79ba-5af2-ac28-bff3c45b9124,c5ba65f1-7952-56ec-bd8c-70ec4780b68a,DL-BE-30032,Primary,,2013-11-15T18:08:52Z,2014-05-09T17:01:07Z,0fd72760-9e9e-5627-9fe9-caa846d159e9,e7f2a134-4000-5c73-8e65-3b4e2f6314ba
39277d45-4412-5b17-8e36-90f4bdc99091,653c331e-ba0f-5bb1-aa25-7e080731038f,DL-BE-30010,Primary,,2013-11-18T20:13:57Z,2014-04-03T20:01:00Z,c388257f-2ae5-5b6c-9bc1-18f436218816,8780e176-773a-5f28-9c7a-a285fad8d684
4fec30c7-309e-5ad6-834d-a7c36bf412e1,653c331e-ba0f-5bb1-aa25-7e080731038f,GEO-BG-30010,Sensor1,BH,2013-11-18T20:13:57Z,2014-04-03T20:01:00Z,c388257f-2ae5-5b6c-9bc1-18f436218816,8780e176-773a-5f28-9c7a-a285fad8d684
7bb5def9-0fd8-56f7-b2c5-32ac74a8ec26,91aba326-59ff-50c8-9b99-457cedb7c51e,DL-BE-30022,Primary,,2013-11-22T12:06:20Z,2014-04-21T19:22:19Z,a47c3cd0-e316-58dd-9823-31a8c411d3a1,48edbc7e-c088-503a-a845-35da6f052ed8
afddf215-aae1-52f6-bd91-667fdac0ba89,bbe3af55-1733-582a-95bd-f8b2c743f673,DL-BE-30018,Primary,,2013-11-26T19:34:30Z,2014-06-09T17:23:47Z,a67fde50-1894-5e15-b5c5-216f03e5a4c8,e412c0aa-2154-5f96-9efe-ae7edac98b87
400ce4df-09e9-5d5f-aec6-6037c58d16a0,bbe3af55-1733-582a-95bd-f8b2c743f673,GEO-BG-30021,Sensor1,N,2013-11-26T19:34:30Z,2014-06-09T17:23:47Z,a67fde50-1894-5e15-b5c5-216f03e5a4c8,e412c0aa-2154-5f96-9efe-ae7edac98b87
e3801be9-dfad-5bb7-88c4-84f48a7ce3e4,73109425-fe83-5371-aaa9-6b570af5263a,DL-BE-30043,Primary,,2013-11-27T19:38:31Z,2013-12-18T22:17:59Z,a4771cd3-9018-5c29-bee0-f5b64e0e539c,bc80cdc2-d0b7-53e8-8205-642309fcd07e
8db76f6c-d863-5b94-ad81-e29445a92711,b8a64282-94ad-5f79-99ac-531e64d08d0c,DL-BE-30008,Primary,,2013-11-28T15:28:10Z,2014-04-14T10:41:20Z,9412dec9-b8ff-579a-b508-ccb27471b37f,8487f1ec-8c9c-535c-ba82-55fdd75fa69a
643e70d5-edfc-5f28-89ae-578835b31d3c,b8a64282-94ad-5f79-99ac-531e64d08d0c,GEO-BG-30009,Sensor1,N,2013-11-28T15:28:10Z,2014-04-14T10:41:20Z,9412dec9-b8ff-579a-b508-ccb27471b37f,8487f1ec-8c9c-535c-ba82-55fdd75fa69a
c00f1307-a036-5cc9-bf35-b57322c48188,8be1df2a-902c-5ac3-acb2-a38031549d29,DL-BE-30030,Primary,,2013-12-03T21:31:15Z,2014-06-09T19:02:18Z,3592a4ec-d2a4-5347-a6c7-c054e2885f84,0e2df61b-2dc2-561d-b151-615cf6f1abb1
c9b7cb40-1908-51e8-b198-e6e893bfe227,2a6b629d-425e-5890-adf9-68cb562073cb,DL-BE-30051,Primary,,2013-12-04T22:06:38Z,2013-12-18T20:04:57Z,3a607eff-5297-58be-b3a1-b5aa50fee8d3,c452e308-771b-5ea8-a808-2975ade6ae81
d344de36-2a70-54fe-8686-e5cf2a21aed8,2a6b629d-425e-5890-adf9-68cb562073cb,GEO-BG-30032,Sensor1,E,2013-12-04T22:06:38Z,2013-12-18T20:04:57Z,3a607eff-5297-58be-b3a1-b5aa50fee8d3,c452e308-771b-5ea8-a808-2975ade6ae81
fd8d1951-9aa1-5107-bcc8-d76d24fee7f1,82022043-e6fb-5b49-902e-288e7fa4517d,DL-BE-30036,Primary,,2013-12-12T17:29:26Z,2014-03-10T18:42:59Z,f33ba0f7-685f-54d7-918b-8559c245e5e6,86883920-77df-5fc4-8e79-ad243fb8739d
68bdeb24-f112-51c6-9f99-a9210735ca04,82022043-e6fb-5b49-902e-288e7fa4517d,GEO-BG-30030,Sensor1,V,2013-12-12T17:29:26Z,2014-03-10T18:42:59Z,f33ba0f7-685f-54d7-918b-8559c245e5e6,86883920-77df-5fc4-8e79-ad243fb8739d
c4866a26-eafb-5820-8b8b-59a597d78ba6,219f164e-a0a9-5fd7-9630-c2841b4b7336,DL-BE-30060,Primary,,2013-12-16T22:11:10Z,2015-01-05T20:45:58Z,d190fc5e-a281-5eb6-a401-3d0d8d6e638e,ca40aabd-5f5a-57ae-a194-39e4cc69c660
9af18752-d45a-530b-8b51-a14b3d53ded7,61c04f0b-557d-5e6d-9e22-0acef81daeab,DL-BE-30028,Primary,,2013-12-17T16:43:14Z,2014-03-24T18:07:49Z,75c5c1a1-114c-577a-a03d-0bf0f625ead1,9790186f-c373-5604-923e-c43b024a633a
a51bbd83-903a-546a-9983-be4b79440c02,ce4dc7b7-f345-5d3a-b746-6400da5bdf55,DL-BE-30061,Primary,,2013-12-19T16:43:43Z,2014-10-08T19:25:46Z,e336c9b2-6834-596e-a396-0f1e4a4ee8bb,ca1c7453-6f12-5153-8d51-cab809f70ace
5f5673d0-e1de-5a2f-9385-f7ae4574e666,22d8c603-499a-5557-a276-5759bfae6626,DL-BE-30017,Primary,,2013-12-20T15:05:17Z,2014-02-21T21:07:24Z,a2653513-ddb4-528a-80da-92ca0be3d7ac,fd56114f-7729-5161-b4b5-822af4bf771f
b641fbc0-1b46-5c68-b6c9-8a59d40edaab,22d8c603-499a-5557-a276-5759bfae6626,GEO-BG-30018,Sensor1,S,2013-12-20T15:05:17Z,2014-01-15T18:50:35Z,a2653513-ddb4-528a-80da-92ca0be3d7ac,3088e8c2-4dd9-5913-88da-20a57b974c5f
f2a5a999-9440-5e7e-8354-a234802bc996,8209dc6b-59f7-526c-bd90-7f1839c08bb3,DL-BE-30038,Primary,,2013-12-23T12:36:28Z,2014-01-10T19:36:49Z,5c0455fe-ca4c-5294-aac1-ef2e040736a6,b4a58284-fded-5392-8a18-b0b25b99826c
261bd5b0-899d-50d5-aa33-cb8b91b21f3d,a14ec021-2dc8-576d-a271-04a859abb9a9,DL-BE-30024,Primary,,2013-12-26T19:21:54Z,2014-03-17T21:51:37Z,47d966d4-10b5-51db-bd46-278ff10b02c3,913a6873-6726-5ea3-8fac-5d9c665b26e6
baf06662-916e-593b-a1ff-df4eccabc4d9,c90afc3d-18cb-5988-8e50-06911587c4ca,DL-BE-30007,Primary,,2014-01-01T23:43:08Z,2014-08-13T17:51:06Z,1ecf53cc-c4e4-55c7-a4bb-87dcb757efea,f5a6c625-2a83-52eb-876d-8ef073dc5305
7fea03b3-e0b3-5976-b303-1ec868aa6e36,c90afc3d-18cb-5988-8e50-06911587c4ca,GEO-BG-30017,Sensor1,N,2014-01-01T23:43:08Z,2014-07-21T17:11:36Z,1ecf53cc-c4e4-55c7-a4bb-87dcb757efea,b688e99e-65a6-5010-a254-ebbf20fde4b9
4207f862-512b-5b39-a78f-c26deba043f7,c90afc3d-18cb-5988-8e50-06911587c4ca,GEO-BG-30028,Sensor2,BH,2014-01-01T23:43:08Z,2014-08-13T17:51:06Z,1ecf53cc-c4e4-55c7-a4bb-87dcb757efea,f5a6c625-2a83-52eb-876d-8ef073dc5305
2b93392d-b159-502d-8c4f-7b96ab0bfb4e,e6801112-e6f8-5082-8ac4-18e65d134936,DL-BE-30043,Primary,,2014-01-10T12:16:02Z,2014-03-02T19:17:51Z,4ab28921-2f27-52fa-ab84-29d99fd9833b,ce2d8118-1a1f-53ff-96c7-a0866be98387
ecd10919-d07a-5d93-a80e-fe739ea90d61,4f48118d-9c6e-51ec-b102-2afd66bf0478,DL-BE-30020,Primary,,2014-01-13T16:31:48Z,2014-06-09T18:08:04Z,f94630ef-633e-50b2-9ada-ad633c8a4adc,063d6f76-f29d-5933-9591-84dfd01f1ec3
468c6498-1673-52da-9795-ad798633cd36,4f48118d-9c6e-51ec-b102-2afd66bf0478,GEO-BG-30022,Sensor1,N,2014-01-13T16:31:48Z,2014-06-09T18:08:04Z,f94630ef-633e-50b2-9ada-ad633c8a4adc,063d6f76-f29d-5933-9591-84dfd01f1ec3
f35ec2d9-159e-5587-b721-9fc1ddbb1c12,4f48118d-9c6e-51ec-b102-2afd66bf0478,GEO-BG-30023,Sensor2,W,2014-01-13T16:31:48Z,2014-06-09T18:08:04Z,f94630ef-633e-50b2-9ada-ad633c8a4adc,063d6f76-f29d-5933-9591-84dfd01f1ec3
798eae58-7b0e-5b4e-85db-38755fd0d501,f5888bfd-b77d-5196-918d-1289411c9813,DL-BE-30000,Primary,,2014-01-16T14:13:16Z,2014-04-22T21:41:18Z,89d0286c-ff7b-5bc8-bf48-a80ff6861788,d3c0a319-e0cb-500c-840e-899ce7e4908d
9b28ad2f-55f4-5966-9bee-ee7affc81a2e,f5888bfd-b77d-5196-918d-1289411c9813,GEO-BG-30001,Sensor1,BH,2014-01-16T14:13:16Z,2014-03-24T19:32:28Z,89d0286c-ff7b-5bc8-bf48-a80ff6861788,156e6ae1-bacf-5dfc-9503-b212ef8d305e
8a46cc4b-5392-52f3-9090-7e91f8e60ea9,632a5d14-67b6-527f-bd78-e5910fd4ef32,DL-BE-30040,Primary,,2014-01-20T16:38:32Z,2014-05-07T20:33:51Z,282a7571-b6cd-5644-abdd-87a19b1ea179,8d38aac4-27df-51d1-a67e-68fd739c7577
6e0b2111-7813-5229-9964-029efd106142,f7a27f5e-c93a-57e2-bdce-bb6647305716,DL-BE-30015,Primary,,2014-01-27T15:48:03Z,2014-05-30T19:24:55Z,f98998a4-c8f7-5602-bc8c-cf7a09f48da2,f05b7028-0a83-5d94-9cac-134ef5c5ca73
82d7f97b-b8bf-53b9-8212-bad79cb5dd51,f7a27f5e-c93a-57e2-bdce-bb6647305716,GEO-BG-30014,Sensor1,N,2014-01-27T15:48:03Z,2014-05-30T19:24:55Z,f98998a4-c8f7-5602-bc8c-cf7a09f48da2,f05b7028-0a83-5d94-9cac-134ef5c5ca73
1fcd65a4-fdd6-5644-9845-32ff8582983c,f7a27f5e-c93a-57e2-bdce-bb6647305716,GEO-BG-30016,Sensor2,W,2014-01-27T15:48:03Z,2014-05-30T19:24:55Z,f98998a4-c8f7-5602-bc8c-cf7a09f48da2,f05b7028-0a83-5d94-9cac-134ef5c5ca73
41f4610a-14ac-57a9-9d2a-9abf69e6b250,2d3a5d94-c829-538e-9058-eacabf266be6,DL-BE-30059,Primary,,2014-01-30T17:10:07Z,2015-02-02T20:41:13Z,767fd177-93fb-5d2c-8dbb-d8f10b78d4ab,c7902771-5a41-5237-914f-42cbd7b635c1
6dbbc01b-d827-543f-aec6-455831275e4e,9cbe9717-8a1f-53a2-9be4-760108a684dd,DL-BE-30031,Primary,,2014-02-10T20:32:56Z,2014-04-27T00:53:12Z,3f7e3859-b844-58ad-9e09-5a257a42e161,f38efdb8-b906-5f52-9bf2-4a96509e7fff
84ede68f-1fa7-5eee-bdac-e71ba3d90ae8,0f27383a-4a48-5c72-91fe-eb8b68245382,DL-BE-30019,Primary,,2014-02-10T19:09:57Z,2014-10-16T18:45:44Z,25488904-ce1d-54e0-8c8b-cda1eb1ec138,f259c926-6198-5198-9f86-8bdde709b541
6ba9f91a-7f79-525c-80ed-c61bca940b38,a9c5a6cd-8fcb-5ff4-8dee-65ef1bfe8bed,DL-BE-30016,Primary,,2014-02-13T21:49:08Z,2016-08-01T18:04:23Z,25fc07bb-4e0e-5627-b82a-739c923cf607,cf7d3e4b-4c59-50a8-aa15-875c155d2af7
5048ff58-dccc-5601-81b5-c4b4c638fcb8,e5df0b66-2a8e-52af-b106-8df01f24ce2f,DL-BE-30051,Primary,,2014-02-17T15:33:38Z,2014-04-29T21:00:04Z,37fed29a-9d12-59e1-8c56-58972ba2425a,e428220a-ea30-5ddf-8c10-4f01d4bb0324
beb246c5-f858-5a71-b579-0040e0f2faa1,e5df0b66-2a8e-52af-b106-8df01f24ce2f,GEO-BG-30032,Sensor1,N,2014-02-17T15:33:38Z,2014-04-29T21:00:04Z,37fed29a-9d12-59e1-8c56-58972ba2425a,e428220a-ea30-5ddf-8c10-4f01d4bb0324
7d3ddb90-d223-59cd-9652-fe0caaf07dda,51e1e4e0-3799-5256-9e63-35a42270469d,DL-BE-30052,Primary,,2014-02-17T19:58:16Z,2014-05-01T18:53:53Z,84e28b23-b767-5ab1-a541-65ca6161bb05,972d48be-bb2b-5729-8507-1ad72a73cc3a
a9b33775-de7e-50f1-a46f-f89ef7edcbde,d74a03b3-526f-5257-b3ed-b39dc679265a,DL-BE-30042,Primary,,2014-02-21T20:18:25Z,2014-05-01T17:17:27Z,58d9fa3b-7d22-5a18-bacd-153718ae5de2,437121c6-7123-558a-8d6f-7d191c4f1e3d
79cf12d3-6ac3-57a8-8e45-d338ba8515c5,8f719f66-4a66-537d-a8b6-273bb904f554,DL-BE-30038,Primary,,2014-02-27T20:50:45Z,2014-03-19T20:00:13Z,d45d923d-0e48-5a58-8c42-65702cd652ce,73b0edba-0249-56b8-80df-341733c1d8ce
9aed5949-3666-5d5b-b7fe-13afc52fe19d,e4c27f34-8124-5bb9-9a96-15f427e80425,DL-BE-30049,Primary,,2014-03-12T18:19:16Z,2014-12-22T18:06:20Z,ed41d27a-0e04-5592-bc08-ce08cfc38352,afe26310-e568-5fb7-8649-f8bb777e9d6c
36bb7345-5a86-57f9-b9c3-f7954bfec659,c9e7ca82-eff8-5bf1-8b65-33585da2944e,DL-BE-30017,Primary,,2014-03-13T18:17:52Z,2015-10-28T17:33:46Z,57c3e02a-18ee-5863-ae44-04bf8f3754dd,bfd827d9-83bc-5d21-b0b6-f986f67db0bf
37ed1e75-e74c-5624-ad11-03065c8e4dc7,c9e7ca82-eff8-5bf1-8b65-33585da2944e,GEO-BG-30018,Sensor1,BH,2014-03-13T18:17:52Z,2015-10-28T17:33:46Z,57c3e02a-18ee-5863-ae44-04bf8f3754dd,bfd827d9-83bc-5d21-b0b6-f986f67db0bf
f93a0cca-920a-57b8-b9d0-7e87433e9495,c1ef366b-0309-5129-8d3f-7779c4636dd2,DL-BE-30057,Primary,,2014-03-18T14:11:10Z,2014-03-24T12:06:10Z,b424d806-e175-55e8-b31b-c11b003fa23e,06541867-0391-5bac-8979-1954d5b1fda3
8f79a8d9-e56f-58fc-b8a4-e71982a5c69a,822ee0df-ba1b-5358-8b07-f9f479832dfc,DL-BE-30025,Primary,,2014-03-19T18:51:13Z,2014-05-16T21:38:29Z,26ebdbac-f758-51b2-97f2-a54604430f53,711df760-c495-5b52-afc9-e8c3291d6113
2de0d053-993f-5cf1-b76a-e65bee063b3c,d8ce7c96-2bfd-57cd-b191-d5afcbadfe34,DL-BE-30045,Primary,,2014-03-20T13:41:00Z,2014-04-04T18:48:09Z,be894ace-07d5-537b-8f5a-8e1c885ca50b,3029d860-0dd2-5119-b78a-2d01c4b005b5
d58b0709-bdf0-5627-83b6-cb03d56b2a51,30451a5c-f54e-5542-9bde-3fe1669ce3eb,DL-BE-30014,Primary,,2014-03-21T20:30:55Z,2014-12-29T21:36:08Z,6a84cfbc-1048-587b-96dd-f68037ca4a53,7e88df23-eeab-539e-a321-d766b42937f0
e17d09dc-3078-5caf-b1bd-d6c491009a74,0b3ebc9d-58ce-5d84-912a-c79029efa42d,DL-BE-30035,Primary,,2014-03-24T21:14:19Z,2014-10-16T22:13:04Z,a82672ed-39e4-5548-b7fe-b4ea257d0435,4e87a2e5-58d4-5d1b-9f0c-097570b50e86
93fd4af7-e8a9-5fa1-b9b2-6ee9d693b438,71de615f-0ba2-545b-acf8-29147d2110bc,DL-BE-30054,Primary,,2014-03-26T17:51:42Z,2014-04-14T17:48:42Z,bbe7db51-6601-5dcc-ac67-0fb68a029760,2375d74e-929d-5e83-8251-60d963d774e5
78eec546-8896-5c6c-8083-36e3839d1add,35931069-983f-569c-bf31-51f016c2f2d3,DL-BE-30038,Primary,,2014-03-27T21:25:52Z,2014-04-28T20:40:39Z,e2b54aa0-d2d7-54d6-b515-4c6d44ae1a3d,2274dbf3-2887-5376-9026-f0647070831d
d5654782-a7ef-5341-a017-4bb8b1d9e06a,df9e7c86-9b1d-53f2-84ff-dce80ed2a385,DL-BE-30056,Primary,,2014-03-28T18:33:43Z,2014-09-23T20:27:09Z,bdabb6bb-e53b-5f56-84e2-fa5774e7572a,1eea06d5-fc75-54a1-ade8-cd19c9d6b3b8
45b7b011-f6bf-59d4-991a-cd3365e66ab0,19fc2d00-0751-5ed6-b032-8d95c61774ab,DL-BE-30028,Primary,,2014-04-01T19:23:37Z,2015-01-16T20:11:43Z,e1813643-7400-53ce-9952-932b4a2101ff,70b009a4-2ff8-550c-967c-f0278d16bd2c
54084ff9-d47b-5cc1-8cec-2f4aa75f202f,6f6c2ee7-55f7-5c00-845a-07c4d005aca0,DL-BE-30043,Primary,,2014-04-10T19:43:08Z,2014-12-29T19:50:14Z,96524ecc-dbd7-503b-8bf3-3e9beda83b0f,ae68adf2-3608-5a9a-bb83-ae577eb502f6
f48e264f-5170-5d66-932d-aaf588545822,79dcbd03-8371-58a2-8a3e-f86ba77bf879,DL-BE-30024,Primary,,2014-04-10T18:41:03Z,2015-01-05T22:04:07Z,94139b9d-b4b3-5a4e-bcac-351d0ef2f2b4,85c386fd-9759-593d-8feb-7efaeb90ddb6
a771cd10-605a-5e89-a456-036d6ad315f4,b0745242-7f10-571f-aeca-cf1c59eb5773,DL-BE-30036,Primary,,2014-04-14T19:37:33Z,2014-07-07T19:57:55Z,35c34c45-e5ec-5f0c-beee-05f8efb19d7c,a61fe61b-b1e9-5841-8d95-462f9bfb1246
0de35bb0-5f94-5139-9632-45f46757340d,b0745242-7f10-571f-aeca-cf1c59eb5773,GEO-BG-30030,Sensor1,E,2014-04-14T19:37:33Z,2014-07-07T19:57:55Z,35c34c45-e5ec-5f0c-beee-05f8efb19d7c,a61fe61b-b1e9-5841-8d95-462f9bfb1246
0fb1b625-17d2-512e-a6b5-c49a68458796,b0745242-7f10-571f-aeca-cf1c59eb5773,GEO-BG-30033,Sensor2,N,2014-04-14T19:37:33Z,2014-07-07T19:57:55Z,35c34c45-e5ec-5f0c-beee-05f8efb19d7c,a61fe61b-b1e9-5841-8d95-462f9bfb1246
0ee868c0-6c8d-54e3-a244-b55728ace64f,6f7b275b-34f6-5e1e-ad7e-f6b1221b371b,DL-BE-30010,Primary,,2014-04-14T16:33:29Z,2014-11-24T21:04:30Z,904fb5f9-c957-50ea-80ef-b0e67a3b4cb5,ac278cdc-aa31-5e3c-9880-b4120e7bb75c
7cf25012-e2c4-50b6-aa4f-bbae46bc3eec,6f7b275b-34f6-5e1e-ad7e-f6b1221b371b,GEO-BG-30010,Sensor1,H,2014-04-14T16:33:29Z,2014-11-24T21:04:30Z,904fb5f9-c957-50ea-80ef-b0e67a3b4cb5,ac278cdc-aa31-5e3c-9880-b4120e7bb75c
ef93a78e-254b-58ee-8725-dcb26de77e74,d55b40c4-f49e-5381-a960-dd0f9a49308a,DL-BE-30001,Primary,,2014-04-23T15:18:18Z,2014-05-02T20:40:36Z,ee71ec51-f26e-54c9-a58c-532164e2edad,9a8e9d7e-a6ad-55b4-ba47-def82a3f1a4e
411d7177-790e-57bf-bda2-5534d960e06b,d55b40c4-f49e-5381-a960-dd0f9a49308a,GEO-BG-30000,Sensor1,S,2014-04-23T15:18:18Z,2014-05-02T20:40:36Z,ee71ec51-f26e-54c9-a58c-532164e2edad,9a8e9d7e-a6ad-55b4-ba47-def82a3f1a4e
ac457e72-5ae3-5c23-819e-d2ce9661eb39,df5b03d3-e983-54f8-8b30-619cb399317a,DL-BE-30057,Primary,,2014-04-24T17:53:37Z,2014-06-03T20:54:40Z,1426c337-2f05-5d59-b91c-97d69c8396ed,50f64937-bd87-5511-b10e-b4ea79e50ddc
6b984efa-2e6d-5843-bcb0-032bced00f22,a0c8892f-665a-526a-830e-004b8bd9db38,DL-BE-30048,Primary,,2014-04-28T18:29:58Z,2014-08-27T18:36:26Z,6d8fcb90-1ee7-5dd2-afb4-3d722404272b,218d242e-fcf3-5fae-b062-d7949bda5be3
41e537f4-a1e1-5723-b516-ab4e780b3e7a,8a27f5fc-0bb5-59ae-b9b5-c976949facc0,DL-BE-30021,Primary,,2014-05-01T12:43:25Z,2014-08-25T21:01:26Z,be0a058f-99e8-5f38-b21c-1aef52bc5bc5,f9808071-cc56-5ce2-8c85-565f40c05da0
f426987e-c5f4-5c42-8296-7cd1a6c56618,6c3352d1-907c-5e0d-887e-56e000df1cc7,DL-BE-30022,Primary,,2014-05-05T13:18:41Z,2014-06-02T20:42:57Z,a4bccbca-08b8-560d-aacb-3c4f90d2fdd4,6f9f7d7a-a34f-571a-8b6d-17af628d2515
e3fafec9-d67f-5dbe-820b-8db0da7cdfa4,8b0a3588-1967-5957-9c18-7c82c3707a76,DL-BE-30023,Primary,,2014-05-05T19:46:55Z,2014-11-19T18:28:08Z,566284fe-91db-510d-98ac-15553a7f7472,67479d9c-834a-5445-b53b-669fde09b892
f4a511f0-c3e2-5f57-88e3-76e6b4a2ee95,71bb9df7-692d-572e-88ce-fccab7fc80f3,DL-BE-30038,Primary,,2014-05-09T19:06:36Z,2014-09-03T20:47:05Z,6b7671ee-3841-56c0-bfd1-5ed3fca7b79a,d6598c45-ae3b-5fcf-a266-30a78f2649b6
6f3c4157-2680-5840-8a39-515812357251,bc7223fa-a0dd-59c8-84ee-2352e53e5dde,DL-BE-30009,Primary,,2014-05-15T19:22:08Z,2014-12-11T22:52:44Z,ff26d287-c74a-5806-8962-07b9f3140878,b91fa985-c16a-5d46-a4d3-f095ec14819b
229ffee1-c647-5201-885f-41c5aafdb147,bc7223fa-a0dd-59c8-84ee-2352e53e5dde,GEO-BG-30020,Sensor1,V,2014-05-15T19:22:08Z,2014-12-11T22:52:44Z,ff26d287-c74a-5806-8962-07b9f3140878,b91fa985-c16a-5d46-a4d3-f095ec14819b
a6a7b8e0-a9cc-54d2-a13f-ffb7b2ce64fb,7391b667-3527-5634-bfec-406fc8e4bf69,DL-BE-30040,Primary,,2014-05-20T19:34:33Z,2015-08-20T17:46:05Z,f51bc3f1-2bdc-58b7-8c37-019c31951217,7796814a-48d0-5b3e-a117-d02e2a79d540
74bfdfe3-1139-5c70-977f-6343a44cb801,b170a5a1-f48d-58b2-9a69-135a8e573d1f,DL-BE-30032,Primary,,2014-05-20T12:18:19Z,2015-02-27T18:44:39Z,63107a72-16fa-5f08-8ff4-7def548dea5a,478a7858-5f2d-56b2-94fd-6db50ecc5afa
0bbb9f28-1496-5226-a266-eaa254ed5aec,03789534-d057-5aaa-aa93-400badbe813d,DL-BE-30008,Primary,,2014-05-21T18:56:02Z,2014-09-08T10:24:23Z,b26ed9e7-275d-57fb-87ee-afb8acf94d4d,dc24bb12-406c-53bb-b53b-89c9796f4fba
9bc22005-e04f-53d3-83b0-0e43dd8aefeb,03789534-d057-5aaa-aa93-400badbe813d,GEO-BG-30009,Sensor1,W,2014-05-21T18:56:02Z,2014-09-08T10:24:23Z,b26ed9e7-275d-57fb-87ee-afb8acf94d4d,dc24bb12-406c-53bb-b53b-89c9796f4fba
1c2f3ebf-e59f-5191-bb37-195924446eac,1cb12126-e69b-5f8c-a825-6d3ba8c4b795,DL-BE-30031,Primary,,2014-05-21T21:41:26Z,2014-06-30T18:03:43Z,9a604308-fbfe-56ca-86f5-831dba72b212,c92df899-07e2-5e52-9c47-e8b56bf6fd67
a3f29566-4199-5e3e-a81d-bb774e31b363,2d1cf2b2-ec24-5027-bdaa-724f8a0610fe,DL-BE-30034,Primary,,2014-05-25T15:17:00Z,2015-02-10T20:50:16Z,4e8d70fc-cbd5-5d3a-ba70-cf16c4c4a07c,771199cd-3dce-5794-a900-abdf0098111a
4cdff42e-3aa2-50ab-b876-f06ff67c167a,2d1cf2b2-ec24-5027-bdaa-724f8a0610fe,GEO-BG-30024,Sensor1,S,2014-05-25T15:17:00Z,2015-02-10T20:50:16Z,4e8d70fc-cbd5-5d3a-ba70-cf16c4c4a07c,771199cd-3dce-5794-a900-abdf0098111a
4a81dd00-ade2-519d-975c-d3792d02443c,ab5b23f5-c7ba-5b41-b2da-ab7a38512de8,DL-BE-30052,Primary,,2014-05-28T18:53:14Z,2016-11-14T19:49:58Z,f0c0bf24-0fb4-5ee4-a8a6-0e91d88980bb,6a9b9efa-dc3b-544d-95fd-fd952c336602
1f310c58-57f6-5c5b-905b-361f906d80e4,1b650a41-4f8c-54d6-8bba-c5b778c1f315,DL-UM-40001,Primary,,2014-05-29T16:30:20Z,2014-10-28T19:34:44Z,e1d94cf1-eb7f-5550-a527-93a521ac6d9d,61fb6646-1cc5-5c25-9f69-c5649e91c41c
be4dceef-dc40-5272-83ab-61012506a010,1b650a41-4f8c-54d6-8bba-c5b778c1f315,GEO-UM-40001,Sensor1,BH,2014-05-29T16:30:20Z,2014-10-28T19:34:44Z,e1d94cf1-eb7f-5550-a527-93a521ac6d9d,61fb6646-1cc5-5c25-9f69-c5649e91c41c
ce0d35c0-e392-5c4b-9667-704c3df9fece,119a93fe-ae2c-5ef6-b1c8-68fbecbf0f8b,DL-BE-30039,Primary,,2014-06-03T13:15:43Z,2015-08-04T20:26:17Z,dbbf78b2-9b05-5b6f-b9c2-733a0cd999d3,4e37dc7d-9b3c-54a9-b94f-087f344224cd
0d97d461-04b4-5861-ae40-122995a5b4a8,c55d2d96-be62-5838-a89f-e4e00be8037c,DL-BE-30042,Primary,,2014-06-05T20:35:49Z,2015-04-27T18:19:48Z,6600656a-d6e9-54e2-9741-82fef12068a4,15c836c9-6e4d-593b-bde8-3cb5614dbafb
4588db7a-506f-565c-8b59-0e64f48d377b,9cda59ef-d744-594a-b6b1-c2a169fb15a5,DL-BE-30029,Primary,,2014-06-13T16:12:13Z,2015-01-21T19:06:11Z,129bfdb8-7749-5df3-aad3-b34cb9f44602,84238862-b0cc-596d-bd94-12945d261b04
a00d5efb-d548-53cd-ab20-1df0c4949ac3,2393ca77-7036-5869-8e1a-b6c8852a44be,DL-BE-30000,Primary,,2014-06-16T13:02:20Z,2015-02-09T22:48:44Z,e68d198f-6d68-5cc7-ab17-7f21e37a3d66,8d2d78a1-18ff-5b61-bb79-57ac1577e296
6d6e5447-c620-5d28-9128-8b5e243ecd72,2393ca77-7036-5869-8e1a-b6c8852a44be,GEO-BG-30001,Sensor1,V,2014-06-16T13:02:20Z,2015-02-09T22:48:44Z,e68d198f-6d68-5cc7-ab17-7f21e37a3d66,8d2d78a1-18ff-5b61-bb79-57ac1577e296
154d5b14-c57b-582a-a818-af4d0fa0b183,9bab84ea-2b09-52ea-a51c-3324f906c599,DL-BE-30053,Primary,,2014-06-23T11:34:57Z,2014-11-28T22:28:46Z,e790ea7e-829e-540e-a774-d1c38f9fb28d,3451c904-9520-545b-a053-3c837b6dd1a1
f1040e90-e66c-5fc4-80d3-eb86b3e69e62,8cc3b64e-74c4-54d9-b061-7ca8556fd51c,DL-BE-30025,Primary,,2014-06-23T13:18:03Z,2014-10-27T20:40:29Z,93b6c460-3109-5634-a3d4-6bae6382c7f3,0e98a074-6ba1-5529-8247-967bba7122ec
fc9e6d87-286f-5675-a027-72a138c5899d,8fcbff08-ea84-51fd-a638-bd157bcd6483,DL-BE-30057,Primary,,2014-06-23T20:26:28Z,2014-07-01T21:27:15Z,1797a440-f303-526f-8a59-a10dca182b6f,70b95e67-a440-53c1-bdc2-b7d6cd86f876
be4eb444-99c9-52fd-b0b3-c2d9ec068280,bf3eda97-6279-5dd0-b038-582f0b643c12,DL-BE-30051,Primary,,2014-06-23T12:33:15Z,2014-09-16T17:36:05Z,378f5b45-d1e9-5c93-9a16-88a5c4d01d03,7bc9c98f-7bc0-5999-a5ae-c70b5aa7dee2
82c94c31-83aa-5c8c-9af0-bdcd108452cc,bf3eda97-6279-5dd0-b038-582f0b643c12,GEO-BG-30032,Sensor1,N,2014-06-23T12:33:15Z,2014-09-08T17:06:42Z,378f5b45-d1e9-5c93-9a16-88a5c4d01d03,19066b9d-6579-58ef-9ded-8a699fb3ff23
64a4268f-9268-5c9b-bf7a-82ca2bf5bed8,434769ec-d753-5b46-abbe-72142f4c7236,DL-BE-30020,Primary,,2014-06-23T17:09:16Z,2016-08-08T17:39:22Z,073437f3-77f5-5566-8456-687ffa40d932,cd239a58-8c86-5246-ab64-119a1ecd8e2b
82080add-f069-5a23-8f60-87534b78e6b8,434769ec-d753-5b46-abbe-72142f4c7236,GEO-BG-30022,Sensor1,BH,2014-06-23T17:09:16Z,2016-08-08T17:39:22Z,073437f3-77f5-5566-8456-687ffa40d932,cd239a58-8c86-5246-ab64-119a1ecd8e2b
bee6a2aa-6322-5383-b444-55c70a6bef0b,434769ec-d753-5b46-abbe-72142f4c7236,GEO-BG-30023,Sensor2,N,2014-06-23T17:09:16Z,2016-08-08T17:39:22Z,073437f3-77f5-5566-8456-687ffa40d932,cd239a58-8c86-5246-ab64-119a1ecd8e2b
1acd5856-887d-5f17-be10-d4b4def5e379,1684cc3b-4c80-5d0f-88a8-3a0a9ccef4a5,DL-BE-30001,Primary,,2014-06-24T21:31:39Z,2015-05-20T21:17:25Z,f4b284c0-dab6-545e-a1c7-0526a5e857a5,601874bb-61f1-50f3-b2f0-30d8f9bf4762
d9842f36-ace3-5658-a058-1bfa420604da,1684cc3b-4c80-5d0f-88a8-3a0a9ccef4a5,GEO-BG-30000,Sensor1,V,2014-06-24T21:31:39Z,2015-05-20T21:17:25Z,f4b284c0-dab6-545e-a1c7-0526a5e857a5,601874bb-61f1-50f3-b2f0-30d8f9bf4762
7ed162bc-d56a-5835-9b1c-ccc058b3659e,a1ee0d50-3eed-5e1a-9a57-806252454564,DL-BE-30033,Primary,,2014-06-24T17:51:02Z,2015-08-28T19:57:16Z,e40e446f-05ec-51bd-9a6e-814f36403859,c33b4450-eb68-50ea-8bce-cde8f47b448f
2a36f559-6591-559b-b927-27f11a15849f,679a0205-922b-54b2-98bb-612fb1dcab34,DL-BE-30054,Primary,,2014-06-28T13:34:21Z,2015-10-29T20:44:06Z,80c98329-a503-5b46-87db-8b4102a05112,3a8cf03f-d071-57bc-8d01-3c9e7b2cc68e
d991fd64-be50-5d1b-9013-089e2f6377fc,07c3e3ee-3544-5a02-9c73-295fb6cd8637,DL-UM-40002,Primary,,2014-07-01T16:16:37Z,2014-12-08T22:03:58Z,d6089ef7-7bea-5e7e-88df-d69eb7032b1b,9e63a923-e313-58a9-a9fd-7a79f00841c9
71e71045-7397-58f5-8ce6-ee745d784562,07c3e3ee-3544-5a02-9c73-295fb6cd8637,GEO-UM-40002,Sensor1,S,2014-07-01T16:16:37Z,2014-12-08T22:03:58Z,d6089ef7-7bea-5e7e-88df-d69eb7032b1b,9e63a923-e313-58a9-a9fd-7a79f00841c9
198313f9-0fc7-50b0-9b7b-821aa822bbd8,bd5ed364-c78a-5ddb-9ef3-44044b00fcda,DL-BE-30015,Primary,,2014-07-03T18:40:24Z,2014-08-22T21:36:34Z,a0848ed5-3426-5db1-a76e-601f61ade6dc,cfd24e43-ae9f-5081-bd7f-b9c9bcc59195
4b44fcf3-ecb4-5aea-a8d7-217df2be984a,bd5ed364-c78a-5ddb-9ef3-44044b00fcda,GEO-BG-30014,Sensor1,E,2014-07-03T18:40:24Z,2014-08-22T21:36:34Z,a0848ed5-3426-5db1-a76e-601f61ade6dc,cfd24e43-ae9f-5081-bd7f-b9c9bcc59195
40b76729-5c04-5bf7-9e5a-c25f2c6219f7,bd5ed364-c78a-5ddb-9ef3-44044b00fcda,GEO-BG-30016,Sensor2,N,2014-07-03T18:40:24Z,2014-08-22T21:36:34Z,a0848ed5-3426-5db1-a76e-601f61ade6dc,cfd24e43-ae9f-5081-bd7f-b9c9bcc59195
fe886f4a-e8e6-5dd7-9471-d3a9f0ec7899,17e219a1-9f99-5df5-b1ce-e71075c45948,DL-BE-30031,Primary,,2014-07-08T18:00:16Z,2015-06-17T18:46:07Z,a6f7c147-416c-5ab1-90a9-faf2f4ed332b,ebe82cbe-bde8-57fd-a235-04cedfa088ab
596943f2-8880-5acb-93f2-dc9f70ada48a,6a519e87-76f0-52e1-812b-79a1ee998b99,DL-BE-30041,Primary,,2014-07-16T16:10:59Z,2015-03-02T19:20:56Z,628a6f6a-ba3a-5fb3-8cad-3d1a99e03f46,29fc3005-aaae-588b-8cda-0e4a5748ffdd
6208bd06-527e-5f98-9d19-12db9639de80,6a519e87-76f0-52e1-812b-79a1ee998b99,GEO-BG-30029,Sensor1,E,2014-07-16T16:10:59Z,2015-03-02T19:20:56Z,628a6f6a-ba3a-5fb3-8cad-3d1a99e03f46,29fc3005-aaae-588b-8cda-0e4a5748ffdd
5bf24fa0-be8a-5a7b-bc68-9892b25d203f,c888cf8a-d5af-5836-9449-bd34153c06ef,DL-BE-30022,Primary,,2014-07-16T13:42:13Z,2014-12-31T20:44:22Z,b548f9b7-63f3-5df8-a885-6156bda51350,bfe3f6d7-3d34-5ab8-8c75-4893b2c3bc1e
4bb593b5-e194-5234-a36a-a9b94e0e872b,82df858b-fb6d-5583-8336-0ea30c8d8ae9,DL-BE-30045,Primary,,2014-07-23T15:59:06Z,2016-02-22T22:39:35Z,e705fb26-e366-5fd3-8bbe-6e1b0ed0e61c,5ff10d0f-9966-5312-b549-44f042a6f67a
ff7f6bbc-f82a-5347-9640-d6508268ae9a,51d60535-6fcf-5efa-ae9d-7a8a248d26aa,DL-BE-30018,Primary,,2014-07-30T13:49:41Z,2015-06-30T10:02:06Z,513c7701-9c7f-5cc1-8caa-3bf4334a89df,9ac262e0-be3c-54a5-9287-6d23946af289
6d2bfb70-893e-565d-be36-40532bc9782f,51d60535-6fcf-5efa-ae9d-7a8a248d26aa,GEO-BG-30021,Sensor1,H,2014-07-30T13:49:41Z,2015-06-30T10:02:06Z,513c7701-9c7f-5cc1-8caa-3bf4334a89df,9ac262e0-be3c-54a5-9287-6d23946af289
1d49885a-4247-5349-99e7-1b63b84c1378,a2c33baf-7c56-53b3-888a-d91a4e7c123e,DL-BE-30047,Primary,,2014-07-31T17:34:36Z,2015-07-09T18:19:12Z,4576164a-52d0-5e05-8712-e6b85053ef0b,3fef95e1-2df6-5e25-b1cd-29a02df5b496
05c8eb76-eb3b-5202-8176-83e2eb5e47e1,a2c33baf-7c56-53b3-888a-d91a4e7c123e,GEO-BG-30031,Sensor1,V,2014-07-31T17:34:36Z,2015-07-09T18:19:12Z,4576164a-52d0-5e05-8712-e6b85053ef0b,3fef95e1-2df6-5e25-b1cd-29a02df5b496
bb43bc2d-411f-5cdd-8b0f-fb1add5ce912,741cc5e2-3c61-5435-9cef-5b8add7281ce,DL-BE-30030,Primary,,2014-08-01T17:00:33Z,2015-08-30T18:59:07Z,3a554502-8dcc-5425-b930-064b07937780,5bead583-4b2b-5604-96c6-7f6806eee9e0
f6d2f046-5356-5e92-92b1-49c7c9974a08,0e803c7c-ca4c-5059-8681-3a576e9957fc,DL-BE-30003,Primary,,2014-08-04T21:02:28Z,2016-03-22T19:55:44Z,259ff921-1ecf-5afd-b458-1c5ce6b6e3a4,90a7ac20-a3da-5fb4-97d4-437855477e00
ffadc0e2-1f85-5982-b4cf-879b4bf577d7,ba2caf86-a461-5c48-b858-05dcfff78a0a,DL-BE-30057,Primary,,2014-08-06T15:40:46Z,2014-11-25T19:40:22Z,1b3d0a15-64f9-59a8-9450-813c473a2ef6,bd0813c1-ea07-58ba-931e-314b0d93537e
ff05f984-2781-55db-aa56-235eb78179bc,6cee5af1-daee-5373-9aa0-5f4dbb63e03b,DL-BE-30036,Primary,,2014-08-11T12:27:51Z,2015-08-20T18:11:26Z,0063fab6-7f1e-517a-8a38-07d4645a69b3,d0c488e5-ae81-52dc-9cf7-103f229a2bcb
e2a57826-10ca-5b59-ad89-3b1f8ce036c5,6cee5af1-daee-5373-9aa0-5f4dbb63e03b,GEO-BG-30033,Sensor1,W,2014-08-11T12:27:51Z,2015-08-20T18:11:26Z,0063fab6-7f1e-517a-8a38-07d4645a69b3,d0c488e5-ae81-52dc-9cf7-103f229a2bcb
d4c66636-7526-5c5a-a47e-00acff547865,57c8b954-14f4-595c-b6f0-e5c9d29ab14b,DL-BE-30026,Primary,,2014-08-11T17:25:00Z,2015-06-02T20:04:18Z,ff5e016e-aa40-599f-b5a9-866e497f1d3f,876c3fa3-6b07-5838-8373-f93a941dc04e
2f6f6324-9271-5d27-bbeb-137903931062,f665ce07-2f0b-5ae8-8abf-6887967cc6d6,DL-BE-30046,Primary,,2014-08-14T12:05:39Z,2015-02-13T18:21:24Z,a4d3d973-f670-523f-8181-56414cf75223,5ee99576-e2ad-5f2c-8c29-fbf0065bb2f2
756870fb-9a51-55fa-b94f-119c657602c7,5baca1e0-2fc3-5503-99cd-f367d777941b,DL-BE-30044,Primary,,2014-08-18T16:20:10Z,2015-05-11T19:27:47Z,8bd7c699-f1fc-58b4-b2d0-4ae3570c3dce,f9d96747-f610-5595-92e1-2a1024e57a84
2f3cb34d-347c-5be2-af60-d3ca064b6f3e,faab353d-beb2-58e4-8733-b4918d0a6a35,DL-BE-30013,Primary,,2014-08-27T17:24:49Z,2015-02-05T20:29:59Z,4272750a-0862-57a0-b2cd-0d21189357ea,d6836237-ca5a-547e-95c3-07699caba07b
f9d69e7f-2db2-57f1-b40e-ff7cf5156437,faab353d-beb2-58e4-8733-b4918d0a6a35,GEO-BG-30011,Sensor1,W,2014-08-27T17:24:49Z,2015-02-05T20:29:59Z,4272750a-0862-57a0-b2cd-0d21189357ea,d6836237-ca5a-547e-95c3-07699caba07b
35d078db-82ff-544f-98ab-a34c0e82d2b2,b3d90223-0d2e-5507-bb14-ef8c0271e13f,DL-UM-40000,Primary,,2014-08-29T14:59:37Z,2015-03-13T19:33:59Z,317d3bc7-1426-51b2-9a53-4f414c0b4913,ccd96a1e-f86e-5cdd-9983-a33032c84319
fdf4041a-eaf7-5266-9dae-7d41a4df4d8c,b3d90223-0d2e-5507-bb14-ef8c0271e13f,GEO-UM-40000,Sensor1,V,2014-08-29T14:59:37Z,2015-03-13T19:33:59Z,317d3bc7-1426-51b2-9a53-4f414c0b4913,ccd96a1e-f86e-5cdd-9983-a33032c84319
830c18dd-19de-5215-a95b-0739f8248326,b71fabfe-ceee-51c9-9bff-297831651bd2,DL-BE-30015,Primary,,2014-09-01T23:52:12Z,2015-04-13T18:58:18Z,3b9cce11-13ff-5e64-a869-8c98edba3646,bc7f65a4-5f83-52b6-b0b2-b2537b298ce8
08069afe-ad5d-58f2-8023-c54e03c49ea0,b71fabfe-ceee-51c9-9bff-297831651bd2,GEO-BG-30014,Sensor1,W,2014-09-01T23:52:12Z,2015-04-13T18:58:18Z,3b9cce11-13ff-5e64-a869-8c98edba3646,bc7f65a4-5f83-52b6-b0b2-b2537b298ce8
8e5f2987-d3ff-5f72-a92a-a89e3b65ce4c,be07c14e-e346-5a53-81e3-45a6c7311f44,DL-BE-30021,Primary,,2014-09-15T12:13:26Z,2015-02-25T20:57:53Z,3bd871ea-25d4-5353-be08-cde07d85e98c,0eb9cbeb-6435-5db4-b12b-7ad92de72cf7
573c61d1-169e-5794-8419-ed970865bf56,beaa6241-1084-566c-867e-89733d36ade8,DL-BE-30007,Primary,,2014-09-22T13:20:35Z,2015-01-30T20:56:07Z,beed3aa0-7a11-5384-b75d-0f1ae3ce2262,97fcd82f-e420-5e51-8a5e-7a3c4dc65318
cd7b1031-363e-56bf-b3e1-70903432cfe0,beaa6241-1084-566c-867e-89733d36ade8,GEO-BG-30017,Sensor1,S,2014-09-22T13:20:35Z,2015-01-30T20:56:07Z,beed3aa0-7a11-5384-b75d-0f1ae3ce2262,97fcd82f-e420-5e51-8a5e-7a3c4dc65318
28f9eca9-b85b-5808-af80-e77fd443a1e3,fa418c02-bedc-5c55-826c-b4e8026d6445,DL-BE-30006,Primary,,2014-10-07T13:00:25Z,2016-04-30T21:28:59Z,23e7b19b-fef2-50b5-9631-c21c58ab8c31,52d3aa23-34e8-5117-970e-04cd3d4de70d
734ae2bf-5858-5044-87d0-2b15a7ed8934,fa418c02-bedc-5c55-826c-b4e8026d6445,GEO-BG-30004,Sensor1,BH,2014-10-07T13:00:25Z,2016-04-30T21:28:59Z,23e7b19b-fef2-50b5-9631-c21c58ab8c31,52d3aa23-34e8-5117-970e-04cd3d4de70d
b242d37c-c82c-51fa-b7e2-8e22a65756e2,d1570126-aa05-557d-87d2-5650c7e8a9ed,DL-BE-30048,Primary,,2014-10-08T20:16:21Z,2015-07-27T21:22:09Z,94a93c91-124b-52e4-b7c6-af13028e8eff,c1f05153-8193-5f92-a24c-dba54b26db16
586fdcfc-e57f-5417-ab30-2ae383999a26,560bdcbf-8467-5598-bd32-b64265c1d999,DL-BE-30051,Primary,,2014-10-13T13:40:54Z,2014-12-11T19:45:02Z,87d5bd17-5030-524a-b35e-0ed181ffba12,b6181238-e767-54ea-9d49-57015241e199
c406dd85-42fa-5985-ae92-54c1321cd47f,560bdcbf-8467-5598-bd32-b64265c1d999,GEO-BG-30032,Sensor1,H,2014-10-13T13:40:54Z,2014-12-11T19:45:02Z,87d5bd17-5030-524a-b35e-0ed181ffba12,b6181238-e767-54ea-9d49-57015241e199
af3fc06a-56e7-5daf-abca-b021fe64b556,a84f5ccc-3e66-52cd-b30d-94f22668bc7d,DL-BE-30038,Primary,,2014-10-16T14:46:12Z,2015-04-29T13:15:41Z,fb501120-aa8b-5cf9-aabb-0308f214b81a,77fe226d-86db-5338-8b43-ce45b76694b1
5da757be-798b-58bb-9988-33ed809892a1,f1bcce7e-8bd9-5fa9-af99-cef36abde6dd,DL-BE-30037,Primary,,2014-10-20T17:37:42Z,2015-03-30T19:14:57Z,ae1c532b-34b0-58e6-a42b-a8892d04c21a,ad3d9f4c-6590-567d-ad47-badd0065e53b
b394ba7b-6942-57c0-8981-30033c42c4e5,6ee1195d-030d-5907-b29a-5cfe633e9051,DL-BE-30019,Primary,,2014-10-30T20:04:15Z,2014-11-18T22:46:39Z,aa4f290a-4452-5218-b5a5-371bea00b2ba,c071318f-d8a2-5667-92d0-b3f2d143e3bf
a9d64f56-2e9a-5e22-82f9-7130b6a9ee06,8b3c0e39-489b-5459-874f-244d0164e833,DL-BE-30008,Primary,,2014-11-13T19:38:38Z,2014-12-18T22:42:11Z,1efcd701-b61a-54b4-b4d8-3a3a867e9873,b9fdaba6-1bdb-5501-8957-899beffe5696
8ed25378-b477-501a-b50d-b48915f2530c,8b3c0e39-489b-5459-874f-244d0164e833,GEO-BG-30009,Sensor1,H,2014-11-13T19:38:38Z,2014-12-18T22:42:11Z,1efcd701-b61a-54b4-b4d8-3a3a867e9873,b9fdaba6-1bdb-5501-8957-899beffe5696
edd8fda8-384d-576f-bc68-9fc25a0aeb33,9581ce8b-29c7-5a12-89cf-0e930630f365,DL-BE-30061,Primary,,2014-11-13T15:35:53Z,2016-06-29T18:06:59Z,c7cfda7b-c39a-5cc9-b9fb-31afa9cad518,d5820b7d-71c0-5982-9ed9-9ee128b7f164
7df333d4-8862-5762-9498-b5649b627a65,12da7f76-9ced-589a-9456-217edf69b5f3,DL-BE-30035,Primary,,2014-11-17T14:36:40Z,2015-04-20T15:59:26Z,80a50399-5b64-5215-87c2-7f54ccd184a5,7b9bd33b-5523-50c6-aa63-436401ccb140
70418132-fc5f-5cb7-9316-71e13c0e41b0,75b5bd2e-e9ce-5120-977e-1d94a9f2d89e,DL-BE-30012,Primary,,2014-11-20T15:03:07Z,2016-05-19T18:50:56Z,423a8db9-c7e9-57ff-85fc-f15afd2d7864,4191e706-db92-558a-81fa-fe6684bf2b24
2148f285-65b9-5c6f-91ce-6b7ef40407ba,75b5bd2e-e9ce-5120-977e-1d94a9f2d89e,GEO-BG-30019,Sensor1,S,2014-11-20T15:03:07Z,2016-05-19T18:50:56Z,423a8db9-c7e9-57ff-85fc-f15afd2d7864,4191e706-db92-558a-81fa-fe6684bf2b24
780dd094-0183-5859-9d6f-fc91dda2e1bf,7ede5810-6c6d-5e65-ae37-f19870732654,DL-BE-30025,Primary,,2014-11-24T22:42:36Z,2015-06-23T19:11:10Z,1eaadee7-1462-578a-b15d-3e43d9b8f751,c6e93e70-9302-5ca8-9bf3-7460cc93b4de
d824ba4c-67c9-5683-863a-6d417480d9ef,18b1589b-85ff-5a5d-9d98-f7b7f4bda4ba,DL-BE-30005,Primary,,2014-11-24T19:55:18Z,2015-04-30T17:35:51Z,3f090b1c-968a-5220-a7ac-3ac802fbb8d0,fbbb3a79-7c9c-51c0-ad06-90e5c605a4c6
864da920-7d11-5718-ac16-44c62cfbd8c8,18b1589b-85ff-5a5d-9d98-f7b7f4bda4ba,GEO-BG-30007,Sensor1,BH,2014-11-24T19:55:18Z,2015-04-30T17:35:51Z,3f090b1c-968a-5220-a7ac-3ac802fbb8d0,fbbb3a79-7c9c-51c0-ad06-90e5c605a4c6
94333f38-e130-5546-a287-93691dad50b8,18b1589b-85ff-5a5d-9d98-f7b7f4bda4ba,GEO-BG-30025,Sensor2,N,2014-11-24T19:55:18Z,2015-04-30T17:35:51Z,3f090b1c-968a-5220-a7ac-3ac802fbb8d0,fbbb3a79-7c9c-51c0-ad06-90e5c605a4c6
0c5f680e-1125-5357-bbe0-1272238df7f3,f9878443-31df-5be5-9136-e7b34b8857e6,DL-BE-30056,Primary,,2014-12-01T18:21:05Z,2016-04-20T18:34:17Z,b1c4fdd4-c618-5434-a613-4c99ac6acee7,f47ba0f2-c0bd-5e8c-bf2b-a7280835211c
ae1d7eb4-5162-5280-a446-85f0bbdb13cb,75c0daf1-0c02-5cb8-bd5b-a34692dc0c35,DL-BE-30057,Primary,,2014-12-12T21:20:43Z,2014-12-23T18:28:28Z,3bcf3af8-d0a0-5600-98d6-92aaff4833ac,5c8eb82f-ed00-5fb8-8aa5-f027d4c643b6
247d9e7e-e6f3-5e74-9e99-e24b2afd365f,9f038898-dda4-5167-a9fe-cc4d33238dae,DL-BE-30027,Primary,,2014-12-21T15:14:02Z,2016-04-14T21:21:07Z,56c37482-be0e-532c-bfc1-309e2d28230f,4e1f7bd2-eec7-5501-bc36-ac350fcd95fb
dc438a8e-90e6-5ceb-a7af-68ba7e7b0109,b7ff8b00-1d9e-53d0-b499-61bca54c6a96,DL-UM-40001,Primary,,2014-12-22T20:35:42Z,2015-04-02T19:34:47Z,2178dfa6-877e-5661-acef-a6c90f565ad6,0fd48d42-b92c-5208-a4b4-e27b6314fa76
ed557557-6bae-59bc-bb12-70f9fe638ae8,b7ff8b00-1d9e-53d0-b499-61bca54c6a96,GEO-UM-40001,Sensor1,W,2014-12-22T20:35:42Z,2015-04-02T19:34:47Z,2178dfa6-877e-5661-acef-a6c90f565ad6,0fd48d42-b92c-5208-a4b4-e27b6314fa76
434188ad-b958-55ac-8dc1-85ab2c84d823,8894ee00-f3a6-5fb2-8650-faa7aae7f8d5,DL-UM-40002,Primary,,2014-12-23T15:13:25Z,2015-02-06T11:21:48Z,e8452d76-e5b4-5f31-8bb0-71a1df6c5a18,b7a53bb5-ec01-58e3-ab37-0c85eb96df1b
715367a0-6879-50e2-9e46-fa98ac8caec8,8894ee00-f3a6-5fb2-8650-faa7aae7f8d5,GEO-UM-40002,Sensor1,S,2014-12-23T15:13:25Z,2015-02-06T11:21:48Z,e8452d76-e5b4-5f31-8bb0-71a1df6c5a18,b7a53bb5-ec01-58e3-ab37-0c85eb96df1b
ffe9cd21-96f9-5c61-9cb6-b696dd9b48b0,41145aa9-d9b9-53f0-bcaa-1fc1c6c5233b,DL-BE-30010,Primary,,2015-01-01T13:18:34Z,2015-07-08T19:04:27Z,4909d995-6786-578a-8958-824e79d9fa8d,8e592199-3b34-5389-96df-74f66d4b2e3b
e00edd54-1f38-5840-8b15-267e347fea94,c2303e23-99af-5c43-9d21-c9d9ae07cf1e,DL-BE-30049,Primary,,2015-01-05T16:19:33Z,2015-08-04T20:01:31Z,a0d81521-2d30-5aad-84ca-72c87b6ded68,b3734961-3d5c-5586-b33c-b111aa4c0f7b
ec2c53bb-3b0d-5242-b50d-670a849aaef4,8e35d633-6265-5fcc-80ee-627e834104d7,DL-BE-30009,Primary,,2015-01-06T13:05:39Z,2015-10-26T18:28:12Z,91ff2b37-75e0-58ad-8969-c119c3fbe714,e437a01a-7d23-514e-8ac3-cb823eada215
f7af1e70-3f81-52e1-960f-c41ebf01ac03,9d5ae34f-ad5e-5dda-857d-1fee8aa8798f,DL-BE-30019,Primary,,2015-01-12T22:36:43Z,2015-04-24T20:43:24Z,794bd422-6ebf-5d25-abcd-7444f13c457f,0a967608-6d49-5738-a672-35c2b911ec32
a54d4cce-90c0-50f9-9a2d-bb9e78a083a8,2a54d74d-0768-5354-8eaf-6a92b0a8cd48,DL-BE-30022,Primary,,2015-01-19T16:23:15Z,2016-03-03T18:17:39Z,8e05b193-44fb-5a55-88bc-d363f9fbc8bc,f0f7bca1-39ca-5baf-807c-c0046e020a9d
c93643e3-479f-5192-b1bc-a625979cdeb7,88ef6a32-07b1-5875-8752-fa367af6ccfd,DL-BE-30053,Primary,,2015-01-20T01:14:07Z,2016-02-17T21:14:45Z,4a644665-9f4a-5f8b-9e8b-16f588df7476,69e74b98-6d8f-54bf-b850-19b4d2d8215b
c6b372c4-229c-5ab2-9947-fd9b2f85759b,ef749c47-c649-56eb-b89a-03f2a09d9646,DL-BE-30023,Primary,,2015-01-19T14:51:29Z,2016-01-30T21:26:49Z,7541548d-30d5-5a73-ad11-47f3b19798d4,660feb3e-51a1-521c-b0af-e28cdce6e81f
95b66ca1-9358-5e4b-8c9a-f3da3cb04215,ef749c47-c649-56eb-b89a-03f2a09d9646,GEO-BG-30027,Sensor1,V,2015-01-19T14:51:29Z,2016-01-30T21:26:49Z,7541548d-30d5-5a73-ad11-47f3b19798d4,660feb3e-51a1-521c-b0af-e28cdce6e81f
0db3b9f5-96b1-57e0-9459-e03499a6b187,d481b347-a062-5ec1-bca1-64b468c7facf,DL-BE-30043,Primary,,2015-01-26T13:47:57Z,2016-05-11T19:46:59Z,53f7c097-e3d9-5f60-8f2d-39620ff41d5e,03091997-6394-5718-88cc-4726d817f9ad
167128b2-21f9-5b7d-9e12-21696f595496,0f1bfd02-19b1-5ece-ad1f-96a4b289d162,DL-BE-30051,Primary,,2015-01-26T19:54:43Z,2015-03-19T20:50:36Z,a8159c17-4894-50c4-83f3-6a3f0ee05274,dfa90b3f-8794-5e26-882f-57edd52575be
77fe17e9-543f-5310-a84b-5df2868231d1,0f1bfd02-19b1-5ece-ad1f-96a4b289d162,GEO-BG-30032,Sensor1,E,2015-01-26T19:54:43Z,2015-03-19T20:50:36Z,a8159c17-4894-50c4-83f3-6a3f0ee05274,dfa90b3f-8794-5e26-882f-57edd52575be
d91baa4a-94ab-5e99-be62-65f3b520e381,ffd1c4d0-5e63-53a0-8c44-cd400f0fcba1,DL-BE-30057,Primary,,2015-01-28T17:49:40Z,2015-03-04T20:42:35Z,eb453f8d-55ad-58bd-9b82-c128f3518406,8aaafef2-fae9-503e-a986-f6322209ba2a
4816070c-fb99-50d4-90c3-5a04cb321f4b,7167a6e9-a178-5205-84a0-437f18bc4b09,DL-BE-30008,Primary,,2015-02-03T14:37:23Z,2017-04-20T20:29:35Z,9bb4151b-93b6-5caa-b74d-8b0eff09f63e,f1f84680-2fc8-5806-890f-65f7e81f86c0
83bed7a0-fc17-59a0-ab4d-31eac1aff5f3,7167a6e9-a178-5205-84a0-437f18bc4b09,GEO-BG-30009,Sensor1,V,2015-02-03T14:37:23Z,2017-04-20T20:29:35Z,9bb4151b-93b6-5caa-b74d-8b0eff09f63e,f1f84680-2fc8-5806-890f-65f7e81f86c0
d77bf16e-7aec-5eac-9dd5-5b830f771731,ef0f809d-ab76-5bf6-9a05-236ddea2218c,DL-BE-30029,Primary,,2015-02-12T18:58:53Z,2016-01-06T19:00:05Z,9d3668d9-9ffb-55b7-a6e3-aca9ca27fe4c,e8de4b77-941d-57de-a724-f541de9c0254
b30291bf-6609-59bd-a1c1-2ad17d2b924b,d66ffe1b-b821-583f-b64b-eecf3a861384,DL-BE-30024,Primary,,2015-02-16T22:15:51Z,2015-03-11T18:21:03Z,2dda5a12-a2f3-5796-beae-8b0a76d9e4be,1ad461ea-6d64-556b-b9e6-5a985536d66a
0ba51791-03ae-5d51-8d03-3b7f1eaa7cb8,3d8cc164-ab16-5c20-88ed-d33e00368663,DL-BE-30060,Primary,,2015-02-20T19:09:15Z,2015-06-28T19:07:17Z,082a812a-cf57-58c7-b227-5ea16ee95fde,b544acd0-31ce-5c65-ae9c-e6e3a26b3782
b6bd64a5-b7ab-5a9a-b80c-55ad8588db4f,c108299e-ceae-5d44-88f0-9818e4482283,DL-BE-30002,Primary,,2015-02-23T13:03:32Z,2015-03-27T19:01:23Z,92e50cd7-67e2-5978-9c75-358c58f84401,ef2f0aa7-a11a-58db-a037-d35620c63fcb
5302c395-2546-5153-bc6a-beceeb417224,e3440088-8619-5589-b701-8f3f6bdbb274,DL-UM-40002,Primary,,2015-03-05T11:37:13Z,2015-06-24T17:20:07Z,82e42342-5cb2-599e-895d-7d5aa942bb75,ce011b96-2232-59b8-8a80-49bcac6a2780
c6dc243c-baeb-5a8d-8e0c-71e03f5df705,e3440088-8619-5589-b701-8f3f6bdbb274,GEO-UM-40002,Sensor1,S,2015-03-05T11:37:13Z,2015-06-24T17:20:07Z,82e42342-5cb2-599e-895d-7d5aa942bb75,ce011b96-2232-59b8-8a80-49bcac6a2780
b66b21fb-bf05-51e7-aa38-f2e7f66d9275,fa44b337-e273-5781-96c3-2efb6c334d7a,DL-BE-30013,Primary,,2015-03-13T12:04:20Z,2015-07-22T21:06:24Z,8a1060c0-eb09-518c-9dc4-472e2f72aef7,e36a3a62-bc78-5cd9-bbad-e68cd345b9c8
a02d4373-2717-5e7f-969a-247daabbe5cc,fa44b337-e273-5781-96c3-2efb6c334d7a,GEO-BG-30011,Sensor1,E,2015-03-13T12:04:20Z,2015-07-22T21:06:24Z,8a1060c0-eb09-518c-9dc4-472e2f72aef7,e36a3a62-bc78-5cd9-bbad-e68cd345b9c8
f70e5930-6e5e-5347-a146-3e4403a8dac4,2aa76b2f-93ba-56d7-b94c-bb4aba332de5,DL-BE-30057,Primary,,2015-03-13T12:15:28Z,2015-03-25T18:44:19Z,5f88db1a-6bc4-5a58-8695-be57779a7c4d,e5aefd3e-9219-5ef8-b2f9-429185f69610
50355962-bf84-5f8b-b5cf-9590d76fc37b,1d41bb99-ebaa-599e-a246-aae750d09d7b,DL-BE-30055,Primary,,2015-03-19T19:43:07Z,2016-02-04T19:51:26Z,f5515853-50a4-538b-a1f5-051fe68713f3,b75dbd60-9a27-5eee-940d-ae18d65a843f
9d07c45a-a837-5e5f-8e2b-0ea1aa6843ce,fb5fb9d9-52f2-5a20-bde4-e7080d0cde84,DL-BE-30034,Primary,,2015-03-22T12:18:58Z,2017-01-02T18:30:19Z,e4a3201c-d924-5b7a-86af-7c5445d98f32,78b0802a-de84-5787-8e55-72829f24b72e
05d20bc4-2fd0-59cb-a6d9-cd0566f4c6ce,fb5fb9d9-52f2-5a20-bde4-e7080d0cde84,GEO-BG-30024,Sensor1,V,2015-03-22T12:18:58Z,2017-01-02T18:30:19Z,e4a3201c-d924-5b7a-86af-7c5445d98f32,78b0802a-de84-5787-8e55-72829f24b72e
7785ed1d-f2c2-529c-8916-481c91f8dc49,fb5fb9d9-52f2-5a20-bde4-e7080d0cde84,GEO-BG-30026,Sensor2,S,2015-03-22T12:18:58Z,2017-01-02T18:30:19Z,e4a3201c-d924-5b7a-86af-7c5445d98f32,78b0802a-de84-5787-8e55-72829f24b72e
bdb240b7-a754-50fe-99cd-ee66cf3eaf0e,6b6f1d71-5296-5377-94ce-9a8cf2be4e5e,DL-BE-30011,Primary,,2015-03-26T18:30:16Z,2015-09-01T19:47:44Z,7099c0d8-e7ee-50ff-b0b7-f4083040c465,af9a1af7-ff7a-5bc1-9b26-f251a10a1177
dab83c92-72fd-51f3-b5b9-a16ad8025e57,6b6f1d71-5296-5377-94ce-9a8cf2be4e5e,GEO-BG-30015,Sensor1,V,2015-03-26T18:30:16Z,2015-09-01T19:47:44Z,7099c0d8-e7ee-50ff-b0b7-f4083040c465,af9a1af7-ff7a-5bc1-9b26-f251a10a1177
0f3a5cb2-6634-5daf-af47-aa71f7204f13,b035a5e0-a376-582e-9708-e528c976b1df,DL-BE-30000,Primary,,2015-03-31T14:14:24Z,2015-04-29T17:52:52Z,a950ca25-52ea-52f9-b7df-8d1055cafb00,6704c7f6-cfee-57f7-b812-501588841976
c3004f3b-7582-5da2-b61d-8e1f78707597,1d76dc63-1c8b-5604-ac36-d0739fbbe28d,DL-BE-30024,Primary,,2015-03-31T15:21:00Z,2016-08-30T20:30:02Z,c23bd64c-39ed-521f-9f98-be8b1b3c9e7d,70e55853-077c-5ba3-8fb2-636a9c5eebcb
51a89e88-e5c7-5942-ab0f-030ddd566216,5964364b-099a-5e1e-bf52-f634264f5b51,DL-BE-30021,Primary,,2015-04-01T14:05:13Z,2015-06-29T18:35:42Z,54d4b420-82b8-5246-aa2d-6fdf036d982b,4def50a8-33fd-5f19-9cb1-6f20ef857150
e3683b8f-ab76-5d0b-a34b-71c589c575c8,b95f79ff-00f2-5ccd-84e4-44c170bfb531,DL-BE-30051,Primary,,2015-04-03T19:47:57Z,2017-01-08T18:15:36Z,e90ec744-cec7-580f-94c7-4e2afa1f90e9,fb3304fc-ba29-5ac5-a1d0-1d2a6a5167a3
57c88adf-d19b-5321-ab02-779171334546,b95f79ff-00f2-5ccd-84e4-44c170bfb531,GEO-BG-30032,Sensor1,BH,2015-04-03T19:47:57Z,2016-12-16T22:05:10Z,e90ec744-cec7-580f-94c7-4e2afa1f90e9,e8fd7f84-7a22-524c-abfe-a2626db41627
761ecce5-a13c-5e10-a04b-f86301541744,069875b3-3fbf-50cc-9136-badba5cfc200,DL-BE-30007,Primary,,2015-04-10T13:57:56Z,2016-03-04T20:15:00Z,d43e3d17-98c1-54f9-8bba-94b6f8416d10,85f3d0d7-689f-5293-a206-45ddd72462a0
a31eee4d-1d1d-5e70-903f-619fca765591,069875b3-3fbf-50cc-9136-badba5cfc200,GEO-BG-30017,Sensor1,N,2015-04-10T13:57:56Z,2016-03-04T20:15:00Z,d43e3d17-98c1-54f9-8bba-94b6f8416d10,85f3d0d7-689f-5293-a206-45ddd72462a0
022b589b-3581-56ad-825c-1088849f51a3,069875b3-3fbf-50cc-9136-badba5cfc200,GEO-BG-30028,Sensor2,V,2015-04-10T13:57:56Z,2016-03-04T20:15:00Z,d43e3d17-98c1-54f9-8bba-94b6f8416d10,85f3d0d7-689f-5293-a206-45ddd72462a0
aad82c77-7ab2-5095-b8f4-42a37bbec92b,e344e50e-0957-5c96-ab5d-b7d9e00c7eaa,DL-UM-40000,Primary,,2015-04-13T17:07:29Z,2016-03-28T18:07:16Z,e8f088ae-aeb9-5af1-961f-c5bc7fdb7056,933a0ee8-8150-5412-9e0a-948e04fc94af
9de8bfed-5166-55fa-92a6-26ad079fe309,e344e50e-0957-5c96-ab5d-b7d9e00c7eaa,GEO-UM-40000,Sensor1,W,2015-04-13T17:07:29Z,2016-03-01T18:39:32Z,e8f088ae-aeb9-5af1-961f-c5bc7fdb7056,a39ccec5-8d3d-5f03-94ff-578d498ba6b9
47b0464f-de54-5e97-8c56-8cea1a765034,f53e5c9a-822c-50bf-a754-a4f0a4bf1b90,DL-BE-30041,Primary,,2015-04-13T12:57:25Z,2015-11-12T18:15:17Z,ccf217f8-378a-5dad-a3a8-d55874a0f734,707f9396-55ac-5026-8147-0548784e13bb
5a0c7a7b-1bd0-534d-a88d-ba882ce43fa5,f53e5c9a-822c-50bf-a754-a4f0a4bf1b90,GEO-BG-30029,Sensor1,H,2015-04-13T12:57:25Z,2015-11-12T18:15:17Z,ccf217f8-378a-5dad-a3a8-d55874a0f734,707f9396-55ac-5026-8147-0548784e13bb
cc20841a-e8dd-57ad-8962-7c349d91fb40,152b9be0-0c93-5e70-b5c1-34ad00aafda8,DL-BE-30046,Primary,,2015-04-20T21:23:06Z,2016-03-14T21:24:24Z,d4a242db-4e24-5115-96bd-dcf410c50a68,0947d07f-cd70-578a-b486-deb742eab7fa
8a09a768-2fb1-5902-ae7c-f6849366cebf,5c003102-b23d-5f9d-845c-28636c0c8b1f,DL-BE-30057,Primary,,2015-04-21T15:30:18Z,2015-11-09T21:38:44Z,c26dafcf-53dd-58f2-9f38-e6412f240e67,6f6af02c-cbea-53b6-b8ba-c628bb541d3b
b5a6d83f-b55d-5341-8774-750d11c18ab7,b52d2a24-c75e-5650-ba29-e342019c6b31,DL-BE-30032,Primary,,2015-04-27T15:04:23Z,2015-08-14T17:02:40Z,6d3ace8a-3f21-5593-a2cc-96661fbf55f5,ac7696b7-9126-5f7c-8832-a5afdfdcdeff
5a2445c8-633c-5401-8661-5cb7f2be6173,ad02f8ca-3ab5-5a56-b783-1aa493221543,DL-BE-30059,Primary,,2015-04-28T22:02:11Z,2015-06-01T18:30:02Z,ae6ecc34-cbd7-5736-87b2-c751c4032481,f827ed60-b94a-5d41-82ae-d43a3b3fdf38
d178a210-0f0d-50f7-85c9-7b32ba11fc8e,fc80f2e6-39df-5721-828a-d2e575f8a0f1,DL-BE-30037,Primary,,2015-04-30T21:49:03Z,2015-05-06T18:38:37Z,4745c205-446e-519a-bb15-d85cbf5d687b,7e93a7ce-55a2-5426-8640-78d69e8f1aef
f3104e65-10ae-5c11-abdf-e0cf1abdb925,468db365-44d4-5293-ab95-ff4f81a17d86,DL-BE-30019,Primary,,2015-05-04T13:45:47Z,2015-09-15T21:18:18Z,6be61be9-23aa-5ee2-95c2-1f93d2b29344,4c852861-0c33-54d3-9f2c-f9be168ca1cf
a4b6924f-5086-5665-9bbc-b5c609e6eebb,ae02f481-75a8-5b4a-8f63-d03c48ad6d4c,DL-UM-40001,Primary,,2015-05-06T21:29:46Z,2016-08-22T20:09:20Z,b0cf3764-4e99-5399-8621-913dc8277fd9,4dedb8f5-3ce8-50a3-b0f4-020ef78d8d6c
16070dcc-db89-5046-8373-4b605a20cdd5,ae02f481-75a8-5b4a-8f63-d03c48ad6d4c,GEO-UM-40001,Sensor1,BH,2015-05-06T21:29:46Z,2016-08-22T20:09:20Z,b0cf3764-4e99-5399-8621-913dc8277fd9,4dedb8f5-3ce8-50a3-b0f4-020ef78d8d6c
b4846978-2e6c-5f18-931f-583f09ca9df1,4a11477a-8d78-5114-8fb0-48a84bd93608,DL-BE-30037,Primary,,2015-05-25T20:32:27Z,2015-11-29T22:25:01Z,23f9ec7b-2784-5b18-a63d-9e31c5677e89,98e46c2d-850b-5ae0-be4f-a23657203748
b1730401-5359-5020-94cb-a22ec36d4afb,2657d46a-67a1-581a-922e-34b07da5b83f,DL-BE-30000,Primary,,2015-05-25T13:42:56Z,2015-10-28T21:04:06Z,987fb119-565e-5d6e-8eb7-51d871e5e31d,0fb9bf80-f8c3-536f-b9d9-ffd14cda8a9e
68a21790-d044-57a5-9509-a4013649f28c,3733df76-8d2f-5c4b-b590-9bc632e726ce,DL-BE-30038,Primary,,2015-06-02T18:53:20Z,2015-09-16T19:59:34Z,2587a377-df0b-5ff4-9402-8b54f039e51c,cb2f2411-7b78-5a59-8a32-e2514bbe7c2d
5eadd01b-3959-50e3-8a37-9f5ef7d929c6,5e7e4b90-d811-50a8-86dc-1606d06221c2,DL-BE-30028,Primary,,2015-06-03T13:46:39Z,2016-07-19T21:41:29Z,87d35804-1b2c-54dd-b40e-44752f44550a,9b0c10c5-81b8-5813-b74b-62236854e0c0
13b3168d-9f9c-5e37-b08e-af124d1a50f3,bd776ccd-beb9-57ae-84de-82d6810319c1,DL-BE-30035,Primary,,2015-06-08T18:01:36Z,2015-11-30T22:31:56Z,aa03a5b5-bdd8-5192-b5c7-f1151d0ff880,a1206624-473d-5d11-9432-d6fe39998e59
3c98e47b-0a8e-553b-a4b1-405e317e1fd8,2547f02a-c44a-5cd6-a4f6-21fdaf969c6a,DL-BE-30042,Primary,,2015-06-10T15:04:42Z,2015-11-24T18:04:54Z,a5932d61-43d4-5662-b790-119097b2a65a,06298526-6414-5c23-8e04-890372b39982
bb161fd6-c8c2-51b0-9cad-ea1d946fc99f,9afdd1d0-3f0e-588a-8f2f-03f44f45fad5,DL-BE-30059,Primary,,2015-06-24T12:57:53Z,2016-03-31T21:27:03Z,75a7e7af-207f-5a99-8251-efc2c6fba00f,4db332b5-3172-5d41-a228-483a6bc46dae
db1c231a-1efc-5dbf-be40-6152bf3da9e9,32868041-d828-58ab-85ad-178703ad0dda,DL-BE-30044,Primary,,2015-07-02T19:22:13Z,2015-07-30T21:50:05Z,591e1092-4782-5297-901d-ec9810968119,1da83e7b-1653-5c6e-aede-a6a4320db638
018677a8-ca92-5528-8c30-b5524f80a8c8,0a449884-46e4-556e-886d-dd7755688f66,DL-BE-30015,Primary,,2015-07-06T13:24:36Z,2016-09-03T18:19:05Z,5aa2e30c-97ec-5875-8f58-a4e3058949b5,ab5aa83e-b22d-58e4-9c22-4e0517683c26
2ac4f560-0a4c-5ee7-9275-a33c8401e420,0a449884-46e4-556e-886d-dd7755688f66,GEO-BG-30014,Sensor1,V,2015-07-06T13:24:36Z,2016-09-03T18:19:05Z,5aa2e30c-97ec-5875-8f58-a4e3058949b5,ab5aa83e-b22d-58e4-9c22-4e0517683c26
4dd24166-e71c-56f4-9d17-e6b9b85b052f,0a449884-46e4-556e-886d-dd7755688f66,GEO-BG-30016,Sensor2,E,2015-07-06T13:24:36Z,2016-09-03T18:19:05Z,5aa2e30c-97ec-5875-8f58-a4e3058949b5,ab5aa83e-b22d-58e4-9c22-4e0517683c26
24cca3a3-e437-52ed-91d9-e104e320a7f7,2d7ef867-6d70-54b9-bf31-129901efcf87,DL-BE-30026,Primary,,2015-07-13T18:45:55Z,2015-12-27T18:50:14Z,41896ab5-624e-5940-ac23-8ddee8e13843,793dfbb0-f64e-5ad8-9ef1-13f321ef85df
d186a639-1b7d-518f-bf67-c37321977a92,c31a0dea-84e5-5e4d-9e7f-c66c13a18032,DL-UM-40002,Primary,,2015-07-15T16:20:37Z,2016-05-27T21:53:40Z,cf922824-a907-5a6c-948b-3b8e80aed8f5,f607f9d1-7c89-5fa3-addd-6cd2780b4a50
b260e7b4-79e3-5d9f-b671-0e94e680fbdf,2f195213-cf80-5f2a-881b-f643389aad25,DL-UM-40003,Primary,,2015-07-20T14:15:14Z,2016-04-21T18:43:30Z,5c7672fa-2b0a-5041-ba27-0df2f11bc9e1,49924fcd-f0c1-5f61-a16a-964600866c3e
defb6d57-6faa-5b39-bbcd-9d1324dd47d4,2f195213-cf80-5f2a-881b-f643389aad25,GEO-UM-40003,Sensor1,E,2015-07-20T14:15:14Z,2016-04-21T18:43:30Z,5c7672fa-2b0a-5041-ba27-0df2f11bc9e1,49924fcd-f0c1-5f61-a16a-964600866c3e
287b7645-1004-5a8d-8a95-736013e5250e,3f7695c7-cd8d-5842-8415-4c4e1c104f21,DL-BE-30021,Primary,,2015-07-29T15:22:54Z,2016-04-03T19:23:27Z,ef456419-f35e-50af-b729-897039f9b4b2,a6b9b428-b329-596f-a870-6f623775e2bd
1642a0eb-dcf4-54da-b513-f286d577ae6c,51c47571-72ac-5566-9e87-17873f6ac3a4,DL-BE-30025,Primary,,2015-08-03T12:46:53Z,2015-12-22T22:29:38Z,5654ed55-39a7-5c29-8117-007240b35a68,bd49b8c7-2778-5690-be35-039be6ec37fb
edf09719-b06b-5480-8e9b-5c9ce3305321,92dc5581-95b3-5797-b4be-e2d54d6e98af,DL-BE-30010,Primary,,2015-08-04T17:10:37Z,2015-10-13T21:11:17Z,663cac6f-74ba-5fe3-9b09-6c4813572596,54dbcf64-1a10-5830-90e6-6fcd5cffc19f
e88ef0ae-9846-596c-833d-a20abcc2631e,92dc5581-95b3-5797-b4be-e2d54d6e98af,GEO-BG-30010,Sensor1,V,2015-08-04T17:10:37Z,2015-09-14T20:35:00Z,663cac6f-74ba-5fe3-9b09-6c4813572596,34fa62cc-9efd-526c-8a2d-55b5f8b525bf
e230bf20-7f0e-57ee-a70c-1181bd12f248,40dae407-f122-5d3f-b00c-89b886f4cbb2,DL-BE-30031,Primary,,2015-08-05T10:35:27Z,2017-03-06T18:43:29Z,a558c7e0-0089-5321-8028-127a008b8777,d1c59f63-c190-5018-b1cd-05a29e74c58d
31f4de1d-2a88-550e-965f-8f7ddd7ac316,17b1ade2-9663-53de-98c6-5d709eb95333,DL-BE-30060,Primary,,2015-08-06T15:42:06Z,2016-08-08T20:58:11Z,de692f52-dc03-5b1c-ab57-38d4161a5d86,0d0feecd-ce49-58ec-be57-70fbc363e7a0
691468ce-9720-539b-9ae7-67600c087c8d,e0ee6519-214a-5cea-be2b-0e5eb3de98fa,DL-BE-30049,Primary,,2015-08-21T14:15:32Z,2016-08-10T20:04:30Z,2fb7f8e5-2cf3-51ae-a91e-10000202b0e9,dd961448-f52f-5938-8f38-92c4dc8fe9dc
75784d80-2147-54fd-989e-728a7331aac9,6ce11834-e807-5653-ae07-cb412a6ab763,DL-BE-30044,Primary,,2015-08-29T17:39:04Z,2016-07-08T21:24:29Z,a8ad63a1-5374-5587-986f-16bac0410add,58660cff-5d54-5e44-8f17-4381c5610f47
91973c28-5500-5208-ac2d-0fc9bc5cf042,56522222-0dea-595d-8732-b2995fbc0288,DL-BE-30036,Primary,,2015-08-31T14:16:35Z,2017-09-15T20:56:39Z,7f10f6b4-10e8-59fe-9a05-f08d06885c12,9b4d6225-1f4b-537c-a2d4-d2e16d86acc1
2769c1e7-9ccb-5e37-9de7-23d0ec4cc2e6,56522222-0dea-595d-8732-b2995fbc0288,GEO-BG-30030,Sensor1,E,2015-08-31T14:16:35Z,2017-09-15T20:56:39Z,7f10f6b4-10e8-59fe-9a05-f08d06885c12,9b4d6225-1f4b-537c-a2d4-d2e16d86acc1
4fdc0d60-e32d-58e6-bf55-c092248370b2,56522222-0dea-595d-8732-b2995fbc0288,GEO-BG-30033,Sensor2,W,2015-08-31T14:16:35Z,2017-09-15T20:56:39Z,7f10f6b4-10e8-59fe-9a05-f08d06885c12,9b4d6225-1f4b-537c-a2d4-d2e16d86acc1
3b6a542e-7229-5bb3-ae80-ff74b8980fcc,7a6f083b-2d02-5c99-832c-c78e1a9867c6,DL-BE-30018,Primary,,2015-09-02T18:47:43Z,2016-11-28T19:04:01Z,441d8a0e-19e7-5211-a77e-ec23d7ab3809,1555727e-9747-5e7c-a739-2b6bec41c002
fccaafe6-983b-5274-82d8-361c26031b52,7a6f083b-2d02-5c99-832c-c78e1a9867c6,GEO-BG-30021,Sensor1,N,2015-09-02T18:47:43Z,2016-11-02T18:00:34Z,441d8a0e-19e7-5211-a77e-ec23d7ab3809,42248718-2c80-5049-98c5-7bd89d22eefe
57485e67-f0ed-5746-b468-5487c3188cf1,38cd3005-34e7-5de9-89ab-a1a5c13dca8b,DL-BE-30048,Primary,,2015-09-06T13:30:04Z,2017-02-24T22:29:24Z,43d38a59-17b4-58b3-b346-c1932cf97cde,dbd27522-8ad3-5ae9-9d98-c2285cd99b69
bcfe775c-c8ba-5700-ae7e-713f58ccf697,79a96aab-270e-5699-84d6-546f2c02730e,DL-BE-30033,Primary,,2015-09-15T14:36:15Z,2015-11-26T21:50:58Z,49175bab-e1b4-58a4-a05c-f388d254edfd,133c0947-5c8f-5d4d-b6b7-e950a6fa06f2
eec13b83-8e5e-588a-aa6b-d9e2ee576508,1aba34b1-bcef-5a97-9ecc-28920414c664,DL-BE-30030,Primary,,2015-09-23T20:54:36Z,2015-10-19T21:01:52Z,c6e3e7b1-a37c-5361-8106-5f6b4120ca29,9a7c0c9c-89ca-57ca-a7fd-2a42b2c232c0
d9e156b6-3964-545e-b887-55e313d853bb,4c9fb12a-24bd-5e8a-b637-c0b2a76fd348,DL-BE-30032,Primary,,2015-09-23T21:07:11Z,2016-01-28T19:15:38Z,5df41a70-39aa-5e79-acfc-c1df053f0ed9,9fe04328-65cb-581a-80b5-de558d529cd6
a619678c-466d-5ab2-9339-1537c52feec9,ad06fdc2-58e3-5d05-9e92-662b44678d65,DL-BE-30047,Primary,,2015-09-26T21:46:03Z,2016-10-24T21:00:41Z,6da9805f-3537-54b5-a2c5-0563914fcbb6,94d0d7ef-6682-5764-9852-923eee2a4822
8acac32a-4c91-59d0-a32d-21c01482c8fd,ad06fdc2-58e3-5d05-9e92-662b44678d65,GEO-BG-30031,Sensor1,BH,2015-09-26T21:46:03Z,2016-10-24T21:00:41Z,6da9805f-3537-54b5-a2c5-0563914fcbb6,94d0d7ef-6682-5764-9852-923eee2a4822
69cec425-a52e-5c58-9ca1-00a210f09163,ad06fdc2-58e3-5d05-9e92-662b44678d65,GEO-BG-30013,Sensor2,E,2015-09-26T21:46:03Z,2016-10-24T21:00:41Z,6da9805f-3537-54b5-a2c5-0563914fcbb6,94d0d7ef-6682-5764-9852-923eee2a4822
d5ab7fd2-4720-5dd9-acfa-03605d1bbe00,c776c0d7-7715-58ad-bbca-1bfb138b7639,DL-BE-30013,Primary,,2015-09-28T13:33:39Z,2016-03-11T21:15:13Z,c85c1214-e746-56ba-a4d8-bb0635b0b35a,0ab6cb01-ac56-597e-ab82-0641aec81e20
23adee77-deab-56df-a9fb-eab2ad312dab,c776c0d7-7715-58ad-bbca-1bfb138b7639,GEO-BG-30011,Sensor1,BH,2015-09-28T13:33:39Z,2016-03-11T21:15:13Z,c85c1214-e746-56ba-a4d8-bb0635b0b35a,0ab6cb01-ac56-597e-ab82-0641aec81e20
c6eb00d8-4b77-539a-a91b-5243174c5186,cacf8ada-758d-529b-95a1-7c5f8b4761a0,DL-BE-30011,Primary,,2015-09-29T12:14:24Z,2016-02-09T20:10:13Z,ab04dff4-7ca5-54f9-a582-9c30d71e807e,08fe282b-0a61-50f0-8fb7-ae49b983794c
b1bfa3c0-08f7-5095-a8d6-f3d6f5299bfd,cacf8ada-758d-529b-95a1-7c5f8b4761a0,GEO-BG-30015,Sensor1,BH,2015-09-29T12:14:24Z,2016-02-09T20:10:13Z,ab04dff4-7ca5-54f9-a582-9c30d71e807e,08fe282b-0a61-50f0-8fb7-ae49b983794c
399f6d77-4040-5af6-90b1-27fed72f9e69,7ffae996-61cb-5441-82a4-5e05c83abacd,DL-BE-30039,Primary,,2015-10-07T13:32:02Z,2016-04-11T19:22:28Z,f500e5b2-7388-5eab-8a3f-65cf381d3bf2,00cb5b1c-9d96-59a1-9971-a9b71ea6bd9c
41682ff2-bc7a-5944-afc6-4eddc8017951,9ec399e9-2866-57af-be4d-72f2f941022f,DL-BE-30019,Primary,,2015-10-21T16:38:51Z,2015-11-02T21:25:21Z,7c0f1da2-8a17-5fbb-a23e-cea746cf622b,dbd02f76-40da-54d8-8c12-3f6bfbb36b4d
d3601e1d-6bed-5756-b5c2-c56b2fc4f02c,11ede7cd-709f-5506-96b6-98ce5f7f6840,DL-BE-30002,Primary,,2015-10-27T21:36:25Z,2017-03-06T19:16:02Z,a134e190-1846-5ad8-83fb-a8b31af55c23,0011c903-cfbc-5356-9e82-7f6ffcee3c58
39801295-460f-5d69-95dc-3dbd95de4cb2,11ede7cd-709f-5506-96b6-98ce5f7f6840,GEO-BG-30000,Sensor1,H,2015-10-27T21:36:25Z,2017-02-10T22:35:18Z,a134e190-1846-5ad8-83fb-a8b31af55c23,9b726cad-78d6-585c-851f-c55bfbfa8dcf
2d0cdaad-27fd-53d5-bc19-d2d8c6282cd7,9d757b70-9882-5c3d-bad0-abc997bfa69c,DL-BE-30030,Primary,,2015-10-28T17:56:52Z,2016-07-18T17:45:55Z,12293266-f394-58e5-829b-e2f2041b0c4c,462cc740-d4ba-54d4-8dad-8f2dbcd09a4e
2c7b841d-75a2-5088-85fa-b83805f9e2fe,ec6a0239-1ba2-5bcf-b381-628483247b05,DL-BE-30010,Primary,,2015-10-29T19:15:57Z,2016-07-14T17:50:03Z,1a38b543-89be-5e55-bc1b-5f41d30b50db,58530f59-b9b9-5ed0-b807-356d8c6ef2f5
977a951a-76fd-583c-92fc-a3a11132ba02,ec6a0239-1ba2-5bcf-b381-628483247b05,GEO-BG-30010,Sensor1,N,2015-10-29T19:15:57Z,2016-07-14T17:50:03Z,1a38b543-89be-5e55-bc1b-5f41d30b50db,58530f59-b9b9-5ed0-b807-356d8c6ef2f5
21d294e7-bab4-5b3f-a060-22748960a4cb,908ca52a-07f9-5f6d-ab5b-e39b67b025e5,DL-BE-30019,Primary,,2015-11-12T18:58:33Z,2016-06-16T21:57:52Z,f60fbf5e-a2a0-5943-8cd6-78fa3e3f3c8b,c7936dd2-feb3-5b51-8deb-d00d39603fb3
786bb172-9660-5b78-a926-bb7da7872bba,12c4d318-ea19-5add-b13a-eb1322a878fd,DL-BE-30000,Primary,,2015-11-16T14:47:50Z,2017-06-17T17:59:41Z,32d65549-4986-503f-ba13-6982b8e9793b,e02d0a8f-e3cf-57df-8257-7b7c6fd99243
a274920b-88d5-5e80-b95a-60d2a8a5c2c1,0ab8c5f5-0a92-5a96-87e2-9a02a66de3bd,DL-UM-40004,Primary,,2015-11-20T22:02:51Z,2015-12-06T21:05:30Z,a1948eb1-dbbc-5349-aba4-ef331e85e22a,adb16241-da1d-5a6b-9ac7-144859665bb1
21b5640d-e02f-583c-9de2-1637be81cecb,0ab8c5f5-0a92-5a96-87e2-9a02a66de3bd,GEO-UM-40004,Sensor1,S,2015-11-20T22:02:51Z,2015-12-06T21:05:30Z,a1948eb1-dbbc-5349-aba4-ef331e85e22a,adb16241-da1d-5a6b-9ac7-144859665bb1
fdeb4edc-185c-54ae-9b52-468f8aa883de,6125c09d-9d73-5dd0-b6f3-43703a9053c6,DL-BE-30041,Primary,,2015-11-24T00:08:13Z,2016-10-09T17:08:00Z,335cce69-4cbb-5c4a-b818-994d807c7003,85e018e3-77d7-597b-85f0-92bb36ad6f02
f4afa698-9dbe-5df6-8ab0-9ada37037551,6125c09d-9d73-5dd0-b6f3-43703a9053c6,GEO-BG-30029,Sensor1,W,2015-11-24T00:08:13Z,2016-10-09T17:08:00Z,335cce69-4cbb-5c4a-b818-994d807c7003,85e018e3-77d7-597b-85f0-92bb36ad6f02
9e8d6f49-7b92-5bf4-adc5-d181385ebbd6,b0128fba-7679-535d-a9b1-454170ffdfae,DL-BE-30054,Primary,,2015-11-26T13:59:23Z,2016-10-10T20:58:04Z,ccf6ee4d-b0aa-54b6-82b7-f76e2ecbeabd,f140180c-6be7-54e3-ab2f-b0fc718c749e
246446a9-7055-50ff-b033-e2ac20d852ed,29b3b5d9-1d1f-5e5a-bc1e-4708ae6b90cf,DL-BE-30050,Primary,,2015-11-30T14:55:32Z,2015-12-22T18:31:20Z,0dbc6d7e-e828-5a19-a626-86f0737bbc5a,6ea0f074-863f-506f-b993-b11ed88435eb
ec9d13ce-8818-5f39-b559-8b03ac7fc560,ba85b3ac-441f-5962-a4af-2eb80ada2252,DL-BE-30009,Primary,,2015-12-02T13:42:42Z,2016-02-29T21:04:15Z,a48c8e7b-e0da-5ee1-be97-f01317b6ee67,1f3a80f5-41c5-5ce3-a52a-c3502f0dd540
236b930c-f2bc-5a3c-a0cc-fae3c9017e71,ba85b3ac-441f-5962-a4af-2eb80ada2252,GEO-BG-30020,Sensor1,N,2015-12-02T13:42:42Z,2016-02-29T21:04:15Z,a48c8e7b-e0da-5ee1-be97-f01317b6ee67,1f3a80f5-41c5-5ce3-a52a-c3502f0dd540
b5ccab61-b4bc-5a4e-86bc-289d8c3186bf,9baf4348-da57-5aba-8ef2-fc6ee71f0dcf,DL-BE-30042,Primary,,2015-12-04T15:18:12Z,2016-03-16T18:04:50Z,0b7796e8-96f4-54ce-a643-9763962a151a,e913708f-ce42-5f61-9825-149974c4361d
eba0350f-6877-52e4-824a-8c069081f59a,edafc051-c9e9-5a34-abb7-c540cd4edce7,DL-BE-30038,Primary,,2015-12-11T19:48:02Z,2016-09-13T17:07:45Z,2c4475fc-f509-597c-ad8f-c5e50a3e270e,c1e64527-6f99-508c-8082-0b689aedb49c
04cbb94d-53fa-553f-86e9-5cd62b68e058,0d2a43e1-c06f-5e1e-a70a-8580dd8a6468,DL-BE-30017,Primary,,2015-12-15T17:52:11Z,2016-10-03T18:47:42Z,f4e0eced-44e3-52b6-8b1b-6a720223463c,c0a87786-c2ea-5fbb-a0f6-52673d7cceee
0c50e527-6b8f-5d8b-b879-aa2552b4effa,0d2a43e1-c06f-5e1e-a70a-8580dd8a6468,GEO-BG-30018,Sensor1,V,2015-12-15T17:52:11Z,2016-10-03T18:47:42Z,f4e0eced-44e3-52b6-8b1b-6a720223463c,c0a87786-c2ea-5fbb-a0f6-52673d7cceee
53485978-778e-50d3-a46e-0c3f0473d5cc,5fe788c3-de61-586b-8e93-c70d78714108,DL-BE-30035,Primary,,2015-12-21T19:52:13Z,2016-09-13T17:38:45Z,e0cdeebe-48d8-5004-97f9-efa90baaf9bb,51761532-5813-51e7-8403-2d8562c062c4
c99cdf3c-c26d-55ef-9484-c03a76cfbe7a,ec0d76e0-6666-511c-ab62-553b73cfa0df,DL-BE-30057,Primary,,2015-12-25T22:39:51Z,2016-04-15T19:16:48Z,f354064b-571f-509e-b28b-d3a060ab75a9,2cb53c01-5778-57b6-8c92-03552500d490
2a549bf9-25a2-52ae-a7a9-4c5e67a52422,6528b367-aa8f-5728-a816-fcdf31a52801,DL-BE-30037,Primary,,2015-12-28T18:01:13Z,2016-06-06T21:41:32Z,da0a181c-f965-5aad-8043-690698cfead7,b0f41254-1c66-5e40-86cc-ca3e1c52556f
ff40a22d-390c-5fec-a145-3ef2ed789b10,0e42a118-e16f-5118-bfd4-633f2cac0d6c,DL-BE-30025,Primary,,2016-01-01T19:48:57Z,2016-11-02T20:37:28Z,fcd336e3-f806-5a7e-942d-98c262e4b7da,1a0b83b7-8b19-5450-b931-a2425f817b78
2153da53-387c-5b4d-ae55-2696e36f7b91,1ad3a9d6-6909-524b-9e6f-7035921107e5,DL-BE-30026,Primary,,2016-01-15T22:24:46Z,2017-02-13T22:28:52Z,ed7d07fb-46b1-5e3b-8566-398807d6b33e,c64abbe0-63e8-5afc-92b8-a89a7a7455e6
829fe587-68b4-5a29-af9f-36dc22bde7b9,8fb28662-0c38-5927-9c21-d56d43d80480,DL-BE-30005,Primary,,2016-01-15T14:58:55Z,2016-02-17T19:57:55Z,c45dab33-ff0d-5245-8955-3fb3d6008875,3ea7c525-0366-5afb-85ae-686b718a8952
62ee1080-4cba-5bc2-ac89-7a4476dfecdf,8fb28662-0c38-5927-9c21-d56d43d80480,GEO-BG-30007,Sensor1,H,2016-01-15T14:58:55Z,2016-02-17T19:57:55Z,c45dab33-ff0d-5245-8955-3fb3d6008875,3ea7c525-0366-5afb-85ae-686b718a8952
6412c3cf-84bf-5848-b4f9-ebd6edd6820d,8fb28662-0c38-5927-9c21-d56d43d80480,GEO-BG-30025,Sensor2,N,2016-01-15T14:58:55Z,2016-02-17T19:57:55Z,c45dab33-ff0d-5245-8955-3fb3d6008875,3ea7c525-0366-5afb-85ae-686b718a8952
9e993195-7b42-5400-97ae-8e22431a06a9,c769bb28-928d-503f-8ed4-6c06f89af044,DL-UM-40005,Primary,,2016-01-29T17:53:51Z,2016-03-10T19:45:33Z,b85c072e-18d7-5e85-8df2-dfb61ddc3cb9,32d32ebb-c6fa-5f95-b837-e7fbb89e2725
aba2554a-49dc-5854-b4a8-a3867d9fa76d,c769bb28-928d-503f-8ed4-6c06f89af044,SLM-UA-40000,Microphone,,2016-01-29T17:53:51Z,2016-03-10T19:45:33Z,b85c072e-18d7-5e85-8df2-dfb61ddc3cb9,32d32ebb-c6fa-5f95-b837-e7fbb89e2725
b25cba65-7cf4-5482-bdb9-4bfb6c0bbcc8,c769bb28-928d-503f-8ed4-6c06f89af044,GEO-UM-40005,Sensor1,W,2016-01-29T17:53:51Z,2016-03-10T19:45:33Z,b85c072e-18d7-5e85-8df2-dfb61ddc3cb9,32d32ebb-c6fa-5f95-b837-e7fbb89e2725
193680a3-1ce2-5d39-a6b5-3efc8996468b,b0542be2-9763-59f3-97f3-d6ecfffa123c,DL-BE-30032,Primary,,2016-02-05T22:46:41Z,2018-07-24T10:34:30Z,8d08dae7-7a80-5453-ae35-4c06eff91b5c,5a0a1aef-5c78-5ae6-8e18-e043b80fe476
a9ee7338-b822-5848-9c94-4a5c680bdd25,1318b5ca-0d77-5f66-89c4-1756d518cca1,DL-BE-30033,Primary,,2016-02-05T22:22:25Z,2016-06-27T18:30:00Z,92c1a702-1e18-5403-a462-67c67def886a,202706a5-89e6-5418-b443-b646bcbef5cc
a4142824-3d6c-5ace-9158-43f9c191724b,1f2d2776-5ff6-580e-ad7a-fe7db9b032d4,DL-D10-300000,Primary,,2016-02-24T20:20:03Z,2016-04-25T17:41:40Z,0794c9cb-3ecc-5cf4-af12-6ae406ea03d4,054abe1b-2d24-5ccd-845b-1c7b804a9b86
37418f56-2a60-560f-b3bd-72867ee4c6ca,ec9578a1-399d-58be-a8f7-b3717179215c,DL-BE-30011,Primary,,2016-03-18T20:07:00Z,2016-03-30T21:24:22Z,e713071d-0f62-50b8-b57a-b03989c77b5d,414828df-b35d-54e1-8944-9a77f4492a24
c848fc85-db75-51c7-bedd-04c4be811bf2,a5e208fa-60d4-54bb-a54d-c5df05e46087,DL-BE-30055,Primary,,2016-03-19T18:52:37Z,2017-05-01T20:29:21Z,04edeecb-571e-5c0c-8c8d-1dc6a10b0213,61d3431c-45c5-58a0-b733-8427162c270a
7f1e692f-cecb-5749-a5cb-202e5d7cc4e9,2dc81b6b-672b-5600-b869-11ebf8c164d7,DL-BE-30023,Primary,,2016-03-28T17:34:07Z,2016-08-08T21:32:15Z,3f196b19-c58b-57d9-b646-1c73457612de,6fa2aea1-cda5-598a-8189-8f8e71978257
2bb75252-b758-50b7-ae1c-3aa8757940d4,86fe46b9-fb85-59f3-aa7e-27dd341f3b75,DL-BE-30053,Primary,,2016-03-29T19:22:55Z,2016-07-18T20:50:51Z,407665a5-0ca9-510a-bbae-0c163d9545b0,cd6cea0c-1b76-584d-b6eb-0c8062075989
37cc5d7f-b7b9-53bb-900b-6586aa03cd3b,6ea4f5ad-1774-5146-b506-45c60edbd6bf,DL-UM-40004,Primary,,2016-04-04T20:13:00Z,2016-10-25T23:04:24Z,54806f4b-58e0-519c-a02b-5a05f1b19626,9a065416-8238-51f6-b2ce-4b4bab73af6e
9eb546d3-b1ca-5d15-9836-aa86abef1bf5,6ea4f5ad-1774-5146-b506-45c60edbd6bf,GEO-UM-40004,Sensor1,BH,2016-04-04T20:13:00Z,2016-10-25T23:04:24Z,54806f4b-58e0-519c-a02b-5a05f1b19626,9a065416-8238-51f6-b2ce-4b4bab73af6e
3637b000-a078-543c-8c64-0960bd1355c5,9ea42b4e-2ba9-5651-844f-ab08e2c788b5,DL-UM-40000,Primary,,2016-04-11T18:10:20Z,2016-04-19T18:17:43Z,43d533e3-1bf8-52fe-b8a5-5c889a222805,a3b4d38b-70b4-5214-badf-76e71ba4ff77
52f875c4-0143-532a-9ec8-cadc06eee8b7,779edf2c-bc53-578f-8020-b3d40f39a910,DL-BE-30022,Primary,,2016-04-14T17:55:31Z,2016-06-20T18:11:08Z,d5106e95-c688-5b8b-b8cc-dcd47afaf14e,f3b9398b-2b97-5a26-996b-ed749a4ecefa
3f225634-fa2b-5836-9b81-1f232f89c5b7,840c10a2-790d-5cd7-87ee-0c567c27b8a0,DL-UM-40005,Primary,,2016-04-14T19:01:03Z,2016-12-20T19:13:12Z,6771a452-1c61-5dd2-94e8-e6dffa4a0a09,744c34f0-e5ad-535b-866c-6cd655f7de35
ff396fa1-747a-5812-a61d-530c22d1b48d,840c10a2-790d-5cd7-87ee-0c567c27b8a0,GEO-UM-40005,Sensor1,H,2016-04-14T19:01:03Z,2016-12-20T19:13:12Z,6771a452-1c61-5dd2-94e8-e6dffa4a0a09,744c34f0-e5ad-535b-866c-6cd655f7de35
bdf53845-e88e-5d51-97c6-282dcb3d2a61,70923da1-cfc0-58e1-a761-27f355a31fb3,DL-BE-30011,Primary,,2016-04-18T19:00:39Z,2017-10-09T19:20:32Z,8b651689-b7af-578d-9762-59d7305942d4,a4c18ba6-298c-5468-b815-93d5b952e2bd
36f93d62-0109-5a0e-b593-036665eba9db,163f8368-a5ad-5ba5-9332-f8a40dddd4a4,DL-BE-30021,Primary,,2016-04-18T21:28:38Z,2017-01-23T22:17:50Z,ac687532-7ada-5ead-9fc2-de1a7baac48a,bb00505c-9663-5200-b242-42a7b16c982a
1350d331-514c-511a-8638-feb54462e3a6,255a6476-758a-54a0-96a0-0059bbddfa26,DL-BE-30013,Primary,,2016-04-19T18:45:47Z,2016-09-12T17:20:35Z,0e3f8ff7-0613-57bf-b241-5b03a4dfdb51,5c8d9a2b-556c-5fa3-8fb1-786700720680
1072b7e4-4fbd-56e2-83a2-1327a82c3dfd,db9a3761-1087-52b7-a51a-cf0ddc2e1ca9,DL-UM-40006,Primary,,2016-04-21T21:50:59Z,2016-08-22T17:53:51Z,eff890aa-af38-5349-a7fa-42f9b690899b,00d9a09e-6db2-5a12-82b8-f9ce57350c90
5ac16084-ac47-56f3-80ce-ff6593ff3bb6,db9a3761-1087-52b7-a51a-cf0ddc2e1ca9,GEO-UM-40006,Sensor1,H,2016-04-21T21:50:59Z,2016-08-22T17:53:51Z,eff890aa-af38-5349-a7fa-42f9b690899b,00d9a09e-6db2-5a12-82b8-f9ce57350c90
e7ac0b41-8e71-58a5-82f4-17706f2762df,92a3322b-f934-5b0c-9d5f-5e1f1f455efb,DL-BE-30059,Primary,,2016-04-25T15:36:22Z,2017-10-04T18:01:37Z,1cd8a28d-a196-5464-a55a-975d88773811,d55beedc-5855-5f5b-8400-14359fd4277f
a61b2f68-c7ee-59af-bf16-ced2bb1f04ce,ba7e2172-25c8-5b94-a3c1-d82ae4831da0,DL-BE-30009,Primary,,2016-04-26T13:23:22Z,2016-12-05T22:01:29Z,1ddae6a7-afe7-5308-92f9-68450d15d4ec,ceb6bde7-e3d8-5bcc-bfd8-474dfc1b824c
3c06999b-f75d-5297-af8d-c001358b3918,ec85b392-3d52-5dfa-9a54-3aedbab08770,DL-BE-30046,Primary,,2016-04-27T19:13:19Z,2016-12-02T20:17:55Z,923f7705-c345-5c52-a4a5-d398afb5ab3f,3dc42f93-f810-5433-aa1c-dbca4883ef2c
4c22f0b6-7c81-5a58-8f1d-0f13e7064ccf,705e1389-bfbf-53c1-8fcf-d4fd5a4284e9,DL-BE-30057,Primary,,2016-04-27T12:36:11Z,2016-06-14T19:29:30Z,ab86a9ec-a653-5a43-807b-479997c7b562,b2ec337f-fef3-5955-98c8-81e803e7b5f7
0c30a757-1ac9-59d8-a53f-390db08fd79e,013c2e69-d637-5cdd-a891-824aa88664c2,DL-BE-30007,Primary,,2016-04-27T12:37:14Z,2017-03-24T20:29:33Z,2fd31fd1-4689-5691-8904-e942dce1e40d,457fa803-5269-51af-a7bf-5178ffcafdec
c135afd3-0c29-5595-a2f5-c9efbff5d009,013c2e69-d637-5cdd-a891-824aa88664c2,GEO-BG-30017,Sensor1,BH,2016-04-27T12:37:14Z,2017-03-13T21:07:28Z,2fd31fd1-4689-5691-8904-e942dce1e40d,6d073520-6bb8-5849-b841-9e8eb4acd0c2
30e334cd-de15-556b-80fa-dd78c10fd482,20f31921-31fa-5274-8760-2c6c85fe478a,DL-BE-30056,Primary,,2016-04-29T13:10:45Z,2016-10-03T21:28:00Z,5692c4d1-bf35-5bca-abd8-e977bdcb1691,b7d2391d-ce90-5778-8b27-5fd4fcacf1ab
44fa69b4-0f6d-5630-bbd0-541b03c36368,70737499-060e-503f-911c-ec0e8259720e,DL-BE-30003,Primary,,2016-04-30T20:02:10Z,2016-05-08T18:58:15Z,0475b6dd-745c-5896-954f-9eb3c5e864cc,96869102-bc29-5015-a32b-1b9151018136
b737511f-b950-5293-8b81-5e2e7b2fe8b8,a50a1f5d-4366-5bea-936e-ba1b531dda98,DL-BE-30039,Primary,,2016-05-05T18:53:41Z,2016-10-18T18:02:00Z,492e2090-e132-5c1e-b3aa-574ffdb94365,277a0335-0611-5561-a025-dec85052287c
93611894-a28b-52d6-a589-9070c24b1c5d,81ca1610-a99f-5163-aeb3-0538724ff15f,DL-BE-30058,Primary,,2016-05-09T12:17:13Z,2017-06-05T19:22:23Z,2706ec87-ad9b-5a0d-ae95-6ac3ff77fe64,94f08b40-ee60-5ed4-8eb2-4f92c455d914
35ecf7f9-5e33-57d1-bf00-b6da5401d93f,2e5bf730-9ed2-5472-8ed3-129ddef6eda0,DL-UM-40000,Primary,,2016-05-16T14:05:30Z,2017-04-10T17:01:03Z,06615d4f-fd24-5163-82d2-4bbe1a4402e7,046e4964-ed20-51bb-bcc0-5f67f56524cf
be390e39-f103-5495-bf15-5876b44cb4b6,e573c4b5-7c5d-5234-b32a-b021fb50bab6,DL-BE-30043,Primary,,2016-05-26T18:31:15Z,2016-08-29T18:29:41Z,27edbf18-124f-5379-aaa9-b27d3459a4bd,cbbd4f47-faba-5661-b89b-1da22ae6b5e2
949f7545-ac46-5d52-bb1a-4fb703df91d3,f871c502-095d-5451-b4b7-fd050ea82fc7,DL-UM-40007,Primary,,2016-06-17T19:02:45Z,2016-12-20T21:03:10Z,e80aa2a3-8b9e-5022-8e7b-0897c1adc739,5034edbc-be02-582c-aba2-57107531c74d
fc7c0069-1415-5906-b106-0fb8736d72d2,f871c502-095d-5451-b4b7-fd050ea82fc7,GEO-UM-40007,Sensor1,BH,2016-06-17T19:02:45Z,2016-12-20T21:03:10Z,e80aa2a3-8b9e-5022-8e7b-0897c1adc739,5034edbc-be02-582c-aba2-57107531c74d
c9574960-45d2-5b06-9a0a-786a069174e2,aeb3f82f-bae4-5dda-9ac9-1520692211a0,DL-BE-30037,Primary,,2016-06-18T19:10:37Z,2017-05-25T18:42:22Z,cb26b1ac-3ab1-50ea-acf9-13ffbc3b3d9e,a56029f0-430a-53f5-8d66-8a25bcc249b7
5d6279e8-a54b-5667-a0a6-4c9d1fe25e12,01a1c2a3-9594-5213-91a1-59925aeebb01,DL-BE-30006,Primary,,2016-06-20T15:45:36Z,2016-11-01T19:22:27Z,2d383602-c73b-5930-8a52-d900f6924c13,b6cc231c-da5a-533e-b8ff-4b88f168d570
02d38e66-a732-5321-ac28-a41dbdeff4a2,01a1c2a3-9594-5213-91a1-59925aeebb01,GEO-BG-30004,Sensor1,N,2016-06-20T15:45:36Z,2016-11-01T19:22:27Z,2d383602-c73b-5930-8a52-d900f6924c13,b6cc231c-da5a-533e-b8ff-4b88f168d570
3cf80503-6e52-56d3-b3d6-ff3b5070d8a8,8212873d-9c89-5e2b-9985-e69b2ddb4aff,DL-BE-30012,Primary,,2016-06-29T20:12:49Z,2016-10-14T17:27:47Z,769e26f0-4a0f-5b3d-9a49-0aaa398bd1dd,5e4f709a-27e7-5d12-b0aa-d344f0f37afd
6b1571fc-9edd-53d7-942a-27d8af969d62,8212873d-9c89-5e2b-9985-e69b2ddb4aff,GEO-BG-30019,Sensor1,E,2016-06-29T20:12:49Z,2016-10-14T17:27:47Z,769e26f0-4a0f-5b3d-9a49-0aaa398bd1dd,5e4f709a-27e7-5d12-b0aa-d344f0f37afd
66b3fb32-d79b-5754-8a1d-ecb3f620f30f,03b3713f-a84d-50f7-ae84-349ca550c06c,DL-BE-30027,Primary,,2016-06-30T14:02:17Z,2017-02-13T19:08:12Z,1f3ee3f6-6139-5916-aba6-5689de48eaa9,16142fce-1e2d-55bc-b848-e2c8361c5de3
7d723a34-504c-5214-9fb2-eeb01669883b,2e94a613-900a-5af6-a8ce-996087c440c2,DL-UM-40002,Primary,,2016-07-07T19:59:24Z,2017-03-06T22:47:52Z,8e1df705-43be-55d1-bc10-deb0bb727f07,b71e273e-62cf-584c-8a51-e280f8232431
8cbd413e-ec40-57f7-8437-819e0758beb8,2e94a613-900a-5af6-a8ce-996087c440c2,GEO-UM-40002,Sensor1,BH,2016-07-07T19:59:24Z,2017-03-06T22:47:52Z,8e1df705-43be-55d1-bc10-deb0bb727f07,b71e273e-62cf-584c-8a51-e280f8232431
ea6541f9-5eaa-5a35-b7b7-9b8a844dbb4a,66e1dfed-c205-532f-b11a-39e052cdf57f,DL-BE-30019,Primary,,2016-07-11T21:52:24Z,2016-10-17T19:20:27Z,f28ec00b-1be8-55c7-99eb-288b14b99e51,562ec624-489b-5c5a-bde2-00b35034d841
8943dc3c-a90d-5a50-bf05-91c719dce655,91ab4c48-296d-559d-bee9-39ef3b251ea6,DL-BE-30042,Primary,,2016-07-11T11:44:35Z,2016-08-11T20:29:29Z,dd33179d-0337-5273-b3cf-31304c205fb7,70cb0b55-3435-50e4-a5e1-728810f6ded8
4d37addd-c558-5f0f-a5ac-d57bebbcbbf9,8393deed-4fe4-5e24-ac31-bcc2827cff20,DL-BE-30022,Primary,,2016-07-11T21:48:48Z,2017-04-07T18:38:10Z,720079a4-7010-55d2-998f-8aa91d3b24d3,8f256a82-989f-5c01-9438-3a3d7332d2b0
7817c4a9-0c04-56d3-b94f-73b31a0e714d,cdab204b-e6be-5387-b1a6-29b89a501804,DL-BE-30057,Primary,,2016-07-18T19:40:10Z,2016-10-24T21:28:41Z,01b99fbb-545b-5d42-a339-668da2399078,991845bc-1d52-562d-8bb6-ac3eb522cbfe
2b21bb78-bc35-5cea-8e43-7ba043bee512,3ccbfda4-1a49-57d2-9eb3-1a248be8ba97,DL-BE-30003,Primary,,2016-07-20T13:38:14Z,2016-12-27T21:39:57Z,b6a6ab98-58e8-542a-baf5-71a31349a92d,696bcb23-d235-5f0d-9110-fd0cd1dea2a8
43e7cb9d-fb4e-517a-8362-327f5ac3f10b,61c4f659-a39e-5bba-8fbd-a6cafcc47ceb,DL-BE-30053,Primary,,2016-07-28T17:24:27Z,2017-05-10T19:29:30Z,b9fe7b34-640c-5ebf-9252-fdc177212b75,2d932192-99cd-533f-ae57-866eea72ec18
a42063ab-7ddc-5686-9d8b-959103e40ba3,16fae1b5-94dd-5093-94c0-7c978fe53434,DL-BE-30061,Primary,,2016-08-05T17:52:38Z,2017-08-14T20:22:59Z,b8de353d-c675-5450-b93c-e72d1686484e,d9cd898e-e1da-501c-913f-cd5968245627
b55c73d6-d0d1-54d4-ac71-47d12a5393b3,f92b8e63-62a0-5fb5-a7ca-111949ad29be,DL-BE-30044,Primary,,2016-08-22T19:02:01Z,2016-11-29T21:19:10Z,ae86480b-28a3-5243-8478-1c9c5b8dac34,c2b20a4b-3fa5-5d97-a131-3c7fd2f6306d
e3d99055-3ebc-549a-8228-99e6d181a3df,19c6389a-3fe9-5772-abc8-4083cf11667a,DL-BE-30010,Primary,,2016-09-05T19:44:44Z,2017-01-26T20:46:00Z,ae11072c-e807-5fea-8061-0c0b6b2058c9,a9a59642-8a86-5202-9dc6-cee68b4e29c1
c80a7205-9eac-508e-abdb-f6e152d9a803,19c6389a-3fe9-5772-abc8-4083cf11667a,GEO-BG-30010,Sensor1,BH,2016-09-05T19:44:44Z,2017-01-26T20:46:00Z,ae11072c-e807-5fea-8061-0c0b6b2058c9,a9a59642-8a86-5202-9dc6-cee68b4e29c1
e1eacb23-b4d3-55be-9bfe-fc8fa3ec285d,b1913c0b-2a74-5ae2-9503-8c434965da76,DL-BE-30043,Primary,,2016-09-05T17:44:04Z,2017-01-24T18:25:50Z,08545165-d364-5f94-8ac7-815a05b8881b,f20f9579-a286-5bfd-9dda-bacc5d414f66
700bf25d-d905-58df-b18e-24426864e2a5,49720276-5c7b-5c77-a4da-d6c82a594978,DL-BE-30023,Primary,,2016-09-12T18:26:21Z,2017-04-07T18:45:17Z,14347894-c847-5354-8b61-3bf74098fbc6,2fb98c6a-7a15-50a6-aafe-0565a1115dfb
475c2e2b-8eb0-539c-a431-db7f81274eea,49720276-5c7b-5c77-a4da-d6c82a594978,GEO-BG-30027,Sensor1,W,2016-09-12T18:26:21Z,2017-03-23T19:20:15Z,14347894-c847-5354-8b61-3bf74098fbc6,03c60417-1511-5475-9d83-e16d86690f8e
71d857d2-7852-5d54-a7f2-3d13236e683c,da65f0d2-81b2-5cf0-a4e0-8fa85017ec93,DL-BE-30050,Primary,,2016-09-12T12:17:18Z,2017-05-24T20:04:04Z,96ac1b2d-cd83-54df-8781-41796c65f35c,b9ebc69f-176c-5c66-8c78-ed90fdfc4c28
37d84e55-3be3-5d45-99f3-1bd4c0641610,e9a170d8-80b9-5884-a239-bbb090553888,DL-BE-30024,Primary,,2016-09-12T20:10:28Z,2016-12-27T21:03:40Z,7d84d16a-4f50-53fa-8144-f3aca00383e8,d29b843f-c0a1-57e6-a57d-b1278b1e33d6
f66716a3-3809-5dec-80f5-fa1ab3811f04,3e10f83a-01be-5591-999a-dcd973d3c9bb,DL-BE-30060,Primary,,2016-09-13T13:07:05Z,2016-12-23T19:20:45Z,e190dd61-afee-53c0-8fb5-872dafea1367,704c5501-e6b3-5312-9452-f5c252fe07b6
27d02015-58de-5fc8-920d-1c8655968d8a,126d41bc-ad21-5312-8e44-fa4564727720,DL-BE-30042,Primary,,2016-09-13T19:45:16Z,2017-11-07T18:38:27Z,bc43a4dd-47ca-5a5e-91c5-a5947462e69b,e6888ba4-c61c-5f58-bab2-94cd168f507b
329e3fb6-67d8-5f1b-9198-a6f4a07dd7d4,3cd646ad-6ee9-532a-907f-2bbd27645de0,DL-BE-30030,Primary,,2016-09-21T21:50:59Z,2017-03-01T21:27:32Z,603a22be-7293-5859-92ff-4daf6c598c80,018e0432-b247-581e-b3ab-fd6d8293f1c6
b539a596-2a3e-56f4-9abf-d52dd41d8465,b19190d0-079a-5077-9b58-86005cb49787,DL-BE-30038,Primary,,2016-09-22T21:39:52Z,2017-03-31T17:04:47Z,dd7bcdb1-e64c-5bca-b1a9-61a886d895a0,c1bc4a09-4d5b-5d96-b98b-806382820918
bc28dbb2-12b8-5369-8ce1-bbcac94bdcd2,bf298e9e-2061-5b18-949a-dff79759c5a7,DL-BE-30049,Primary,,2016-09-22T21:03:10Z,2017-01-05T11:43:14Z,3fc0868b-c3bf-5c2e-9744-ff4eb42edabe,7150b9a5-5e7b-56eb-9b58-078acd1c9e9e
42d16025-4e93-55d8-80c1-2e0516e21ca6,619da124-0dcd-5a79-a14f-d54c26eed480,DL-BE-30016,Primary,,2016-09-26T18:40:54Z,2017-02-08T20:05:11Z,6c41df3f-3d46-5af4-9692-9fbeff6f4e60,4b087a2f-3ecc-5e1c-b948-fbdf4f1cb1f2
87fca05e-f124-5425-b226-8f6723461ca5,619da124-0dcd-5a79-a14f-d54c26eed480,GEO-BG-30006,Sensor1,BH,2016-09-26T18:40:54Z,2017-02-08T20:05:11Z,6c41df3f-3d46-5af4-9692-9fbeff6f4e60,4b087a2f-3ecc-5e1c-b948-fbdf4f1cb1f2
b4cab297-b884-521e-84fe-4b501b5cfae1,9b3d2dd0-9154-5dd2-b15b-a7722dbdc9ca,DL-BE-30020,Primary,,2016-09-27T17:13:17Z,2017-01-02T22:39:31Z,f7c34ee0-24b7-58a5-a019-13f7d4e6da0d,1df862b0-6e3a-535b-a931-fa7a83893dce
a6e56f99-3cab-5ce0-8dec-b28cf86b0852,144269e2-fee5-5254-842e-1e7266be8c98,DL-UM-40006,Primary,,2016-09-28T15:40:28Z,2017-07-14T18:43:13Z,9526e2ce-ef4f-5127-bfaa-c15ad7b3d898,719b4c5b-1775-5311-a66a-95aaf1dfaf2d
f27ea899-a19d-5c06-8e21-c304df5a31f3,7efadc91-7ba4-588e-a0b1-fa41081671fe,DL-BE-30013,Primary,,2016-09-30T18:28:49Z,2017-06-19T19:15:33Z,bfcff87f-5cf5-5275-914f-3c2511d0a518,44a7be0d-92f5-5a94-aef3-4600424f6144
e94f60ee-c716-5202-aca6-621739b09608,7efadc91-7ba4-588e-a0b1-fa41081671fe,GEO-BG-30011,Sensor1,V,2016-09-30T18:28:49Z,2017-06-19T19:15:33Z,bfcff87f-5cf5-5275-914f-3c2511d0a518,44a7be0d-92f5-5a94-aef3-4600424f6144
9945d196-1b6e-5bc7-896d-e79ae3ce267d,87a05aca-af71-51c7-ac93-59b77971beac,DL-BE-30033,Primary,,2016-10-05T20:08:20Z,2017-04-06T17:24:45Z,cfe392ab-f857-50bf-a633-2fcfbf28431d,7e6ef089-8ec4-5f27-b95f-8e7adc89d338
4dadcd7f-9d94-5fc0-82eb-385d84753ef2,606ee0f4-52ee-56d9-8562-b4d36a5f11af,DL-UM-40001,Primary,,2016-10-06T11:52:27Z,2017-03-07T22:41:01Z,1d08189d-6775-5c95-9adc-af41a3c4fa90,9bdedeea-566e-557c-95e4-c8c5629c343e
e66bbf7a-7480-57ae-b8c8-7c4301c83671,606ee0f4-52ee-56d9-8562-b4d36a5f11af,GEO-UM-40001,Sensor1,H,2016-10-06T11:52:27Z,2017-03-07T22:41:01Z,1d08189d-6775-5c95-9adc-af41a3c4fa90,9bdedeea-566e-557c-95e4-c8c5629c343e
380e1a11-17d7-5a40-9805-76b99c612593,1cb613f3-4b74-55c0-877d-0bccf8b99b04,DL-BE-30045,Primary,,2016-10-06T13:01:49Z,2017-10-10T20:11:27Z,d6633b52-98ae-5a71-93c0-59cc44dab9ba,245918bc-b229-5627-8ddf-17eb1af57f27
d60ac21c-b69f-5f98-9bfd-88560578e565,f5f70781-aef1-5f2d-b2a7-00b033f178cd,DL-BE-30015,Primary,,2016-10-12T20:49:53Z,2018-06-04T21:19:48Z,de954b1d-deb2-5142-9517-de6861ef5d2b,1a3c8fa4-cd9a-5d3a-af87-efcefb428b2f
84edb565-66d7-58ab-aba9-9db90eac4b1f,23abf1e1-c08a-5bbe-92a7-c552a68c8169,DL-BE-30035,Primary,,2016-10-17T22:04:41Z,2017-03-02T21:58:16Z,68b4b271-e644-586c-8def-973ef757fcff,05bb36bd-be32-50e8-bc17-cf41052511ec
40a6235c-ec8f-5724-a9cf-c44517afcdcb,963ec620-0868-5537-90f5-a121604bb8fa,DL-BE-30012,Primary,,2016-10-25T15:28:10Z,2017-12-26T18:15:36Z,ee1bb9f0-5bcc-5151-841d-b56c5963ae9c,611d1d12-8c8d-5898-a8b0-42177f45772d
d34abae1-9db1-5766-abf6-ec0139de2c8e,963ec620-0868-5537-90f5-a121604bb8fa,GEO-BG-30019,Sensor1,W,2016-10-25T15:28:10Z,2017-11-28T00:33:59Z,ee1bb9f0-5bcc-5151-841d-b56c5963ae9c,61e12df9-5a58-52a2-9bc6-e159bbd077cc
0f1afd11-9d99-5e15-af45-09913bc33831,5261342d-7c35-53bc-8ea1-37486ce9da5e,DL-D10-300000,Primary,,2016-10-26T14:38:30Z,2017-04-25T18:58:58Z,d6a8463b-8226-5655-ac44-fcb1f9ef8cd7,52d61294-f20d-525d-a067-315e29690d9b
6600aaf2-be4f-57c2-80f5-2992c2af7ea8,4e8b81b5-8853-51a9-a228-efdeecf3da83,DL-D10-300001,Primary,,2016-10-31T18:12:22Z,2017-04-21T17:19:00Z,7bba2ca9-c32c-5aad-b074-87041272792a,eb5622ef-8658-5075-8f1a-66c2d0f64676
6acae6c9-dc59-5f62-8bb8-09027abb86d2,4e8b81b5-8853-51a9-a228-efdeecf3da83,GEO-V12-400002,Sensor1,E,2016-10-31T18:12:22Z,2017-04-21T17:19:00Z,7bba2ca9-c32c-5aad-b074-87041272792a,eb5622ef-8658-5075-8f1a-66c2d0f64676
5edd0dda-e874-5ad3-b291-74505300e349,b5495006-5e90-5f3a-aed1-fd8d3d345fcb,DL-BE-30028,Primary,,2016-11-04T17:12:59Z,2016-12-26T18:32:52Z,f5d39604-9cf5-534f-b9e6-e54c09c26b41,f99dbee9-b5eb-53a6-b3d8-320713a09cb4
de0bd960-3074-5337-a327-96e4a2e5b16a,93503fd9-3884-574e-9a8e-c3916ab3fc93,DL-BE-30057,Primary,,2016-11-07T19:23:47Z,2016-12-14T20:27:53Z,e4c16b01-9302-5827-aab0-ed16fdead43b,6222d8a6-43a5-554f-99e0-9cfbb41d23cd
66a1a6c7-e526-5cef-905a-2b230d172d3b,57a0734d-c13a-5951-bf76-d9f75fb7af88,DL-BE-30017,Primary,,2016-11-10T14:44:01Z,2017-05-03T21:16:52Z,f63569fc-871d-518e-9bd2-09410ebb82bf,4ac33785-522a-5f9b-af13-eaa395a785a2
d6bf630a-85ca-54fa-847e-95e47a6f7ae7,57a0734d-c13a-5951-bf76-d9f75fb7af88,GEO-BG-30018,Sensor1,S,2016-11-10T14:44:01Z,2017-05-03T21:16:52Z,f63569fc-871d-518e-9bd2-09410ebb82bf,4ac33785-522a-5f9b-af13-eaa395a785a2
ac5bf84e-a68e-54e9-9f8e-31e58b813a98,047832b7-0c14-5a56-8f1f-9d282196e214,DL-BE-30025,Primary,,2016-11-10T14:07:14Z,2016-12-26T18:36:57Z,7c08c5ba-83a7-5295-8615-dbf3d15c0820,bf4b4750-7ee8-5301-930a-b69d02f94bd0
8c95cabd-3bcf-56d7-8ed9-a0520d0d1d5d,31049cb6-00c2-5ff2-b273-523a94586069,DL-BE-30054,Primary,,2016-11-13T15:59:23Z,2017-04-03T20:39:17Z,b426bcba-88b4-5a59-859e-dae6b3056700,c2bfa470-68e9-543c-a213-c365fb60987e
167e576e-b5c2-5105-8c1d-4de4d80a3b3c,561fcdef-c78c-52f6-a34d-11ac6e5767d7,DL-BE-30041,Primary,,2016-11-24T17:20:58Z,2017-01-04T21:49:42Z,786f096e-da12-5315-a762-fde07f3a319a,7a3f4f2c-cbe7-5942-a257-b24f897694bd
ec08c2c0-7f36-520b-8f76-af8674a85c9c,561fcdef-c78c-52f6-a34d-11ac6e5767d7,GEO-BG-30029,Sensor1,N,2016-11-24T17:20:58Z,2017-01-04T21:49:42Z,786f096e-da12-5315-a762-fde07f3a319a,7a3f4f2c-cbe7-5942-a257-b24f897694bd
96249fb3-e6c8-50cc-b280-055d465be984,7a34de24-e1fc-5daf-8192-1674185abded,DL-BE-30047,Primary,,2016-12-05T15:21:44Z,2017-02-17T22:42:45Z,d31c81f3-f465-50a4-8bcf-1b39ecab232d,fc9df1cf-80b7-58f0-8ddd-1f184f697788
55b3d05a-fd2f-5954-9bdd-a41532a9b96f,7a34de24-e1fc-5daf-8192-1674185abded,GEO-BG-30013,Sensor1,W,2016-12-05T15:21:44Z,2017-02-17T22:42:45Z,d31c81f3-f465-50a4-8bcf-1b39ecab232d,fc9df1cf-80b7-58f0-8ddd-1f184f697788
4a17ea8e-0e0d-58af-9680-aa8ff9dc1dd9,400d0b40-5a9d-5add-9b80-5118518dba4b,DL-BE-30018,Primary,,2016-12-11T19:16:40Z,2017-09-11T17:06:30Z,ff4ecaff-4623-5f58-a6e1-9723ff26498b,ec3bc450-aba7-5a5d-a096-1d35faff23ce
5b5f5625-c189-536c-acaf-4ed75e2f66d0,400d0b40-5a9d-5add-9b80-5118518dba4b,GEO-BG-30021,Sensor1,S,2016-12-11T19:16:40Z,2017-09-11T17:06:30Z,ff4ecaff-4623-5f58-a6e1-9723ff26498b,ec3bc450-aba7-5a5d-a096-1d35faff23ce
7abcf589-a4a4-5930-a63e-707fe7102161,7f2ef1e6-edfc-5be6-bf36-e070261cf8da,DL-BE-30019,Primary,,2016-12-12T17:45:29Z,2017-05-04T17:19:19Z,1c9c4ea0-e056-5415-8982-71f8cf84f443,18d18d32-5adc-53eb-a140-550aef3c48d6
a1061b5f-0c57-536a-9130-0427f529b2a6,50e199b2-4bfb-5366-b151-3138183a4371,DL-UM-40008,Primary,,2016-12-15T15:33:47Z,2017-01-23T20:00:16Z,c9d42c1e-6696-51b3-8c1c-d892108d89e9,c2f6341b-3fcd-5a4f-8b3b-f21ac2ed0c4e
7fc6e4e2-254d-5701-8a94-14c59b66ee2b,50e199b2-4bfb-5366-b151-3138183a4371,GEO-UM-40008,Sensor1,W,2016-12-15T15:33:47Z,2017-01-23T20:00:16Z,c9d42c1e-6696-51b3-8c1c-d892108d89e9,c2f6341b-3fcd-5a4f-8b3b-f21ac2ed0c4e
383d847a-f933-55bb-9bab-c153c8da317e,877d4975-61cc-50f2-ad08-114cf85c24d6,DL-UM-40004,Primary,,2016-12-15T17:18:11Z,2018-05-28T18:51:06Z,0b9d7a1f-f887-5acc-b5dc-2fed85dbf616,fff6fd1d-58ca-5e2e-98a6-cbedceb1867b
028b669b-3519-501e-bc36-245b6b182cd1,877d4975-61cc-50f2-ad08-114cf85c24d6,GEO-UM-40004,Sensor1,S,2016-12-15T17:18:11Z,2018-05-28T18:51:06Z,0b9d7a1f-f887-5acc-b5dc-2fed85dbf616,fff6fd1d-58ca-5e2e-98a6-cbedceb1867b
955966bf-d49b-5926-acca-4f53f069cfbc,34fc3836-2523-5f9b-be12-51be5f191686,DL-BE-30056,Primary,,2016-12-19T14:16:01Z,2017-02-09T18:18:21Z,75bc72e2-e390-50ae-9225-162b08d395e2,5a9c7203-0e13-5028-a227-5a19f15972bd
8a82480e-e96e-50d6-afb0-296fb0fa5919,ac73e651-5455-5f2f-b135-b737a15d75ea,DL-BE-30044,Primary,,2016-12-21T13:38:07Z,2017-10-11T20:39:43Z,f4e4ad92-87dc-5669-90cd-88772fa4606f,deab2ffa-d50c-5215-8a03-97b64a8b6762
117cf4f5-e3b9-5735-bc20-e2d5a493a1c4,ab0ea8c0-f54d-5829-98d4-d5157150e5bb,DL-BE-30046,Primary,,2016-12-29T14:36:43Z,2017-08-07T19:36:55Z,2a3332fb-49c3-5715-a58e-7c5d2ea6759d,e7ea4122-943b-5cee-ad77-7b46cab2fe2f
bffe3a14-ef75-55d9-8e25-b4e0909eb133,2adb28f2-498b-5974-9b13-01d67c595c04,DL-BE-30025,Primary,,2017-01-05T21:38:30Z,2017-01-17T20:05:42Z,ca8ba570-6cb7-5b7e-adb4-70104b3dd163,6263f9aa-669a-524d-8631-d2eef27dfb44
b163a0a0-808c-520b-a520-a9c8c128e010,071ee91e-bea0-5f4f-aa27-7d0b50a6ad08,DL-UM-40007,Primary,,2017-01-09T17:40:37Z,2017-02-28T21:11:53Z,78d1a630-c829-59c2-957f-c172b6623684,c3e00be8-a673-5380-846a-0475f06d222c
858f9da8-ecc7-56d5-9d61-d42a773c6dd9,071ee91e-bea0-5f4f-aa27-7d0b50a6ad08,GEO-UM-40007,Sensor1,H,2017-01-09T17:40:37Z,2017-02-28T21:11:53Z,78d1a630-c829-59c2-957f-c172b6623684,c3e00be8-a673-5380-846a-0475f06d222c
f097a91f-9f6e-57df-99b2-759cacb8f39d,36b4bf5a-9c6f-5923-8e75-dd5db99022dd,DL-UM-40009,Primary,,2017-01-19T19:15:31Z,2017-05-17T20:38:59Z,5eb45d1f-19e7-56be-8d87-d4d923d8a4bd,1630491d-f57e-5a15-9e0a-26412ddd3fe4
73f08976-677e-5096-9294-93035e72e768,36b4bf5a-9c6f-5923-8e75-dd5db99022dd,GEO-UM-40009,Sensor1,V,2017-01-19T19:15:31Z,2017-05-17T20:38:59Z,5eb45d1f-19e7-56be-8d87-d4d923d8a4bd,1630491d-f57e-5a15-9e0a-26412ddd3fe4
641663b3-563a-59f6-95d1-7a5d6d3f27d2,36b4bf5a-9c6f-5923-8e75-dd5db99022dd,MDM-3000000001,Modem,,2017-01-19T19:15:31Z,2017-05-17T20:38:59Z,5eb45d1f-19e7-56be-8d87-d4d923d8a4bd,1630491d-f57e-5a15-9e0a-26412ddd3fe4
794d81ae-cbe1-5be9-bc67-4b2adb0f3618,a3adbefa-9a77-5da0-a7ea-785a50e9c0f0,DL-BE-30041,Primary,,2017-01-20T19:45:31Z,2018-08-13T17:21:22Z,4dd66509-c111-59f8-9d42-3df88df42e28,a2b3ae5c-fa1c-5c76-a2af-bf22864e468c
4df2b587-ea4e-5665-b8a5-033c55bf121d,a3adbefa-9a77-5da0-a7ea-785a50e9c0f0,GEO-BG-30029,Sensor1,W,2017-01-20T19:45:31Z,2018-08-13T17:21:22Z,4dd66509-c111-59f8-9d42-3df88df42e28,a2b3ae5c-fa1c-5c76-a2af-bf22864e468c
9bfe81e7-c318-576c-952b-87bbb07c0ded,20de0378-5403-5e36-b067-d9bffebfa75d,DL-BE-30020,Primary,,2017-01-23T19:03:20Z,2017-08-11T21:51:13Z,4a0e8236-1744-56d0-8160-64846fb6d88c,559a5590-2253-5c68-b151-2ef21a343dc7
2eb96fe3-93cd-509c-b450-48c091378fc1,20de0378-5403-5e36-b067-d9bffebfa75d,GEO-BG-30022,Sensor1,W,2017-01-23T19:03:20Z,2017-08-11T21:51:13Z,4a0e8236-1744-56d0-8160-64846fb6d88c,559a5590-2253-5c68-b151-2ef21a343dc7
91278a1a-1b90-5f65-82a5-f5b8b6a63ad5,20de0378-5403-5e36-b067-d9bffebfa75d,GEO-BG-30023,Sensor2,E,2017-01-23T19:03:20Z,2017-08-11T21:51:13Z,4a0e8236-1744-56d0-8160-64846fb6d88c,559a5590-2253-5c68-b151-2ef21a343dc7
d623718c-69d9-540e-9914-0067b496842d,75e8de6e-1dc8-5e78-8316-4e9526680341,DL-BE-30009,Primary,,2017-01-24T19:50:52Z,2017-08-30T21:50:22Z,b8ffa194-8570-57ce-af79-3cf0773fb9e4,247905f2-eaf0-57f8-b2ab-3ab5c1ce0e12
447219c0-bc80-521d-b0e7-8b832ba2b394,75e8de6e-1dc8-5e78-8316-4e9526680341,GEO-BG-30020,Sensor1,V,2017-01-24T19:50:52Z,2017-08-30T21:50:22Z,b8ffa194-8570-57ce-af79-3cf0773fb9e4,247905f2-eaf0-57f8-b2ab-3ab5c1ce0e12
0ef5589f-cbb9-5528-b36d-e6acea093bd5,36e227b9-08bf-5215-80b7-d05ed8800cb6,DL-BE-30006,Primary,,2017-01-25T22:19:31Z,2017-08-18T20:25:22Z,e1a7a7f4-4e07-53ca-8d2b-794794e14041,0d341561-4700-58ec-bc14-6600f2d74df0
f668411c-e40e-5c7a-803f-401602521ca6,36e227b9-08bf-5215-80b7-d05ed8800cb6,GEO-BG-30004,Sensor1,V,2017-01-25T22:19:31Z,2017-07-20T19:04:21Z,e1a7a7f4-4e07-53ca-8d2b-794794e14041,d560db82-e445-5af5-9e67-f91ce0353876
079fdd93-133f-5e6a-898e-9af493f83163,62b3c795-d200-58bd-9ec3-4a0d8d7bb0cc,DL-BE-30051,Primary,,2017-01-25T19:19:20Z,2017-03-11T01:46:53Z,f041826a-651a-5db2-9cb8-d4bbf8575662,3b489442-ca00-5e10-8cec-eb8a6faca563
416965c8-bd7a-5b24-ac26-659c200c685e,d24fcaae-033f-55cb-8e8d-2213fff353e9,DL-BE-30034,Primary,,2017-01-26T15:35:46Z,2017-04-24T18:48:34Z,805d26e2-d580-5a3f-abc4-7e6b8c681709,1f4ba5fe-3b76-5706-b666-9de41d715523
61b64b78-bb15-5afb-a8d3-1d0c7646df53,d24fcaae-033f-55cb-8e8d-2213fff353e9,GEO-BG-30026,Sensor1,N,2017-01-26T15:35:46Z,2017-04-24T18:48:34Z,805d26e2-d580-5a3f-abc4-7e6b8c681709,1f4ba5fe-3b76-5706-b666-9de41d715523
f36e488e-fc12-553c-ab78-4c5ba1f4a267,29af3e2a-52cb-5a3b-ac57-4689c66e9838,DL-UM-40008,Primary,,2017-01-31T20:49:34Z,2017-03-27T21:12:32Z,edc74fc5-bb29-52ba-baca-84142d305001,f508c8d1-ff3d-5687-acb4-c07d6586bc6e
5a0e652d-28ec-56c4-af3a-bc3dfef525e0,29af3e2a-52cb-5a3b-ac57-4689c66e9838,GEO-UM-40008,Sensor1,H,2017-01-31T20:49:34Z,2017-03-27T21:12:32Z,edc74fc5-bb29-52ba-baca-84142d305001,f508c8d1-ff3d-5687-acb4-c07d6586bc6e
fe34c014-1509-5bfb-b767-faf76eab4568,d865697c-ecc9-59c7-a069-079005e5cfd4,DL-BE-30021,Primary,,2017-02-03T16:44:32Z,2017-09-11T10:59:46Z,710a5234-ea78-5a71-a368-1dba83a490d2,bbfbb841-4925-52fe-928c-69ea4ef1c2b3
c0ae80f0-c3b2-516c-987a-5152b19fba41,51c2a320-4869-5ca7-bf28-4c0d9068d136,DL-BE-30010,Primary,,2017-02-06T15:38:14Z,2018-08-23T19:48:50Z,b50cfad9-6402-5a34-baf3-6b43fd16753f,85d031d8-5276-582d-bc11-4445f0cdeb9e
d25bd736-0db9-54a7-8af7-8dd37b79c9a7,51c2a320-4869-5ca7-bf28-4c0d9068d136,GEO-BG-30010,Sensor1,N,2017-02-06T15:38:14Z,2018-08-23T19:48:50Z,b50cfad9-6402-5a34-baf3-6b43fd16753f,85d031d8-5276-582d-bc11-4445f0cdeb9e
a2853335-4417-5481-bc9a-3ca6c1f9009c,290ffa22-2af4-5650-8bed-6b31768fa226,DL-UM-40005,Primary,,2017-02-09T15:11:18Z,2018-04-03T20:04:23Z,86031c43-93ac-5ef4-9e8e-135cfbedfeb4,e339e2da-2eec-5114-b852-dd44e5e5a42f
578c3c12-dcb5-5113-a47e-c06704d764a3,290ffa22-2af4-5650-8bed-6b31768fa226,SLM-UA-40000,Microphone,,2017-02-09T15:11:18Z,2018-04-03T20:04:23Z,86031c43-93ac-5ef4-9e8e-135cfbedfeb4,e339e2da-2eec-5114-b852-dd44e5e5a42f
44feaf81-1f2a-589c-bb7e-f8be2c75777d,290ffa22-2af4-5650-8bed-6b31768fa226,GEO-UM-40005,Sensor1,S,2017-02-09T15:11:18Z,2018-04-03T20:04:23Z,86031c43-93ac-5ef4-9e8e-135cfbedfeb4,e339e2da-2eec-5114-b852-dd44e5e5a42f
3183dd28-9a38-5848-a178-57dd23ad220b,ec4af973-f399-5eab-b1c2-278fa774dced,DL-BE-30039,Primary,,2017-02-09T17:13:06Z,2017-06-20T18:40:45Z,c6ded966-3559-524a-ab84-20e13b8050d7,720e940a-c68d-51eb-aada-e5d610edb936
a2f81003-a62b-542c-944c-fdcaafb578a1,eba3e150-aa10-5246-abfb-1b7141a83fa2,DL-BE-30047,Primary,,2017-03-01T20:32:43Z,2017-09-20T19:53:56Z,5b15b698-02c7-586e-80bc-80f09d62d178,82daeda1-c136-5c74-9266-4ee8ba69bfa0
56366b90-801b-5509-bfa1-4f52ec93df67,eba3e150-aa10-5246-abfb-1b7141a83fa2,GEO-BG-30031,Sensor1,H,2017-03-01T20:32:43Z,2017-09-20T19:53:56Z,5b15b698-02c7-586e-80bc-80f09d62d178,82daeda1-c136-5c74-9266-4ee8ba69bfa0
83345d78-456a-534c-b546-f138ee6fefd0,eba3e150-aa10-5246-abfb-1b7141a83fa2,GEO-BG-30013,Sensor2,N,2017-03-01T20:32:43Z,2017-09-20T19:53:56Z,5b15b698-02c7-586e-80bc-80f09d62d178,82daeda1-c136-5c74-9266-4ee8ba69bfa0
eb4f92a7-647b-55e8-a94e-5e6b518b4bc8,e58acb08-3bd0-50fd-b28c-8de38037798d,DL-BE-30016,Primary,,2017-03-01T13:38:20Z,2018-07-25T21:51:40Z,f9aaa731-03fb-5cf9-a0e9-c7b3b441ba51,294e167f-d60d-540e-b418-3bf96370e2f1
6622da90-a840-500c-b876-1409d386c30d,dd546bdf-309f-547c-96e6-3d76fa2ba828,DL-BE-30025,Primary,,2017-03-05T16:05:38Z,2019-08-22T17:37:11Z,f6da1f9e-b0d1-51eb-8487-4be0fbf5bbf7,45cf7dee-aec2-5166-804b-0f4666488051
cf05742d-a429-554b-8563-98f23e9f07ea,cfe32c93-05f4-5810-81a7-4c1628c175e2,DL-BE-30024,Primary,,2017-03-07T22:19:15Z,2018-01-09T18:21:17Z,00b1d4e5-4bf8-54a0-9a3b-a2078cb8f34e,d0bdd737-7ac3-585b-9b6f-dafd0cc66880
e836547e-3cc6-5ac6-bf1e-8efe36cee122,716d3b5e-72be-5311-a38c-988ea085666f,DL-BE-30060,Primary,,2017-03-07T17:09:25Z,2017-05-17T23:39:09Z,6004de78-d72f-56ae-bf50-1e24a9dc0329,606206e0-1579-56d2-96e5-1613837e01fb
6de4a31a-fcd4-5924-b5f6-c04d6f348209,4dff609d-6c62-5b56-9d82-e8e1e208fd91,DL-BE-30028,Primary,,2017-03-10T14:33:58Z,2017-03-16T21:07:00Z,74b81b0b-f73c-50a0-98df-8b9b44366646,f75195e4-2df2-5f4a-935e-78e0f6ffca09
658b587e-d518-5cd5-9f30-a40053276fb5,db21d360-201b-5b21-9c94-759f402ba680,DL-BE-30057,Primary,,2017-03-15T12:02:21Z,2017-05-08T20:18:27Z,d7836f13-cd3e-55f4-8774-c2fd303fea74,4aab470a-96c8-5786-9401-86c009434c5a
cb7ad4aa-d352-5a9e-9c5a-cb5628d3793c,efabb304-833d-52a1-b0ce-235e2a6438d9,DL-BE-30026,Primary,,2017-03-23T13:37:24Z,2017-09-08T19:20:30Z,9faca667-605f-50b1-8579-8870aacbf9d4,cc3040a9-ae83-584b-85a4-b8afc284e317
bb2779fd-acca-5a81-842b-68d083dd196a,a0efc358-247f-5f53-9486-1dad43be03e0,DL-UM-40001,Primary,,2017-03-27T19:20:10Z,2018-09-21T21:00:22Z,b276bed4-f85c-5e8c-bd2a-e7518acee068,0ec95178-91f7-562f-bc23-51c0a979f604
2f408e05-892d-5fae-a415-f525d3fafb4c,a0efc358-247f-5f53-9486-1dad43be03e0,GEO-UM-40001,Sensor1,BH,2017-03-27T19:20:10Z,2018-09-21T21:00:22Z,b276bed4-f85c-5e8c-bd2a-e7518acee068,0ec95178-91f7-562f-bc23-51c0a979f604
44ddc666-b032-5aeb-98a1-c1a1e3115edf,c475f5bb-9ab9-5b70-b0e5-bc18c5a34ee3,DL-UM-40002,Primary,,2017-03-29T15:11:05Z,2017-11-28T19:21:14Z,f729ac15-cf6e-50aa-8cfe-828f3a298786,17a59f6c-7408-5335-8f7c-b7b740e11f16
f69140a5-33f8-5198-ad95-3a6591c25dbf,c475f5bb-9ab9-5b70-b0e5-bc18c5a34ee3,MDM-3000000000,Modem,,2017-03-29T15:11:05Z,2017-11-28T19:21:14Z,f729ac15-cf6e-50aa-8cfe-828f3a298786,17a59f6c-7408-5335-8f7c-b7b740e11f16
4f1aad18-08d9-5928-90d9-6588e1a47e1f,ae39a841-0e02-5e8d-b4e8-7ec8f80f692d,DL-UM-40010,Primary,,2017-03-30T16:25:23Z,2017-05-09T21:08:36Z,83d2ee3c-7fab-5157-8659-0a18de8a6620,46a24201-6589-50e6-a0be-c58328924e9b
5c44ad97-e846-5afd-99fc-a16b1b7f8a26,ae39a841-0e02-5e8d-b4e8-7ec8f80f692d,GEO-UM-40010,Sensor1,V,2017-03-30T16:25:23Z,2017-05-09T21:08:36Z,83d2ee3c-7fab-5157-8659-0a18de8a6620,46a24201-6589-50e6-a0be-c58328924e9b
1158199a-b8a7-5864-8384-416218bb62be,457908d4-de73-5897-83a8-bd17f28d430b,DL-UM-40007,Primary,,2017-04-03T12:53:08Z,2017-06-21T18:58:40Z,3f1a6cb2-a045-52a0-ab20-8bff977880b0,f35c8942-c7b9-5cf5-a990-5a9147de8550
050bd945-3852-536f-a229-276e4c9f0d65,457908d4-de73-5897-83a8-bd17f28d430b,GEO-UM-40007,Sensor1,W,2017-04-03T12:53:08Z,2017-05-31T18:52:51Z,3f1a6cb2-a045-52a0-ab20-8bff977880b0,858a0c76-a6bc-5a35-9036-494f2d0e5573
7641c25e-3489-5b3e-a190-703d07398f99,dc07ac99-160a-55a7-a125-457ec1c4c4e4,DL-BE-30027,Primary,,2017-04-03T18:36:53Z,2017-06-29T12:26:27Z,4ef786f2-cef6-5e3a-a74a-c119162cae47,00049a81-1dd2-5413-a3b7-7cc8b27c4d49
aebef53f-4955-5a97-9090-af250aa6df22,38546bee-1d19-5229-a21c-e1208f9cc032,DL-BE-30030,Primary,,2017-04-05T21:12:08Z,2017-05-24T20:17:26Z,dc5ec311-a551-5a3a-ad28-8e3f86de0f9b,9a3ce012-24ce-5d60-a11a-9479ba86a0c5
e379e516-2603-5a47-83d3-a9e7fa39a368,52193b11-9f0a-50c0-ac30-a9f4ecf704b2,DL-D10-300002,Primary,,2017-04-07T00:16:02Z,2019-08-26T17:22:09Z,9b1a3fa4-0c55-5292-b121-0519e094d02b,47fdd34d-afa6-58ab-bb23-6e4eb9285a49
28c14f07-bdfe-5340-a76c-d77eb9a4e2b9,52193b11-9f0a-50c0-ac30-a9f4ecf704b2,GEO-C22-450000,Sensor1,E,2017-04-07T00:16:02Z,2019-08-26T17:22:09Z,9b1a3fa4-0c55-5292-b121-0519e094d02b,47fdd34d-afa6-58ab-bb23-6e4eb9285a49
d7173079-785a-5d2f-89cc-2d4ae44515fd,73e343a7-4225-5b74-bd62-cc951037a954,DL-BE-30005,Primary,,2017-04-13T17:59:10Z,2017-11-21T21:11:31Z,e30ddc9d-f0d1-58ee-b242-7136edd858a3,cf3b3aa1-842b-568c-bd4d-56957dbf2047
69c4984c-4cd5-58bd-9a8a-37a0cb66ba47,73e343a7-4225-5b74-bd62-cc951037a954,GEO-BG-30025,Sensor1,H,2017-04-13T17:59:10Z,2017-11-21T21:11:31Z,e30ddc9d-f0d1-58ee-b242-7136edd858a3,cf3b3aa1-842b-568c-bd4d-56957dbf2047
4f9e503c-758b-5d45-8e2c-6341fcb1afb1,b1b1618e-eee2-5f84-87be-2412bfe56adb,DL-BE-30028,Primary,,2017-04-13T19:31:10Z,2017-12-06T18:33:13Z,1d8dac64-9809-5dac-9bd9-13540200e767,015f10ec-bc95-5d7d-a3b1-453353da66fc
980f3bbb-f8ac-5f52-b990-f4f17c9f88bf,3f1e3140-7321-5a2c-914b-c9627b63b073,DL-UM-40008,Primary,,2017-04-17T12:27:48Z,2017-05-31T10:52:39Z,ce4345b2-eba4-56e3-bbff-614bde26a9f1,9acefbe1-768e-5afa-b518-910573dd6037
953a7298-be08-5eef-aab0-c324b128099c,3f1e3140-7321-5a2c-914b-c9627b63b073,GEO-UM-40008,Sensor1,W,2017-04-17T12:27:48Z,2017-05-31T10:52:39Z,ce4345b2-eba4-56e3-bbff-614bde26a9f1,9acefbe1-768e-5afa-b518-910573dd6037
4e71e84f-3be3-526d-9f97-954937374822,75ac84b1-3ce5-568d-9d97-f3cb95ce4c26,DL-BE-30048,Primary,,2017-04-25T23:54:10Z,2018-01-23T20:10:04Z,e41d0a1d-00ad-55da-8373-30608f556895,0147e346-23ac-586f-a763-a5d60fd2fdaf
d5a745d0-b2d6-5e6d-873c-aca6dc7a40ba,9d1b5510-1271-5567-9c45-4f3567784861,DL-BE-30054,Primary,,2017-04-26T20:32:27Z,2018-06-06T18:38:12Z,23558189-4bf1-58f3-92ae-43f8f94467a6,357b82a4-eb23-5acd-bcb6-180996bcf17b
371340d3-1e0d-5056-ab31-b8c27307d8f9,26007612-3374-5c17-b3cb-61e0682221c7,DL-UM-40000,Primary,,2017-04-28T16:02:22Z,2017-06-26T19:18:34Z,af961126-cc45-596c-a9ba-26a625dce801,00651c89-e044-5777-b5e2-78d284e7fb7c
3d6e9d93-d02b-5361-96cd-1622ae4e2716,26007612-3374-5c17-b3cb-61e0682221c7,GEO-UM-40000,Sensor1,H,2017-04-28T16:02:22Z,2017-06-26T19:18:34Z,af961126-cc45-596c-a9ba-26a625dce801,00651c89-e044-5777-b5e2-78d284e7fb7c
afb99353-7a98-52e9-8542-e18f5d72973a,e6e3838e-61f3-5ebb-b750-e2c3c610cc06,DL-BE-30035,Primary,,2017-05-01T18:35:34Z,2018-01-16T21:31:03Z,0c94fd9a-a60d-58a6-9415-1592430e0b20,6c856828-751e-51d8-9ac8-dcf7c71dae6f
494f556b-4fd6-5b11-ad0f-b7ea71f0bfb9,07fdf670-371d-5691-9e6c-769c383a9355,DL-BE-30056,Primary,,2017-05-03T14:39:55Z,2017-06-19T21:15:46Z,9907218c-e732-50f4-b1a6-79f45f42872d,f41cef22-7f4e-5f62-b8c5-323174204f6f
d9b162e9-9f6a-5b5e-9e96-9a5985adb0ac,b838a316-0f46-593f-870c-33503e8bb354,DL-BE-30002,Primary,,2017-05-09T20:16:10Z,2017-06-08T20:19:42Z,c4e650c6-034e-568a-8f37-b8a75a9ea1c9,7f08ea23-9294-5248-8e93-1dc0f1033320
27194a1b-ae7f-5aeb-a6fd-24e563ed6bbf,b838a316-0f46-593f-870c-33503e8bb354,GEO-BG-30000,Sensor1,N,2017-05-09T20:16:10Z,2017-05-30T17:54:00Z,c4e650c6-034e-568a-8f37-b8a75a9ea1c9,434c1d9f-4266-52c3-82ea-be721c1fdf2e
35e1cfcc-e6e1-5313-954f-2a80e77c80c7,4b9ea6bb-e5be-58d8-84ab-e7bd3ec633cb,DL-D10-300001,Primary,,2017-05-11T14:35:36Z,2017-08-07T20:13:58Z,1bc22576-732e-510e-b6af-c07d8cd674cc,d962ec4f-2fb5-54b3-a8bd-f9d120b127f5
ad31b3b3-00e3-5582-8d5f-8d32300ce1b6,4b9ea6bb-e5be-58d8-84ab-e7bd3ec633cb,GEO-V12-400002,Sensor1,V,2017-05-11T14:35:36Z,2017-08-07T20:13:58Z,1bc22576-732e-510e-b6af-c07d8cd674cc,d962ec4f-2fb5-54b3-a8bd-f9d120b127f5
24c4a726-88aa-573a-8a2d-a74ff3d84eea,4b9ea6bb-e5be-58d8-84ab-e7bd3ec633cb,SLM-S50-500002,Microphone,,2017-05-11T14:35:36Z,2017-08-07T20:13:58Z,1bc22576-732e-510e-b6af-c07d8cd674cc,d962ec4f-2fb5-54b3-a8bd-f9d120b127f5
85fe723e-a2eb-5df6-b331-249d949489ce,f67781d4-ffb7-5184-ab7f-9865128c54ee,DL-BE-30049,Primary,,2017-05-11T12:35:06Z,2018-04-12T21:36:18Z,1bd94085-23c7-53d5-bd62-1d84fc50f5e1,764d7481-bf57-5998-88e6-2c55f861996a
2016e2f0-8aa3-5d18-afdb-96d9edc46abb,04af4d1e-9873-5719-b985-56b8cacf0e22,DL-BE-30007,Primary,,2017-05-11T12:05:01Z,2017-09-05T17:19:39Z,b55b97e0-2d26-527c-a72e-80fb3e8f37e0,46f87ed3-8adc-5a0c-b06b-bd503ae90095
877b4304-712b-5028-8059-5801d9593a2d,04af4d1e-9873-5719-b985-56b8cacf0e22,GEO-BG-30017,Sensor1,V,2017-05-11T12:05:01Z,2017-09-05T17:19:39Z,b55b97e0-2d26-527c-a72e-80fb3e8f37e0,46f87ed3-8adc-5a0c-b06b-bd503ae90095
120b04fd-3554-54ae-96f9-7b59aa234759,04af4d1e-9873-5719-b985-56b8cacf0e22,GEO-BG-30028,Sensor2,E,2017-05-11T12:05:01Z,2017-09-05T17:19:39Z,b55b97e0-2d26-527c-a72e-80fb3e8f37e0,46f87ed3-8adc-5a0c-b06b-bd503ae90095
4ffa0ee0-6b06-5ec0-bc62-dacd37959440,edf70465-4b0b-5cab-8850-9700019b30ff,DL-BE-30051,Primary,,2017-05-11T20:50:30Z,2017-09-04T18:12:09Z,b9bedef2-edaa-5f60-9ade-fb9d8b84429d,82d95ae1-733d-5c71-b2d5-d4124bfd0c98
aa39c18b-216c-5cd3-9b04-fc3582e01d64,edf70465-4b0b-5cab-8850-9700019b30ff,GEO-BG-30032,Sensor1,E,2017-05-11T20:50:30Z,2017-09-04T18:12:09Z,b9bedef2-edaa-5f60-9ade-fb9d8b84429d,82d95ae1-733d-5c71-b2d5-d4124bfd0c98
ae1a46d5-bf14-51d6-bbe5-341817161ce2,24c32211-1818-5e0e-9f56-f2a9b1b88b0b,DL-BE-30055,Primary,,2017-05-15T12:52:35Z,2017-07-24T20:14:11Z,addbc462-a052-5e17-835d-dd636b12f9da,f38466e9-fee1-5430-88fd-07544b3d5715
3fd6f47a-761d-5c04-a6ca-0800e20c060b,f8f9a5a8-de65-5d52-a88f-2c84b7c680a7,DL-BE-30033,Primary,,2017-05-15T18:22:15Z,2017-07-31T14:40:05Z,21bcb645-3bd8-5df3-9634-cc6979274b42,ce8d48e6-b6e9-50d0-a619-94ef069bcaa8
d909c6f5-c1d3-5612-bdad-6d65738f58f4,32128211-a284-5084-a0ee-9be58e510cf0,DL-BE-30034,Primary,,2017-05-16T21:25:20Z,2017-09-18T18:45:36Z,5ebf1f16-bda7-5971-924a-8aeedc1a673e,3705b78f-0c1e-5685-bd63-ac0bb12c38bf
3d9600fc-1939-5885-9d49-1022e86f35e9,32128211-a284-5084-a0ee-9be58e510cf0,GEO-BG-30024,Sensor1,BH,2017-05-16T21:25:20Z,2017-09-18T18:45:36Z,5ebf1f16-bda7-5971-924a-8aeedc1a673e,3705b78f-0c1e-5685-bd63-ac0bb12c38bf
6659fa9f-bff1-58ce-b389-9fbd9f601bd0,32128211-a284-5084-a0ee-9be58e510cf0,GEO-BG-30026,Sensor2,W,2017-05-16T21:25:20Z,2017-09-18T18:45:36Z,5ebf1f16-bda7-5971-924a-8aeedc1a673e,3705b78f-0c1e-5685-bd63-ac0bb12c38bf
5550255b-efa4-5765-b4c4-6b7534b83ab6,ff4f0beb-c580-51db-85d6-73087022076e,DL-BE-30038,Primary,,2017-05-17T11:28:17Z,2019-08-01T20:21:02Z,1e5a6028-2c41-534c-99db-73421ba8aa53,6b7b4602-ab7f-5acf-961a-3fc5238e816c
7d881c03-c8c6-5a2e-9bad-67608faf4f5e,c0c1a4b2-9a6e-54a0-b722-02a5be41226e,DL-BE-30023,Primary,,2017-05-21T13:38:45Z,2017-07-10T20:15:38Z,2da11025-1fad-55dd-aceb-134e19a5593f,ba1491f6-00e1-58b1-86f2-c0dfebfdcf65
b09be1f3-e07b-5a38-aa4e-ad916183c400,c0c1a4b2-9a6e-54a0-b722-02a5be41226e,GEO-BG-30027,Sensor1,BH,2017-05-21T13:38:45Z,2017-07-10T20:15:38Z,2da11025-1fad-55dd-aceb-134e19a5593f,ba1491f6-00e1-58b1-86f2-c0dfebfdcf65
5035069e-d613-5e79-b077-094b29571fb5,8ccb8d30-23e0-5bfb-b6b0-c4a2739e250d,DL-BE-30008,Primary,,2017-05-24T21:35:01Z,2017-06-19T17:48:47Z,65555e19-6b5e-5614-896c-be868a7d40fd,474933d2-aaca-5183-9978-af2936125c7d
af744857-34e2-52ba-bcb5-30def1f13ca4,f12c261c-41d8-5b36-aaa7-3a42126fc3b6,DL-BE-30031,Primary,,2017-05-25T14:58:26Z,2018-06-08T18:07:54Z,4fee726d-a7ac-528a-9e36-268711195d48,1fbd59f8-78bb-5dce-aaf1-589131d8dfa9
78a915e3-a1d3-5a09-bc5d-815963a6cab8,a9134cb1-a01a-5dc3-b05c-44265e0dabbc,DL-BE-30060,Primary,,2017-05-26T20:39:23Z,2019-04-08T17:36:35Z,0f3e718c-273c-57b5-b385-04a09da88594,8e77af54-a62f-5841-8a65-22ad1048dc02
8e74df8c-4cac-5ec0-b88e-76568f657c8a,ad18415c-88f2-5670-8a04-7e50d1aba082,DL-BE-30022,Primary,,2017-05-29T18:27:07Z,2017-09-06T19:27:32Z,80642c97-3d3a-58bc-b5db-566a575e4930,958017c4-fc12-50a2-84aa-997908ce124e
803b8571-fb10-509e-9204-c579e466ce7b,7c91cdb4-627a-504c-aaab-0ae17a7dc2df,DL-BE-30030,Primary,,2017-06-05T17:54:26Z,2018-05-29T18:45:32Z,e0125722-3c5b-5535-a0c2-b06cca67d995,d3268c95-05e3-5715-8b9e-f76938ac9a10
555f5fcd-7b81-5288-82b7-582cb95e4c81,e5bacffe-f9ea-5c7c-a71a-cdd39e53d26e,DL-BE-30019,Primary,,2017-06-06T00:19:35Z,2017-10-02T19:25:24Z,a1d72146-57f7-58db-9509-7ca4b83598df,04dda240-bde0-5c3d-8fa6-05dfbe36ee2a
d6287039-1ea8-580e-8f4d-6f3f0589a0b5,cf35639e-3cbf-5473-b4aa-054a609450c3,DL-UM-40011,Primary,,2017-06-05T18:01:02Z,2018-04-25T20:40:31Z,b5ccca73-ffe8-54d4-b0d2-2aeb1f8cd530,3193aa70-d5f5-59b8-ae5a-ee1228cb5615
aa788d62-d29d-5d57-add5-adc48548ae60,cf35639e-3cbf-5473-b4aa-054a609450c3,GEO-UM-40011,Sensor1,W,2017-06-05T18:01:02Z,2018-04-25T20:40:31Z,b5ccca73-ffe8-54d4-b0d2-2aeb1f8cd530,3193aa70-d5f5-59b8-ae5a-ee1228cb5615
0a1e3b67-31bc-5d76-9bb5-fdb19e5998c4,b9c70fc0-1182-58e3-af87-28dd0b932665,DL-BE-30017,Primary,,2017-06-08T17:04:29Z,2019-01-06T18:54:12Z,f4156663-b648-5717-8d06-ff4515209f5a,f6f993df-bbb2-5e58-8ac6-135a08158657
0c004c38-8382-58ae-9f09-99803c0a51c6,a0feada6-c009-5e49-9fcd-4bac3ff3ed54,DL-BE-30057,Primary,,2017-06-12T16:21:43Z,2017-11-23T18:32:39Z,5e615a3b-9783-5705-90a5-bfd317cb7e9e,455d8fba-4125-586b-a436-7e9a2f32dff9
067bab6a-035b-5cfc-b667-ff7c68202745,4f4606ae-71ee-5243-8170-36bdb79fd8b1,DL-UM-40010,Primary,,2017-06-12T17:14:52Z,2018-06-25T18:36:32Z,42295ec3-5c17-5511-817c-866bd450364f,5baf7343-ffd0-5e03-a4f2-c521b1b6e660
d896186c-a956-57ee-b8bc-cc882c56899f,4f4606ae-71ee-5243-8170-36bdb79fd8b1,GEO-UM-40010,Sensor1,N,2017-06-12T17:14:52Z,2018-06-04T20:20:05Z,42295ec3-5c17-5511-817c-866bd450364f,7ffc31e1-3390-5138-b031-ae764d262d74
c2627842-c005-525c-bc49-b03d27910cbd,2878402d-665b-501e-a516-826fbc7e87a8,DL-BE-30053,Primary,,2017-06-14T20:41:30Z,2017-11-24T20:12:51Z,eaaf37ac-1fdf-564b-9187-7bdb54be2034,6ea70c8f-5044-5cae-a2dc-31af79390d98
7f56a9fd-caf7-54da-8247-852bfa47a84d,1495e812-4dcd-5ac6-9c9a-59911c6a965f,DL-BE-30043,Primary,,2017-06-15T16:46:08Z,2017-08-22T21:48:21Z,32ac215f-37b9-5eb0-a9a0-435a207ded10,dbe34a37-1f7b-564e-a69b-df551612c8f1
24e7b66b-8c44-5eac-b6e5-a638dc899ca5,7ece9b38-a8a6-5170-a858-0dab0c02a104,DL-BE-30037,Primary,,2017-06-19T13:23:46Z,2017-08-21T21:59:23Z,35fc6bb7-a84f-5f43-9bb8-ec77f968648c,aff5324e-f875-5f4d-bb2f-19e27294b1d7
af18074e-0b0c-5cc2-abf7-69f78f940719,2de15606-7595-5f75-b168-c6741452645b,DL-UM-40008,Primary,,2017-06-26T19:14:02Z,2017-09-12T18:59:09Z,73ade140-fd5c-5df2-8a5b-96afd0ab68c4,e411c4e5-3508-57f4-84a9-f90f59942d7c
98f9afb8-74d7-5c99-bbb8-e43333bd40ed,2de15606-7595-5f75-b168-c6741452645b,GEO-UM-40008,Sensor1,W,2017-06-26T19:14:02Z,2017-09-05T18:25:54Z,73ade140-fd5c-5df2-8a5b-96afd0ab68c4,66a2b93a-46db-57ae-8d5b-6a0cb5a43eee
b0f64813-1638-5338-9e04-98703dc03c34,58c6fb11-9c1e-57a9-8ee6-694c874f1560,DL-BE-30039,Primary,,2017-07-05T00:48:27Z,2017-10-09T19:46:33Z,bbb6f997-d3a1-5fdd-8cbe-7b154fd0c079,0ca71ab6-cb04-5027-b843-131099a4a978
1c66e3d4-6a34-5bea-aa7d-68d481806577,3ecf024c-58a4-57c1-8b2a-a3943f62a871,DL-UM-40007,Primary,,2017-07-20T11:41:22Z,2017-08-23T17:22:34Z,23999d1a-29db-5fdc-b8fc-1d6ece71a9c5,24778939-0089-5d03-bc69-cc2af9a406f2
afc94a76-4620-58b7-90c0-3a8d0ece3334,3ecf024c-58a4-57c1-8b2a-a3943f62a871,GEO-UM-40007,Sensor1,H,2017-07-20T11:41:22Z,2017-08-14T19:01:02Z,23999d1a-29db-5fdc-b8fc-1d6ece71a9c5,cb5d4733-633d-5a60-86e2-821e19b2b9e6
a5876b2d-6eae-5b88-91ca-b477910b24ab,b2bbf1f0-14ba-5793-82ea-d6f158ec9eda,DL-BE-30013,Primary,,2017-07-26T13:26:24Z,2018-07-30T19:13:52Z,37734c64-1720-5057-b549-1a70459877db,80b85505-134e-5e03-bae2-28d4b6323fa5
a17566ce-4ed6-551d-8eb0-55f4ced34ca8,b2bbf1f0-14ba-5793-82ea-d6f158ec9eda,GEO-BG-30011,Sensor1,H,2017-07-26T13:26:24Z,2018-07-30T19:13:52Z,37734c64-1720-5057-b549-1a70459877db,80b85505-134e-5e03-bae2-28d4b6323fa5
cb331eae-af89-51ac-a3e8-1a962c0eb8c9,abc62dc8-59a0-52f3-9eff-6cd9a3855e01,DL-BE-30008,Primary,,2017-07-28T21:47:16Z,2017-11-20T19:06:15Z,4c622cd9-057c-58ed-96e6-d934df6465ab,58a80a44-41af-50b9-b2b8-0153bba394b2
19765784-945d-5c35-a4bc-f2012b948f16,abc62dc8-59a0-52f3-9eff-6cd9a3855e01,GEO-BG-30009,Sensor1,W,2017-07-28T21:47:16Z,2017-11-20T19:06:15Z,4c622cd9-057c-58ed-96e6-d934df6465ab,58a80a44-41af-50b9-b2b8-0153bba394b2
ca8d5007-cc07-5518-97e3-c888b9b27c40,8d0dbd58-ed43-50bf-a8b0-468641d3a898,DL-UM-40013,Primary,,2017-08-01T12:55:54Z,2018-02-08T20:56:59Z,d7ba1b26-717f-5182-994c-c3685edc2df2,4cfb15d7-7b16-5035-a059-bcc28fba98a1
e3fc67f7-a3ea-53f1-b924-be5d829893f9,8d0dbd58-ed43-50bf-a8b0-468641d3a898,GEO-UM-40013,Sensor1,S,2017-08-01T12:55:54Z,2018-01-10T22:34:11Z,d7ba1b26-717f-5182-994c-c3685edc2df2,245b2601-2349-5965-b907-974334449651
579e1f88-0321-5b23-9b0f-27aa15e52197,09701641-247b-5eba-aa27-8c0de6601ce2,DL-UM-40000,Primary,,2017-08-02T19:44:22Z,2017-08-22T19:09:36Z,1f0b9661-8812-53cc-81ff-64639dbf4421,19e627a6-7dd8-51d9-abb6-e670fb1c86a7
4102fee3-19a7-526c-baf2-c187628a4103,e146a22a-b0d1-5e74-8b6b-d4ca64769b60,DL-UM-40012,Primary,,2017-08-02T20:52:47Z,2018-04-25T20:51:01Z,fbcd1a04-4bf8-5219-be05-2ad7b3e972d6,4fe21f6f-269a-52ce-84d9-8ec845579c87
0529fefd-c327-599f-be79-936bdd32cbc8,e146a22a-b0d1-5e74-8b6b-d4ca64769b60,GEO-UM-40012,Sensor1,H,2017-08-02T20:52:47Z,2018-04-25T20:51:01Z,fbcd1a04-4bf8-5219-be05-2ad7b3e972d6,4fe21f6f-269a-52ce-84d9-8ec845579c87
01ae68a4-7cbc-57f7-8327-f42995698d9f,6dbea4de-de33-5513-a185-36b921e26caa,DL-BE-30056,Primary,,2017-08-07T12:05:24Z,2017-08-13T14:37:01Z,0878c544-61ee-55dd-8d37-4aee79414be0,f26951dc-9b10-59f9-b632-2abef3039d83
7a849135-3862-5233-a0d9-43d76e6e274c,c1f61aeb-c294-51cc-ab1d-aff858ad2357,DL-BE-30027,Primary,,2017-08-15T20:57:03Z,2018-03-29T20:50:43Z,3cf9a0cb-dbfc-5702-b657-b70f0c9ed41b,9087fc84-63e7-5428-ae23-e3581295ed6a
23c01f87-7ec5-5f15-875e-d1618cd9cc60,766ba27f-f2b8-5cc8-8842-177be66b8eaf,DL-UM-40009,Primary,,2017-08-17T19:46:44Z,2018-01-11T18:01:15Z,c4160b48-defa-5cee-97e7-37d6160078f6,4ae984a6-6338-5208-a23b-ac7450aef1ff
3927d041-00b3-5f2e-a829-60bd83f40be0,766ba27f-f2b8-5cc8-8842-177be66b8eaf,GEO-UM-40009,Sensor1,H,2017-08-17T19:46:44Z,2018-01-11T18:01:15Z,c4160b48-defa-5cee-97e7-37d6160078f6,4ae984a6-6338-5208-a23b-ac7450aef1ff
382565c9-1e31-551c-b01d-f1d1d67d338f,766ba27f-f2b8-5cc8-8842-177be66b8eaf,MDM-3000000001,Modem,,2017-08-17T19:46:44Z,2018-01-11T18:01:15Z,c4160b48-defa-5cee-97e7-37d6160078f6,4ae984a6-6338-5208-a23b-ac7450aef1ff
cf7e12c7-82c1-59c1-8caf-75a2ab351d1a,e96257bd-7f45-562a-a69e-746e3509a660,DL-BE-30000,Primary,,2017-08-22T12:09:20Z,2018-01-22T19:09:10Z,f240b7e0-ca94-5927-8080-20d544d915fb,5bca81b4-e884-572a-81ff-6802cc56a001
8f4e8389-94ef-53da-a40a-0224e0f42007,8b05c131-0d74-56b2-bfc4-d928b9b6095e,DL-BE-30023,Primary,,2017-08-28T18:45:05Z,2018-04-23T20:27:37Z,d5bc9cab-9bf9-5a98-9500-ec62ac931950,9a02e1e6-cc60-5554-8e6c-8219aae809c7
0eb0e6db-7496-58be-a5c8-29dbf97c0a00,8b05c131-0d74-56b2-bfc4-d928b9b6095e,GEO-BG-30027,Sensor1,S,2017-08-28T18:45:05Z,2018-04-23T20:27:37Z,d5bc9cab-9bf9-5a98-9500-ec62ac931950,9a02e1e6-cc60-5554-8e6c-8219aae809c7
56a69296-f6c4-59c0-a951-e5b95d975e76,075e5af0-cb02-5d6f-b9fd-ae673ac37134,DL-UM-40007,Primary,,2017-08-29T19:40:29Z,2018-01-25T20:21:36Z,a43ad0bc-6eba-59c4-8964-d98e2b1cd36b,946d2e52-7fca-5720-982b-018878a1d132
a032dc09-5c9e-57ff-8a00-82b81788abcb,aa6249f3-78a0-5104-9b1c-5b286d06b654,DL-UM-40000,Primary,,2017-09-01T12:36:27Z,2017-09-07T21:27:01Z,52861039-06c2-5530-99eb-3ee0cd29b1ff,58824ff5-0285-58ba-8326-e3742f6e393f
06b80c36-2e77-56c6-b190-9e9abe22babd,aa6249f3-78a0-5104-9b1c-5b286d06b654,GEO-UM-40000,Sensor1,E,2017-09-01T12:36:27Z,2017-09-07T21:27:01Z,52861039-06c2-5530-99eb-3ee0cd29b1ff,58824ff5-0285-58ba-8326-e3742f6e393f
2039d5b0-8435-593c-8838-f12352805bc9,4a9de00e-82a7-5e2c-98ce-1cea78b11e05,DL-BE-30033,Primary,,2017-09-04T13:03:42Z,2018-08-13T17:51:49Z,292c5e38-dadd-5e18-bfa6-0bd7cd822a66,6ce7422b-128c-5ffc-ab38-bcdb747e9fae
ce60195c-b364-5c16-85b9-ecf19d6b83cb,889231fa-6ddc-57aa-b205-a775d2fd2445,DL-BE-30043,Primary,,2017-09-06T17:50:17Z,2017-11-13T20:06:56Z,1a6e8de2-2d7a-5c15-b0d7-00ac94103e97,d2792957-3431-544e-ae38-c14019fbeef3
7305d0e1-e27f-5459-8ec2-e84d5c540125,53993efd-4b43-5037-abc3-7dd133cca78d,DL-BE-30055,Primary,,2017-09-08T16:01:58Z,2017-10-30T19:55:54Z,9037a109-913d-57e2-8c6f-b4746fd1b7b5,fd3837c9-329a-5cd3-be70-dc51e9aeebc4
5bcdf213-4345-5472-9139-dcd38f1d44b6,4c869ef2-7165-545e-bce7-a9007e51d1ca,DL-BE-30037,Primary,,2017-09-08T12:31:42Z,2020-02-24T21:57:47Z,023ffad7-dd4d-551c-8634-3d2b69dbb72f,583835cc-7811-5d1c-8411-8cf15d9b2d3d
e7f2bb2d-6a2d-5cbf-a243-d31930ab46df,2e9a8f28-bab9-5bb1-9a29-30b4e304bcd1,DL-BE-30009,Primary,,2017-09-11T16:08:42Z,2018-07-09T20:58:33Z,9b6083ff-edbf-572a-9a3f-156f7f237aca,387da5de-93e3-5752-93ec-5168f360f0a8
7ceb2e5f-8442-5ee1-bca9-512f3537d68e,a57980ee-0872-50ff-aff1-97c7deddd608,DL-D10-300001,Primary,,2017-09-12T23:33:02Z,2017-12-13T22:58:23Z,b5307f4e-60b6-5a84-853b-3936a1216690,f4db1865-31a7-543a-8c79-100345033de4
27c6e0ea-3f6b-5710-af02-951dadf0a3f7,a57980ee-0872-50ff-aff1-97c7deddd608,GEO-V12-400002,Sensor1,H,2017-09-12T23:33:02Z,2017-11-09T22:38:31Z,b5307f4e-60b6-5a84-853b-3936a1216690,4503c5ff-8f47-598a-afe7-bc6c41075654
6065d99c-b5fb-5d1f-9c51-b1db2089c4af,a57980ee-0872-50ff-aff1-97c7deddd608,SLM-S50-500002,Microphone,,2017-09-12T23:33:02Z,2017-12-13T22:58:23Z,b5307f4e-60b6-5a84-853b-3936a1216690,f4db1865-31a7-543a-8c79-100345033de4
19d3c5c4-1fad-5569-9e58-c2d3adbe9bc7,6302a5bb-3686-5325-8d2a-3b9fee81758d,DL-UM-40006,Primary,,2017-09-12T14:02:07Z,2018-02-26T19:56:19Z,faf43095-5926-5d4e-9f04-9d100830e9ea,78003f30-e036-5907-a60d-6ee0f524830e
9b51c0ab-c9bc-5ea2-be09-837a83a6d6c6,6302a5bb-3686-5325-8d2a-3b9fee81758d,GEO-UM-40006,Sensor1,N,2017-09-12T14:02:07Z,2018-02-15T19:06:56Z,faf43095-5926-5d4e-9f04-9d100830e9ea,bbc0ed67-fdb2-51aa-9009-35f7c03086d3
9d080b07-16ae-5eff-bc91-0e270a1b35c5,31181b48-718d-5e1d-839e-34c98609d7a5,DL-UM-40000,Primary,,2017-09-13T12:42:42Z,2017-11-10T22:19:57Z,3ff4343f-c82f-5fdd-bd01-9f793faf9e04,20adb036-258a-5113-ab27-cfb9938869e3
ab55d44b-dbaf-5b6e-9ab3-2f5d84084fe7,31181b48-718d-5e1d-839e-34c98609d7a5,GEO-UM-40000,Sensor1,E,2017-09-13T12:42:42Z,2017-11-10T22:19:57Z,3ff4343f-c82f-5fdd-bd01-9f793faf9e04,20adb036-258a-5113-ab27-cfb9938869e3
2fcc7a6f-91b4-5580-97dc-73fb9ec65eed,2d595999-39e7-5c9f-9dfa-c00af49a51a8,DL-BE-30007,Primary,,2017-09-20T20:27:22Z,2017-11-07T21:11:02Z,0d3825b5-3119-549a-afc8-05ad20bfed9f,6f38176c-5061-5839-b81b-15a9a6340638
001a3e38-105e-5152-9aad-5563db5d2eab,2d595999-39e7-5c9f-9dfa-c00af49a51a8,GEO-BG-30017,Sensor1,W,2017-09-20T20:27:22Z,2017-11-07T21:11:02Z,0d3825b5-3119-549a-afc8-05ad20bfed9f,6f38176c-5061-5839-b81b-15a9a6340638
e57b4ec1-98a1-5646-9e25-8487ed4b5a0c,4c5e8838-3d4f-5dc9-93a2-cc5fabf9aee4,DL-BE-30006,Primary,,2017-09-20T17:11:43Z,2018-08-07T18:27:10Z,722175f0-ae3b-5fe5-b110-04c75908305f,f355c31a-25d7-52f7-bbff-de85cbebb245
61eae2d9-f4a4-54cc-bd34-979fe9b5868d,4c5e8838-3d4f-5dc9-93a2-cc5fabf9aee4,GEO-BG-30004,Sensor1,H,2017-09-20T17:11:43Z,2018-08-07T18:27:10Z,722175f0-ae3b-5fe5-b110-04c75908305f,f355c31a-25d7-52f7-bbff-de85cbebb245
c6720bbc-c886-592d-87c4-3a0f3c6fbc83,2b7be258-0c73-5a95-aee7-07c13a67eeb5,DL-UM-40008,Primary,,2017-09-25T15:06:01Z,2017-10-09T19:11:12Z,d8012269-06a4-5b45-9d98-0e1fcdbff16c,bfd410cb-4db1-59ea-8353-f9f533aaa142
ea3fc9da-d8f2-5445-9cdd-84e9f000aff0,c2f5ee10-4b10-5d49-84d2-69bc5944e650,DL-BE-30056,Primary,,2017-09-25T22:37:51Z,2018-11-27T22:47:47Z,cacbf716-dd59-5224-8431-52d879e1a549,4303d154-f9a3-5221-bb9d-3ca7dbd5d126
2d1d4327-2c23-5480-a35f-d27ca9239678,9c6c1011-a25a-5afe-ba34-980294091ce6,DL-BE-30020,Primary,,2017-09-26T17:47:18Z,2018-02-07T20:43:51Z,7abcd36f-2969-5f4c-b1e1-88840a999c7b,00ae714b-d323-5993-8071-3cc8bd0232d5
b4ef0018-f7e2-5aa3-97f4-6ca1bafd973d,9c6c1011-a25a-5afe-ba34-980294091ce6,GEO-BG-30023,Sensor1,E,2017-09-26T17:47:18Z,2018-01-29T22:48:56Z,7abcd36f-2969-5f4c-b1e1-88840a999c7b,97668606-706f-59da-a33b-9f89eae2a9c6
c93f0ca4-cac5-596e-9987-861231e89c0e,a6ef7704-efbe-5868-9dfe-77771e83d1af,DL-BE-30051,Primary,,2017-09-27T14:04:38Z,2017-10-16T19:03:28Z,e68d8657-84a3-562f-a604-8e9beb7937ec,453d22fd-2304-5f76-8305-cea6cedd20b7
a937c985-7992-5abe-a54d-e435523f8979,a6ef7704-efbe-5868-9dfe-77771e83d1af,GEO-BG-30032,Sensor1,BH,2017-09-27T14:04:38Z,2017-10-16T19:03:28Z,e68d8657-84a3-562f-a604-8e9beb7937ec,453d22fd-2304-5f76-8305-cea6cedd20b7
69f5ae6c-30af-5e6a-8480-5c7f857a2a81,b3bb0c8f-e35e-5b8b-9f88-fe143ff1a379,DL-UM-40015,Primary,,2017-09-27T16:37:33Z,2018-01-16T21:13:58Z,9d482f12-76c5-5ec5-bc4b-4c0a5c5d8224,c003b180-2f2e-5cc6-bae6-d3468fd99291
884aeaf3-4c69-549c-8aa8-e5c90cadb3ff,b3bb0c8f-e35e-5b8b-9f88-fe143ff1a379,GEO-UM-40015,Sensor1,V,2017-09-27T16:37:33Z,2018-01-16T21:13:58Z,9d482f12-76c5-5ec5-bc4b-4c0a5c5d8224,c003b180-2f2e-5cc6-bae6-d3468fd99291
8895f282-fe5d-5902-bc0f-a846ddd4e135,4e8cec12-9882-5811-a866-f6c870a46ce8,DL-BE-30034,Primary,,2017-09-27T17:46:49Z,2018-09-11T18:31:39Z,9120c22d-e489-5730-b368-15c44f6b1fc8,ab6a25a5-a175-54b0-bc2c-153620635544
0a4f064b-9c0e-539b-bd22-4095b919024c,4e8cec12-9882-5811-a866-f6c870a46ce8,GEO-BG-30024,Sensor1,BH,2017-09-27T17:46:49Z,2018-09-11T18:31:39Z,9120c22d-e489-5730-b368-15c44f6b1fc8,ab6a25a5-a175-54b0-bc2c-153620635544
998ec020-74c8-556b-8ebd-f4aa6b507560,4e8cec12-9882-5811-a866-f6c870a46ce8,GEO-BG-30026,Sensor2,S,2017-09-27T17:46:49Z,2018-09-11T18:31:39Z,9120c22d-e489-5730-b368-15c44f6b1fc8,ab6a25a5-a175-54b0-bc2c-153620635544
3f7b1c3a-b603-531d-bdbe-0e4cd1910777,8c53d719-3104-53a9-b8dc-677c5baa2865,DL-BE-30046,Primary,,2017-09-27T13:49:52Z,2018-03-01T21:00:28Z,f23eaf62-6eee-5302-8001-fa65ccd328b2,d990952e-a4c2-59db-9570-df0715827aa4
8f68fb6e-b9fd-5339-8538-09bbdd8f8542,dfa76293-1668-519b-95bd-93ec43902d03,DL-UM-40014,Primary,,2017-09-29T17:21:06Z,2018-05-20T17:20:18Z,0f72c556-f9bb-55ca-97cd-a576e1d4a1d6,a53460e8-6a73-5e65-b8ca-7424e43e51d8
1b77fdd8-e3de-5dd1-b585-f990ffe13e17,dfa76293-1668-519b-95bd-93ec43902d03,GEO-UM-40014,Sensor1,H,2017-09-29T17:21:06Z,2018-05-20T17:20:18Z,0f72c556-f9bb-55ca-97cd-a576e1d4a1d6,a53460e8-6a73-5e65-b8ca-7424e43e51d8
b457cda7-8b9c-5bbf-a703-8ed51f0456ea,8cee521e-f89f-5a0c-9af0-209814cbb82d,DL-BE-30022,Primary,,2017-10-03T16:23:38Z,2018-11-05T21:38:53Z,4ccd8e48-4f16-5198-ae85-643fe5c7ec25,19889c94-95d6-5169-b940-7cc6915a95c4
68e0c39f-ceb4-5721-88a0-63bafea3b61e,1e529b30-51a7-57f0-b858-85194c8b520c,DL-BE-30026,Primary,,2017-10-06T21:02:30Z,2018-04-16T17:12:14Z,44b645ae-2650-533e-a66f-716722f223a0,9399f851-9b34-58c6-86d6-e8aaf0299627
bfec0e3a-5025-5144-8ce1-cf250cbfa15e,fe8d5a42-2ed9-5df2-a469-1536e8380df6,DL-BE-30059,Primary,,2017-10-14T17:07:42Z,2018-09-12T20:06:52Z,810afe1d-37b2-5ea6-82da-8cb180e47ee2,207b7aa0-51b3-503d-8b48-61a85b5a872d
4df32194-62c1-5784-8e39-afb8d174f5fd,ae54c76b-94c0-5625-a563-0eacf0dcb76f,DL-BE-30061,Primary,,2017-10-16T14:24:36Z,2018-03-01T21:20:28Z,d228199b-2625-5cce-8650-67b911b73425,345e3ccf-da40-56a4-9ea0-a57f82126b94
852966f3-1c1e-5c1c-a2a6-ffd67864ac2f,ec683c9f-77eb-54ff-b34b-5154688506d1,DL-BE-30018,Primary,,2017-10-22T13:02:59Z,2018-07-10T17:41:58Z,3119d5e2-9824-5eee-8847-0d093cf62cf8,412479f1-da41-566a-a036-f99b91843e37
d88f42a1-650e-5f10-9363-7395f66d0027,ec683c9f-77eb-54ff-b34b-5154688506d1,GEO-BG-30021,Sensor1,S,2017-10-22T13:02:59Z,2018-07-10T17:41:58Z,3119d5e2-9824-5eee-8847-0d093cf62cf8,412479f1-da41-566a-a036-f99b91843e37
bb7e3ae4-5a82-55ee-8623-9bb6965713fd,b10d2c34-9f59-5ba6-b3d1-1705dc41dd68,DL-BE-30051,Primary,,2017-10-24T14:41:45Z,2017-11-23T20:18:08Z,c76ecc9d-b230-5b60-b9a8-02a2ede75384,d72f20c5-9cf9-5369-9b7e-e7ad3d89b8ed
c9fe216e-0e78-5995-a470-21306955c946,b10d2c34-9f59-5ba6-b3d1-1705dc41dd68,GEO-BG-30032,Sensor1,S,2017-10-24T14:41:45Z,2017-11-23T20:18:08Z,c76ecc9d-b230-5b60-b9a8-02a2ede75384,d72f20c5-9cf9-5369-9b7e-e7ad3d89b8ed
123ea630-4326-5428-bf4b-95d3a2fc626a,073d3fac-4751-5f9d-8706-a98712db1c14,DL-BE-30021,Primary,,2017-10-29T15:38:32Z,2018-05-11T19:37:53Z,a9d552c5-1203-5781-9688-372e40a8a97e,c957c426-3af6-5a8f-968e-9065c1aba701
b31bce5d-3983-5b57-857a-baac23804cfd,d5f729ee-ea9a-501e-8e2e-ee554b73b5e6,DL-BE-30019,Primary,,2017-10-30T13:13:30Z,2018-03-17T13:22:19Z,a2072d81-6282-5d8d-946d-34cf36c587c8,b37cd60a-a5d0-514f-b7c0-7b2927adeeb7
854d1960-85db-58c9-8ea6-e68e1eaba2d7,de89d819-be36-5ef0-9954-c5c41be20ead,DL-BE-30044,Primary,,2017-11-02T18:13:30Z,2017-12-12T22:02:46Z,217d2c05-2de5-5ef0-a911-723c4e8d0d7d,ec34278b-de43-50de-a85b-ed415075c06f
41bc9f2b-d886-51ba-9cdc-8381fbeded85,3ab7e999-d7e5-5413-b692-d9c0a6b9afa8,DL-BE-30047,Primary,,2017-11-06T16:38:20Z,2018-10-19T19:29:23Z,1c3627e5-7e71-58ac-92dc-a3d90a33bca5,6a31c8c9-d75c-5924-a8e3-ec47867e30ba
3812ab97-22a7-5abb-8e84-7a5d5f14caaa,3ab7e999-d7e5-5413-b692-d9c0a6b9afa8,GEO-BG-30013,Sensor1,E,2017-11-06T16:38:20Z,2018-10-19T19:29:23Z,1c3627e5-7e71-58ac-92dc-a3d90a33bca5,6a31c8c9-d75c-5924-a8e3-ec47867e30ba
78af4777-cbcc-5512-a8d5-9b0fb47112a2,9932661f-47ee-5ca9-a4ce-59a63d55843d,DL-BE-30036,Primary,,2017-11-08T15:38:51Z,2018-07-07T19:48:51Z,e17a3d14-322f-502a-ad74-a57d655afdfb,1b7596c1-7a0d-5dee-aaad-5897e11a7a56
ffd3409f-b8e3-5491-9b4b-41248018c46c,9932661f-47ee-5ca9-a4ce-59a63d55843d,GEO-BG-30030,Sensor1,S,2017-11-08T15:38:51Z,2018-07-07T19:48:51Z,e17a3d14-322f-502a-ad74-a57d655afdfb,1b7596c1-7a0d-5dee-aaad-5897e11a7a56
fddc0a04-3650-5474-9e24-3633c7a8b9ec,9932661f-47ee-5ca9-a4ce-59a63d55843d,GEO-BG-30033,Sensor2,H,2017-11-08T15:38:51Z,2018-07-07T19:48:51Z,e17a3d14-322f-502a-ad74-a57d655afdfb,1b7596c1-7a0d-5dee-aaad-5897e11a7a56
634b6d47-de8f-5fb4-b911-6b8ab5241bac,d175b3e1-cecb-5459-b310-19a4169e4d0c,DL-BE-30011,Primary,,2017-11-27T16:27:28Z,2018-03-06T18:07:01Z,d67ab563-a799-55f8-8654-a7fb2ad6b045,4d8d85f0-bb23-50b0-a29f-8e04f781f455
ee489fdb-a589-5198-b550-78f94845f419,11b559d2-5655-5eab-bbfd-6f552406b17d,DL-BE-30039,Primary,,2017-11-27T19:31:48Z,2018-09-20T20:25:54Z,4702240a-5c8c-5340-b260-17b45d3348c9,a3feac07-ef88-5690-b97e-9819b01212e2
1b6c6934-8049-57df-a0fa-6eeb60defd0a,77c0f293-32e2-5eb7-8cc1-56f01f9e37d8,DL-UM-40008,Primary,,2017-12-04T20:50:40Z,2018-09-24T18:31:34Z,a0e0a929-1220-5225-a4b7-26df5b10232d,18b1f6aa-71c9-5098-b8f2-6f5270ba0b73
cad91011-07b7-57c8-92b0-3fa808932ae8,77c0f293-32e2-5eb7-8cc1-56f01f9e37d8,GEO-UM-40008,Sensor1,E,2017-12-04T20:50:40Z,2018-09-24T18:31:34Z,a0e0a929-1220-5225-a4b7-26df5b10232d,18b1f6aa-71c9-5098-b8f2-6f5270ba0b73
1c1829ed-ee0e-5462-a1d0-59736687bcf9,3c77acdd-c51d-5103-af20-5cd98a3e97ca,DL-BE-30055,Primary,,2017-12-08T12:48:32Z,2018-01-09T18:57:32Z,1dfba3a7-0e87-58ba-95af-24bfba3fa21d,cc0f4bb4-3700-5f29-9ac7-8b0d32699fc6
9e8a73d0-39c7-504e-be71-f9199166c1de,389b7a05-e6c3-5edb-9cd8-9765a0fd7e7c,DL-BE-30043,Primary,,2017-12-11T22:19:51Z,2018-09-10T17:24:27Z,34ef2ba3-effd-5720-b86b-dc91e83de37f,92a905fa-cd16-5829-bf12-13c461bb87f4
bd03adb6-6b71-5f8d-9bd5-c5835f8d423b,b9742f0e-1541-52b7-8bb6-5e575b7d8b9e,DL-BE-30002,Primary,,2017-12-13T20:57:54Z,2019-09-09T20:00:37Z,943de2e3-a570-5698-9b4e-b8fd56aa18a2,9ff21d00-792b-59f2-8af6-fef40c19a477
7fb6421b-685d-5c18-a110-3543f8c4a694,b9742f0e-1541-52b7-8bb6-5e575b7d8b9e,GEO-BG-30000,Sensor1,H,2017-12-13T20:57:54Z,2019-09-09T20:00:37Z,943de2e3-a570-5698-9b4e-b8fd56aa18a2,9ff21d00-792b-59f2-8af6-fef40c19a477
49e978ed-e777-540b-a4b5-3d3cb8c5075c,59a69544-67b6-50f1-8601-933fc14729e2,DL-BE-30042,Primary,,2017-12-19T20:14:05Z,2018-08-02T18:16:10Z,a331e868-c7eb-5c67-8270-e272f7596fc2,9388e0c1-5375-525f-be66-a92e17536fe8
757415c4-5a49-577f-bf3d-74b1e68db933,7e91b203-aac7-5892-94d3-8bb2da961530,DL-BE-30051,Primary,,2017-12-21T12:07:08Z,2018-06-08T20:19:59Z,4d0aa3fc-064c-5c35-928b-f720edc63732,6cc8c673-e1d9-5fc7-ba7a-bdfeba2cef24
85891ab5-f3c0-5aa3-87dd-047a2d7be9b1,7e91b203-aac7-5892-94d3-8bb2da961530,GEO-BG-30032,Sensor1,BH,2017-12-21T12:07:08Z,2018-06-08T20:19:59Z,4d0aa3fc-064c-5c35-928b-f720edc63732,6cc8c673-e1d9-5fc7-ba7a-bdfeba2cef24
dbb76ff8-5664-50dd-8042-a050400d5add,6bd76520-800a-5f83-9774-4687cd72989e,DL-D10-300001,Primary,,2017-12-25T20:32:49Z,2019-01-30T18:40:42Z,389a132f-4061-5534-b0c7-3395c2b1d1df,9937263e-8116-5013-bdee-c5dc7d8b9186
17b097e5-26c0-5547-b9dd-05497719a6e8,6bd76520-800a-5f83-9774-4687cd72989e,GEO-V12-400002,Sensor1,S,2017-12-25T20:32:49Z,2019-01-30T18:40:42Z,389a132f-4061-5534-b0c7-3395c2b1d1df,9937263e-8116-5013-bdee-c5dc7d8b9186
13b76c6a-2d6d-50be-b690-d0451459976f,e45d0db4-c755-5c00-a082-3600dc2c9dd8,DL-BE-30007,Primary,,2017-12-25T13:35:39Z,2018-06-11T18:58:57Z,26028a3d-9bc4-5984-8fdb-257230682835,da782927-1a42-5d11-83ba-3b103581909d
bc5aefe7-0145-56f4-8836-fa082a7a1860,e45d0db4-c755-5c00-a082-3600dc2c9dd8,GEO-BG-30017,Sensor1,BH,2017-12-25T13:35:39Z,2018-06-11T18:58:57Z,26028a3d-9bc4-5984-8fdb-257230682835,da782927-1a42-5d11-83ba-3b103581909d
7e28a510-6261-5b0e-a537-2eef30da2dac,e45d0db4-c755-5c00-a082-3600dc2c9dd8,GEO-BG-30028,Sensor2,N,2017-12-25T13:35:39Z,2018-06-11T18:58:57Z,26028a3d-9bc4-5984-8fdb-257230682835,da782927-1a42-5d11-83ba-3b103581909d
149865dd-0bc8-5538-88a4-a98a0db67aff,e0605ac1-dd34-52b8-aa56-7afc02840c69,DL-BE-30008,Primary,,2017-12-28T16:59:17Z,2018-04-16T20:41:27Z,ca5ba24a-328b-535c-a735-593ef37b743e,2961de81-fd04-584e-9dc7-7ef6d26dc1df
d16311c4-3ef2-590b-967a-b044df6f4260,e0605ac1-dd34-52b8-aa56-7afc02840c69,GEO-BG-30009,Sensor1,N,2017-12-28T16:59:17Z,2018-04-16T20:41:27Z,ca5ba24a-328b-535c-a735-593ef37b743e,2961de81-fd04-584e-9dc7-7ef6d26dc1df
c59cc676-5134-51df-9571-811a8e7bd6a0,9519a8c4-f40d-5625-9946-1d63ec7080d1,DL-BE-30044,Primary,,2017-12-28T13:06:06Z,2018-02-20T19:24:22Z,71c81ce8-f5e8-5223-b98d-4db8bea05af0,7ed3873f-49e5-5f83-9899-ed791d5dc74c
f730c163-9540-5f3b-8f7d-797319396ca4,cafe8a1a-7b61-52e7-b949-9bbd55d42be3,DL-BE-30053,Primary,,2018-01-04T18:01:00Z,2018-01-16T19:13:26Z,8b9ee6a2-3072-5731-9f6b-af2b4628197f,52c337f5-f9be-5e56-8181-259e601bc733
20f9f489-290c-5409-b6cd-7d363e17c338,1183869d-7b09-5880-8505-2d41a30c51e0,DL-UM-40003,Primary,,2018-01-10T13:45:35Z,2018-06-28T21:08:06Z,24052454-1da3-5a7f-b832-7432a0d039fb,608f54d4-1bec-5305-a5ea-bd2f0c1cf4e5
c3e42a0b-413e-5774-ac72-4dc1844f6b7b,1183869d-7b09-5880-8505-2d41a30c51e0,GEO-UM-40003,Sensor1,BH,2018-01-10T13:45:35Z,2018-06-28T21:08:06Z,24052454-1da3-5a7f-b832-7432a0d039fb,608f54d4-1bec-5305-a5ea-bd2f0c1cf4e5
ce78fe17-cc51-586e-a1d5-da05aa9c3324,3785ab20-2fb6-53b6-83ee-170cb069c0f5,DL-UM-40000,Primary,,2018-01-11T21:29:35Z,2018-02-15T22:34:43Z,c5d22791-5b93-51ab-9062-04522275a047,a6525efe-f07d-57be-a971-89cf910097fd
1c21737c-d944-59d1-980a-104baa12c635,3785ab20-2fb6-53b6-83ee-170cb069c0f5,GEO-UM-40000,Sensor1,W,2018-01-11T21:29:35Z,2018-02-15T22:34:43Z,c5d22791-5b93-51ab-9062-04522275a047,a6525efe-f07d-57be-a971-89cf910097fd
01b9c390-6289-51c5-b1b1-cc7fe8d0492f,17f9725f-490c-5520-b535-b79c525bb7f9,DL-BE-30045,Primary,,2018-01-16T20:48:42Z,2018-09-07T21:11:00Z,e67ec020-109c-586d-8655-f1561d0e4341,f3c4b514-5657-5b95-a5c3-1d178565bef6
70e675e5-9527-51e0-8fbe-5ff4e587eb93,944f7e91-5537-5b56-b301-7978b39770a6,DL-BE-30058,Primary,,2018-01-17T13:54:28Z,2019-01-30T18:55:39Z,40e3b362-752f-5012-9138-0ca1e070fe57,ca0866bd-e075-5e8f-baf7-9398aaaffdc2
f86e8f59-0638-551c-b94f-4f73437f1489,81c93a73-b065-5a44-a27c-87c7a0f20dfb,DL-UM-40002,Primary,,2018-01-19T13:10:41Z,2018-08-20T17:49:15Z,12768f60-e791-59c3-8c9b-b4c37c82c619,a54e9b7a-b1c3-5420-935e-88c40dcada01
05e9d617-1169-5f89-a1dd-ddc328448bdf,81c93a73-b065-5a44-a27c-87c7a0f20dfb,GEO-UM-40002,Sensor1,V,2018-01-19T13:10:41Z,2018-08-20T17:49:15Z,12768f60-e791-59c3-8c9b-b4c37c82c619,a54e9b7a-b1c3-5420-935e-88c40dcada01
db9969ba-835b-575d-a3a6-d711bea90625,81c93a73-b065-5a44-a27c-87c7a0f20dfb,MDM-3000000000,Modem,,2018-01-19T13:10:41Z,2018-08-20T17:49:15Z,12768f60-e791-59c3-8c9b-b4c37c82c619,a54e9b7a-b1c3-5420-935e-88c40dcada01
4810df20-18a4-5e70-88cb-39c58b8e1d8f,2b1bf019-4dfe-5b03-91b9-2899186df137,DL-BE-30057,Primary,,2018-01-22T23:56:50Z,2018-03-26T18:27:57Z,0cf1834a-e220-52a3-b8e2-665dbf012fed,5bf850af-42a8-5682-bb44-a9339ad88546
dd2c7500-76ff-5a17-b9b7-09af7db54910,cfce269f-96ef-5101-ba71-8b8d07dea5bb,DL-UM-40015,Primary,,2018-01-22T19:42:32Z,2018-04-05T21:39:55Z,6c5cc28c-9107-5ec2-aa82-68f803ec128c,6825fb45-b9c7-56d0-8bde-329b215481bd
0065231b-e201-5928-a031-fb36827cd25f,cfce269f-96ef-5101-ba71-8b8d07dea5bb,GEO-UM-40015,Sensor1,N,2018-01-22T19:42:32Z,2018-04-05T21:39:55Z,6c5cc28c-9107-5ec2-aa82-68f803ec128c,6825fb45-b9c7-56d0-8bde-329b215481bd
d2445add-eccf-5d45-bbd0-5d75f4ab0775,ed36b1b8-5740-5063-9632-e0b771e49f31,DL-BE-30028,Primary,,2018-01-31T15:51:17Z,2018-02-20T21:13:33Z,fdf8389d-58dd-5d24-bf10-623c01974d8c,d1da2641-df1b-54aa-9993-14711a11bc25
bea746c2-3f9d-5987-b812-c73e27f3530c,a19b041b-0432-53c0-a50a-38c64d4fe698,DL-BE-30055,Primary,,2018-02-09T22:27:04Z,2018-06-20T20:13:31Z,af502283-637e-5cdb-9286-3426fd197e6b,c1aca4e2-b2a0-5d5d-8068-54dda90e774e
72fb49cb-2b9b-58a0-8e6a-ab6b8296036c,07e6b18b-1089-5ab7-b86f-42a2cab989ff,DL-BE-30024,Primary,,2018-02-12T20:04:06Z,2018-09-10T19:15:15Z,2a38b162-8879-52cf-963d-0ea657e8475e,647b67af-cf1d-54b3-a875-0899db018159
d5d1de95-9106-521a-9250-31fbffc3dbbc,27e53ee5-c44f-5746-a867-ad8f41d4039a,DL-BE-30012,Primary,,2018-02-12T19:53:18Z,2019-12-30T18:14:08Z,6da3dc75-5fed-5985-a290-6babc7de46d3,924ea4ac-e659-55ab-a90c-63ef74809b93
b4afb038-1057-55d4-b7e2-3066a8b5e66d,27e53ee5-c44f-5746-a867-ad8f41d4039a,GEO-BG-30019,Sensor1,V,2018-02-12T19:53:18Z,2019-12-30T18:14:08Z,6da3dc75-5fed-5985-a290-6babc7de46d3,924ea4ac-e659-55ab-a90c-63ef74809b93
201b7ea1-38a1-5128-9844-3612d9d2205d,5c79adb0-ec59-574c-aabd-d421565bcbee,DL-UM-40009,Primary,,2018-02-16T22:49:25Z,2018-06-15T21:50:33Z,9c73a3b7-18b5-558c-889b-689020bbe3ea,442c95bb-d13c-525d-b970-b63023fdb600
0928bf39-8f1b-5ae1-a530-d7e2b9fd5f45,5c79adb0-ec59-574c-aabd-d421565bcbee,GEO-UM-40009,Sensor1,BH,2018-02-16T22:49:25Z,2018-06-15T21:50:33Z,9c73a3b7-18b5-558c-889b-689020bbe3ea,442c95bb-d13c-525d-b970-b63023fdb600
b1d40c3e-1998-5599-9ebd-b4c6818c7bfb,5c79adb0-ec59-574c-aabd-d421565bcbee,MDM-3000000001,Modem,,2018-02-16T22:49:25Z,2018-06-15T21:50:33Z,9c73a3b7-18b5-558c-889b-689020bbe3ea,442c95bb-d13c-525d-b970-b63023fdb600
72ca9317-8d7d-5898-b775-65d2b614f340,e6090bca-b30c-5e71-992c-6ad9d2cdf6f3,DL-BE-30048,Primary,,2018-02-19T19:03:12Z,2018-05-28T20:41:37Z,01ba1613-7bab-5cc5-a90f-4ee82a178242,5605b4f7-5408-55b1-8e0c-fa0a328477da
36be27bd-dc5d-52aa-826e-ce84fa2ae8af,b06b3875-0ad6-55cc-b118-980cf0b073b3,DL-BE-30020,Primary,,2018-02-20T19:23:48Z,2019-03-25T19:21:37Z,fe421fef-2f8a-5958-a6e3-e4b12c57d363,fd6dba92-86d2-53b4-bbc1-7c5c29779099
89fd6712-8038-56eb-b1ad-48b1c63087b3,b06b3875-0ad6-55cc-b118-980cf0b073b3,GEO-BG-30022,Sensor1,BH,2018-02-20T19:23:48Z,2019-03-25T19:21:37Z,fe421fef-2f8a-5958-a6e3-e4b12c57d363,fd6dba92-86d2-53b4-bbc1-7c5c29779099
9d1af7ea-fc13-5698-a202-d1e1e4b73d42,b06b3875-0ad6-55cc-b118-980cf0b073b3,GEO-BG-30023,Sensor2,N,2018-02-20T19:23:48Z,2019-03-25T19:21:37Z,fe421fef-2f8a-5958-a6e3-e4b12c57d363,fd6dba92-86d2-53b4-bbc1-7c5c29779099
b2e0bbb2-0ab1-5879-881f-6ee8eb916c6c,247b89ea-9eab-595f-b5ba-3cf21f3879b3,DL-UM-40000,Primary,,2018-02-28T22:23:53Z,2018-12-20T20:56:22Z,185d50cc-4352-55ec-bca2-c46ada86740d,678b9604-8ed3-5613-8da1-a5f5e6e1b896
9bf9afe1-b47b-57b4-8e9f-f675d0dff6b5,247b89ea-9eab-595f-b5ba-3cf21f3879b3,GEO-UM-40000,Sensor1,N,2018-02-28T22:23:53Z,2018-11-30T22:49:24Z,185d50cc-4352-55ec-bca2-c46ada86740d,13eb0fe8-bfb6-555b-9468-cb87bae45bd4
669bed13-0fe9-55a9-8590-131cd5f470d4,b6301762-1a21-53a7-b461-97a67b53232f,DL-BE-30035,Primary,,2018-03-08T16:35:06Z,2018-04-02T20:57:21Z,9a3dd319-67a3-5111-8ec1-25380f76ab2e,2a55425f-7897-556b-a490-47dd51745cf2
f2ab5781-ace2-5edd-8eef-606d55e4cc56,dbf5eac9-5c5c-530e-bf95-f35ce631b1ed,DL-BE-30000,Primary,,2018-03-14T17:09:51Z,2018-10-11T17:18:44Z,9393807a-7530-54ad-920a-8e0320276b23,936b55ce-fd81-558b-a5b0-05cd552d68ff
0f78c4f4-1310-5786-8839-5b561977cfd5,0dafc159-82d7-5180-9a2c-51b96103e8f4,DL-UM-40006,Primary,,2018-03-16T13:25:08Z,2018-11-26T19:11:16Z,53bd3d6e-ca5a-5358-b5ce-3605162e33ce,edbaf8d4-93dc-5f56-9722-e484c46df271
c070ebd5-9af4-5428-a822-3c48a5ee4d19,85b7bc48-9ff4-5d85-b4cd-428dda48d805,DL-BE-30061,Primary,,2018-03-19T16:08:54Z,2018-09-17T21:06:26Z,7f0f0e66-8ae0-51ed-ab21-f80af7266b89,489404be-e426-5b32-9c59-1aaea5762398
591af618-b3e2-5cb4-8bb8-68bcf315fc82,ce910ca7-c99b-5357-a33e-630134ca074b,DL-BE-30050,Primary,,2018-03-19T16:04:44Z,2018-09-21T19:25:09Z,c853698d-bb61-57c4-8de1-e0221e57d848,063613fa-b104-501c-abff-d928a75eecbe
b171f506-48f1-5de4-b1cc-b50b6e9831d9,1239272a-869e-5184-b966-12ca8bc270f1,DL-UM-40013,Primary,,2018-03-20T13:17:02Z,2018-04-15T17:55:41Z,ab4d0007-1169-5226-b59c-7f5b8913cc73,510c4e4e-54e1-5b17-b947-6029e4b50f72
79914f00-ec4d-54c8-a8a9-0a52e123e251,1239272a-869e-5184-b966-12ca8bc270f1,GEO-UM-40013,Sensor1,H,2018-03-20T13:17:02Z,2018-04-15T17:55:41Z,ab4d0007-1169-5226-b59c-7f5b8913cc73,510c4e4e-54e1-5b17-b947-6029e4b50f72
66163ba2-3e94-5b68-ad44-5996f3b6f4e7,9975d0f2-57d5-59f3-ad75-88a40a9a8e92,DL-BE-30046,Primary,,2018-03-21T15:07:50Z,2018-08-15T19:06:32Z,697579d8-3991-5833-a416-694101459871,c2316ed3-06f2-586c-864c-cf9ce71428b6
cf192b89-ee79-5fec-88f3-ae234f4bc7cd,a60c6770-81a4-51c5-b717-ada513d7ee8f,DL-BE-30053,Primary,,2018-03-22T16:34:58Z,2018-04-07T14:38:43Z,021bb9e4-bca8-5ccc-9035-f13cc0797b69,8a4aeae4-5806-5443-a4f0-c3d0b704e7ff
0668e05b-8ec6-5c68-b7fa-ac2ff99a4e88,763b1c7d-0538-52ef-8b70-728424245add,DL-UM-40007,Primary,,2018-03-22T12:13:33Z,2018-04-25T17:38:25Z,ef82926c-9160-58ca-ae59-a78de84ebb52,e3470aef-8a06-5c11-b3f6-25762b69fb06
31c28aab-468d-5bca-833f-8963d41337ea,763b1c7d-0538-52ef-8b70-728424245add,GEO-UM-40007,Sensor1,N,2018-03-22T12:13:33Z,2018-04-25T17:38:25Z,ef82926c-9160-58ca-ae59-a78de84ebb52,e3470aef-8a06-5c11-b3f6-25762b69fb06
aa2d7b29-6b0f-5b7c-b8da-f30bee0d2e70,2f5d7dcb-7e53-50f8-9f01-6eb7440e84bc,DL-BE-30028,Primary,,2018-03-22T21:12:50Z,2018-05-21T17:11:49Z,2c8ebd0b-8767-59ff-830d-76102e2dc14f,4ba00390-b7f1-5b2a-b419-78aaa6e0fffa
c988eca9-ca55-510b-89a0-3dfdbabdccf0,b46832dc-4b7a-5d33-87b9-12af15352e86,DL-BE-30011,Primary,,2018-04-03T21:30:58Z,2019-03-25T19:32:48Z,1832feba-64fd-56d3-902e-975c5fa68406,b0011616-5352-5e20-800d-096526f7aba5
804a2b47-cc42-5626-bf35-952fdb64ab3b,ec8b17d4-deae-59f2-8390-1c58ff0ad390,DL-BE-30044,Primary,,2018-04-11T19:57:23Z,2018-06-11T21:08:02Z,1f706d05-347d-5443-a182-5b073448e7fa,782f338a-1d40-51cf-9bd6-a78507648b36
d368e6d0-4a2e-517c-a807-302a48c0c1fa,7453730a-16c5-5a37-b7ba-3dae9b3afa34,DL-BE-30027,Primary,,2018-04-17T18:08:06Z,2019-02-18T18:25:17Z,fd1ed2d0-d5f6-5d7f-bec0-b395ae05bfa8,555837d7-ff67-5434-8202-db5a36f86377
e36dee30-2fe8-596c-8e5f-e58e1f7f64a0,791571d9-688e-563c-943b-56cf5cf8e011,DL-BE-30019,Primary,,2018-04-20T22:42:33Z,2019-03-05T20:29:24Z,f6213c47-cac9-508d-8719-37255240f5d7,d80cd57b-9017-5dc2-8d9d-0cb12152cc67
df708957-606d-59e3-a185-8f582b36a8b4,58f1dd72-3ad6-547c-a34c-c3d35fc08e51,DL-UM-40005,Primary,,2018-05-04T20:24:23Z,2018-09-17T20:41:43Z,bd8988e7-854b-5509-a5bd-886ec6ab4604,53693938-6ee0-5c94-b638-9e55c48535fa
6b3bec51-93ef-58c0-b718-5213d185f01c,58f1dd72-3ad6-547c-a34c-c3d35fc08e51,GEO-UM-40005,Sensor1,H,2018-05-04T20:24:23Z,2018-09-17T20:41:43Z,bd8988e7-854b-5509-a5bd-886ec6ab4604,53693938-6ee0-5c94-b638-9e55c48535fa
73f44d26-b5bc-5563-a814-4aa159ed58c1,58f1dd72-3ad6-547c-a34c-c3d35fc08e51,MDM-3000000003,Modem,,2018-05-04T20:24:23Z,2018-09-17T20:41:43Z,bd8988e7-854b-5509-a5bd-886ec6ab4604,53693938-6ee0-5c94-b638-9e55c48535fa
849c40d6-f266-5ccd-86ae-43b719e4e037,63dd48d2-875b-5f59-bf8f-9f7a43784f86,DL-UM-40011,Primary,,2018-05-07T15:29:02Z,2018-09-03T20:27:17Z,7f356787-d9b5-5c01-9771-d74c49ed0b54,767ad554-dff2-54dd-9d67-2f9d2f82091c
4435db85-2040-514a-82ae-f5bcbc7a3c05,63dd48d2-875b-5f59-bf8f-9f7a43784f86,GEO-UM-40011,Sensor1,W,2018-05-07T15:29:02Z,2018-09-03T20:27:17Z,7f356787-d9b5-5c01-9771-d74c49ed0b54,767ad554-dff2-54dd-9d67-2f9d2f82091c
c5b2e034-a948-52b2-a196-85809a827ee2,35ec7404-d70a-5edf-ac56-04255b412c25,DL-D10-300000,Primary,,2018-05-09T13:30:57Z,2018-07-09T18:31:52Z,045e4ba2-c8a6-53f9-bd00-44dcd96c752f,03962e3d-98af-507a-81cd-6f9d712d0f5a
b4e862ac-bd4c-5753-8cc2-3a28d447af34,3e2a6870-3f2b-5bbe-a8cf-7baafbaced4e,DL-BE-30035,Primary,,2018-05-10T19:43:26Z,2018-06-01T21:41:25Z,adf9de55-1996-519e-9a44-58fdebe3c54f,4a56543d-c350-5bc6-94cb-b6372d24c482
52b88f42-b442-537a-afce-c9d1a244aff6,7e84b3a1-77af-59d9-8d18-6969e090754d,DL-UM-40015,Primary,,2018-05-14T18:01:09Z,2018-08-20T20:15:29Z,17521356-9ee6-579d-b9bb-4f484fbe3dc8,118b98dd-149b-5c2c-8543-82d4f3538ec0
5beea8fe-62e9-58df-849a-eebeb3756131,7e84b3a1-77af-59d9-8d18-6969e090754d,GEO-UM-40015,Sensor1,BH,2018-05-14T18:01:09Z,2018-08-20T20:15:29Z,17521356-9ee6-579d-b9bb-4f484fbe3dc8,118b98dd-149b-5c2c-8543-82d4f3538ec0
cafd98d8-a369-56a0-a7f4-1a881b0307d4,e6b8bf43-698e-53f9-98d6-6f72b10eb1fb,DL-BE-30049,Primary,,2018-05-15T12:48:03Z,2019-02-15T18:23:51Z,2b5817eb-93d0-5ec8-883d-7895d2a4bb7a,97e18451-9f3c-5787-b64e-178130c5ea14
cd7abc83-ecdf-57bd-8970-bd8acd43f4a7,f15da9a3-06dd-50b4-bc4c-7cbeb12888bc,DL-BE-30026,Primary,,2018-05-24T13:05:44Z,2018-08-10T10:05:42Z,3142f744-a2f5-57ba-a3f7-16a438db68e4,f2b3290e-49c3-547e-816e-7628d396457a
c53d600b-8b75-56f9-bbd9-c96610233e52,f4401302-b9e8-571c-8abb-649576b2237c,DL-UM-40013,Primary,,2018-05-25T10:01:17Z,2018-06-14T19:33:47Z,624db35c-990b-5613-b3c3-ed8d4228d65c,1cacc30c-2557-5999-b76c-15180f27e7af
0bc6e4e8-58d3-5a95-ad8c-fc74d90cd7c1,f4401302-b9e8-571c-8abb-649576b2237c,GEO-UM-40013,Sensor1,W,2018-05-25T10:01:17Z,2018-06-14T19:33:47Z,624db35c-990b-5613-b3c3-ed8d4228d65c,1cacc30c-2557-5999-b76c-15180f27e7af
d4cb470d-224c-5f42-a5e5-bdb779c458c6,11e6295a-9900-5b30-9732-595e4c0cd432,DL-UM-40007,Primary,,2018-05-28T14:07:11Z,2018-12-04T21:23:46Z,7bf05465-8f4a-5b3c-97c3-da2c08136432,ebecf349-e788-584b-bbc2-3ad3279784ef
9220e33e-9b01-5c06-a705-ff977d7456bc,11e6295a-9900-5b30-9732-595e4c0cd432,GEO-UM-40007,Sensor1,W,2018-05-28T14:07:11Z,2018-12-04T21:23:46Z,7bf05465-8f4a-5b3c-97c3-da2c08136432,ebecf349-e788-584b-bbc2-3ad3279784ef
5d4d37d8-59a7-5620-ab4d-b7216ccc87eb,9b1661c4-7f8d-5e54-9ad8-716e97ab55dc,DL-BE-30028,Primary,,2018-06-04T23:40:51Z,2020-04-21T19:44:54Z,fdec46e7-968b-5250-9be0-a4c9ccb39ec4,e375863a-65a0-520a-aef2-7499cf7848c6
0df529f9-5bfd-5bfe-9f03-5c45b822ad5d,b5b857fc-614f-54fe-83f7-9b30aec5d653,DL-BE-30008,Primary,,2018-06-04T19:15:15Z,2018-12-28T22:51:18Z,b11d7967-6fb4-5dab-9a42-efd54ba1cd6a,5ec343a5-0533-5402-9528-b0ff06061646
71144cff-75d5-52a7-8928-8d78128d9536,b5b857fc-614f-54fe-83f7-9b30aec5d653,GEO-BG-30009,Sensor1,W,2018-06-04T19:15:15Z,2018-12-28T22:51:18Z,b11d7967-6fb4-5dab-9a42-efd54ba1cd6a,5ec343a5-0533-5402-9528-b0ff06061646
0b47cf08-ed00-5377-99c8-1bfa5d8f8f2e,e2ba5966-ff6c-5985-b6f0-3df318ec7e29,DL-BE-30021,Primary,,2018-06-07T18:42:45Z,2019-09-19T20:22:43Z,046effd6-dc75-5873-bd83-0c012ad2648c,da2f0a5a-4e0b-59ec-845b-06bc810053c4
92d66f47-210c-51dc-89c2-50a5a4242fcf,6e442fca-668c-5939-8592-82fe56bce1ec,DL-BE-30015,Primary,,2018-06-11T18:19:50Z,2018-06-19T20:08:01Z,4c2f58d7-d421-5d6a-ba4e-76799df376e0,764eb6f5-e195-5fda-9add-93821dd13ed4
173b1ba7-4053-5e1f-af3a-ef9a1e25489f,6e442fca-668c-5939-8592-82fe56bce1ec,GEO-BG-30016,Sensor1,V,2018-06-11T18:19:50Z,2018-06-19T20:08:01Z,4c2f58d7-d421-5d6a-ba4e-76799df376e0,764eb6f5-e195-5fda-9add-93821dd13ed4
1dbc5d36-dfb5-5ad7-ae9d-4485f6e58e76,d3ed47bc-a698-5f92-8c0e-e11ffe495a33,DL-BE-30023,Primary,,2018-06-12T16:46:06Z,2019-01-11T19:44:51Z,d852ff1a-d486-580b-b0f3-82593c1aa023,6d39840c-7960-5e4b-9a92-9122815a56d1
fe24ce4c-9703-5bba-9aed-0f72afc2a000,d3ed47bc-a698-5f92-8c0e-e11ffe495a33,GEO-BG-30027,Sensor1,V,2018-06-12T16:46:06Z,2019-01-11T19:44:51Z,d852ff1a-d486-580b-b0f3-82593c1aa023,6d39840c-7960-5e4b-9a92-9122815a56d1
6de9fb88-8e2a-5c49-97cf-44259186d895,2f291161-89f4-5e57-b814-6635b9ed2b85,DL-BE-30053,Primary,,2018-06-12T16:17:07Z,2020-03-24T20:31:46Z,efe3bd80-f7a5-5683-b264-bb6bf4b965c3,bb0db842-2187-5a50-82b7-1ca9bbde4ebb
c70a6cc2-edcd-594b-8c05-60adb9f829c2,3553360d-b098-5d86-aadd-1dfe3f473329,DL-BE-30048,Primary,,2018-06-18T20:34:34Z,2019-07-25T17:50:31Z,e259f7f4-08e8-54df-968e-1c35427ec548,cc0bd7a6-a62b-5704-99ec-4452ef5c753a
eb7e9a14-0cc6-5bc6-b1d9-bf7cc5ef11d3,6fef64c8-a35c-55fc-9749-3db613ad027c,DL-BE-30057,Primary,,2018-06-18T10:15:58Z,2018-09-17T20:07:43Z,2f869466-ad95-55fc-b614-7ba981c44618,262e4a7e-d35b-5bb4-b581-7b8a7e7eb882
c8b7737d-341b-5fd5-a3f8-8ba0ed22d3ac,58b65b46-9746-5035-8a52-0185141f0dec,DL-UM-40016,Primary,,2018-06-22T18:57:27Z,2018-11-05T20:10:40Z,9c00b6c8-2ef6-5e32-9df8-75d28e29ec53,6feb8d31-069d-5e7c-a30a-d5cd7596f558
3b333ec9-1e9e-51b9-b8ae-043bb7c2c741,58b65b46-9746-5035-8a52-0185141f0dec,MDM-3000000002,Modem,,2018-06-22T18:57:27Z,2018-11-05T20:10:40Z,9c00b6c8-2ef6-5e32-9df8-75d28e29ec53,6feb8d31-069d-5e7c-a30a-d5cd7596f558
e1f936fa-5c0a-52bd-8803-e8e68beafbcb,58b65b46-9746-5035-8a52-0185141f0dec,GEO-UM-40016,Sensor1,S,2018-06-22T18:57:27Z,2018-11-05T20:10:40Z,9c00b6c8-2ef6-5e32-9df8-75d28e29ec53,6feb8d31-069d-5e7c-a30a-d5cd7596f558
b3fe4baa-e3b6-5090-8bbf-4c144e208ef4,7a093e00-b72d-5826-92d8-b34ab5d8ddfb,DL-BE-30044,Primary,,2018-07-04T19:39:41Z,2018-10-01T19:46:16Z,40d70765-96eb-53fe-b4a0-680de82da174,82efd03e-b811-5fc1-ad43-64aeec84ae5b
99365cd8-19a3-599d-b625-7f59ecc4bd68,14b6a705-b31f-55cc-86cb-5582ed7030e9,DL-BE-30055,Primary,,2018-07-04T19:21:23Z,2018-12-31T21:29:57Z,6ce22dea-ea9b-54b8-9ded-30933cb2fa9a,1d6a8442-267b-50d5-b254-5ab7a7cf1cf6
86341668-d2bc-501d-b187-af34574a15a5,e4a2d7c6-c517-5358-8f90-40597e74c537,DL-UM-40009,Primary,,2018-07-05T16:14:44Z,2018-09-04T18:15:38Z,0ff93f9d-ffa5-5ece-a1af-69628ef020aa,2b33f224-3d32-5579-8cb0-1d19e154b1c9
dccb230b-6ea3-595a-9e7e-3dec9bb7f85c,e4a2d7c6-c517-5358-8f90-40597e74c537,GEO-UM-40009,Sensor1,N,2018-07-05T16:14:44Z,2018-09-04T18:15:38Z,0ff93f9d-ffa5-5ece-a1af-69628ef020aa,2b33f224-3d32-5579-8cb0-1d19e154b1c9
8ee761a1-5fc6-56d4-a608-55814abefd9c,e4a2d7c6-c517-5358-8f90-40597e74c537,MDM-3000000001,Modem,,2018-07-05T16:14:44Z,2018-09-04T18:15:38Z,0ff93f9d-ffa5-5ece-a1af-69628ef020aa,2b33f224-3d32-5579-8cb0-1d19e154b1c9
7bd86d30-a753-5c5b-b4c9-15a9656e32e1,5a0b329f-a70b-56a6-bfdb-c1920af0e1a7,DL-BE-30031,Primary,,2018-07-05T16:11:28Z,2018-11-01T17:52:14Z,6e5257ec-df20-52e2-a315-5e1608a31904,70f103bb-f6b8-50e7-95f7-096360f2bd0b
b2e3174b-cf94-55d5-85c7-4e833abf9f0a,3baf7c2a-3611-5ab9-b986-ff1405853bfa,DL-UM-40010,Primary,,2018-07-12T19:08:03Z,2019-03-27T21:48:34Z,93847366-ab98-5feb-b173-58c94b24f8db,92912a13-1596-589b-aef7-6b0d930ae485
d07dabcf-ddaf-56f2-8817-6f3841a26eba,145bae05-984b-58b4-ba0a-fa93e05f060d,DL-BE-30036,Primary,,2018-07-16T18:35:45Z,2019-10-31T21:52:55Z,a4591401-695d-5c08-803d-c17374a7385b,5209ecaa-579a-55df-88a2-1d241f85d356
83a8a413-465e-5082-8b5a-954ab1ae1709,145bae05-984b-58b4-ba0a-fa93e05f060d,GEO-BG-30030,Sensor1,W,2018-07-16T18:35:45Z,2019-10-31T21:52:55Z,a4591401-695d-5c08-803d-c17374a7385b,5209ecaa-579a-55df-88a2-1d241f85d356
87b4cce9-6f44-5321-8938-6dec2c1342f8,145bae05-984b-58b4-ba0a-fa93e05f060d,GEO-BG-30033,Sensor2,BH,2018-07-16T18:35:45Z,2019-10-31T21:52:55Z,a4591401-695d-5c08-803d-c17374a7385b,5209ecaa-579a-55df-88a2-1d241f85d356
8c6b2aa1-a5b3-50e2-8f47-20f1f1cab26a,a7075b54-d42f-5ab8-9125-4e535da80e7e,DL-UM-40014,Primary,,2018-07-18T20:41:36Z,2018-10-05T20:34:01Z,2dae00d9-31b9-5641-a6cc-ce383d9326aa,8b911599-4533-5d02-bbe6-270eb33f1c82
0c92c4e4-c206-5a07-a327-0465277f3846,a7075b54-d42f-5ab8-9125-4e535da80e7e,GEO-UM-40014,Sensor1,H,2018-07-18T20:41:36Z,2018-10-05T20:34:01Z,2dae00d9-31b9-5641-a6cc-ce383d9326aa,8b911599-4533-5d02-bbe6-270eb33f1c82
2b9a5ee8-323e-56ef-9cd7-7d4eda115a35,b7683f89-7eb0-5141-a123-fae3d916789d,DL-BE-30035,Primary,,2018-07-18T15:35:52Z,2019-01-25T19:54:30Z,a2e5a254-ca51-5d91-805d-bea30f2ab8a0,15a2bf7d-69cc-5770-91dd-f0b305ae66ae
4b4a2773-2c0a-5289-b3e1-9c20b8b88a3a,d99115fe-50b6-5f2d-8645-dd1c7c7ee9fe,DL-BE-30054,Primary,,2018-07-20T14:45:38Z,2019-05-02T21:38:51Z,95690f9c-1561-57f0-ba75-05ec00699618,7f4cda2b-465f-5850-a722-d92fff009601
487ac75a-77e5-5c8b-aae2-4367d9c5f1e9,aac9e780-e71b-5687-b2ab-4baf4433b4b6,DL-UM-40013,Primary,,2018-07-23T19:10:55Z,2018-08-01T18:53:48Z,73443a52-2af3-5a7d-acad-7f956bb47271,355748ed-6523-5536-9fdf-8c9223052357
388569aa-8146-5f82-b1ab-990fdf317439,aac9e780-e71b-5687-b2ab-4baf4433b4b6,GEO-UM-40013,Sensor1,S,2018-07-23T19:10:55Z,2018-08-01T18:53:48Z,73443a52-2af3-5a7d-acad-7f956bb47271,355748ed-6523-5536-9fdf-8c9223052357
ecfc5fd7-928f-5fb7-aaa1-d5286b785946,4f1fed28-81e1-561e-b318-56a6678ecd42,DL-UM-40004,Primary,,2018-07-26T16:19:55Z,2019-07-17T17:16:36Z,6b828230-f904-5e3a-8547-c9e7aa2a0060,79a6408c-5bd8-55fd-b3ce-6a8adfc5ca30
be0ea7ed-da41-5a76-ad45-69d0b67256ad,4f1fed28-81e1-561e-b318-56a6678ecd42,MDM-3000000005,Modem,,2018-07-26T16:19:55Z,2019-07-17T17:16:36Z,6b828230-f904-5e3a-8547-c9e7aa2a0060,79a6408c-5bd8-55fd-b3ce-6a8adfc5ca30
3ff09446-f1a3-584b-bcd6-5f470d788b8a,c3741581-4462-52f7-a559-18172f258b21,DL-BE-30051,Primary,,2018-07-30T13:36:58Z,2019-02-13T21:09:55Z,dc98d7c5-c80f-5b8c-b641-69bfa9d18f36,5de2da81-744d-5abc-b603-8f256a4d1907
6b290fe8-b8eb-5ab2-9d5f-c01df86a513c,c3741581-4462-52f7-a559-18172f258b21,GEO-BG-30032,Sensor1,V,2018-07-30T13:36:58Z,2019-02-13T21:09:55Z,dc98d7c5-c80f-5b8c-b641-69bfa9d18f36,5de2da81-744d-5abc-b603-8f256a4d1907
e7c98b39-0ffa-5794-b9d3-590a804f4950,3a41fc45-0ba9-583d-84cd-b228de427b80,DL-UM-40012,Primary,,2018-08-03T15:29:13Z,2019-12-24T19:38:31Z,5dc682e3-f97c-5a86-94f5-6048d96c046a,31b5caaf-d4e2-53f7-9d4d-74bcc5cf8d3b
e1386a77-c718-5820-98d3-89709283d95e,3a41fc45-0ba9-583d-84cd-b228de427b80,GEO-UM-40012,Sensor1,V,2018-08-03T15:29:13Z,2019-12-24T19:38:31Z,5dc682e3-f97c-5a86-94f5-6048d96c046a,31b5caaf-d4e2-53f7-9d4d-74bcc5cf8d3b
b39bc54d-adb2-5ddc-ab04-ac5609cafbe9,b4d8017a-fdd1-5eed-9742-338105b818a3,DL-BE-30032,Primary,,2018-08-06T19:48:42Z,2019-02-10T22:29:14Z,dba0bc6f-7e34-5fc8-b355-4c58380c9b95,bb954646-c373-5076-988c-bff5c91dc763
6d8e10ef-5d46-5a4f-870a-63756920fdc9,bf9d5961-3882-523d-bd36-1ac1597bf25f,DL-BE-30007,Primary,,2018-08-07T18:46:19Z,2018-08-23T20:12:00Z,c0397f55-d59b-57c1-8337-a1b3037db342,12844276-4be1-5aca-b676-28b510bffc44
eb742e8b-6089-549f-a578-45ba76ee23b6,bf9d5961-3882-523d-bd36-1ac1597bf25f,GEO-BG-30017,Sensor1,N,2018-08-07T18:46:19Z,2018-08-23T20:12:00Z,c0397f55-d59b-57c1-8337-a1b3037db342,12844276-4be1-5aca-b676-28b510bffc44
c77b7127-f568-5375-8012-197e344105ca,bf9d5961-3882-523d-bd36-1ac1597bf25f,GEO-BG-30028,Sensor2,E,2018-08-07T18:46:19Z,2018-08-23T20:12:00Z,c0397f55-d59b-57c1-8337-a1b3037db342,12844276-4be1-5aca-b676-28b510bffc44
062161d8-34e1-5d8d-a6e6-10491d157fdf,80204e75-262e-52e0-9c8b-1e330ae56e63,DL-BE-30030,Primary,,2018-08-08T19:33:39Z,2018-12-06T22:00:21Z,085362e9-88ab-5cd8-8f60-1c66ae21f3be,ec219a60-b875-59f0-a208-81f77969f226
107f3abc-f786-599b-9133-045e998db71d,14ef05fc-d25c-579a-bd76-1abbfc022261,DL-BE-30009,Primary,,2018-08-16T20:28:48Z,2019-05-27T10:38:19Z,306f2ccc-b5b1-51ac-8d11-dd61e1bbf711,bc79fb89-6dec-5041-96eb-a50b29827d5f
1f518817-4456-53f3-ba7e-51edecf580ac,14ef05fc-d25c-579a-bd76-1abbfc022261,GEO-BG-30020,Sensor1,N,2018-08-16T20:28:48Z,2019-05-27T10:38:19Z,306f2ccc-b5b1-51ac-8d11-dd61e1bbf711,bc79fb89-6dec-5041-96eb-a50b29827d5f
e0dd6f98-4d65-599a-9d64-cc5f0639ecf0,fc769759-fcc1-55fe-8b8c-b2e90e88b2fe,DL-UM-40013,Primary,,2018-08-16T15:04:46Z,2018-09-07T18:37:22Z,93a4b6e8-0439-5e51-a7a1-52d50c14b2a1,89c0ba79-f222-5246-93f9-7c5d4921a4d3
49076a4e-bb85-5d60-a5f6-4ea373f1b2bc,fc769759-fcc1-55fe-8b8c-b2e90e88b2fe,GEO-UM-40013,Sensor1,H,2018-08-16T15:04:46Z,2018-09-07T18:37:22Z,93a4b6e8-0439-5e51-a7a1-52d50c14b2a1,89c0ba79-f222-5246-93f9-7c5d4921a4d3
67758faf-f386-58a1-8311-00e10b969e5e,a644d7e3-a2a9-524e-b3f1-06a0a9378c9c,DL-UM-40017,Primary,,2018-08-22T17:26:22Z,2018-11-08T21:43:07Z,8f333222-bd72-5e51-97b9-66ab116c9a91,586d1c35-ec0e-5c08-b059-38598eb12c07
60134fec-8641-5e8a-a811-f04fabba7879,a644d7e3-a2a9-524e-b3f1-06a0a9378c9c,GEO-UM-40017,Sensor1,W,2018-08-22T17:26:22Z,2018-11-08T21:43:07Z,8f333222-bd72-5e51-97b9-66ab116c9a91,586d1c35-ec0e-5c08-b059-38598eb12c07
f4b668a0-0d29-5622-a4c3-5c748e213dc2,12998662-cb52-516e-ab4b-522491ca7824,DL-BE-30015,Primary,,2018-08-23T12:26:27Z,2020-10-06T19:29:55Z,38bc285b-5927-5c06-bfd7-1c21f145b351,2e240351-6d60-5997-b4f8-ccc8c0df176a
c99a928d-e575-5c11-8d2a-22d06f4a3ce9,12998662-cb52-516e-ab4b-522491ca7824,GEO-BG-30016,Sensor1,V,2018-08-23T12:26:27Z,2020-10-06T19:29:55Z,38bc285b-5927-5c06-bfd7-1c21f145b351,2e240351-6d60-5997-b4f8-ccc8c0df176a
1cf759e4-52c4-580b-8c08-931cb42363a5,e16cb2b3-062f-5bf5-bf4b-7e03932c7bd1,DL-BE-30042,Primary,,2018-08-24T14:10:54Z,2018-10-19T20:18:13Z,ba0fec4b-42ca-560e-a9bd-2cd140406062,4ad26901-9560-5678-8a78-a86df4c3760f
1ea28ac1-2968-50e6-9c7e-692962ef18eb,2e8ef11a-5988-5264-ad26-55d81be7bdd6,DL-BE-30018,Primary,,2018-08-30T18:54:26Z,2019-05-23T21:19:50Z,926cb128-f8dd-51c1-a513-fbbe1644cef5,401f680e-bb70-52fa-8604-56fedcc09f6e
b449bddd-8516-50e8-998b-d8b796f4e162,2e8ef11a-5988-5264-ad26-55d81be7bdd6,GEO-BG-30021,Sensor1,H,2018-08-30T18:54:26Z,2019-05-23T21:19:50Z,926cb128-f8dd-51c1-a513-fbbe1644cef5,401f680e-bb70-52fa-8604-56fedcc09f6e
3b2f439e-a536-5eb1-8a6e-5031fa601d44,4b62e452-eb95-58ad-a488-286c4849c1ac,DL-UM-40015,Primary,,2018-09-03T22:12:50Z,2019-05-27T19:58:34Z,9b87e4eb-cbb9-5321-ae09-2b1a3ea15cf0,2a2b3f68-ed68-5dda-b259-c431b98d633c
0aa205d2-e2c5-5df8-9579-203ea38f0199,4b62e452-eb95-58ad-a488-286c4849c1ac,GEO-UM-40015,Sensor1,V,2018-09-03T22:12:50Z,2019-05-27T19:58:34Z,9b87e4eb-cbb9-5321-ae09-2b1a3ea15cf0,2a2b3f68-ed68-5dda-b259-c431b98d633c
bc5fc08b-8e7f-5b8a-8a29-c817713050a5,d185522e-184a-501e-9ca9-52b60c970da0,DL-BE-30041,Primary,,2018-09-06T18:10:06Z,2019-02-06T19:33:54Z,1b2192e0-8ef4-5ab4-b197-ce270d072355,2e73963b-aee7-51d8-9b5e-1783762c7b97
21fd7b73-4686-53a5-af77-7669377d1e3a,d185522e-184a-501e-9ca9-52b60c970da0,GEO-BG-30029,Sensor1,W,2018-09-06T18:10:06Z,2019-02-06T19:33:54Z,1b2192e0-8ef4-5ab4-b197-ce270d072355,2e73963b-aee7-51d8-9b5e-1783762c7b97
37be7c63-a684-5686-b0cb-1f4f464b1b3a,c057d751-99d4-51a5-a9b2-af13fc2858f5,DL-UM-40002,Primary,,2018-09-06T14:13:12Z,2019-05-16T22:37:12Z,12d9e006-fb4b-5783-9fe7-fc87fa503755,52e8d8ca-00b0-5626-a01a-70645ba4cf39
0bf53f6a-3b3e-56f4-a8fd-ccd7a27ed13e,c057d751-99d4-51a5-a9b2-af13fc2858f5,GEO-UM-40002,Sensor1,BH,2018-09-06T14:13:12Z,2019-05-16T22:37:12Z,12d9e006-fb4b-5783-9fe7-fc87fa503755,52e8d8ca-00b0-5626-a01a-70645ba4cf39
48e146c4-43d0-5c9f-8699-fba7a0fabf92,c057d751-99d4-51a5-a9b2-af13fc2858f5,MDM-3000000000,Modem,,2018-09-06T14:13:12Z,2019-05-16T22:37:12Z,12d9e006-fb4b-5783-9fe7-fc87fa503755,52e8d8ca-00b0-5626-a01a-70645ba4cf39
0f14a1ed-148f-58f9-ac9f-662f41f0d972,c875a6ac-d79f-5c4b-9edd-103fad4f38d9,DL-UM-40011,Primary,,2018-09-13T18:56:42Z,2020-01-08T22:31:30Z,d1bd6d0e-4d63-5694-a760-6b21e7085970,24e14e58-08d8-540d-9fb0-dd1fe1f5750f
ae70543c-f85f-59ef-a0b6-9d31a624ae2c,c875a6ac-d79f-5c4b-9edd-103fad4f38d9,GEO-UM-40011,Sensor1,E,2018-09-13T18:56:42Z,2020-01-08T22:31:30Z,d1bd6d0e-4d63-5694-a760-6b21e7085970,24e14e58-08d8-540d-9fb0-dd1fe1f5750f
fbee9e74-45eb-5fbf-a07c-5e04a0bfb557,c3e84c27-d552-5079-8ee7-5e5208dcd496,DL-BE-30010,Primary,,2018-09-17T13:23:58Z,2019-03-07T19:32:25Z,016b8f03-923a-51c9-a10e-8b2acd1c2adc,9b9b2c07-f63e-5ce4-846b-6c056ab7ffd6
511b822f-cb8b-51ec-bcc4-5a08a965823b,c3e84c27-d552-5079-8ee7-5e5208dcd496,GEO-BG-30010,Sensor1,S,2018-09-17T13:23:58Z,2019-03-07T19:32:25Z,016b8f03-923a-51c9-a10e-8b2acd1c2adc,9b9b2c07-f63e-5ce4-846b-6c056ab7ffd6
fcd9fc3b-c09c-56eb-8cae-a5c97d4bf9ed,f33d31b7-b20d-590e-ae8d-d21565238f63,DL-BE-30006,Primary,,2018-09-19T12:21:06Z,2019-07-25T18:04:05Z,3128c9e2-81ff-54e3-b273-ea0203fda430,f608a733-fdf0-51f9-82d7-8683f0c623a4
923033b5-0d6c-538c-a55f-c0a5648e3a3d,f33d31b7-b20d-590e-ae8d-d21565238f63,GEO-BG-30004,Sensor1,S,2018-09-19T12:21:06Z,2019-07-25T18:04:05Z,3128c9e2-81ff-54e3-b273-ea0203fda430,f608a733-fdf0-51f9-82d7-8683f0c623a4
2002b011-a2d8-5532-9860-973f7dcf5fb8,237cb60f-bf49-54ef-ad22-722fb36397e5,DL-BE-30024,Primary,,2018-09-20T18:16:44Z,2021-01-27T22:47:14Z,f45b93bf-67b7-55c3-8c95-4df12aad8017,3b3220ac-fe94-57af-910b-232f9511b489
03e20e57-dc5e-59cb-947f-b85f599e1f16,5242b575-17f1-5fa1-b0aa-f4474122f537,DL-BE-30033,Primary,,2018-09-27T14:57:39Z,2019-02-15T18:57:34Z,6f2003c6-0761-5029-85c2-ba359ecb8f8c,390d7c04-7881-5415-b396-43e384132a08
62ad9d47-ed20-5def-a00b-ada0b238c3ce,ac5942c8-87d0-5c35-a827-ea44f56c66ca,DL-BE-30013,Primary,,2018-10-01T19:18:21Z,2019-06-06T19:47:26Z,94bc4ca9-0036-56b5-8cef-4333399ee5ec,b35d94af-5648-5ed9-a225-794b8e2074f2
973ec8f5-72fc-598d-bb96-e2b9d5a128a5,459c4289-7f16-5152-9f07-32bcc2efd823,DL-BE-30007,Primary,,2018-10-01T11:30:04Z,2019-06-24T17:45:33Z,110ab25d-9291-5ca0-8433-418c2c6e61b4,59501cea-c2cc-5c51-b931-33c4989f6765
18a8c1a5-840c-5fc2-a34d-f37bf727ac04,459c4289-7f16-5152-9f07-32bcc2efd823,GEO-BG-30017,Sensor1,BH,2018-10-01T11:30:04Z,2019-05-21T21:15:44Z,110ab25d-9291-5ca0-8433-418c2c6e61b4,ce58a911-ebaa-5a0a-bbf9-0b355a940c60
7616b654-632d-5f3a-b1ea-b6a8c3561e8c,459c4289-7f16-5152-9f07-32bcc2efd823,GEO-BG-30028,Sensor2,N,2018-10-01T11:30:04Z,2019-06-24T17:45:33Z,110ab25d-9291-5ca0-8433-418c2c6e61b4,59501cea-c2cc-5c51-b931-33c4989f6765
30267928-b0c4-5966-9616-1feb7cdfc846,cd1fe72c-726d-508f-b174-40cc9ee09b35,DL-BE-30046,Primary,,2018-10-01T20:07:30Z,2019-04-29T18:16:28Z,3a00b38d-b2c6-551a-9126-2b0b1c7628e9,3aea4b63-5378-58d0-8b06-4df610c47d93
b483f776-e37b-5485-9959-93ea2eb9cbef,1b7f5c01-089a-583b-a2f3-b83e91712774,DL-BE-30057,Primary,,2018-10-02T12:46:44Z,2019-05-22T20:04:49Z,1b301bc0-e08c-576c-9e64-c5b21da90e3b,3de881cf-f3d9-515f-89b7-0d4ce6eb6aec
05b5ed85-1e2d-51d6-94d5-2ec49386bb3c,abc7e6ab-b849-5dc5-a9ac-8a5f1663c69e,DL-BE-30026,Primary,,2018-10-05T14:28:14Z,2019-01-05T18:21:24Z,0ce56198-5ce0-5724-a65f-e983c22f3b93,204d4b85-2af9-5a8b-99ce-ffa643181bc5
84ac7278-4476-5dfd-be1e-40290dc4197c,4d2fa54b-72d5-585e-a953-b6cabcbaf074,DL-BE-30039,Primary,,2018-10-08T13:39:36Z,2020-07-24T20:41:42Z,d005de8f-c09b-5faa-8353-57aec7c6e565,4325fff5-bace-5faa-bf67-88763d186bcd
fec6db1e-cde0-5b0f-b1cc-95ac14fd6e48,238fb5e2-7485-568a-aae3-cd63b4679923,DL-UM-40009,Primary,,2018-10-10T22:36:01Z,2019-03-18T20:00:50Z,ce9a6cc8-1d55-5735-9ae2-0ba2a679fc8c,e4212151-c167-5408-98a9-fee71d61d254
d25bbacf-4c86-5e53-a510-522fb6fd2ce8,238fb5e2-7485-568a-aae3-cd63b4679923,GEO-UM-40009,Sensor1,H,2018-10-10T22:36:01Z,2019-03-18T20:00:50Z,ce9a6cc8-1d55-5735-9ae2-0ba2a679fc8c,e4212151-c167-5408-98a9-fee71d61d254
46fc408d-1748-57fc-843f-fe5b2eae85f9,238fb5e2-7485-568a-aae3-cd63b4679923,MDM-3000000001,Modem,,2018-10-10T22:36:01Z,2019-03-18T20:00:50Z,ce9a6cc8-1d55-5735-9ae2-0ba2a679fc8c,e4212151-c167-5408-98a9-fee71d61d254
f63c50c4-36df-5bc7-a124-7f0b81e9bb3d,469ca982-bd60-5ccc-911a-7d157bbb6f2a,DL-UM-40005,Primary,,2018-10-15T17:09:52Z,2019-04-25T19:15:40Z,a87a43d0-2017-56be-bf70-14f16e4f81bd,b886eec8-4bf0-54e3-ade7-ea1cbe8d26b5
2ae57408-3401-51a9-846a-dafe603d023f,469ca982-bd60-5ccc-911a-7d157bbb6f2a,SLM-UA-40000,Microphone,,2018-10-15T17:09:52Z,2019-04-25T19:15:40Z,a87a43d0-2017-56be-bf70-14f16e4f81bd,b886eec8-4bf0-54e3-ade7-ea1cbe8d26b5
cb7a7588-d896-5ee7-af2c-24a20bcc0a17,1acfa8dd-d1b5-5eb7-9334-2530f4037eb2,DL-D10-300003,Primary,,2018-10-17T12:19:11Z,2019-02-06T20:50:53Z,5f99ecdd-68f7-521f-b858-f58d8206b944,b86409cb-cb11-5585-903a-e3a78d3de486
7c9aa8ee-d6aa-5362-9e13-fdaae7d51552,1acfa8dd-d1b5-5eb7-9334-2530f4037eb2,GEO-V12-400000,Sensor1,S,2018-10-17T12:19:11Z,2019-02-06T20:50:53Z,5f99ecdd-68f7-521f-b858-f58d8206b944,b86409cb-cb11-5585-903a-e3a78d3de486
df5ebc6c-1a4d-5a56-9fd8-9ea2a23dde4c,5731d12c-5ed9-5286-b0c1-d6d1ac53a49e,DL-UM-40018,Primary,,2018-10-22T21:32:54Z,2019-02-27T19:39:16Z,8b8d6684-5cc0-5204-a23f-67d5dc8b9d9d,618b70bd-1278-5f05-a9e8-25b1ac05c99c
dd380d7a-a1cc-558a-8f59-0e090b64a315,5731d12c-5ed9-5286-b0c1-d6d1ac53a49e,GEO-UM-40018,Sensor1,W,2018-10-22T21:32:54Z,2019-02-27T19:39:16Z,8b8d6684-5cc0-5204-a23f-67d5dc8b9d9d,618b70bd-1278-5f05-a9e8-25b1ac05c99c
0bba130f-2398-5ab4-af2f-a8c98ee2e84a,e3316588-974c-5c12-960d-ac1bb997d980,DL-BE-30034,Primary,,2018-10-22T16:04:28Z,2019-10-21T20:58:48Z,f2a65b3e-7b1d-576e-aaca-42cac09ab18b,e8496174-47e8-5957-8054-52b984a5828a
73801169-7c3e-5b34-ba44-04d680d2f038,e3316588-974c-5c12-960d-ac1bb997d980,GEO-BG-30024,Sensor1,E,2018-10-22T16:04:28Z,2019-10-03T20:03:12Z,f2a65b3e-7b1d-576e-aaca-42cac09ab18b,85d0665a-b89f-5e1c-8da2-9ff9ac424b1e
47b5cfaf-0312-58c5-8318-a9a2a77754be,ce73ec15-2fd4-52c1-abb9-52268c7c73d0,DL-BE-30059,Primary,,2018-10-22T19:20:19Z,2018-12-13T18:40:07Z,3c6c2b8c-2240-57d6-a418-c2e39301e878,14c1a625-cf8a-5da8-91b4-5655731ab587
f57deb4a-f197-5017-a385-af8e974bf6c3,a4edbb5a-c11c-5291-b926-a205325f967b,DL-BE-30016,Primary,,2018-10-24T18:05:06Z,2019-08-16T18:38:31Z,a3296fe5-1d53-538b-a34f-8a38abdaadd3,bba73e58-6ca7-5f6b-a04b-6189fd52ff57
07740bac-7129-5c1d-a46f-fb814f64cf03,a4edbb5a-c11c-5291-b926-a205325f967b,GEO-BG-30006,Sensor1,H,2018-10-24T18:05:06Z,2019-08-16T18:38:31Z,a3296fe5-1d53-538b-a34f-8a38abdaadd3,bba73e58-6ca7-5f6b-a04b-6189fd52ff57
f6f8f459-ee35-52e5-a6ba-c88fee5f0ab3,b5077c92-3cfb-586a-9515-7a1a4dc93d36,DL-BE-30044,Primary,,2018-10-25T14:46:30Z,2018-10-31T21:49:47Z,8a01cef6-f536-5b03-bc0b-86789176a724,ffac36a0-e6bc-540c-b29d-5c879edb23cb
28a4bb4e-1680-5dba-b086-0ec38ab4e3f9,c6dbdfeb-be73-50ab-845d-163072f06c9d,DL-BE-30047,Primary,,2018-11-01T23:41:18Z,2020-03-17T18:11:04Z,30921169-6c56-5a26-b210-ff2c6deaeb4d,519fbef6-e32d-5eb3-be27-a94296c28dcc
42be249e-1b22-5bd1-93c0-dde2d699faf2,c6dbdfeb-be73-50ab-845d-163072f06c9d,GEO-BG-30013,Sensor1,V,2018-11-01T23:41:18Z,2020-03-17T18:11:04Z,30921169-6c56-5a26-b210-ff2c6deaeb4d,519fbef6-e32d-5eb3-be27-a94296c28dcc
7e82e0a8-b9b7-5d0d-863b-13df850cd183,1778b2ed-069b-5fb3-b080-c81dc24089b4,DL-UM-40008,Primary,,2018-11-02T14:50:24Z,2019-01-21T22:17:47Z,d5dbfa2e-30bd-56ab-937b-3a75fcf3ea83,ac2af0a5-63b2-5f82-add1-c4dd974cef39
49993573-916a-5c8c-8736-bb5bd522943b,9de7bf02-2ed2-5155-88cf-fe96eb804ef1,DL-UM-40013,Primary,,2018-11-05T14:36:57Z,2019-07-25T19:03:11Z,7dd455f4-a1c4-5ef8-b7d1-893b06396e13,0f6d1b54-4dc3-532f-a5a0-d4e2666e3196
c841c2dc-58b2-5b5c-995e-e815b48bed26,9de7bf02-2ed2-5155-88cf-fe96eb804ef1,GEO-UM-40013,Sensor1,BH,2018-11-05T14:36:57Z,2019-07-25T19:03:11Z,7dd455f4-a1c4-5ef8-b7d1-893b06396e13,0f6d1b54-4dc3-532f-a5a0-d4e2666e3196
1de99ae6-19e5-501c-a7e4-f95d9cc329df,b7125ad9-5a40-5846-a0ae-3ae30d221fcc,DL-UM-40014,Primary,,2018-11-05T19:01:34Z,2018-11-19T21:42:51Z,258a15cc-2be5-5518-b3ef-24205aeb25f4,b5aa55e2-ad17-5e73-a189-b99055e7f081
16ccb86a-0214-5cee-8528-0fa2285c4dc9,0ac851ad-55fd-5786-bf73-8d04c8c30a1f,DL-BE-30044,Primary,,2018-11-19T18:40:24Z,2018-12-07T21:10:02Z,13da4d41-bb23-545f-b4ed-f29b31625328,dc93dfb8-211d-55f1-aee7-82a543f3bcfc
4098e8d9-17e2-57e3-934d-172ba94c82f2,5222ea14-b0f5-5438-bf0d-d4f73bfad9c0,DL-UM-40017,Primary,,2018-11-27T00:42:30Z,2020-04-29T17:43:47Z,f26d8f91-69ff-5d5d-8b6e-049e429a12a6,227089a4-d87f-519f-a8ca-63719e6bc7dd
528df535-93f4-5d06-adcf-a16f195e8ed2,5222ea14-b0f5-5438-bf0d-d4f73bfad9c0,GEO-UM-40017,Sensor1,BH,2018-11-27T00:42:30Z,2020-04-29T17:43:47Z,f26d8f91-69ff-5d5d-8b6e-049e429a12a6,227089a4-d87f-519f-a8ca-63719e6bc7dd
444ebb50-4268-5add-903d-f7052df9088e,71e757a4-43e9-5e3c-a387-503b9a32bd01,DL-BE-30042,Primary,,2018-11-28T14:07:00Z,2019-02-28T18:30:37Z,e1a95432-03c9-5812-bc8e-ef5fef438b5f,3c9901d8-4ae9-5c82-b0bd-7c909580ae73
427eb45c-5657-5f23-960b-eb49a721f67b,9aa35563-b49d-5138-88af-0074faa223d9,DL-BE-30061,Primary,,2018-11-29T21:29:58Z,2019-08-07T21:20:20Z,0fe10226-1a39-523c-abbb-ae8d4054eda8,b6b349fc-f351-5a12-a02d-32298a0037b4
80de1aea-3ba4-5705-9b74-a8be31a378cf,4ecef500-3556-556c-a27b-519d6bad6421,DL-UM-40016,Primary,,2018-12-07T20:12:43Z,2019-02-20T20:33:59Z,65ebb761-52ce-59fa-9090-ed11c461fe84,6efce28e-10a9-5596-8671-358bac2e64ca
56703ba3-7832-5893-9118-66910688673b,4ecef500-3556-556c-a27b-519d6bad6421,MDM-3000000002,Modem,,2018-12-07T20:12:43Z,2019-02-06T18:50:10Z,65ebb761-52ce-59fa-9090-ed11c461fe84,6ccade02-7c7b-5a2f-bd0b-09f1acbc6f1c
83da72b1-ccc3-501a-bca7-d9a42bd71399,4ecef500-3556-556c-a27b-519d6bad6421,GEO-UM-40016,Sensor1,V,2018-12-07T20:12:43Z,2019-02-20T20:33:59Z,65ebb761-52ce-59fa-9090-ed11c461fe84,6efce28e-10a9-5596-8671-358bac2e64ca
50c65288-a7e3-59c8-9fe8-84c84295c09f,50ee590f-d56b-52ad-881b-fc1a417d260e,DL-BE-30000,Primary,,2018-12-07T17:29:32Z,2019-04-29T18:44:24Z,4b399c27-28c3-5aa9-a3b7-054df86b50e4,624eb26f-e7f7-53ed-bb77-e6d71dfdea1d
80f5e19d-2510-5805-a479-3473496aed2f,50ee590f-d56b-52ad-881b-fc1a417d260e,GEO-BG-30007,Sensor1,S,2018-12-07T17:29:32Z,2019-04-29T18:44:24Z,4b399c27-28c3-5aa9-a3b7-054df86b50e4,624eb26f-e7f7-53ed-bb77-e6d71dfdea1d
40a0b225-4c14-59aa-a202-360b5c0c9e19,b4e14692-05de-55c5-a0da-339194569b5b,DL-BE-30022,Primary,,2018-12-10T16:02:43Z,2018-12-27T21:05:00Z,2e5d8270-78a1-5440-b808-2d2d888f6587,7bf8c09c-18b0-5264-b5f3-4561ab59f441
44c5288a-df69-56f2-9a79-baedfba94570,a1fa01e1-d3ee-5369-9050-f92029b5ebff,DL-UM-40014,Primary,,2018-12-12T13:50:52Z,2018-12-24T22:02:28Z,eb3665d8-d42b-5b27-8265-2081b3b91f1a,6e9c53ea-849e-5056-8556-ed2aedc23558
a62f27ff-1ecf-521b-b7a7-d81e0cafa4d0,a1fa01e1-d3ee-5369-9050-f92029b5ebff,GEO-UM-40014,Sensor1,E,2018-12-12T13:50:52Z,2018-12-24T22:02:28Z,eb3665d8-d42b-5b27-8265-2081b3b91f1a,6e9c53ea-849e-5056-8556-ed2aedc23558
5edf275b-a3f1-597b-9316-5deea08114b9,b9c4a6e3-94a8-5686-8d4a-27015e66af75,DL-BE-30056,Primary,,2018-12-31T16:49:25Z,2019-01-06T15:02:54Z,1e42d480-9a4d-5514-912d-500ccb46662a,a8b23cbb-7983-534c-9b61-13d503482c66
e2f45fed-4460-5143-afb2-28b6bf2515cf,e2d6037b-46c0-5123-9be0-e55955e04bf3,DL-UM-40001,Primary,,2019-01-01T20:55:01Z,2019-03-25T20:35:49Z,d398c179-4750-5afd-a8ca-6f98a5fd0655,075d8fe7-0314-5b61-89d0-37821f6e0c66
1d7061b1-1904-5ef9-abef-d4de95bfaabf,e2d6037b-46c0-5123-9be0-e55955e04bf3,GEO-UM-40001,Sensor1,H,2019-01-01T20:55:01Z,2019-03-25T20:35:49Z,d398c179-4750-5afd-a8ca-6f98a5fd0655,075d8fe7-0314-5b61-89d0-37821f6e0c66
7c89a14b-2171-5d4a-80e6-ba687dbbabb6,7b5a8a78-acfd-57fb-b203-328666ff5ad0,DL-BE-30043,Primary,,2019-01-14T21:13:26Z,2019-06-21T18:23:26Z,6bfbd87e-a18e-51e0-9838-cb0621cd5d76,18524a8a-0192-524f-ad66-9ca327a03fdf
8f172996-6182-5c7d-ac5f-e40c74aa8ccb,e6cc855a-950b-51ac-b97a-eff6c3a88fd4,DL-UM-40007,Primary,,2019-01-18T20:33:47Z,2019-05-29T17:20:47Z,57c6d9e3-63b2-5f40-8f3d-c031b350b23c,576df4cf-bea2-5f5e-a039-a253b31c064b
4f8f4bba-0bea-58d2-b298-43762f33db24,1a6fd0e4-62b1-53d7-891e-272e109ca231,DL-BE-30044,Primary,,2019-01-20T14:36:32Z,2019-01-30T22:53:11Z,47ae4c36-dae5-54c2-8fb8-5a67ce916cea,b4b46749-15d8-57d2-9327-bf2746646864
caec8bb8-da7a-5efd-9b4d-9be91a0e95d9,f681d6f5-4b8c-56b6-b365-a8ca6a701386,DL-UM-40006,Primary,,2019-01-21T23:29:18Z,2019-05-29T19:46:36Z,cd6d0067-878d-5a68-9b08-d4f9825dd232,e4c88dfe-0ec6-54ce-b27c-8e7b2ac92329
41f9ea88-e6a1-5f99-854b-8ece8e59b7b0,f681d6f5-4b8c-56b6-b365-a8ca6a701386,GEO-UM-40006,Sensor1,BH,2019-01-21T23:29:18Z,2019-05-29T19:46:36Z,cd6d0067-878d-5a68-9b08-d4f9825dd232,e4c88dfe-0ec6-54ce-b27c-8e7b2ac92329
2e576ba7-2f91-58e2-99e1-23d1bcdc1f63,19a02a52-7cdd-5b67-83eb-84107c796e80,DL-UM-40019,Primary,,2019-01-21T18:16:43Z,2019-02-28T22:18:51Z,8e03eb76-ab34-5e5b-993b-c684ad968dca,40ee453e-51f8-543d-9825-96dcda91a182
06a03d7e-0256-5cad-9f0a-035e1c9cb87b,19a02a52-7cdd-5b67-83eb-84107c796e80,GEO-UM-40019,Sensor1,V,2019-01-21T18:16:43Z,2019-02-28T22:18:51Z,8e03eb76-ab34-5e5b-993b-c684ad968dca,40ee453e-51f8-543d-9825-96dcda91a182
b3c54840-56bf-5957-b164-93d9a55a145a,12d0f9b2-aa8a-54f6-955d-a373f836d1b6,DL-BE-30059,Primary,,2019-01-22T17:02:56Z,2019-02-19T19:21:03Z,b122b34c-77af-52fa-a733-6b70a9567f1c,4d06f444-3b7a-577c-9545-2471c4cfe897
9e0815bb-febd-585c-8e2e-ecee51a60b5a,e7f6a18b-6741-5798-b734-90177c62712d,DL-BE-30031,Primary,,2019-01-24T14:47:57Z,2019-03-25T17:21:30Z,aa4ff3c8-3bdc-5413-8ddc-8cbcf9b2f7fa,2908df64-ac06-588c-86ab-ba1e5907e13e
1ba27f81-829f-555a-9a6c-04231ac1d3ab,3e3c08f5-6926-576d-9eb0-092578850d53,DL-BE-30055,Primary,,2019-01-25T16:55:15Z,2019-04-22T19:51:30Z,b3ca3edf-a470-533f-bc1d-ae72070c2555,beaca56b-e31d-55db-ae90-e6499ad97302
fb5ba1a9-df95-5b5d-81d4-bb11ba781dab,6038c626-9313-5a19-8bc7-8b3a28a41418,DL-BE-30022,Primary,,2019-01-29T20:12:29Z,2020-03-12T19:48:48Z,fac337ca-d3bd-5fbf-ac1d-4199a76edc47,3c2041d7-705e-5314-afde-d8ed79c509eb
3fc7852a-8666-5bc3-a99b-aee1acbe4896,40f82d82-4242-5c18-b9e9-60ec925d2f3d,DL-UM-40003,Primary,,2019-01-30T15:50:23Z,2020-04-03T20:41:16Z,30780b8f-69d7-5ba1-9637-dd48b84e445d,867d1da9-aef5-5d97-b842-2436e9f819b8
a1564820-a1fa-5487-bcb3-8024efa07ab7,40f82d82-4242-5c18-b9e9-60ec925d2f3d,GEO-UM-40003,Sensor1,W,2019-01-30T15:50:23Z,2020-04-03T20:41:16Z,30780b8f-69d7-5ba1-9637-dd48b84e445d,867d1da9-aef5-5d97-b842-2436e9f819b8
eaf719b1-5cad-558a-a010-116e940a89dc,40f82d82-4242-5c18-b9e9-60ec925d2f3d,MDM-3000000006,Modem,,2019-01-30T15:50:23Z,2020-04-03T20:41:16Z,30780b8f-69d7-5ba1-9637-dd48b84e445d,867d1da9-aef5-5d97-b842-2436e9f819b8
3c11d78d-2b56-5670-90b3-7b9f950599b1,faea9a8d-4777-503e-90aa-7d09a3dbe78a,DL-BE-30008,Primary,,2019-02-04T14:18:05Z,2019-02-19T21:54:35Z,be2f0864-e979-5afb-b32f-0cbfeab6d737,9ec6dad6-233c-54b5-a9ca-54d6f63d6e48
617ddf4e-8649-5d0b-aeaa-302f128d9391,faea9a8d-4777-503e-90aa-7d09a3dbe78a,GEO-BG-30009,Sensor1,S,2019-02-04T14:18:05Z,2019-02-19T21:54:35Z,be2f0864-e979-5afb-b32f-0cbfeab6d737,9ec6dad6-233c-54b5-a9ca-54d6f63d6e48
1e10987c-3fe3-5a6f-8899-faf3fff85ce9,e4bdce79-19f5-5160-966d-579e63eba6c2,DL-BE-30017,Primary,,2019-02-07T13:33:01Z,2019-09-27T19:47:52Z,9ada4739-f459-5235-b585-af91742f2e7b,2165d12c-c5bc-5ee0-9ebc-aeece316887e
113ae42e-60bd-5e7b-8fb9-75670f502b7c,e4bdce79-19f5-5160-966d-579e63eba6c2,GEO-BG-30018,Sensor1,S,2019-02-07T13:33:01Z,2019-09-27T19:47:52Z,9ada4739-f459-5235-b585-af91742f2e7b,2165d12c-c5bc-5ee0-9ebc-aeece316887e
472497c3-ea88-584b-b176-62cd1754f943,76322e02-85a2-576f-9872-4af50525795c,DL-UM-40000,Primary,,2019-02-22T16:20:25Z,2019-07-02T19:06:44Z,356d10d6-1ab1-564a-ab3e-c853f7e59d25,5c3f6820-57a3-5732-b616-0bdffd0efd1f
b9f91aaa-6fbd-5641-8063-1d4a57a0c962,76322e02-85a2-576f-9872-4af50525795c,GEO-UM-40000,Sensor1,BH,2019-02-22T16:20:25Z,2019-07-02T19:06:44Z,356d10d6-1ab1-564a-ab3e-c853f7e59d25,5c3f6820-57a3-5732-b616-0bdffd0efd1f
f8925f60-ed5d-5388-899f-dccd946f587a,e73112bd-605d-5e05-8068-cf39b1a44acd,DL-BE-30049,Primary,,2019-02-22T20:20:02Z,2019-10-24T18:53:16Z,975249b4-4e6a-5671-b562-135ca092c644,1e204d4b-7766-5788-85b9-b4eda1185bf3
199becac-a293-52c4-9044-ec76ca0cfdfb,de9d56c8-a3af-5e23-8a2e-9437d70ab0fd,DL-BE-30044,Primary,,2019-02-25T19:47:15Z,2019-03-18T20:07:53Z,79c1a85a-f835-56ef-9e12-287ca155db06,0d96ba1e-cc6e-5d79-b9d2-6f1ccfb5cdf7
a805c5bc-2923-5385-8346-05dcee0ca734,24833d64-a4ec-5e1e-84e9-b771682225c6,DL-BE-30032,Primary,,2019-03-01T22:20:38Z,2019-03-13T18:39:08Z,e54f8735-86a9-5bb0-ab18-d9e2c20d195c,0a0d7024-f433-5354-9828-12359babd13e
5229dfd2-888e-5b34-8c5f-0d8c17f5557c,9b96a93f-ce77-5d91-aa20-9da77be6207a,DL-UM-40020,Primary,,2019-03-01T18:02:53Z,2019-05-29T18:28:55Z,4533b435-5786-5fbe-90be-aa0aa0bf44ce,6e929cf3-b7fd-5a22-a96e-fee033d88605
07e8677c-e60c-5a05-b1a7-46582883fc15,9b96a93f-ce77-5d91-aa20-9da77be6207a,GEO-UM-40020,Sensor1,S,2019-03-01T18:02:53Z,2019-05-29T18:28:55Z,4533b435-5786-5fbe-90be-aa0aa0bf44ce,6e929cf3-b7fd-5a22-a96e-fee033d88605
4bb640f0-4e78-5034-9fdd-b48e444b0acb,6e69b02d-879d-50cc-a2b6-7c445eeb1a85,DL-BE-30059,Primary,,2019-03-05T14:51:53Z,2019-11-12T21:36:42Z,19447ff7-f8fa-5097-8103-d151194cdfbe,e51a19d1-3b0b-5977-9b80-747c57fa32bb
826e037d-b9c1-55f5-804d-75d2efdb0336,1c3e2d05-5ccb-5760-822b-c19c05ed890f,DL-D10-300001,Primary,,2019-03-07T20:54:31Z,2019-09-04T20:32:11Z,db6eba8c-a32b-5900-b99b-9ba6c87db2db,e79297ac-c009-5681-ad4b-c6435e67c13b
3dd8877e-b0ea-5ceb-9ce8-7d42a6332984,9dc952f7-38cf-5870-b35b-2c377e09935f,DL-BE-30051,Primary,,2019-03-08T22:50:58Z,2020-02-19T22:34:14Z,7da89d8a-2f08-5a34-a941-00b0d52a7ede,fd4dd610-1f25-54fe-9ed1-b478837bb12c
78d0d0f2-ff54-589e-b8a5-320c1182eb51,9dc952f7-38cf-5870-b35b-2c377e09935f,GEO-BG-30032,Sensor1,S,2019-03-08T22:50:58Z,2020-01-10T19:42:49Z,7da89d8a-2f08-5a34-a941-00b0d52a7ede,b7638ce9-42f5-54e4-b72d-fd662466d7f1
20baa9b7-94f8-5b30-8ec0-df7ff61c18b9,17d66f47-0668-5267-9b1f-5ca135585493,DL-BE-30026,Primary,,2019-03-18T12:46:06Z,2020-03-09T19:10:35Z,4ec68f66-a8f7-5833-97c6-8def9905ad96,461c085c-490d-5ed7-980e-2feed433a8e2
75b2f86f-5336-5fe0-aca3-b604139d9043,2d2138fd-9872-51d3-856d-ef91bfecec13,DL-UM-40016,Primary,,2019-03-19T18:30:05Z,2019-05-09T19:39:57Z,1a33c1a5-3749-5243-8f5f-900fec2d5513,13cd002d-c0a3-5751-917c-c9fa19dee9c6
f0b292fd-1efe-5a9d-9dfd-aa28247a9efa,2d2138fd-9872-51d3-856d-ef91bfecec13,MDM-3000000002,Modem,,2019-03-19T18:30:05Z,2019-05-09T19:39:57Z,1a33c1a5-3749-5243-8f5f-900fec2d5513,13cd002d-c0a3-5751-917c-c9fa19dee9c6
fa5fb43e-3dde-594f-a20f-0f48e026ede0,5cc9d886-8a87-512e-a289-8e983664ddde,DL-BE-30042,Primary,,2019-03-20T19:59:29Z,2019-04-15T21:52:26Z,aa98c4bf-1dd9-5f78-ab24-ad7f412db1b5,90006818-287c-544e-9f51-c2cafc363b5e
0c7d4190-48cb-5f70-b87c-3d71d9629d97,f0eb2702-fcb6-5e04-87a1-7a676ad37347,DL-BE-30010,Primary,,2019-03-21T14:24:02Z,2019-08-12T17:10:23Z,3efe5044-a37f-58eb-a0e2-013a07db6618,7af2ae1b-0300-56b8-8240-dca5f904fcae
c786d501-3cb8-5f11-a2ff-f912977f064c,f0eb2702-fcb6-5e04-87a1-7a676ad37347,GEO-BG-30010,Sensor1,W,2019-03-21T14:24:02Z,2019-08-12T17:10:23Z,3efe5044-a37f-58eb-a0e2-013a07db6618,7af2ae1b-0300-56b8-8240-dca5f904fcae
b85bf2a3-04a0-5611-af1b-9d1f7a3eb84d,0adacba6-bea1-598c-be14-475055b22d49,DL-UM-40018,Primary,,2019-03-25T19:38:58Z,2019-04-19T20:50:41Z,412acb34-492f-58bb-9e1f-9fe2f9f177ff,d5e88e64-716b-5ff1-97f9-b70bfa5faa57
3889b8fc-7642-5788-ba3b-00204f9a06f0,0adacba6-bea1-598c-be14-475055b22d49,GEO-UM-40018,Sensor1,H,2019-03-25T19:38:58Z,2019-04-19T20:50:41Z,412acb34-492f-58bb-9e1f-9fe2f9f177ff,d5e88e64-716b-5ff1-97f9-b70bfa5faa57
71fb4826-ae0c-518a-ba04-840f1b15f485,6dcaa9bb-3bf6-54a6-9830-01fba26c697b,DL-UM-40019,Primary,,2019-03-26T18:53:01Z,2019-04-07T21:15:18Z,7d6819e6-2799-54ac-b5ad-87a5cfb19008,c9513d47-0ba2-582e-a00d-87b9df2ea4fd
e409d1f2-a74d-5e4b-9d8b-219457593c00,6dcaa9bb-3bf6-54a6-9830-01fba26c697b,GEO-UM-40019,Sensor1,W,2019-03-26T18:53:01Z,2019-04-07T21:15:18Z,7d6819e6-2799-54ac-b5ad-87a5cfb19008,c9513d47-0ba2-582e-a00d-87b9df2ea4fd
4df9abfc-28ba-50e6-a9af-ebbda5df2fd8,95dfb66e-1f49-5c2c-89d2-8a40cce7d631,DL-BE-30033,Primary,,2019-03-28T15:42:27Z,2020-01-29T18:08:48Z,09f6c502-a9d6-5a66-ab74-d8336ca803df,c51d7d84-946b-59df-b90d-2769aaba86c8
80982ba7-a4d3-556c-ad0b-a9671ae3ac82,1a2ac715-4af7-53c4-84f8-735d60314a0c,DL-D10-300003,Primary,,2019-03-28T19:27:10Z,2019-06-18T18:37:49Z,92219c6a-654d-54d3-83f6-107232a94911,16616298-4ab9-5044-ad6f-c78ac971027e
3a9620af-728a-5d52-bcdd-f3b1142a16d3,1a2ac715-4af7-53c4-84f8-735d60314a0c,GEO-V12-400000,Sensor1,N,2019-03-28T19:27:10Z,2019-06-18T18:37:49Z,92219c6a-654d-54d3-83f6-107232a94911,16616298-4ab9-5044-ad6f-c78ac971027e
7a4a28ff-849f-522f-bba4-fafa37aa8017,2199ef68-afe8-5b9a-9600-30ed0bffe0a8,DL-BE-30020,Primary,,2019-03-31T16:19:42Z,2019-04-15T17:33:46Z,ca1dd22f-146c-59a1-90db-8bca9a74e134,105517c4-0b62-5337-997b-7b3c79f31bfd
044292a8-0619-5952-b8d8-bc362e88d7be,2199ef68-afe8-5b9a-9600-30ed0bffe0a8,GEO-BG-30022,Sensor1,H,2019-03-31T16:19:42Z,2019-04-15T17:33:46Z,ca1dd22f-146c-59a1-90db-8bca9a74e134,105517c4-0b62-5337-997b-7b3c79f31bfd
b89bb2e7-fcaa-59cd-b031-7af32f2d5bf3,2199ef68-afe8-5b9a-9600-30ed0bffe0a8,GEO-BG-30023,Sensor2,S,2019-03-31T16:19:42Z,2019-04-15T17:33:46Z,ca1dd22f-146c-59a1-90db-8bca9a74e134,105517c4-0b62-5337-997b-7b3c79f31bfd
e257b822-75ab-5436-a1de-6402b557ad89,05c7bd46-cabe-545f-a2ff-a7656c8018af,DL-BE-30056,Primary,,2019-04-08T19:19:47Z,2021-08-10T19:33:34Z,4fff5251-9a88-550c-940f-5601a19a60ea,48f0b14d-b08b-5519-ac82-449a6e7927a4
24a379a0-2203-52a1-9c82-79883f18efa7,630f0981-05f3-5312-9449-dbe51a1138b7,DL-BE-30050,Primary,,2019-04-15T14:01:53Z,2020-05-26T19:21:13Z,a9d7698b-5b7d-501c-a16d-3cfb4ed4071e,47d5a3c7-1d3f-51e4-8c6a-40175ef84ced
d3af53b3-e7f2-5f20-9ff7-ad71d9d270b8,3a13cc47-318b-50c9-bc76-e70bb1f3d481,DL-BE-30008,Primary,,2019-04-18T23:05:23Z,2019-08-25T19:49:18Z,0d868a98-355a-549c-8d6d-2b10ead7c9a0,399e2c06-c5b7-5d3d-b75b-f0d230fed058
0d984511-664e-52c2-ab6d-90e322eac5ae,3a13cc47-318b-50c9-bc76-e70bb1f3d481,GEO-BG-30009,Sensor1,E,2019-04-18T23:05:23Z,2019-08-25T19:49:18Z,0d868a98-355a-549c-8d6d-2b10ead7c9a0,399e2c06-c5b7-5d3d-b75b-f0d230fed058
21f2583c-1bf9-59e5-aae3-e664debe182a,625c98a6-fda7-59e1-98b9-351d72dcb32c,DL-UM-40019,Primary,,2019-04-18T20:37:34Z,2019-05-20T17:08:47Z,c6d57a1c-c77e-516e-a868-9aeb194fdcc0,e2e7c505-4ca0-5ebb-93b2-758b6125843d
b33c0ce4-6c3c-50d3-8509-c2f2ee0af138,625c98a6-fda7-59e1-98b9-351d72dcb32c,GEO-UM-40019,Sensor1,W,2019-04-18T20:37:34Z,2019-05-20T17:08:47Z,c6d57a1c-c77e-516e-a868-9aeb194fdcc0,e2e7c505-4ca0-5ebb-93b2-758b6125843d
f8daa0c4-3a23-5c0c-b9a4-cc822e73b1b9,ed1a529a-2cbb-5e15-a0ba-d96378660f1e,DL-BE-30032,Primary,,2019-04-20T21:37:26Z,2019-05-03T17:55:18Z,cdcd266f-25e6-500d-998a-d6d7fbd477cf,62b6e9b1-bf82-5177-a8de-755ee979e57e
839b1ef4-bb22-5f9e-8753-2c2f905a78e1,34e39061-d4bb-58a2-b81b-b22f59249c41,DL-BE-30030,Primary,,2019-04-22T19:09:22Z,2020-01-28T21:59:46Z,b8d8e389-0580-5f44-babb-b72016eda219,8fef42e4-02e2-51d9-a73c-330b8f8e1d7d
850b161f-ccca-57a1-bb62-64c81463d501,fd8fd156-867c-5e73-a3d6-65df5713ef51,DL-UM-40009,Primary,,2019-04-22T12:01:51Z,2020-03-02T22:16:48Z,a310d445-3569-52ba-acd7-0f98b6a49c78,d081c52a-fc6d-597a-9ab0-7ecc5409629f
7e159480-03d8-535d-b904-dfeed023f747,fd8fd156-867c-5e73-a3d6-65df5713ef51,MDM-3000000001,Modem,,2019-04-22T12:01:51Z,2020-03-02T22:16:48Z,a310d445-3569-52ba-acd7-0f98b6a49c78,d081c52a-fc6d-597a-9ab0-7ecc5409629f
1f62c291-34a6-586a-8c20-3a6c0500f764,8551b3ae-c114-578a-8df5-067c70c990cb,DL-BE-30044,Primary,,2019-04-25T21:05:08Z,2019-05-08T21:08:43Z,f888735c-dd1d-5330-ab35-6ac596c599ab,22cf15be-604d-570b-988d-c2ece1cad038
84e197d2-de90-530b-a4e1-81c51496d688,ecb4dd94-88ac-5bc5-b8e5-8d1805bb3fc2,DL-UM-40021,Primary,,2019-04-26T14:19:42Z,2019-05-16T19:35:02Z,dddcb5c2-7f37-558c-baba-113ccc3e9883,115c844a-c71b-56aa-b384-f6f86f209d1a
446e40ad-a5ad-503e-a773-4d04ea48f9a9,ecb4dd94-88ac-5bc5-b8e5-8d1805bb3fc2,GEO-UM-40021,Sensor1,V,2019-04-26T14:19:42Z,2019-05-16T19:35:02Z,dddcb5c2-7f37-558c-baba-113ccc3e9883,115c844a-c71b-56aa-b384-f6f86f209d1a
fc34459b-e30f-5650-bfa5-0f7fe0b119f7,b2502ca4-6aa0-542b-a0df-6221fda3c521,DL-BE-30011,Primary,,2019-04-30T15:32:52Z,2020-01-06T22:03:29Z,cd335d83-de3a-5132-b5a9-70083fdb2f90,dad7eb21-8a01-5d63-ad74-ebb04b6e5b56
22d894ac-17c5-57c1-b69f-68d6946affa7,b2502ca4-6aa0-542b-a0df-6221fda3c521,GEO-BG-30025,Sensor1,N,2019-04-30T15:32:52Z,2020-01-06T22:03:29Z,cd335d83-de3a-5132-b5a9-70083fdb2f90,dad7eb21-8a01-5d63-ad74-ebb04b6e5b56
5561fa53-bff0-5624-92ba-22468dc33ed9,3c45e000-d287-59dd-a886-03eb76e2f294,DL-BE-30035,Primary,,2019-05-01T18:06:32Z,2019-06-17T20:27:09Z,b94ce91d-f994-5fcf-b396-b9d08d491a16,42da4c36-2b3e-5a24-9d73-94bf343be6fd
5c743631-a617-5e1e-8391-f4ccdae56a86,9db3fdfb-60ab-5e95-afab-0a1edd3e326d,DL-UM-40014,Primary,,2019-05-06T20:44:25Z,2019-06-03T17:17:55Z,77ba8e22-ceb0-5cc8-b85d-034e9b0992e5,dcdee4e1-fb01-5571-86c4-3e156d0a929b
8d22ac8c-199e-564d-9463-a5b26f5e0b58,1999899b-68db-5504-9c4f-b4c3f985ad47,DL-UM-40018,Primary,,2019-05-12T15:58:01Z,2019-05-29T18:14:23Z,465e0d9e-dec4-56a8-a50e-6d7d9258ba73,8a509d2c-895a-5b65-b7d8-ff6508c5e994
be4102cc-c713-564a-8a40-d4b6e6bc878a,1999899b-68db-5504-9c4f-b4c3f985ad47,GEO-UM-40018,Sensor1,S,2019-05-12T15:58:01Z,2019-05-29T18:14:23Z,465e0d9e-dec4-56a8-a50e-6d7d9258ba73,8a509d2c-895a-5b65-b7d8-ff6508c5e994
080914c5-2685-5648-b069-67f7381fb681,19d0482d-3b21-5cf3-8582-44d7c2cceeb9,DL-BE-30000,Primary,,2019-05-13T16:33:22Z,2019-09-10T20:39:49Z,1c4ab91a-a11b-55af-ade9-f3da7f46bbd2,80e60282-df5e-5d54-897a-ad2260e7d0ff
a654778b-0487-52d4-85ee-01b8a231ce88,04d67e16-c0b7-5d01-ba0d-bd42062f44a6,DL-BE-30023,Primary,,2019-05-13T19:42:46Z,2019-06-12T19:39:33Z,000845fc-e2a5-574e-a13a-ecd39ceba218,e971a797-3b31-5de1-8f22-32a2c65311de
5d5dd8ee-56a4-561f-9a97-507b8d96c021,04d67e16-c0b7-5d01-ba0d-bd42062f44a6,GEO-BG-30027,Sensor1,N,2019-05-13T19:42:46Z,2019-06-12T19:39:33Z,000845fc-e2a5-574e-a13a-ecd39ceba218,e971a797-3b31-5de1-8f22-32a2c65311de
c597c5f5-404a-57c7-9755-a76b8e331ff7,2ce0e6af-b1a4-5d28-8d09-7d3ee71c53f4,DL-BE-30041,Primary,,2019-05-13T20:26:05Z,2021-05-18T19:47:21Z,9bdfdf56-561c-50ee-b0aa-4f9c997130b2,f10562e1-1cdb-581b-b04b-2309c9d97ff2
72337481-fc12-5946-a1db-35df27c170b7,2ce0e6af-b1a4-5d28-8d09-7d3ee71c53f4,GEO-BG-30029,Sensor1,N,2019-05-13T20:26:05Z,2021-05-18T19:47:21Z,9bdfdf56-561c-50ee-b0aa-4f9c997130b2,f10562e1-1cdb-581b-b04b-2309c9d97ff2
0383e049-42f9-54f5-a88d-b791ec3d7a16,c8a2736c-5cc3-5336-8c07-808e15c2b33e,DL-BE-30055,Primary,,2019-05-16T16:04:44Z,2020-12-07T18:32:28Z,89d01d44-3590-5a1d-9986-b989625a2386,84515885-0cad-5f7a-9d8e-8bb84c3f61f5
64869c1a-3f0b-599e-80b7-5cc8e81d5793,bab52655-fb29-5a68-a285-b8de84e75b24,DL-BE-30054,Primary,,2019-05-17T14:55:10Z,2020-03-09T21:53:22Z,f5174bd8-27ab-5eb7-b6a0-47c55a1134d6,afa3bb0d-1d54-5a86-a3aa-18a73efe2e56
a43f4bac-2304-5047-9dc6-562f2d2b8f4d,f6cf99f8-14c9-5c9b-9697-dcfd21eb5060,DL-BE-30020,Primary,,2019-05-23T11:29:06Z,2020-08-31T18:37:04Z,44960397-c7de-5c91-b3c0-485ad0de88da,ac633ba8-29be-5fc2-a6d2-505143d97e82
fa8c7c7b-62bf-54a3-9d70-ade5c82b6261,3be6bb5b-dc69-5e6e-adfa-1d60731d486b,DL-UM-40021,Primary,,2019-05-23T17:30:32Z,2020-02-18T18:28:23Z,d27a0df9-0cc0-5943-8d4a-c6bbd17e784b,0318c9e2-99a7-5663-8416-6bbbfb65cbc7
c0ebd86a-f9fe-5b12-922e-732f9a220282,bff257ea-4795-55d5-a18b-1606acbf399d,DL-UM-40019,Primary,,2019-05-27T14:57:36Z,2019-09-20T17:33:48Z,e48657a3-ed62-5450-b974-f06f590bf836,551a907b-8fa6-59e5-809e-9dc9358ec185
ec44a5d0-d24a-5afd-9c14-1a410c41fc1b,bff257ea-4795-55d5-a18b-1606acbf399d,GEO-UM-40019,Sensor1,N,2019-05-27T14:57:36Z,2019-09-20T17:33:48Z,e48657a3-ed62-5450-b974-f06f590bf836,551a907b-8fa6-59e5-809e-9dc9358ec185
d8b8667c-d8c3-5017-ae8e-78cf242f3d30,1a9c88a3-5b18-56ac-b25a-35b117d26dd3,DL-BE-30019,Primary,,2019-05-29T18:28:44Z,2019-10-02T17:32:54Z,b27578f4-857e-510e-b689-fdb4de9c9a35,43199257-3102-58b5-9e1a-fc89f29c1b4a
c93adede-0607-59a5-b191-ba6c3e141473,0e16b498-e208-5786-a324-61c34630e998,DL-UM-40016,Primary,,2019-05-29T13:36:41Z,2019-07-29T19:46:15Z,da68eefa-b9d1-5b57-a8cf-c771aee4b4a0,6eb75b59-e591-5f30-b343-20ad0ef6b9b1
7ffcc712-d039-56f8-bc34-51fd5ea9f498,0e16b498-e208-5786-a324-61c34630e998,MDM-3000000002,Modem,,2019-05-29T13:36:41Z,2019-07-29T19:46:15Z,da68eefa-b9d1-5b57-a8cf-c771aee4b4a0,6eb75b59-e591-5f30-b343-20ad0ef6b9b1
95d4650a-6f44-5c31-8dc4-0aaf85d8e8a0,0e16b498-e208-5786-a324-61c34630e998,GEO-UM-40016,Sensor1,E,2019-05-29T13:36:41Z,2019-07-29T19:46:15Z,da68eefa-b9d1-5b57-a8cf-c771aee4b4a0,6eb75b59-e591-5f30-b343-20ad0ef6b9b1
f784ecab-a156-5880-88ae-9a6f2fefcf7f,123db77d-2ba8-58a1-8725-867f8eecb218,DL-BE-30044,Primary,,2019-05-30T20:57:56Z,2019-06-29T21:02:19Z,b7cced78-b3ac-5952-bb1e-75fe4897a2b6,1e53bd1d-a589-5184-86f1-92a1ef64f219
f0e1caf2-fcf5-533d-babc-7f8d9cbefc9d,e1bbe461-bb53-5c0a-9fe3-5eebaa87ca2d,DL-BE-30060,Primary,,2019-06-03T19:32:39Z,2019-07-02T20:29:52Z,754184b5-64cf-5d6d-9ad5-1de788e6ea8e,bbb28745-8d74-5fdf-8f76-ddbaf4059858
486ba089-ab42-5585-94be-f7ba628dac9c,636d48c7-1814-5ef6-9cd9-aba3280045bb,DL-UM-40007,Primary,,2019-06-03T13:56:39Z,2019-10-18T21:20:37Z,148d154d-c380-5bc0-a74c-274025497e73,0dbdbd6d-dab6-565a-8257-28bbee3a7ec8
75f3cb60-0fc3-53e8-8501-8e0ab14e677d,636d48c7-1814-5ef6-9cd9-aba3280045bb,GEO-UM-40007,Sensor1,BH,2019-06-03T13:56:39Z,2019-10-18T21:20:37Z,148d154d-c380-5bc0-a74c-274025497e73,0dbdbd6d-dab6-565a-8257-28bbee3a7ec8
0c53ac69-f4ba-5c12-ba4f-e7f5efb21925,a0864fb6-ac64-52ba-b298-03820cd09eee,DL-BE-30027,Primary,,2019-06-05T17:15:12Z,2020-08-26T17:53:16Z,602bbbf7-15f2-5453-bd69-e324d3587a9d,8fe10119-8bef-5747-a804-3ae2612f13b8
d986c7a4-bc4a-551b-8da2-49f539762195,2d97f799-54b0-5aaf-aa21-f775a8ab4ab1,DL-UM-40001,Primary,,2019-06-07T16:40:28Z,2020-05-25T21:04:59Z,4e7fc245-16fc-5fc7-8c02-ebc14d297c72,b6f5d36c-1639-5255-8d8a-f9fb6c8ad3e5
5ae15054-b1df-54a4-a25e-628e960c3e8c,2d97f799-54b0-5aaf-aa21-f775a8ab4ab1,GEO-UM-40001,Sensor1,V,2019-06-07T16:40:28Z,2020-04-20T18:15:54Z,4e7fc245-16fc-5fc7-8c02-ebc14d297c72,05fc2fef-95f7-5885-85fc-67b2a2c314e9
1ebd5649-5503-5fd8-af24-f2bc9748c41e,5d2f9ff6-711d-551d-a67c-a4c35b33875e,DL-UM-40020,Primary,,2019-06-12T20:17:42Z,2019-07-01T20:03:17Z,aaeee1ba-18f7-51b7-a56e-9fa917c614d2,4b50b50e-4260-56b5-b01d-93173b09a1af
f108e876-9c7e-5c99-a5a9-0d9362de57af,5d2f9ff6-711d-551d-a67c-a4c35b33875e,GEO-UM-40020,Sensor1,V,2019-06-12T20:17:42Z,2019-07-01T20:03:17Z,aaeee1ba-18f7-51b7-a56e-9fa917c614d2,4b50b50e-4260-56b5-b01d-93173b09a1af
5704ec77-9e22-58ac-bd7e-acd673d39389,38990b3a-79a7-5e75-9e51-8f2ad0d5b8db,DL-BE-30046,Primary,,2019-06-12T17:33:05Z,2019-12-16T18:31:29Z,29d78527-7c2a-5a45-a80a-542106256fdd,f0cbe3df-10ee-5582-aea4-57883e8e4ba3
0d1e9585-f32f-5de5-8744-b2886f858b6c,aa1d2a17-d73f-512f-9a38-06b44f3f2d8d,DL-BE-30018,Primary,,2019-06-13T20:34:44Z,2020-03-23T21:43:52Z,259f2a11-cc41-5c4e-b2a1-7754ba1131e5,56e19714-927f-5d04-9142-3b05bd38b4a2
9af6f883-942f-59b7-9ed6-cb6801c4fa7c,aa1d2a17-d73f-512f-9a38-06b44f3f2d8d,GEO-BG-30021,Sensor1,W,2019-06-13T20:34:44Z,2020-03-23T21:43:52Z,259f2a11-cc41-5c4e-b2a1-7754ba1131e5,56e19714-927f-5d04-9142-3b05bd38b4a2
0847c2b6-eae0-555b-bcde-f34b87259058,e4a93be1-831d-5851-ab6e-9afbe9c8c96b,DL-BE-30009,Primary,,2019-06-14T20:47:59Z,2020-12-21T20:19:22Z,e4544c70-7e0e-5077-9fed-38ed2b954cf3,ec798e58-ca73-5c4a-8dac-c5f51f834c33
1d1d616d-a3fc-5471-9c93-b587b357c04c,e4a93be1-831d-5851-ab6e-9afbe9c8c96b,GEO-BG-30020,Sensor1,BH,2019-06-14T20:47:59Z,2020-12-21T20:19:22Z,e4544c70-7e0e-5077-9fed-38ed2b954cf3,ec798e58-ca73-5c4a-8dac-c5f51f834c33
2d1f487a-1823-53f2-be45-6d292fc0b5e5,0dc7f42a-dca2-51ed-8d9a-38117c94ca37,DL-UM-40014,Primary,,2019-06-17T12:29:59Z,2020-09-15T17:35:57Z,0076c654-307e-56f7-b0d1-b8f83dffc92f,91669514-8fd9-5b87-94c0-68dba777ccdf
ea3de493-cce6-56ad-a082-333dba0f48ba,0dc7f42a-dca2-51ed-8d9a-38117c94ca37,GEO-UM-40014,Sensor1,H,2019-06-17T12:29:59Z,2020-09-15T17:35:57Z,0076c654-307e-56f7-b0d1-b8f83dffc92f,91669514-8fd9-5b87-94c0-68dba777ccdf
4e8b7056-7a8e-5875-9d86-1ae47ab9ea85,f8f98497-4bf5-5fee-82a7-3e94fa216b67,DL-UM-40008,Primary,,2019-06-17T16:25:12Z,2019-12-02T22:59:48Z,0b9de0f6-2bc2-5711-b327-b0e8d0edf44c,d2cbb98a-8096-527a-a8ba-73c908498f77
8f0c681c-6674-59f2-b40b-80c09af14dda,f8f98497-4bf5-5fee-82a7-3e94fa216b67,GEO-UM-40008,Sensor1,W,2019-06-17T16:25:12Z,2019-12-02T22:59:48Z,0b9de0f6-2bc2-5711-b327-b0e8d0edf44c,d2cbb98a-8096-527a-a8ba-73c908498f77
470a9111-7026-5913-8706-ba901e7f509c,71fbf036-995c-5232-b239-54fe89f65960,DL-BE-30042,Primary,,2019-06-21T17:15:56Z,2020-02-04T18:44:23Z,168a98f8-278a-5c07-b585-f352a0c7461b,24560ce7-1e75-5bcc-a42f-f9ed92e0819c
89d5d449-5cc5-5031-b1e4-8db8cdf61515,001df336-f16c-57e1-b210-307bd30b5824,DL-UM-40005,Primary,,2019-06-24T21:24:04Z,2020-04-06T21:12:46Z,5fec4ce4-66e5-50f9-af2f-4a01073309fa,b2958715-1e40-50c3-bff5-8e962201d1c2
87e5aacd-f5bd-5ca1-a15d-d33fa3291da4,001df336-f16c-57e1-b210-307bd30b5824,SLM-UA-40000,Microphone,,2019-06-24T21:24:04Z,2020-04-06T21:12:46Z,5fec4ce4-66e5-50f9-af2f-4a01073309fa,b2958715-1e40-50c3-bff5-8e962201d1c2
e076fbf1-0a50-55c4-84da-fc67c7cb4477,001df336-f16c-57e1-b210-307bd30b5824,GEO-UM-40005,Sensor1,V,2019-06-24T21:24:04Z,2020-04-06T21:12:46Z,5fec4ce4-66e5-50f9-af2f-4a01073309fa,b2958715-1e40-50c3-bff5-8e962201d1c2
4b6f7197-5c45-53de-a59d-a48c63ffa147,001df336-f16c-57e1-b210-307bd30b5824,MDM-3000000003,Modem,,2019-06-24T21:24:04Z,2020-04-06T21:12:46Z,5fec4ce4-66e5-50f9-af2f-4a01073309fa,b2958715-1e40-50c3-bff5-8e962201d1c2
83055c58-98d9-5813-9c1c-cbe5d589c166,55c0b557-273a-5413-bfc4-b07ab8d0652d,DL-BE-30023,Primary,,2019-06-24T15:31:22Z,2020-01-15T20:57:36Z,a24d4dbd-338a-5880-a9ee-3ba34f76f94e,6807501b-9752-55e8-8f82-50ed50e83548
8157fc12-cd3f-50ea-854a-21d4a6adb5cc,55c0b557-273a-5413-bfc4-b07ab8d0652d,GEO-BG-30027,Sensor1,W,2019-06-24T15:31:22Z,2020-01-15T20:57:36Z,a24d4dbd-338a-5880-a9ee-3ba34f76f94e,6807501b-9752-55e8-8f82-50ed50e83548
6dff5000-e36f-5c6a-b9a7-33d7f38ef44e,6463b851-4981-577c-af21-d8b130680712,DL-BE-30035,Primary,,2019-06-28T17:08:58Z,2020-09-11T17:12:07Z,51609aaf-16b9-5d6f-b8b0-25d9b4e9ec00,eb0e4e47-d102-5acf-96e0-18f51e2b8d82
94e44696-a1d7-558b-a1fd-11ee69e3e948,4367fe84-e2df-57f1-a6ea-3c1d3380b04a,DL-UM-40015,Primary,,2019-07-01T14:11:23Z,2019-12-23T19:27:30Z,6737d9e2-0b00-51a8-8001-326e66e81c14,5e4fd974-de46-5ed1-ac95-945bfb3b40f7
6b4b6cd5-cf74-562c-9099-a41a2964a753,4367fe84-e2df-57f1-a6ea-3c1d3380b04a,GEO-UM-40015,Sensor1,E,2019-07-01T14:11:23Z,2019-12-23T19:27:30Z,6737d9e2-0b00-51a8-8001-326e66e81c14,5e4fd974-de46-5ed1-ac95-945bfb3b40f7
75f257c9-893e-5e3a-922c-a5c1a1ee5449,08b464ea-0097-5ac9-b80f-995807d6c1fc,DL-BE-30043,Primary,,2019-07-03T19:42:14Z,2019-12-24T21:53:39Z,81437bdc-7678-541f-953b-a3d67a4add5e,47582198-0dad-5e7e-b6d0-56bf038b5896
db6245a3-b546-5772-b230-2bbc698c9ae2,27582c23-bdae-5cd1-b99f-6bd95bcfb6a5,DL-BE-30057,Primary,,2019-07-05T13:49:49Z,2019-10-22T19:39:40Z,82acbf2a-6140-5331-94da-dae22c0503d2,6c9b7876-b86c-5390-9732-487f5524791c
44dc95da-12fa-5606-bafb-5b9fa8395914,95db9865-08ff-5e05-9c4f-3c9193950c5d,DL-BE-30045,Primary,,2019-07-12T12:41:47Z,2020-03-10T20:12:33Z,96e85ede-0734-5906-86c8-fa3542dab054,13f79d7a-df5e-5bd2-ba9b-f38ba0b1d3c2
4f46dc9b-6024-5cd9-9d7a-9318c9d3b8d2,2c92b9de-084e-58cb-81af-fbe924dc510f,DL-UM-40002,Primary,,2019-07-15T18:10:42Z,2020-06-26T18:14:49Z,df2593d4-d722-5620-aab4-b5f9582e79c2,af255d9b-cb4c-5087-b266-c455677f5850
772e49ec-ee07-5717-9217-c2da274b2a09,2c92b9de-084e-58cb-81af-fbe924dc510f,GEO-UM-40002,Sensor1,W,2019-07-15T18:10:42Z,2020-06-26T18:14:49Z,df2593d4-d722-5620-aab4-b5f9582e79c2,af255d9b-cb4c-5087-b266-c455677f5850
77d231d1-efa8-5261-9522-7bdad8e9dc6f,2c92b9de-084e-58cb-81af-fbe924dc510f,MDM-3000000000,Modem,,2019-07-15T18:10:42Z,2020-06-26T18:14:49Z,df2593d4-d722-5620-aab4-b5f9582e79c2,af255d9b-cb4c-5087-b266-c455677f5850
0f04c3d5-69be-54bd-99b8-ff37d8c41f65,69bce7c5-512d-55b7-9adf-e7b9b5a7ca6b,DL-UM-40000,Primary,,2019-07-18T15:38:47Z,2020-08-03T18:31:21Z,8d6a1f6f-b9d1-53d3-b852-6e00abf92e4e,2e4fe576-6710-58c3-8e17-2c546cc90096
88759328-08e2-5996-bc9b-fef67ff67aae,69bce7c5-512d-55b7-9adf-e7b9b5a7ca6b,GEO-UM-40000,Sensor1,H,2019-07-18T15:38:47Z,2020-08-03T18:31:21Z,8d6a1f6f-b9d1-53d3-b852-6e00abf92e4e,2e4fe576-6710-58c3-8e17-2c546cc90096
0e225c93-f9d0-5397-90e0-ba9322dc24b5,9060c3aa-92e5-5124-b4e6-0528703c3c34,DL-BE-30060,Primary,,2019-07-19T21:33:04Z,2019-09-12T17:07:17Z,c0eab529-45cb-590e-8d08-742c10551f8c,0a9ce977-908d-50e8-a4d4-cfff4915cdb9
f727cc9c-4b5b-516b-81c4-82a525176fe8,a3fb6c95-0c51-5908-9d1d-be55d1eeae6d,DL-BE-30013,Primary,,2019-07-22T15:35:28Z,2020-03-16T17:09:02Z,1b4adffc-39dc-5a8b-abdc-ac3387cfb614,de606772-4175-5c5b-b7b4-52b5025294d4
5255fb38-65d9-5b85-aaa4-3b0cfb45d1fd,9c96e5a7-cadc-54aa-8345-63876e3b8829,DL-D10-300003,Primary,,2019-07-22T13:14:33Z,2019-08-20T20:59:42Z,a84a4476-f25b-5793-9040-467de9b02e1d,61897a7f-33a4-58f0-ae64-49b2abca4344
d9341d9f-9849-5c5b-bc9f-4b7674952c7a,9c96e5a7-cadc-54aa-8345-63876e3b8829,GEO-V12-400000,Sensor1,H,2019-07-22T13:14:33Z,2019-08-20T20:59:42Z,a84a4476-f25b-5793-9040-467de9b02e1d,61897a7f-33a4-58f0-ae64-49b2abca4344
c477f37f-15b0-587d-9096-0f88708326e0,8c73e6c2-93c8-5b14-84e3-fed3863d3c7f,DL-UM-40018,Primary,,2019-07-24T00:42:43Z,2019-08-19T18:24:21Z,426432d7-a715-5de7-bbc3-ff846fa3614b,954baf2a-06b9-599c-b1b3-2cd4875406ad
bf18ec6b-8632-56cd-bb4a-2135470b486a,8c73e6c2-93c8-5b14-84e3-fed3863d3c7f,GEO-UM-40018,Sensor1,S,2019-07-24T00:42:43Z,2019-08-19T18:24:21Z,426432d7-a715-5de7-bbc3-ff846fa3614b,954baf2a-06b9-599c-b1b3-2cd4875406ad
6d27a9af-73a6-50f4-a8b4-e33caaad8185,da65bc5b-4d5c-5332-be65-372f703a7c62,DL-UM-40010,Primary,,2019-07-24T15:29:36Z,2019-09-02T21:02:57Z,af564572-d71c-5ed1-8a6b-cd3c134a1c03,e777f81e-3da8-54d6-afc9-663fdd8da7fb
53bc87d3-c6ba-5d72-a07f-b88216ba779b,da65bc5b-4d5c-5332-be65-372f703a7c62,GEO-UM-40010,Sensor1,H,2019-07-24T15:29:36Z,2019-08-05T20:19:44Z,af564572-d71c-5ed1-8a6b-cd3c134a1c03,7fe507cf-e314-5913-bb86-9a6ca85eb510
7c223a01-8c9c-5141-9989-526251953bac,54983331-ab8f-5c71-9303-5bfb57d2566b,DL-BE-30007,Primary,,2019-07-26T12:33:15Z,2019-08-16T17:51:36Z,311959b0-a220-533d-a920-8e15d719b695,485d8cc8-34e6-5195-af7d-bf349b92b72f
9367283b-e6b0-5e12-af1e-b5613a536ca4,54983331-ab8f-5c71-9303-5bfb57d2566b,GEO-BG-30017,Sensor1,W,2019-07-26T12:33:15Z,2019-08-16T17:51:36Z,311959b0-a220-533d-a920-8e15d719b695,485d8cc8-34e6-5195-af7d-bf349b92b72f
f70af0f6-6f79-59de-b54f-e3de4ce4f97a,e224940b-4f68-562f-8896-c3458b49b715,DL-UM-40020,Primary,,2019-07-29T18:16:53Z,2019-08-08T20:12:19Z,21153683-8544-5af2-8cf1-f9941ddc5b54,36bb67a8-66a0-5a47-8a86-cc45aba5108a
2a2987a8-25c5-5121-86d2-9b290a2b97de,e224940b-4f68-562f-8896-c3458b49b715,GEO-UM-40020,Sensor1,S,2019-07-29T18:16:53Z,2019-08-08T20:12:19Z,21153683-8544-5af2-8cf1-f9941ddc5b54,36bb67a8-66a0-5a47-8a86-cc45aba5108a
ed90b127-7bda-5546-836c-6d5b82aa4b1b,812aa588-c7cc-5351-8859-0fe38238398b,DL-UM-40013,Primary,,2019-08-06T13:25:58Z,2020-12-08T23:07:43Z,258b2e54-3dab-568f-827b-bbf0d77ffe84,b5a50457-282f-5db8-94ec-23f0063b1675
a7a55013-f264-5f62-aadb-fe580006c6e2,812aa588-c7cc-5351-8859-0fe38238398b,GEO-UM-40013,Sensor1,E,2019-08-06T13:25:58Z,2020-12-08T23:07:43Z,258b2e54-3dab-568f-827b-bbf0d77ffe84,b5a50457-282f-5db8-94ec-23f0063b1675
eee3e9aa-7b92-5e6e-9994-7feaf6d2c3ab,94072985-85fc-589d-9d75-06f1c881aa47,DL-BE-30032,Primary,,2019-08-09T13:24:02Z,2020-09-07T18:33:01Z,ca79f378-e3ac-55e4-ac7f-ae772d98a1a6,3e178b53-955a-53a2-9d9d-10e4d1699725
d995c2db-bc3e-5301-a192-9084e89490c0,8b55a0bb-cb56-5d05-9959-4825b592bae1,DL-UM-40022,Primary,,2019-08-12T20:22:18Z,2019-10-03T19:54:13Z,fb114f4b-18d6-5531-9272-c5ce5a6aceb2,4b85420d-2278-5548-98e3-7503ef96a70c
112878a4-1859-5c2b-9b7a-f296b03e3f26,8b55a0bb-cb56-5d05-9959-4825b592bae1,GEO-UM-40022,Sensor1,BH,2019-08-12T20:22:18Z,2019-10-03T19:54:13Z,fb114f4b-18d6-5531-9272-c5ce5a6aceb2,4b85420d-2278-5548-98e3-7503ef96a70c
1a390737-654b-53c6-bb1f-a2b0c312e867,919328d7-0c7d-545c-ad37-f4193b8fda06,DL-UM-40006,Primary,,2019-08-12T12:57:38Z,2020-07-27T18:15:15Z,3589a022-9351-5e2c-8dec-f7ace5f9ae43,79edd711-de5f-578a-b6a8-ade3a8c49479
453b5121-ee52-5b6c-997b-7f9e77468ef6,919328d7-0c7d-545c-ad37-f4193b8fda06,GEO-UM-40006,Sensor1,S,2019-08-12T12:57:38Z,2020-07-27T18:15:15Z,3589a022-9351-5e2c-8dec-f7ace5f9ae43,79edd711-de5f-578a-b6a8-ade3a8c49479
5496404f-de48-568b-98af-c12d58c2bca4,9e9c5d42-a40f-5156-909a-a19d6f65813c,DL-BE-30044,Primary,,2019-08-19T15:52:55Z,2019-11-26T22:08:19Z,d54f36d7-6f27-57de-b543-d1ee7ba54e59,25496c81-3f0a-5bd4-acc8-c84bf680f70a
81b4faf9-1ae7-5acd-b9a8-feab3bceb731,4013f025-9874-5a90-bf3a-b28cc14cc687,DL-UM-40018,Primary,,2019-08-23T14:54:53Z,2019-10-25T18:27:06Z,19225f9c-e10a-58bb-8e97-b5bd8cebd333,48101aeb-3a27-549f-9132-5830b9bd6d4d
614983a8-0762-515b-8077-579fd9b36e39,4013f025-9874-5a90-bf3a-b28cc14cc687,GEO-UM-40018,Sensor1,BH,2019-08-23T14:54:53Z,2019-09-23T20:23:08Z,19225f9c-e10a-58bb-8e97-b5bd8cebd333,006b2fe5-3b83-5982-bab7-eee97b99af8a
315bdb27-102e-56a0-8868-d1b15e0b3102,e9a3fb1c-519c-5cae-8d0e-3cd8c51221b4,DL-BE-30048,Primary,,2019-09-05T19:40:45Z,2020-07-01T20:32:01Z,47e99247-e86d-590d-bba1-8be5bfe6cd61,30ec0662-c971-52e0-86c2-c4a281bddb6d
b22a1890-8a2f-5c33-96b0-a04bc35a2af8,39c0aaef-594a-52fd-8a6b-cb15c15cb010,DL-UM-40016,Primary,,2019-09-09T19:42:46Z,2020-02-10T18:56:21Z,e8bb6c82-89b1-5c22-ba96-a0f236fc02a8,e7e55057-19d3-52e4-ba5b-b8a98eb62998
48f845a5-59a9-5382-8c07-c0607e4117c0,39c0aaef-594a-52fd-8a6b-cb15c15cb010,MDM-3000000007,Modem,,2019-09-09T19:42:46Z,2020-02-10T18:56:21Z,e8bb6c82-89b1-5c22-ba96-a0f236fc02a8,e7e55057-19d3-52e4-ba5b-b8a98eb62998
41c7c2cf-90be-5679-8b9f-a5256e4a0112,f9179307-c901-5cb7-8df6-c886ff54ddf7,DL-BE-30008,Primary,,2019-09-09T19:22:34Z,2020-06-19T17:16:43Z,4e0dfc22-ec23-55b6-9567-ad630bb70e8a,1fe6b795-5222-51e6-b440-d2b53cb099c9
31ef8005-6be9-5521-9497-8ce9da402cad,f9179307-c901-5cb7-8df6-c886ff54ddf7,GEO-BG-30009,Sensor1,H,2019-09-09T19:22:34Z,2020-06-19T17:16:43Z,4e0dfc22-ec23-55b6-9567-ad630bb70e8a,1fe6b795-5222-51e6-b440-d2b53cb099c9
95aa6d01-8ce3-5317-a87b-2a14564ae153,a5df9730-4b41-5b9a-850b-27e4005b806b,DL-BE-30010,Primary,,2019-09-12T19:59:10Z,2019-09-23T18:55:00Z,ef42d58f-9e3a-5961-9b4f-138e3b90f8b4,8f8afcae-1a4d-5d16-8473-cec31b2bbf6c
caaf877d-3430-5cf8-8a76-1a44e0186cae,a5df9730-4b41-5b9a-850b-27e4005b806b,GEO-BG-30010,Sensor1,S,2019-09-12T19:59:10Z,2019-09-23T18:55:00Z,ef42d58f-9e3a-5961-9b4f-138e3b90f8b4,8f8afcae-1a4d-5d16-8473-cec31b2bbf6c
34a0dd44-255e-5a0f-ae03-cce7a790ae6f,a4943846-6b31-5efb-bf8d-e9f63149036d,DL-BE-30006,Primary,,2019-09-15T13:00:13Z,2019-11-13T18:37:56Z,68a2f4c4-6851-5a3a-bfab-8839fcbfbb34,1036f977-fea2-5f05-a829-0c5002654885
a0356de5-f082-5a8e-b6e9-3c9f65f7eb3d,a4943846-6b31-5efb-bf8d-e9f63149036d,GEO-BG-30004,Sensor1,V,2019-09-15T13:00:13Z,2019-11-13T18:37:56Z,68a2f4c4-6851-5a3a-bfab-8839fcbfbb34,1036f977-fea2-5f05-a829-0c5002654885
c66ed367-6257-5201-a843-cf15eb28276f,b63b6752-1308-5411-82d1-b891e78ab6e4,DL-BE-30000,Primary,,2019-09-16T19:09:12Z,2019-12-19T18:08:26Z,f76d94f2-604e-5138-9745-98c0a7d9087b,432d8c3a-0cc4-54a6-b8e0-a3d3e79b0a13
2611df56-d291-5687-84fb-2323f1817e9a,b63b6752-1308-5411-82d1-b891e78ab6e4,GEO-BG-30007,Sensor1,W,2019-09-16T19:09:12Z,2019-12-19T18:08:26Z,f76d94f2-604e-5138-9745-98c0a7d9087b,432d8c3a-0cc4-54a6-b8e0-a3d3e79b0a13
2fc86d3a-c521-5e28-89d4-8da51785e65b,e55342f2-d8bf-5bc7-b785-0c05377d16fc,DL-D10-300003,Primary,,2019-09-18T19:37:22Z,2020-09-24T19:06:16Z,79f9086f-0a54-54db-b1a9-111edd43b519,2d562c16-7342-56c4-a5d7-3854fe81276b
5c840134-7aa2-52d5-9c9e-a253ee92908f,e55342f2-d8bf-5bc7-b785-0c05377d16fc,GEO-V12-400003,Sensor1,E,2019-09-18T19:37:22Z,2020-09-24T19:06:16Z,79f9086f-0a54-54db-b1a9-111edd43b519,2d562c16-7342-56c4-a5d7-3854fe81276b
c7ef4354-b6a2-59a4-984d-a013dc83330d,b977c49e-2ca6-562a-9b3d-948f73e0cea0,DL-BE-30061,Primary,,2019-09-23T19:27:18Z,2020-03-04T18:34:00Z,641fd8a9-afe0-5fbd-897d-3120c95cb07c,1cc8d777-9972-5790-9a25-363721583c08
8a7a31f4-f67d-5cde-8eef-382886c697c4,99aca641-8a99-57d8-b29c-7e02e56c756d,DL-BE-30038,Primary,,2019-09-30T18:00:22Z,2020-11-19T19:55:07Z,c94e7c92-e923-5f81-91c5-bfc0abf8c669,7726f874-936d-53c8-a39e-be930a2b9ac3
f5c9a205-11dc-55be-8068-ebac221ab0ac,39c1befe-c1d3-5362-aec8-daa25cfed88b,DL-D10-300000,Primary,,2019-10-02T12:37:44Z,2019-11-20T20:21:08Z,43d4694a-e20c-510f-b716-ed23af52e91d,789e4c66-5ca9-5c62-977c-2407508754c3
38c748dd-6c3c-57f3-92c4-d7d1db6cccee,5f3f1388-cbf4-55e3-962e-d9491e6df386,DL-D10-300004,Primary,,2019-10-04T17:25:18Z,2020-11-02T22:54:47Z,6be4e377-c1e5-5bcb-9d92-c2314a5453e4,c02f56b7-2846-5e0d-a01e-f27c3351a1d7
eba40fb6-a7cd-5d0b-9ae4-9ee4df6ff24b,5f3f1388-cbf4-55e3-962e-d9491e6df386,GEO-V12-400009,Sensor1,S,2019-10-04T17:25:18Z,2020-11-02T22:54:47Z,6be4e377-c1e5-5bcb-9d92-c2314a5453e4,c02f56b7-2846-5e0d-a01e-f27c3351a1d7
f9679958-5bdf-528c-a0ff-50bc85a4d6ee,bc787fc2-41d1-55a8-8dac-e96d174eb650,DL-BE-30016,Primary,,2019-10-04T19:34:46Z,2019-10-28T17:14:40Z,255195c3-06f6-5b04-a2e2-67bcabb18294,2051dca6-e348-5a10-8650-7923c0c6b8c9
61641017-3ce9-527a-aa3f-2cfa9977c38e,bc787fc2-41d1-55a8-8dac-e96d174eb650,GEO-BG-30006,Sensor1,E,2019-10-04T19:34:46Z,2019-10-28T17:14:40Z,255195c3-06f6-5b04-a2e2-67bcabb18294,2051dca6-e348-5a10-8650-7923c0c6b8c9
984e39b4-26c4-56c6-af76-52a0a1f9a173,1821d192-d78e-549e-8fc3-f39ed059a923,DL-D10-300001,Primary,,2019-10-08T20:08:18Z,2020-04-23T18:27:26Z,e8387f8c-ff84-53d5-b5cf-5a1d0d596088,fb6169b2-0334-540a-84d3-c0738b9e988a
c5b5a37c-28ca-5e88-9dd6-9496513a7ae8,1821d192-d78e-549e-8fc3-f39ed059a923,GEO-V12-400002,Sensor1,W,2019-10-08T20:08:18Z,2020-04-23T18:27:26Z,e8387f8c-ff84-53d5-b5cf-5a1d0d596088,fb6169b2-0334-540a-84d3-c0738b9e988a
265a37ae-161e-5914-baec-e3e8a2160945,1821d192-d78e-549e-8fc3-f39ed059a923,SLM-S50-500002,Microphone,,2019-10-08T20:08:18Z,2020-04-23T18:27:26Z,e8387f8c-ff84-53d5-b5cf-5a1d0d596088,fb6169b2-0334-540a-84d3-c0738b9e988a
2c4113d1-7c70-5db6-8952-271ab16497ca,4684119f-ced5-5d58-aa8b-c06fb97a7124,DL-UM-40020,Primary,,2019-10-11T13:35:08Z,2019-11-08T20:29:36Z,ba000d92-46c3-549b-ada2-387ee425ce6f,259fb6f2-ef52-5327-9a7c-1406b50f5ca1
20c8199a-0dda-5a78-82e3-82d17d350489,4684119f-ced5-5d58-aa8b-c06fb97a7124,GEO-UM-40020,Sensor1,S,2019-10-11T13:35:08Z,2019-11-08T20:29:36Z,ba000d92-46c3-549b-ada2-387ee425ce6f,259fb6f2-ef52-5327-9a7c-1406b50f5ca1
c1d03053-4cee-5f65-ac78-871250d9cd88,41c2f65b-7c2f-5f02-9a6b-ee8d7fbd1df3,DL-BE-30019,Primary,,2019-10-15T17:56:43Z,2020-01-09T22:24:02Z,0df554fa-8b3d-5a33-a5c8-babb76785cbf,c21d6b77-e516-5b6b-9862-7bf04b12cf1b
36dc9932-e61c-5cc6-b812-bed40836092c,f1e81530-ae77-5915-adb3-5b5230bb4d7c,DL-BE-30007,Primary,,2019-10-17T15:13:59Z,2021-02-10T18:02:22Z,7b70cd22-2b5f-5669-8347-4bf90128455a,ed190af9-f3c9-5088-bfba-c546363f56ed
f77ee7b2-f840-503c-b12e-5275cb2c49e8,f1e81530-ae77-5915-adb3-5b5230bb4d7c,GEO-BG-30028,Sensor2,W,2019-10-17T15:13:59Z,2021-02-10T18:02:22Z,7b70cd22-2b5f-5669-8347-4bf90128455a,ed190af9-f3c9-5088-bfba-c546363f56ed
5d21e8cd-62f9-51bf-b9bf-19f7e7b1fd9b,51d50446-10b9-50c0-9514-3ede5a19ae83,DL-BE-30017,Primary,,2019-10-24T19:10:17Z,2020-03-04T22:26:10Z,36d20769-0245-51ce-8b83-f847a96a6519,80fb167a-b22c-5a6b-ba90-a67fe14c797f
509ad0a9-e393-5a4e-b524-92f1ffeb741a,5340f50b-5acc-5c4a-bedb-38fb04537b15,DL-BE-30010,Primary,,2019-10-25T13:42:22Z,2020-10-13T19:28:09Z,5d751baa-e57b-5758-8c24-00c816c2fc41,42ea0cc4-3bf5-5c13-bbc9-5a75fecbce1f
803fa3cb-a10a-57fe-9638-e33feed189fb,c7cf3c5a-5a29-5dfa-abdb-ba16d3106be2,DL-UM-40019,Primary,,2019-10-27T12:21:29Z,2019-11-22T18:04:18Z,afb332c8-1952-53e5-ba75-f48d71d67588,7620dea3-ff6a-545d-b314-b3f5960b415d
aa1b9ec2-6a56-5777-b210-694180303350,c7cf3c5a-5a29-5dfa-abdb-ba16d3106be2,GEO-UM-40019,Sensor1,N,2019-10-27T12:21:29Z,2019-11-22T18:04:18Z,afb332c8-1952-53e5-ba75-f48d71d67588,7620dea3-ff6a-545d-b314-b3f5960b415d
fde03c5a-d6bc-5392-9a98-b4ef6d90fc93,937a476e-d583-5933-ab84-871b707b7e7c,DL-BE-30021,Primary,,2019-10-31T20:54:37Z,2019-11-25T18:28:17Z,0e8ebbe9-88a2-5ac1-b610-33eac8c2b108,1b00bb8a-0851-502f-805e-120e7664cfc9
77873e5a-7122-5051-83ad-9234ce163fc2,88f87eb5-fd80-56ac-8992-23336010462e,DL-BE-30057,Primary,,2019-11-01T17:18:45Z,2022-04-19T20:47:29Z,52b3ac7c-3965-575d-ac6d-29d6ed7ebc93,2ddcfbd8-7712-5701-bd80-843d62298484
92988eff-d251-5153-bf7b-88f0f3bfbbc1,e98f8bd1-b1b4-55f2-8ef4-97ae42e47cd6,DL-UM-40022,Primary,,2019-11-04T20:52:33Z,2019-11-28T19:21:14Z,09b3f4e6-7280-5199-8d86-60250bc8a35b,aec96ef0-c591-54fe-8111-5fd64cc80c21
4731cc6c-1fa4-5ddb-9132-dcdfeafc0d37,e98f8bd1-b1b4-55f2-8ef4-97ae42e47cd6,GEO-UM-40022,Sensor1,E,2019-11-04T20:52:33Z,2019-11-28T19:21:14Z,09b3f4e6-7280-5199-8d86-60250bc8a35b,aec96ef0-c591-54fe-8111-5fd64cc80c21
39f59bf6-9c77-5425-a3bb-cd4a986088c5,a9eab3a2-97cf-509b-ad27-d8136a769c16,DL-BE-30025,Primary,,2019-11-05T18:27:10Z,2019-11-11T21:47:56Z,08b93856-3fe0-56e9-9a03-bfa57327869d,8d1cd1ec-ee41-56f5-8830-66dd83646da5
15850718-f65a-5e5f-83d0-c3ea74f93530,88d8db36-12cb-5819-aabe-e8d9b7f9f4d0,DL-UM-40004,Primary,,2019-11-25T19:49:49Z,2020-06-29T17:37:10Z,77176e2d-3d2e-5b0b-b7ef-89d080ae9286,e9296ec9-a7ca-55dc-82ee-113caf57e8d5
ee5d112e-9e09-57b7-a3d7-790664a8c04a,88d8db36-12cb-5819-aabe-e8d9b7f9f4d0,GEO-UM-40004,Sensor1,H,2019-11-25T19:49:49Z,2020-06-29T17:37:10Z,77176e2d-3d2e-5b0b-b7ef-89d080ae9286,e9296ec9-a7ca-55dc-82ee-113caf57e8d5
5c091081-f06a-5f21-8d46-67dc6e888c3a,88d8db36-12cb-5819-aabe-e8d9b7f9f4d0,MDM-3000000005,Modem,,2019-11-25T19:49:49Z,2020-06-29T17:37:10Z,77176e2d-3d2e-5b0b-b7ef-89d080ae9286,e9296ec9-a7ca-55dc-82ee-113caf57e8d5
7aa537d7-a594-53eb-bdda-493a3a452450,6eca9f59-02ec-5971-a5e8-83bbb772a8d6,DL-BE-30034,Primary,,2019-11-25T17:54:57Z,2020-05-20T17:25:29Z,8171c01a-e19c-5f26-bb25-6b502265bb7a,afc11e0d-8e9a-5c60-9f6e-6e95e475a1f2
219bc67d-7177-591b-bc27-14aff1267f48,6eca9f59-02ec-5971-a5e8-83bbb772a8d6,GEO-BG-30024,Sensor1,S,2019-11-25T17:54:57Z,2020-05-20T17:25:29Z,8171c01a-e19c-5f26-bb25-6b502265bb7a,afc11e0d-8e9a-5c60-9f6e-6e95e475a1f2
905329af-fa1b-5512-8739-b22b5c5dfe12,6eca9f59-02ec-5971-a5e8-83bbb772a8d6,GEO-BG-30026,Sensor2,W,2019-11-25T17:54:57Z,2020-05-20T17:25:29Z,8171c01a-e19c-5f26-bb25-6b502265bb7a,afc11e0d-8e9a-5c60-9f6e-6e95e475a1f2
b3aaba67-759c-5d70-9982-f5ce4b78a3dc,694ce29e-3581-5c78-83fd-571bd1b2a29f,DL-BE-30060,Primary,,2019-11-25T20:35:41Z,2020-04-26T21:19:48Z,a42ab366-5c8b-5968-8255-473b5b90e5f4,cfb58540-d976-5705-8fd3-11539e0282da
b13918fe-2820-5ee8-8a25-9ad67931fc4e,eb86699f-dcfc-5856-a7b7-d28a7209c4ea,DL-BE-30025,Primary,,2019-12-06T17:46:36Z,2020-03-02T22:31:21Z,3b42e5c6-1916-5986-a6d3-2f32fa1470eb,32bb246a-df06-5bb6-b1d9-11d8c980d7ba
4a109c69-d852-5cdc-b097-d28f3ae56343,976269c8-70a6-51ad-bc93-151330eb82e8,DL-BE-30021,Primary,,2019-12-09T21:29:19Z,2020-11-16T19:40:56Z,3aee870a-cfbb-5d61-9747-9bdae1b530d4,87fe086b-7216-51e2-b018-bb9528564213
b8ec7314-07e9-5e58-9e2a-93eaf5ea02d7,bb9ae013-4aed-52f2-9c5e-a144813b5daa,DL-UM-40007,Primary,,2019-12-09T14:41:57Z,2020-07-06T17:15:12Z,ee74253d-fd98-56c0-809d-786f904d719a,dbe78398-5036-564b-beb0-34d1a07370b7
de22759b-262e-5a42-9272-25537793a3d4,bb9ae013-4aed-52f2-9c5e-a144813b5daa,GEO-UM-40007,Sensor1,S,2019-12-09T14:41:57Z,2020-07-06T17:15:12Z,ee74253d-fd98-56c0-809d-786f904d719a,dbe78398-5036-564b-beb0-34d1a07370b7
f21a8b37-e11a-5d08-ae72-3dfa134fc140,e749d369-ef6b-58e3-8a16-4112b9058b7b,DL-BE-30006,Primary,,2019-12-16T19:54:33Z,2020-04-01T20:28:24Z,4dd13406-df47-5276-a237-ff968ec55778,091191fd-876e-5d7d-8256-0a4ce4f404c1
de8ee39d-157a-503e-8707-3505bae3f2f8,1d0e8bf3-05e0-5d4d-854a-928ac243e9e7,DL-BE-30049,Primary,,2019-12-19T14:08:53Z,2020-08-07T21:18:25Z,c3624900-aedc-554a-a8df-2c372bffe5cc,c70fedc1-89fd-564f-a6d3-b3328ef2cc2c
3f0a558a-323e-55bb-9178-da4479c91377,69dfd865-acb4-5b50-848e-acf74af3c8c8,DL-UM-40023,Primary,,2019-12-23T15:11:24Z,2020-02-07T19:28:01Z,53a1a76d-87e0-5c5a-9898-91164615b0e3,dbf359c7-9e58-5162-b76c-d32dff815f75
7115962e-d409-5499-8d43-b7e4d5d802f9,69dfd865-acb4-5b50-848e-acf74af3c8c8,GEO-UM-40023,Sensor1,H,2019-12-23T15:11:24Z,2020-02-07T19:28:01Z,53a1a76d-87e0-5c5a-9898-91164615b0e3,dbf359c7-9e58-5162-b76c-d32dff815f75
52eec5a7-f38e-5ab5-8a08-188f160ee20c,b0e0f7a9-2da3-572f-bd2e-49671d72c98b,DL-UM-40018,Primary,,2019-12-24T20:56:08Z,2020-03-12T21:05:52Z,bcc09a2f-4e51-5e21-9efa-02b2ceabdf60,424a21d3-f2ee-576c-a245-1f9fb8ef224a
ebf31ea4-d556-598a-9457-840740494d61,b0e0f7a9-2da3-572f-bd2e-49671d72c98b,GEO-UM-40018,Sensor1,V,2019-12-24T20:56:08Z,2020-03-12T21:05:52Z,bcc09a2f-4e51-5e21-9efa-02b2ceabdf60,424a21d3-f2ee-576c-a245-1f9fb8ef224a
0ef27baa-03af-5166-a40c-9823068a4793,46480efd-135d-52fe-983b-1d9a2d7d9e4a,DL-D10-300002,Primary,,2019-12-25T23:05:24Z,2020-01-24T20:34:18Z,496512a2-3abb-5db9-bb50-d3072513df94,c88abbf7-694a-506d-9242-08e85998a62d
53e0cf93-54e1-5c4d-963e-1e95417cf35c,46480efd-135d-52fe-983b-1d9a2d7d9e4a,GEO-C22-450000,Sensor1,N,2019-12-25T23:05:24Z,2020-01-24T20:34:18Z,496512a2-3abb-5db9-bb50-d3072513df94,c88abbf7-694a-506d-9242-08e85998a62d
cf19281d-825f-55e6-9661-a11ecb665e83,46480efd-135d-52fe-983b-1d9a2d7d9e4a,SLM-S50-500006,Microphone,,2019-12-25T23:05:24Z,2020-01-24T20:34:18Z,496512a2-3abb-5db9-bb50-d3072513df94,c88abbf7-694a-506d-9242-08e85998a62d
64ddaf3a-77da-575a-818a-d6f33e8a9af4,46480efd-135d-52fe-983b-1d9a2d7d9e4a,GEO-C22-450001,Sensor2,E,2019-12-25T23:05:24Z,2020-01-24T20:34:18Z,496512a2-3abb-5db9-bb50-d3072513df94,c88abbf7-694a-506d-9242-08e85998a62d
bd292013-b845-5334-964c-3a30f1fc6ad6,46480efd-135d-52fe-983b-1d9a2d7d9e4a,GEO-V12-400008,Sensor3,W,2019-12-25T23:05:24Z,2020-01-24T20:34:18Z,496512a2-3abb-5db9-bb50-d3072513df94,c88abbf7-694a-506d-9242-08e85998a62d
2ee9f7bf-dc32-51eb-a88f-f479a36b5a0a,5b8aa660-e038-5063-b586-dd9ca42bc523,DL-BE-30059,Primary,,2019-12-25T20:31:29Z,2020-02-05T11:25:28Z,7a73409a-3249-5ebd-900e-eedc5ff273ef,e95d90cf-9e64-516b-ab3f-2bb6a1ce015a
4881f404-4c1a-5ebb-a059-52f2c2f4df14,17cdc27a-4e12-575b-945a-444e85ff7757,DL-UM-40010,Primary,,2019-12-30T17:46:16Z,2020-02-28T18:21:25Z,3e331b90-1038-5461-881e-5020f13bf0b7,e49537b6-ec5f-5aaf-9969-7a9ccea88e92
54416200-349b-57b0-b78b-b853acf3e938,17cdc27a-4e12-575b-945a-444e85ff7757,GEO-UM-40010,Sensor1,H,2019-12-30T17:46:16Z,2020-01-27T22:25:31Z,3e331b90-1038-5461-881e-5020f13bf0b7,3a4d0599-4a60-590f-b486-4509312b35d4
bfe210f4-10ea-5276-a986-548adf3e4ce8,0532ef54-a1f5-5e30-90ba-c01b5c4667de,DL-UM-40020,Primary,,2019-12-30T15:09:45Z,2021-03-02T18:07:23Z,ad3c09e3-6ff1-538f-8e2c-c8eea6bd7a0c,540aa70a-3380-5f22-8ff0-bcf265eb683b
0e9c98be-b402-5935-a3e3-d51fa988df28,0532ef54-a1f5-5e30-90ba-c01b5c4667de,GEO-UM-40020,Sensor1,E,2019-12-30T15:09:45Z,2021-02-22T21:26:40Z,ad3c09e3-6ff1-538f-8e2c-c8eea6bd7a0c,cdd895e6-8122-584f-bf6f-dac8b67faf24
ffc66f09-63ed-5eab-a1c0-8af7856bc5e6,21cc86a1-1bb0-5980-80bf-e5a5705ac07c,DL-BE-30016,Primary,,2019-12-31T17:06:00Z,2020-05-11T20:32:19Z,07c349a7-ff7f-5150-9383-4b775ac6a8cf,ab1fdd5f-b8be-53e1-acba-b7de8732ced3
a2e8523c-e06c-5ee8-93ab-ae551ca9b62e,21cc86a1-1bb0-5980-80bf-e5a5705ac07c,GEO-BG-30006,Sensor1,N,2019-12-31T17:06:00Z,2020-05-11T20:32:19Z,07c349a7-ff7f-5150-9383-4b775ac6a8cf,ab1fdd5f-b8be-53e1-acba-b7de8732ced3
849976c7-50b1-5e47-b429-773014b6fb54,45ee15bc-e87d-5295-a5a1-dd3b712d7000,DL-UM-40019,Primary,,2020-01-01T13:44:27Z,2020-02-25T20:48:03Z,073fa8c7-53c0-5f53-b2d8-3f107a81049c,5106bf60-55f0-587c-9736-21d8f9bbaa09
50a0ccfb-e80c-5090-a6f4-a3984fd03add,0aca5228-4c82-5b0d-a304-284e94cb5757,DL-UM-40008,Primary,,2020-01-03T14:21:24Z,2020-12-14T18:07:08Z,6342f899-20c4-5e07-a0bf-d8df42b7a24f,d2119d00-c57d-5b1f-bc8f-24bca355edb3
644e6a97-427a-5751-b675-7f82e74cbfe4,0aca5228-4c82-5b0d-a304-284e94cb5757,GEO-UM-40008,Sensor1,H,2020-01-03T14:21:24Z,2020-12-14T18:07:08Z,6342f899-20c4-5e07-a0bf-d8df42b7a24f,d2119d00-c57d-5b1f-bc8f-24bca355edb3
53045f4a-1534-57cc-879c-4211aeded127,8375f1d2-15be-56b4-a33d-7113cc7b6542,DL-BE-30044,Primary,,2020-01-06T17:08:24Z,2021-03-15T10:26:47Z,3a34030e-9fef-5bef-88d6-26218d497613,cecddbc6-35d7-5e8e-8faa-542d7e223cbe
8af13cf6-2637-5d22-bc74-805eabddb978,39e8e955-d04e-5892-8b47-0e9b6da94e15,DL-UM-40022,Primary,,2020-01-13T13:30:27Z,2020-02-17T21:20:41Z,e2e4414c-4198-535c-a693-8db012381b7d,99eda609-9455-5251-a480-31a17cdba9fd
81a72f94-d00e-5144-bef9-75f49b6f7897,39e8e955-d04e-5892-8b47-0e9b6da94e15,GEO-UM-40022,Sensor1,W,2020-01-13T13:30:27Z,2020-02-17T21:20:41Z,e2e4414c-4198-535c-a693-8db012381b7d,99eda609-9455-5251-a480-31a17cdba9fd
cdf3f430-8d09-5e71-94cb-6350ecc62719,41cb178e-fb5e-56c1-9014-0686a5b3a2ec,DL-BE-30011,Primary,,2020-01-16T14:02:29Z,2022-02-01T22:24:10Z,651a1846-7106-5399-a868-b5aababe6bc8,a4b4ed89-cbee-5146-a353-f2607deae0d3
5226ed50-e509-5ece-ae7a-b86118c5904d,41cb178e-fb5e-56c1-9014-0686a5b3a2ec,GEO-BG-30025,Sensor1,BH,2020-01-16T14:02:29Z,2022-02-01T22:24:10Z,651a1846-7106-5399-a868-b5aababe6bc8,a4b4ed89-cbee-5146-a353-f2607deae0d3
3568285b-5df4-5e67-a5f9-1ead4ffd46cb,97229248-4d34-587f-af3b-9cfdd8f1f248,DL-BE-30000,Primary,,2020-01-28T13:11:30Z,2020-06-08T20:21:31Z,2a7c00b4-27b9-5bcd-95f2-a32267e566e4,42db10a2-8356-5855-ad12-ca0ca81bd099
ef2be015-7546-5004-b582-c3df388e10e4,97229248-4d34-587f-af3b-9cfdd8f1f248,GEO-BG-30007,Sensor1,S,2020-01-28T13:11:30Z,2020-06-08T20:21:31Z,2a7c00b4-27b9-5bcd-95f2-a32267e566e4,42db10a2-8356-5855-ad12-ca0ca81bd099
8276c5cd-3d04-50e4-8336-5015313c542e,44e91671-0371-5bab-a640-483900879cc3,DL-UM-40012,Primary,,2020-01-28T18:02:06Z,2020-06-08T21:40:41Z,98cdc62b-6a4b-5c38-bf78-b7b0ddecb51a,c48bafd1-0a8e-572f-9778-d77ac967641b
f9b5c2fb-dfbe-5e28-af38-c1c8a1adaa5d,44e91671-0371-5bab-a640-483900879cc3,GEO-UM-40012,Sensor1,W,2020-01-28T18:02:06Z,2020-06-08T21:40:41Z,98cdc62b-6a4b-5c38-bf78-b7b0ddecb51a,c48bafd1-0a8e-572f-9778-d77ac967641b
e1710d2c-65c6-5842-b085-c15d398a6306,d24bc90d-7917-5721-ad8e-a6a211d94c16,DL-BE-30036,Primary,,2020-01-29T15:40:38Z,2020-06-10T17:34:20Z,255c4647-e4e6-54af-94d0-8a07fb790231,f1ef8f9d-0528-539c-831f-e548919ad74b
c8eacf23-1bb8-5331-a457-186d8dec6229,d24bc90d-7917-5721-ad8e-a6a211d94c16,GEO-BG-30030,Sensor1,H,2020-01-29T15:40:38Z,2020-06-10T17:34:20Z,255c4647-e4e6-54af-94d0-8a07fb790231,f1ef8f9d-0528-539c-831f-e548919ad74b
15bdf1ea-978d-5e81-8dfd-2671832ecf40,d24bc90d-7917-5721-ad8e-a6a211d94c16,GEO-BG-30033,Sensor2,V,2020-01-29T15:40:38Z,2020-06-10T17:34:20Z,255c4647-e4e6-54af-94d0-8a07fb790231,f1ef8f9d-0528-539c-831f-e548919ad74b
aaec78c8-d74b-537d-ae84-ccdde05d38e0,42277f0a-d646-5e5d-97dd-422240b7f082,DL-BE-30033,Primary,,2020-02-03T13:41:14Z,2020-07-21T17:01:04Z,ff908bdb-5d1f-54af-919a-b48e42ea19f1,088d5c84-d023-57a8-85c6-4f3f690c8711
165857f2-26ad-5cff-ac45-c85ce40be2bd,0a11e772-bef0-5df5-909e-cf833a19cd78,DL-BE-30043,Primary,,2020-02-03T19:06:32Z,2020-02-26T20:45:23Z,5457e2d8-e4a6-594e-b568-f927c8eba284,12395d3f-6640-5562-a4f3-8eb3b8799fb6
8878637c-2f1b-5963-85c7-3cd7403103f2,01c557e0-23df-5233-af49-9f9edb072fd9,DL-UM-40015,Primary,,2020-02-10T22:20:07Z,2020-03-31T19:34:41Z,27f55050-895a-5f0c-8cb1-77c70cab6331,f5f14c8e-b001-5af8-baf6-d5d4437b8e7e
dfc89a25-4419-520a-a951-ba790f9831ff,01c557e0-23df-5233-af49-9f9edb072fd9,GEO-UM-40015,Sensor1,N,2020-02-10T22:20:07Z,2020-03-31T19:34:41Z,27f55050-895a-5f0c-8cb1-77c70cab6331,f5f14c8e-b001-5af8-baf6-d5d4437b8e7e
fe44ca50-7fe3-5610-86c2-00cb768b558e,e6937980-bd02-5b63-9bc0-ec9b90e989d4,DL-BE-30046,Primary,,2020-02-17T14:33:02Z,2021-11-29T22:06:42Z,57aa6bfa-e9dc-55cf-b7cb-9c61a82ba6d4,f73d251c-0a0c-5e3d-971a-3bdb4b9c0c99
61e6df2c-2b94-5411-b8e2-4fff5347900e,74d1c7ef-dc62-5313-bd73-6e95b5c1c9eb,DL-BE-30012,Primary,,2020-02-24T13:43:17Z,2020-05-29T19:03:39Z,c28bdaa8-f09c-5048-b1ad-5de829eb54f6,e6ab3c64-00b0-5ad6-bb61-379db551e711
d1ed82d8-a174-5024-92e0-5d7baee89833,74d1c7ef-dc62-5313-bd73-6e95b5c1c9eb,GEO-BG-30019,Sensor1,W,2020-02-24T13:43:17Z,2020-05-29T19:03:39Z,c28bdaa8-f09c-5048-b1ad-5de829eb54f6,e6ab3c64-00b0-5ad6-bb61-379db551e711
5de8b3d0-9316-5d73-9397-2028679e33b5,f804a7a8-6fc3-5519-83f5-6183ce757326,DL-UM-40011,Primary,,2020-02-25T13:18:33Z,2020-09-04T19:37:03Z,81a10acd-ed16-5b22-bf0d-be1ae15496e9,630d4a1a-6606-51b9-b685-4aa3aec8acc1
b6052116-10ac-5bcd-8072-db185b33416f,f804a7a8-6fc3-5519-83f5-6183ce757326,MDM-3000000009,Modem,,2020-02-25T13:18:33Z,2020-09-04T19:37:03Z,81a10acd-ed16-5b22-bf0d-be1ae15496e9,630d4a1a-6606-51b9-b685-4aa3aec8acc1
e7a1747d-8407-5e98-813c-85445e61c1af,f936bed2-f5f0-5ffa-9c60-0c71936696ca,DL-UM-40022,Primary,,2020-03-02T13:54:01Z,2020-03-25T10:38:28Z,c99c1393-fe53-563f-8899-f44f66801af0,a167ee86-655f-58e2-99fd-9d9bd0f38360
2ab392cd-c020-5829-8fa0-d64c03210654,f936bed2-f5f0-5ffa-9c60-0c71936696ca,GEO-UM-40022,Sensor1,V,2020-03-02T13:54:01Z,2020-03-25T10:38:28Z,c99c1393-fe53-563f-8899-f44f66801af0,a167ee86-655f-58e2-99fd-9d9bd0f38360
12c1bd0f-7867-5e14-b63e-ae39e8f01570,8801a69c-851a-5dd0-9eb7-b098fe490cf0,DL-BE-30023,Primary,,2020-03-04T01:08:35Z,2020-10-26T21:17:19Z,c27588e8-3e86-5275-bfef-c62e3dafd1df,7c3891bd-5752-5f28-83f2-9f2c7acd3b00
0f8eb7cc-2d1f-507f-911c-0e5c5544864e,8801a69c-851a-5dd0-9eb7-b098fe490cf0,GEO-BG-30027,Sensor1,V,2020-03-04T01:08:35Z,2020-10-26T21:17:19Z,c27588e8-3e86-5275-bfef-c62e3dafd1df,7c3891bd-5752-5f28-83f2-9f2c7acd3b00
ac0930f8-41b6-5b86-8180-9b0a637f692e,cd0a6ea0-20de-556e-b8f6-9e317499b7c0,DL-D10-300002,Primary,,2020-03-05T19:14:54Z,2020-10-28T19:14:53Z,1a4d758b-d15c-5fb0-9d7a-b3db057c11d8,bdf946be-a927-539c-98c2-64d764ae2deb
c7621a1a-93dd-5cac-94bd-05c31371bf23,cd0a6ea0-20de-556e-b8f6-9e317499b7c0,GEO-C22-450000,Sensor1,V,2020-03-05T19:14:54Z,2020-10-28T19:14:53Z,1a4d758b-d15c-5fb0-9d7a-b3db057c11d8,bdf946be-a927-539c-98c2-64d764ae2deb
e7d88038-4772-5089-bc95-60087f375733,cd0a6ea0-20de-556e-b8f6-9e317499b7c0,SLM-S50-500006,Microphone,,2020-03-05T19:14:54Z,2020-10-28T19:14:53Z,1a4d758b-d15c-5fb0-9d7a-b3db057c11d8,bdf946be-a927-539c-98c2-64d764ae2deb
13ef99c2-2a87-50a6-8ae8-32d60e91d7ae,cd0a6ea0-20de-556e-b8f6-9e317499b7c0,GEO-C22-450001,Sensor2,BH,2020-03-05T19:14:54Z,2020-10-28T19:14:53Z,1a4d758b-d15c-5fb0-9d7a-b3db057c11d8,bdf946be-a927-539c-98c2-64d764ae2deb
f0e5bb76-ce29-5012-9dfb-dcc2ef1a369d,cd0a6ea0-20de-556e-b8f6-9e317499b7c0,GEO-V12-400008,Sensor3,BH,2020-03-05T19:14:54Z,2020-10-28T19:14:53Z,1a4d758b-d15c-5fb0-9d7a-b3db057c11d8,bdf946be-a927-539c-98c2-64d764ae2deb
2f7acc9d-2c32-5ca9-9af5-6b3f912c5592,da018861-8e38-55e8-bef5-854df39f52ce,DL-UM-40010,Primary,,2020-03-09T17:36:30Z,2020-05-13T18:17:55Z,714389c2-9b73-598e-9b68-6446b1dc7bc6,43d1f97e-6dd7-5051-8fb5-049c12f1d7b0
ac5f351d-c0eb-5471-bd87-40e1cb5a011a,253a35ae-bdf3-5874-a562-23f9eb6b07d9,DL-UM-40019,Primary,,2020-03-10T16:28:51Z,2020-03-18T19:02:56Z,7c9d5991-9160-5138-991a-720ba5e381ae,1c5ea3b4-51ac-5ab6-a946-d1eff23d3a8c
3c4ea6bc-b054-52e8-b1bd-94c81fbd6738,253a35ae-bdf3-5874-a562-23f9eb6b07d9,GEO-UM-40019,Sensor1,N,2020-03-10T16:28:51Z,2020-03-18T19:02:56Z,7c9d5991-9160-5138-991a-720ba5e381ae,1c5ea3b4-51ac-5ab6-a946-d1eff23d3a8c
275b4ad9-2994-53a7-9982-c70cbeb5f452,da7baec8-857c-5d43-af37-9b09e4eed1af,DL-UM-40021,Primary,,2020-03-16T14:34:15Z,2020-04-20T21:39:54Z,9d4d8e6d-dae8-558a-a3fb-4fb76ff440dc,e81f0ba4-c1ad-5e8b-9f7e-f2375725a946
58c9b15e-58cb-570a-aac7-7fd7dd254ad5,da7baec8-857c-5d43-af37-9b09e4eed1af,GEO-UM-40021,Sensor1,V,2020-03-16T14:34:15Z,2020-04-20T21:39:54Z,9d4d8e6d-dae8-558a-a3fb-4fb76ff440dc,e81f0ba4-c1ad-5e8b-9f7e-f2375725a946
d94e9f1a-8568-5a74-b4c6-0a2506e28989,1f9ff4c8-f06c-5bba-bd12-191cde2ee1db,DL-BE-30043,Primary,,2020-03-18T11:00:26Z,2020-11-23T21:32:33Z,2e46d8ed-3c1b-5235-9d9c-3897dd4517b2,700f88e6-f960-5ab8-aa0d-338eee88574e
8cf48cc8-7fa1-57d8-a2ec-091aa7048a5f,98034659-a506-58a6-85bc-24b71785e2e7,DL-UM-40009,Primary,,2020-03-18T14:50:47Z,2020-03-25T17:50:12Z,4b7c544f-355e-5448-b74a-4b81ad069fc3,37a54477-9f17-595f-b3d7-aad8b4d71282
9a8db5e5-6847-5c4b-8dd8-d1897b8240d8,98034659-a506-58a6-85bc-24b71785e2e7,GEO-UM-40009,Sensor1,E,2020-03-18T14:50:47Z,2020-03-25T17:50:12Z,4b7c544f-355e-5448-b74a-4b81ad069fc3,37a54477-9f17-595f-b3d7-aad8b4d71282
064f7395-fda4-514f-a6b5-87bd87d48d60,98034659-a506-58a6-85bc-24b71785e2e7,MDM-3000000001,Modem,,2020-03-18T14:50:47Z,2020-03-25T17:50:12Z,4b7c544f-355e-5448-b74a-4b81ad069fc3,37a54477-9f17-595f-b3d7-aad8b4d71282
a206e0ea-091d-58ce-b40d-a6ba9b5f29a9,bcdc3d24-2ad7-51c8-b65e-36d6ccbae9a2,DL-BE-30037,Primary,,2020-03-20T21:51:39Z,2020-11-08T20:30:37Z,e2e03232-fb75-5692-ab84-e8ed8f123daf,f56904ea-a36b-5d8f-9a7f-5a0b250473d8
0293b798-6e98-5c79-8f18-e9fc1483cb90,3e5d3738-1494-5e1f-9694-81a362d21244,DL-UM-40018,Primary,,2020-03-23T20:22:18Z,2020-12-30T21:38:09Z,4a83a5ab-ddc9-5fc3-aeb7-7cf9a53b6d1a,bee997e9-df9a-58af-9390-0b56b6ce97b1
68d8da2a-9124-571c-9ca2-d9d8739ce242,3e5d3738-1494-5e1f-9694-81a362d21244,GEO-UM-40018,Sensor1,S,2020-03-23T20:22:18Z,2020-12-30T21:38:09Z,4a83a5ab-ddc9-5fc3-aeb7-7cf9a53b6d1a,bee997e9-df9a-58af-9390-0b56b6ce97b1
303375ba-ba12-5aa2-be5d-df2e474aeea8,af1fa189-6377-562a-90ff-5bb28223d003,DL-BE-30017,Primary,,2020-03-23T18:32:58Z,2020-09-07T19:34:08Z,85a41f0c-2523-5af1-ac86-a472ddd6c115,ecfaedd1-b727-560a-9eba-f103c0dc2279
e5fe16c7-a256-5630-abb3-dc46a27186ef,af1fa189-6377-562a-90ff-5bb28223d003,GEO-BG-30018,Sensor1,V,2020-03-23T18:32:58Z,2020-09-07T19:34:08Z,85a41f0c-2523-5af1-ac86-a472ddd6c115,ecfaedd1-b727-560a-9eba-f103c0dc2279
6ad8a889-fce5-57bf-9963-8f6a7d2558bd,3496ae92-1ce0-5f77-bece-05735224d2e7,DL-BE-30013,Primary,,2020-03-24T20:19:54Z,2020-12-11T21:13:48Z,7a6c49f6-61f7-5652-aee2-e71bfa19b580,dcccb5de-4d97-533c-b344-40ad53640944
b7dd895a-4adf-57de-ab37-6e8cda526bb1,d5d41ff6-99ab-5685-bd05-86ad3c52c800,DL-BE-30019,Primary,,2020-03-29T18:30:41Z,2020-07-30T18:00:35Z,3acd600a-cf02-50b8-912b-bbb2bd329c52,9d603377-bb65-5086-80ab-617313b34713
f43e4795-7a8c-5531-a060-886cfc242521,6b2f2ace-af4a-58e4-a3e3-e354ea6f90dd,DL-BE-30051,Primary,,2020-03-30T12:25:44Z,2020-08-25T17:02:22Z,5ac9c3fc-c7a3-5789-9ab3-f334a9194c65,02bace7f-3a9a-550a-a2db-da238c1c5661
803c9f99-bb6d-5ff3-8fbd-423d309600f4,6b2f2ace-af4a-58e4-a3e3-e354ea6f90dd,GEO-BG-30032,Sensor1,W,2020-03-30T12:25:44Z,2020-08-25T17:02:22Z,5ac9c3fc-c7a3-5789-9ab3-f334a9194c65,02bace7f-3a9a-550a-a2db-da238c1c5661
48395469-307e-50bc-a91d-fbcbf7a777d1,692d7550-a43b-57e5-a346-8af24b282726,DL-BE-30061,Primary,,2020-03-30T17:56:06Z,2020-11-26T18:17:03Z,273d4654-d19a-52c9-87ab-179c2eb60b90,b6c1d653-2bad-54d1-a027-a637f7bea206
da63474e-e722-5a12-850b-2485deafca17,91dea1f1-84a4-51a6-9f88-9fce88a2cabf,DL-UM-40024,Primary,,2020-04-02T14:02:16Z,2020-05-25T21:13:39Z,37cb6d53-f3eb-57db-a2e9-dcbb83b6d709,89521192-dc28-5a29-89be-61f1dc15d1e6
f13e0cff-10d3-5f58-b306-394a73b31311,91dea1f1-84a4-51a6-9f88-9fce88a2cabf,GEO-UM-40024,Sensor1,BH,2020-04-02T14:02:16Z,2020-05-25T21:13:39Z,37cb6d53-f3eb-57db-a2e9-dcbb83b6d709,89521192-dc28-5a29-89be-61f1dc15d1e6
484eef68-6d48-52c6-ada1-fd84de72593a,73dc3fb7-dcc2-577c-911c-9a2fd64e55f6,DL-D10-300000,Primary,,2020-04-15T15:07:23Z,2020-10-01T20:47:58Z,d8bb8584-991c-53a6-9a59-1db1f8a524fd,423a446e-7a09-5884-9f29-7e1ae9d21728
c5d98e18-d7fa-5b69-adcc-aa4b58d8ce19,57f5d4f5-0835-5090-978e-352109ece88a,DL-BE-30053,Primary,,2020-04-17T00:39:16Z,2021-04-19T18:17:42Z,f7fe5aa0-7f5f-535f-9d1c-60b88b58ffe5,859655ba-0c1b-50c9-a16c-e42485f8a6f9
cfc325a0-65cc-51cc-817b-72ca34f461f7,d12f18ee-be29-5029-9caa-6fb68dd094ba,DL-BE-30059,Primary,,2020-04-24T14:05:00Z,2021-02-22T19:21:49Z,c00a08d0-c9bd-5840-89b6-13ff0d5bbd59,bfdd935c-9c22-5d68-aacf-9610e7b74e5a
f13baf60-cf64-599f-973f-c9d1c6b77f9a,88fd5f68-0abb-53c0-9a5f-beeb88b829a3,DL-UM-40016,Primary,,2020-04-27T12:08:21Z,2020-11-16T19:32:07Z,8837d960-2bad-5485-a8d7-2e75cef23fa6,4d543976-a106-5ae4-97f2-60982c74dd74
eb255752-2ced-5db5-a6c2-6b8fe2db0693,88fd5f68-0abb-53c0-9a5f-beeb88b829a3,MDM-3000000002,Modem,,2020-04-27T12:08:21Z,2020-11-16T19:32:07Z,8837d960-2bad-5485-a8d7-2e75cef23fa6,4d543976-a106-5ae4-97f2-60982c74dd74
0e98cb24-643a-5350-8025-42fbec006b43,5488b7a6-27e0-5fe6-91c8-b9f7e2f6ad07,DL-BE-30026,Primary,,2020-04-29T13:47:30Z,2021-06-23T20:34:08Z,d3905a81-52b9-57f8-9f14-17bd16cd66b6,11ffd09f-ea71-56a7-b861-16f62a9117c3
fc77cd18-2d1b-5f81-8c09-aedea702ab7f,1b7a7fa3-022c-58c9-bd7f-827146cfced8,DL-UM-40015,Primary,,2020-04-29T19:15:44Z,2021-03-23T17:00:55Z,b4301718-d4d3-5cba-bc0f-94b4cd37e7e7,2d98c727-8138-585a-884f-009d94ca5929
5baaf1cf-d8d3-5856-b664-5da588914fd0,18da35c4-263a-5d87-a90e-32344370cd96,DL-BE-30006,Primary,,2020-05-01T21:29:40Z,2020-11-27T18:11:43Z,c587cbf2-b5e1-51db-a843-09439c2f2356,6ac48938-591c-51ec-8195-356b117be86b
61aa7c29-5393-558c-862e-fee17e5636ed,7f161858-5a40-5e03-a002-5a4dda5bb520,DL-UM-40009,Primary,,2020-05-01T20:53:44Z,2020-09-07T18:49:24Z,1df43215-1f1e-5964-9eb8-46213c3d680f,f22c1d84-8020-5cc9-8b89-38bb925740fe
d994ae9b-a3f1-5cd1-bc3f-033413df330a,7f161858-5a40-5e03-a002-5a4dda5bb520,GEO-UM-40009,Sensor1,N,2020-05-01T20:53:44Z,2020-09-07T18:49:24Z,1df43215-1f1e-5964-9eb8-46213c3d680f,f22c1d84-8020-5cc9-8b89-38bb925740fe
9114a1e6-d384-57d8-8dea-5f20c6f7a36b,7f161858-5a40-5e03-a002-5a4dda5bb520,MDM-3000000001,Modem,,2020-05-01T20:53:44Z,2020-09-07T18:49:24Z,1df43215-1f1e-5964-9eb8-46213c3d680f,f22c1d84-8020-5cc9-8b89-38bb925740fe
1d53b12b-975b-5034-94b6-f4063f97b27f,9c663d11-3cc0-5cc8-b955-8a8007dcdb6c,DL-UM-40021,Primary,,2020-05-04T17:06:06Z,2022-01-07T21:27:29Z,afb7c392-3307-54de-ad51-b5e2c9e30a35,dbd632f3-7293-5d7b-bb69-3f746774ed50
4b20dddf-8a67-5c56-8dfe-55bcc6e54f32,9c663d11-3cc0-5cc8-b955-8a8007dcdb6c,GEO-UM-40021,Sensor1,W,2020-05-04T17:06:06Z,2022-01-07T21:27:29Z,afb7c392-3307-54de-ad51-b5e2c9e30a35,dbd632f3-7293-5d7b-bb69-3f746774ed50
7e0747b2-d619-542f-bd4e-fe66211751ec,dca34ffd-1347-59ff-968a-8b89fec7a5d1,DL-BE-30054,Primary,,2020-05-04T13:08:28Z,2022-09-13T20:28:17Z,c84c5ba5-9b08-5521-a379-b5d6376f975b,ff50b08d-eec8-5aa3-8dc4-0bd3be3376b0
dc744a1e-163e-5069-a4c3-e00f58d7956d,b76986c9-2d68-5568-989f-aa1bdbc503d0,DL-UM-40019,Primary,,2020-05-07T16:36:58Z,2020-06-01T19:29:35Z,620b3ce2-d106-5c7d-a110-8ef0150302bf,d74c641b-9766-5f90-9e9f-c879ef7933c4
fa22f2a8-e40b-57e7-b66b-e9db9237dd91,b76986c9-2d68-5568-989f-aa1bdbc503d0,GEO-UM-40019,Sensor1,H,2020-05-07T16:36:58Z,2020-06-01T19:29:35Z,620b3ce2-d106-5c7d-a110-8ef0150302bf,d74c641b-9766-5f90-9e9f-c879ef7933c4
07ca612d-ffb4-50c4-8d09-2faf60171480,b82bd6dd-5db7-56ea-a49a-7872850a0bca,DL-BE-30022,Primary,,2020-05-07T18:21:26Z,2020-12-10T20:02:39Z,b0dd85fe-e125-535f-8949-f44e5cc80428,8a5dc729-49db-5bac-97b3-5bc92d93bdb1
bd068809-b748-588d-963c-5d968fa3500d,ad07335a-3e70-51b6-bfd6-61a204fcd233,DL-UM-40017,Primary,,2020-05-14T12:44:17Z,2021-03-05T21:46:32Z,4907c474-ac65-50c6-ad48-a06be9a3115a,e080f248-0d86-5075-8570-dadff2ce04d2
51329173-39ef-59b3-9404-f22d49684824,ad07335a-3e70-51b6-bfd6-61a204fcd233,GEO-UM-40017,Sensor1,W,2020-05-14T12:44:17Z,2021-02-08T19:09:44Z,4907c474-ac65-50c6-ad48-a06be9a3115a,215e1e97-99e8-57e5-bdec-2ea034107ffc
9ab90c93-482e-54f1-97cb-6d30ef95dddf,a7aa4b6c-f2e3-5f5e-bf2a-ce59e3504c45,DL-UM-40005,Primary,,2020-05-18T16:52:03Z,2020-05-29T20:55:07Z,66427dbd-b46c-52e8-942f-eddf77832c0a,ed2315cd-000b-53c9-bcab-930397af4f0f
64101e33-7f5a-52c7-8614-84f26ed85c1a,a7aa4b6c-f2e3-5f5e-bf2a-ce59e3504c45,SLM-UA-40000,Microphone,,2020-05-18T16:52:03Z,2020-05-29T20:55:07Z,66427dbd-b46c-52e8-942f-eddf77832c0a,ed2315cd-000b-53c9-bcab-930397af4f0f
8fd80145-c21f-5201-9478-9898fd276650,a7aa4b6c-f2e3-5f5e-bf2a-ce59e3504c45,GEO-UM-40005,Sensor1,H,2020-05-18T16:52:03Z,2020-05-29T20:55:07Z,66427dbd-b46c-52e8-942f-eddf77832c0a,ed2315cd-000b-53c9-bcab-930397af4f0f
ee4225e4-8b65-5a39-a4c1-753fd8df9181,a7aa4b6c-f2e3-5f5e-bf2a-ce59e3504c45,MDM-3000000003,Modem,,2020-05-18T16:52:03Z,2020-05-29T20:55:07Z,66427dbd-b46c-52e8-942f-eddf77832c0a,ed2315cd-000b-53c9-bcab-930397af4f0f
655e0f7e-1b6a-52a5-9b93-1f41cd73ffbe,a4529659-53a3-5c71-8c54-8a49915d7f7a,DL-BE-30018,Primary,,2020-05-22T19:18:45Z,2021-03-22T18:59:35Z,c246e0e6-a7a2-5d1e-9b90-b53c73bd4140,d1e316ff-b22c-5540-a8cd-c9199e060073
d8d4f805-d7e4-51e4-a310-edff01dbeb0a,a4529659-53a3-5c71-8c54-8a49915d7f7a,GEO-BG-30021,Sensor1,W,2020-05-22T19:18:45Z,2021-03-22T18:59:35Z,c246e0e6-a7a2-5d1e-9b90-b53c73bd4140,d1e316ff-b22c-5540-a8cd-c9199e060073
4966e004-7396-593c-a041-6f2bf02abe47,53c7e2a9-c0b8-5a18-9773-0fc5c9eb2327,DL-D10-300001,Primary,,2020-05-25T13:15:04Z,2020-06-15T17:59:23Z,1bdae9cf-f009-5866-8a0e-e4ce62ba53e4,43240e52-4b5a-57a0-baea-2b21e20045e6
e1f96243-3d94-5fae-93bb-551cd702810d,1565d2a6-955c-5488-b775-0a1c6077775d,DL-UM-40022,Primary,,2020-05-27T18:35:16Z,2020-08-11T18:38:31Z,5d53d710-ac3c-50b7-b051-bab4f4dc0f71,f2ffeac1-2983-5e8f-874a-f7bfe5e32d45
f5e21ae2-af25-51d3-9d48-e5fe6919ee0f,1565d2a6-955c-5488-b775-0a1c6077775d,GEO-UM-40022,Sensor1,V,2020-05-27T18:35:16Z,2020-08-11T18:38:31Z,5d53d710-ac3c-50b7-b051-bab4f4dc0f71,f2ffeac1-2983-5e8f-874a-f7bfe5e32d45
df9c81c1-3e23-5ff2-a307-92f9ffdefc4b,6036cb6d-204f-5816-aabf-dc5b582db61f,DL-BE-30016,Primary,,2020-06-01T19:27:55Z,2020-11-09T20:11:49Z,801bf57d-738a-5e6a-a5d7-32cf6d2de9ea,fa12f645-c6f2-584f-b728-eb8676d4101f
4bffd1cc-0023-5582-ae8a-e68d72462407,6036cb6d-204f-5816-aabf-dc5b582db61f,GEO-BG-30006,Sensor1,N,2020-06-01T19:27:55Z,2020-11-09T20:11:49Z,801bf57d-738a-5e6a-a5d7-32cf6d2de9ea,fa12f645-c6f2-584f-b728-eb8676d4101f
a044b736-f242-50b4-b275-97a8decffc25,b7baece3-25ca-5f46-918e-48a8e4f402f3,DL-BE-30028,Primary,,2020-06-02T18:12:46Z,2021-08-04T19:27:01Z,f48ac34e-b58c-5c3a-8a83-957a16b04c81,9e6ab3e1-21db-5144-a3d2-ad60ff07adf3
6bd74b07-050f-50cd-b3e7-a90e37af7631,7547de35-33c3-5b5e-aee4-22d1d8cd2996,DL-BE-30060,Primary,,2020-06-08T16:04:47Z,2021-04-12T17:31:21Z,01e8517d-4152-5173-a7f2-939ba717b96a,b1d485a6-711d-50aa-9adf-4822e7e60e16
c2ec0019-61ec-5076-9b7b-2c74ac179bfc,b661500c-f802-5781-a15e-5b952a29323e,DL-BE-30030,Primary,,2020-06-10T12:51:07Z,2021-04-26T21:30:20Z,38f0ba63-39ba-5bbe-8c2d-88970cbfe5c0,2e545c6e-7d9b-5023-9ad6-52f0ba7af66b
5e34ccd5-2533-56cd-8530-24e45b45a0ce,a0912392-4326-5845-9260-c44eab0e5e50,DL-UM-40023,Primary,,2020-06-10T13:56:41Z,2020-06-16T20:22:26Z,222233fb-1faf-5af8-81ab-48ec6654dede,23c31396-9c46-5ff1-bde4-64e1d3a0be29
c9b0d40d-6e91-5d8e-ac8f-ebdadcb4f109,a0912392-4326-5845-9260-c44eab0e5e50,GEO-UM-40023,Sensor1,E,2020-06-10T13:56:41Z,2020-06-16T20:22:26Z,222233fb-1faf-5af8-81ab-48ec6654dede,23c31396-9c46-5ff1-bde4-64e1d3a0be29
b67dde39-339e-5f7a-869c-abcdbaccc7e1,f800e688-1776-57a4-a856-d3904da89c65,DL-BE-30012,Primary,,2020-06-17T15:09:55Z,2021-04-06T17:40:38Z,c1f46c50-58e1-5cd7-aa1e-f71e1e90c3f8,7949f1dc-0119-580a-8a9c-f22a0176b6a1
e23dd8f6-6d54-5581-94d1-536ed4db66cc,f800e688-1776-57a4-a856-d3904da89c65,GEO-BG-30019,Sensor1,N,2020-06-17T15:09:55Z,2021-04-06T17:40:38Z,c1f46c50-58e1-5cd7-aa1e-f71e1e90c3f8,7949f1dc-0119-580a-8a9c-f22a0176b6a1
052e31e6-e264-5b64-9ef7-c8e5898eda70,59d14498-1299-55df-bddb-02e371971653,DL-BE-30034,Primary,,2020-06-23T12:42:04Z,2020-08-27T17:23:53Z,6803cec3-89c1-5913-8cff-32f23a7ad666,58c29525-acf2-5c90-999d-bfa166aaaa99
a0bef8c8-1ce9-5112-9e70-286268130f90,59d14498-1299-55df-bddb-02e371971653,GEO-BG-30024,Sensor1,BH,2020-06-23T12:42:04Z,2020-08-27T17:23:53Z,6803cec3-89c1-5913-8cff-32f23a7ad666,58c29525-acf2-5c90-999d-bfa166aaaa99
2898bf7f-41ae-5c1b-a05b-498bd91dd41d,59d14498-1299-55df-bddb-02e371971653,GEO-BG-30026,Sensor2,N,2020-06-23T12:42:04Z,2020-08-27T17:23:53Z,6803cec3-89c1-5913-8cff-32f23a7ad666,58c29525-acf2-5c90-999d-bfa166aaaa99
6b7b3ed6-210b-5bae-83ba-53e01969e51b,273c1ade-e305-5e8c-bef7-5a12201f40eb,DL-UM-40019,Primary,,2020-06-28T10:00:18Z,2020-08-15T15:42:09Z,3ef8f75a-5bb1-5180-9c6d-d55e4661a6a0,37d0d919-aa1c-5ede-851f-445b571e3ed3
e690f9f1-3140-5cb4-9f5b-8f5e955b407f,053b1f21-2221-5317-9031-5a0f830768f5,DL-D10-300001,Primary,,2020-06-28T20:25:30Z,2021-03-06T18:18:51Z,eb93afb5-37a8-5f56-9833-1120f1a0ae1a,50599fdb-973b-532d-980a-534a1f2626c4
701a8321-1c48-54e6-a3e2-1b5196d4a744,053b1f21-2221-5317-9031-5a0f830768f5,GEO-V12-400002,Sensor1,V,2020-06-28T20:25:30Z,2021-03-06T18:18:51Z,eb93afb5-37a8-5f56-9833-1120f1a0ae1a,50599fdb-973b-532d-980a-534a1f2626c4
8a926164-4e24-5a5d-9b85-7a0d7d96864a,053b1f21-2221-5317-9031-5a0f830768f5,SLM-S50-500002,Microphone,,2020-06-28T20:25:30Z,2021-03-06T18:18:51Z,eb93afb5-37a8-5f56-9833-1120f1a0ae1a,50599fdb-973b-532d-980a-534a1f2626c4
a0cb47c8-de16-5211-9821-c1409f0efa73,ae13c86e-59e2-5b91-a9d9-7de7453cb18b,DL-UM-40012,Primary,,2020-06-29T14:53:10Z,2021-04-05T19:50:26Z,b644b259-f190-5a2d-91a0-b2f50bc01a89,02f8f4ce-fb6c-50d8-b199-9f0c196e14b8
e8fc76b0-b539-5ece-89c1-5b7ac8ce8e24,ae13c86e-59e2-5b91-a9d9-7de7453cb18b,GEO-UM-40012,Sensor1,V,2020-06-29T14:53:10Z,2021-04-05T19:50:26Z,b644b259-f190-5a2d-91a0-b2f50bc01a89,02f8f4ce-fb6c-50d8-b199-9f0c196e14b8
03e4543d-57a4-55b8-9260-b888d199fec6,2fffefbc-4e64-5634-ac9d-dccc1bfe133e,DL-BE-30000,Primary,,2020-07-01T19:53:58Z,2020-11-04T11:19:44Z,21dab050-8b29-5168-a881-832521789d60,4ba76991-b5cf-5955-97f2-a583dac342d3
ac25a86f-4f68-5d54-8e41-2b0ae4bab6d6,fc4997c8-75c7-586d-b91b-c9c892e6126a,DL-UM-40024,Primary,,2020-07-03T17:48:30Z,2020-10-05T19:55:44Z,8a54f4bc-1827-5dcc-8f16-a970e8ea2507,77c60e40-8e33-5b31-989d-dfbeaed85ec2
bdc43178-5d74-5e11-8d87-eac452a5630b,ff1e9d90-3c79-5c8f-bd72-01fdb5830f0c,DL-BE-30036,Primary,,2020-07-09T16:43:53Z,2021-04-27T20:58:20Z,76935f89-4059-5841-8fe1-c45b68147bf1,542a6b0d-a02e-5671-8e10-723a187a3fb4
139e891e-d556-5e52-b91a-52953f3bbfc1,ff1e9d90-3c79-5c8f-bd72-01fdb5830f0c,GEO-BG-30030,Sensor1,BH,2020-07-09T16:43:53Z,2021-04-13T17:09:45Z,76935f89-4059-5841-8fe1-c45b68147bf1,a3e6d1a1-c122-5bdd-9016-2959b855d274
108b604d-9697-53d8-a58c-e1abe14ff1c7,ff1e9d90-3c79-5c8f-bd72-01fdb5830f0c,GEO-BG-30033,Sensor2,S,2020-07-09T16:43:53Z,2021-04-27T20:58:20Z,76935f89-4059-5841-8fe1-c45b68147bf1,542a6b0d-a02e-5671-8e10-723a187a3fb4
18038710-9ecc-5e6c-bf49-815ff387e000,f57cc016-513f-5553-8ebc-5a0bed33fbc9,DL-UM-40010,Primary,,2020-07-10T10:39:04Z,2021-10-04T21:07:29Z,b7473ec0-4e12-5bae-a2db-344aafb7dd54,323ea60b-d58e-5ac8-a72c-b1f0240ee385
ccf4ae33-a601-5232-9627-b9dfacc0faa5,f57cc016-513f-5553-8ebc-5a0bed33fbc9,GEO-UM-40010,Sensor1,E,2020-07-10T10:39:04Z,2021-10-04T21:07:29Z,b7473ec0-4e12-5bae-a2db-344aafb7dd54,323ea60b-d58e-5ac8-a72c-b1f0240ee385
a836cabb-d240-55bc-8472-44283547e483,7c5e9c4e-19b2-5a8a-97bd-9619f6ee6dd1,DL-UM-40026,Primary,,2020-07-15T20:39:06Z,2020-08-05T21:37:41Z,a3cad717-60fc-5b1f-8e8a-6689c1b044ad,b3917611-a87a-5b4d-ac51-0d8ca98c3730
426ffcdb-2e4a-52a5-a3c4-2950acf2b076,7c5e9c4e-19b2-5a8a-97bd-9619f6ee6dd1,GEO-UM-40026,Sensor1,BH,2020-07-15T20:39:06Z,2020-08-05T21:37:41Z,a3cad717-60fc-5b1f-8e8a-6689c1b044ad,b3917611-a87a-5b4d-ac51-0d8ca98c3730
5bf68d9f-54e7-5cbb-ba8f-53c326f8d7dd,89b7e83d-7247-5fb3-90ab-fb5f213c2faf,DL-UM-40025,Primary,,2020-07-16T14:30:28Z,2020-11-30T20:24:45Z,19c82da0-b779-5a19-9a29-e4e43f565e7f,ab35ace2-f12a-5273-8a32-e00458c058f7
b6650393-557d-5c08-ae0c-12b62351ddfd,89b7e83d-7247-5fb3-90ab-fb5f213c2faf,GEO-UM-40025,Sensor1,W,2020-07-16T14:30:28Z,2020-11-30T20:24:45Z,19c82da0-b779-5a19-9a29-e4e43f565e7f,ab35ace2-f12a-5273-8a32-e00458c058f7
b86c6e89-11bb-5da8-aaba-cca7d577ca7f,8613e3f8-f12e-5d8c-a3cf-712679c779e8,DL-BE-30042,Primary,,2020-07-20T15:07:18Z,2021-05-03T19:54:35Z,cfbbca87-8735-59f2-ab6b-e3fd4bd553d8,4585c587-3b80-53b8-9421-537b19dd0174
494b7c2b-1c0d-5579-9239-7a65f6738a57,95973460-9adb-5fe7-ba09-0bf2bb82b4c5,DL-UM-40001,Primary,,2020-07-20T15:14:26Z,2021-11-01T17:29:34Z,c43b913e-5133-5aaa-9bfa-7c18aa050880,2565f7d9-4d0a-532a-9641-f4a189e4c0f2
f5e8f507-cbd7-552d-8bba-0dacafc00e7b,95973460-9adb-5fe7-ba09-0bf2bb82b4c5,GEO-UM-40001,Sensor1,E,2020-07-20T15:14:26Z,2021-11-01T17:29:34Z,c43b913e-5133-5aaa-9bfa-7c18aa050880,2565f7d9-4d0a-532a-9641-f4a189e4c0f2
a0bdcab5-6d4e-597d-ab01-58adf9c16a51,3c04fd04-cb7f-5c2a-8e35-eeb5577cdddc,DL-UM-40023,Primary,,2020-07-22T14:48:18Z,2020-08-25T18:45:41Z,c9e93d73-09f5-5d93-9dde-bcec994d007a,814f3f76-139d-5733-8464-7e8d780dfdac
9b2ef4d5-3750-5999-8414-0dfddf24877f,3c04fd04-cb7f-5c2a-8e35-eeb5577cdddc,GEO-UM-40023,Sensor1,BH,2020-07-22T14:48:18Z,2020-08-25T18:45:41Z,c9e93d73-09f5-5d93-9dde-bcec994d007a,814f3f76-139d-5733-8464-7e8d780dfdac
324e40ec-012c-59e8-aedb-92a08d0c3d9d,b571e9b7-caf2-587f-9644-066363894976,DL-UM-40005,Primary,,2020-07-27T14:25:49Z,2021-04-19T18:03:54Z,c233c4f9-02c0-52d8-bb27-c22676cf7feb,4096aa94-472d-53a0-bb05-ed68ad259a31
7988a63e-1aba-5380-aa85-d2c3dcbbb835,b571e9b7-caf2-587f-9644-066363894976,SLM-UA-40000,Microphone,,2020-07-27T14:25:49Z,2021-04-19T18:03:54Z,c233c4f9-02c0-52d8-bb27-c22676cf7feb,4096aa94-472d-53a0-bb05-ed68ad259a31
e40161c9-1c0b-57b9-ba88-80e4ebc1b353,b571e9b7-caf2-587f-9644-066363894976,GEO-UM-40005,Sensor1,S,2020-07-27T14:25:49Z,2021-04-19T18:03:54Z,c233c4f9-02c0-52d8-bb27-c22676cf7feb,4096aa94-472d-53a0-bb05-ed68ad259a31
397a34e2-be9b-54e4-82b6-5bca9c1c0123,b571e9b7-caf2-587f-9644-066363894976,MDM-3000000003,Modem,,2020-07-27T14:25:49Z,2021-04-19T18:03:54Z,c233c4f9-02c0-52d8-bb27-c22676cf7feb,4096aa94-472d-53a0-bb05-ed68ad259a31
5a63ed75-e344-55c1-9628-5df3aa2f3ba3,3aa0550b-aa81-502e-aaee-3348d76e9cb5,DL-BE-30008,Primary,,2020-07-30T17:16:24Z,2021-03-15T17:02:50Z,60ad3cdb-3a8d-5c67-9b7d-1feca812f7e3,0b85962e-adff-53a0-b9fb-8846830d75d7
6e1f0fc6-ebf1-5125-ba16-6fbb02266e29,d0e716e8-8cb4-590c-8e1c-cf6589b6d926,DL-UM-40007,Primary,,2020-07-30T20:35:28Z,2020-08-10T19:17:40Z,e1ba89de-08a9-5674-92e3-6d2c1807fb03,8084cdbb-ab3e-5fa0-b298-fa5166f9259f
15b3472d-d7fa-588a-9379-ba0b2f6c4b6a,d8ead94c-691a-586f-9d68-ffcb74e28b5e,DL-UM-40002,Primary,,2020-07-31T11:09:13Z,2020-08-21T21:47:42Z,ed753e78-781d-5457-8e95-0a57acdb1cb9,ba366d4f-9644-5eb1-87e8-afcc3261508e
ae09aad9-80a8-5d50-8303-1beab7667880,d8ead94c-691a-586f-9d68-ffcb74e28b5e,MDM-3000000000,Modem,,2020-07-31T11:09:13Z,2020-08-21T21:47:42Z,ed753e78-781d-5457-8e95-0a57acdb1cb9,ba366d4f-9644-5eb1-87e8-afcc3261508e
b5fff880-79cc-5a77-9498-286bdf8d39d9,e70d622d-fbe7-55ce-8a50-90fc195c2ea2,DL-UM-40000,Primary,,2020-08-11T12:59:41Z,2021-10-25T20:14:29Z,a535c6a0-ffa2-58a5-a2bf-5442e73cbd1e,c099df5f-62ec-5db0-afd7-ddcb07844b4c
d6bfee0d-591a-5ce5-89f4-ea7d3c78dffb,e70d622d-fbe7-55ce-8a50-90fc195c2ea2,GEO-UM-40000,Sensor1,N,2020-08-11T12:59:41Z,2021-10-25T20:14:29Z,a535c6a0-ffa2-58a5-a2bf-5442e73cbd1e,c099df5f-62ec-5db0-afd7-ddcb07844b4c
cd1e4c8c-8882-5c81-87e2-87f66b6e8793,954cd572-d1e7-5086-ad2a-29266efbe7c3,DL-BE-30048,Primary,,2020-08-17T12:18:17Z,2021-08-30T17:27:49Z,f7f4e07d-9a1c-5da6-be55-8fa9ac0f779b,5be46668-b458-584d-9c5d-a997a7b52e88
383652d9-05ae-5487-bc6a-f3a0333816d4,88ae7196-7efc-5ae8-9de6-09678bfb6935,DL-UM-40022,Primary,,2020-08-20T13:02:58Z,2020-09-01T21:30:39Z,6a83a511-c6b3-5f39-b866-8746393511cc,406cf1d2-f590-5b58-979b-5f94001c6e4e
6eac17d9-3982-5020-b12e-1ccf33d03124,88ae7196-7efc-5ae8-9de6-09678bfb6935,GEO-UM-40022,Sensor1,H,2020-08-20T13:02:58Z,2020-09-01T21:30:39Z,6a83a511-c6b3-5f39-b866-8746393511cc,406cf1d2-f590-5b58-979b-5f94001c6e4e
1defe9aa-3e36-573c-a593-43a9f21dce7c,0cc6fcb7-4809-5d59-b8fd-a538ed0423cb,DL-BE-30049,Primary,,2020-08-20T19:02:18Z,2021-02-10T18:24:13Z,4fc6257b-bd10-55af-ad51-1735f01df4c0,442d9972-b32a-5893-9372-102c18d83023
b241fd2c-c132-5272-93de-22eb5f7c6fb7,dc1f424d-6b38-50d4-97ea-d90497b2585d,DL-BE-30039,Primary,,2020-08-27T13:53:06Z,2020-12-11T20:30:12Z,578b3eb7-42ce-5d6a-b59e-de06e85874fe,8bc3a78c-a98e-5f33-bfc7-8073cd79acad
0c578439-2734-57d7-8002-5dbf2802daa4,52b6760d-0d6e-54a6-9ae2-b5137d32968c,DL-UM-40026,Primary,,2020-09-04T17:23:01Z,2020-10-06T21:12:48Z,5dc8418f-6c42-5ddc-8cfc-1f618d9e6774,ffa07995-9f67-5622-a936-98d61e7443d8
cfd84d2b-2b38-514a-a335-e5ae04ae4c4b,52b6760d-0d6e-54a6-9ae2-b5137d32968c,GEO-UM-40026,Sensor1,E,2020-09-04T17:23:01Z,2020-10-06T21:12:48Z,5dc8418f-6c42-5ddc-8cfc-1f618d9e6774,ffa07995-9f67-5622-a936-98d61e7443d8
31d2d0d5-2d06-50f5-8bcf-d40e09b8a82a,089ce817-87ce-518d-a177-3a3bb1df906e,DL-UM-40023,Primary,,2020-09-06T13:48:02Z,2020-10-29T21:50:30Z,7ac3f2b4-70da-58b8-99b8-5bb6040bd55f,bfa05adc-4970-5a2d-a189-8fabbbf017e2
8502e74f-99c4-532b-a22c-b0a3c896e14e,089ce817-87ce-518d-a177-3a3bb1df906e,GEO-UM-40023,Sensor1,E,2020-09-06T13:48:02Z,2020-10-12T20:42:45Z,7ac3f2b4-70da-58b8-99b8-5bb6040bd55f,d65780b1-fc24-5188-bdca-70db3fa2bbc8
c62ecad3-f8cc-5417-9361-012d62626e2b,69bda209-0e8a-5d24-a9e2-1c069da7074b,DL-BE-30033,Primary,,2020-09-07T14:23:35Z,2021-04-28T21:07:38Z,ae038807-9e2a-5864-aeee-c0ae3723f1b7,3e144167-7507-5072-b366-7851337b6b6d
77f0efb4-26d1-5f7d-b5ea-19202c9c00e6,b95a8bd7-cc91-51f6-b5b2-ee47cce2089c,DL-UM-40007,Primary,,2020-09-10T18:49:04Z,2021-09-16T17:00:54Z,79eddd24-6b06-5dbb-a85d-3f268e0acf62,6f96db8f-0b22-511b-9572-06d20fd05e78
d9be5690-dc5c-5ee3-af3f-db68fca6432c,ccd0d7d3-3b0d-5753-a24c-5a0ad4d38ffe,DL-UM-40011,Primary,,2020-09-11T14:46:25Z,2021-03-08T22:31:04Z,3601e831-997a-504f-9ab7-ab127879bfdb,7250addf-1157-566b-a327-87f204641bb9
e5e75c6c-375f-5322-ba64-307dafa73445,ccd0d7d3-3b0d-5753-a24c-5a0ad4d38ffe,MDM-3000000009,Modem,,2020-09-11T14:46:25Z,2021-03-08T22:31:04Z,3601e831-997a-504f-9ab7-ab127879bfdb,7250addf-1157-566b-a327-87f204641bb9
fc95b239-e6cd-5ef0-b76c-bf0904ecbbdb,19a80d46-de3b-5243-896a-dca1bac8883a,DL-UM-40006,Primary,,2020-09-14T19:16:07Z,2021-09-13T23:23:15Z,205aaace-e836-5105-932b-d95d0358141c,3440ffb3-70c7-540a-b5d1-15e0b95bb969
e6635a64-bd15-5c2c-a1ca-73fd26e8ef37,19a80d46-de3b-5243-896a-dca1bac8883a,GEO-UM-40006,Sensor1,S,2020-09-14T19:16:07Z,2021-09-13T23:23:15Z,205aaace-e836-5105-932b-d95d0358141c,3440ffb3-70c7-540a-b5d1-15e0b95bb969
b3ba8e1a-4ed5-5cbe-87ac-e53dda3ad835,1f07979e-1d7f-52c2-b368-79a45dc29888,DL-BE-30051,Primary,,2020-09-14T18:04:51Z,2021-01-26T20:56:55Z,c634cbce-060c-5960-bd44-4cd6531be7ce,6a605ef8-c8d6-542b-b60c-c69865a0868e
aa52b7c4-42c3-528e-b059-a0d4bb4de5f1,1f07979e-1d7f-52c2-b368-79a45dc29888,GEO-BG-30032,Sensor1,W,2020-09-14T18:04:51Z,2021-01-26T20:56:55Z,c634cbce-060c-5960-bd44-4cd6531be7ce,6a605ef8-c8d6-542b-b60c-c69865a0868e
3ac28f9e-59df-5e54-b4ab-93eebc7dd534,c303fa52-3f71-5e0d-ad55-c5810ee5bbde,DL-UM-40002,Primary,,2020-09-14T23:15:18Z,2021-01-05T20:16:12Z,0d5bd9b5-9dc5-5add-b994-e8225e32d0e3,bb17c5ba-773a-5bd6-af11-71fde7bcb510
f66239ef-6415-5e45-b843-77e28cca15a2,c303fa52-3f71-5e0d-ad55-c5810ee5bbde,MDM-3000000000,Modem,,2020-09-14T23:15:18Z,2021-01-05T20:16:12Z,0d5bd9b5-9dc5-5add-b994-e8225e32d0e3,bb17c5ba-773a-5bd6-af11-71fde7bcb510
031eea91-55bb-5e73-81ce-abe3f70ace76,137bde32-83c9-512a-b739-4c74203c1b28,DL-BE-30034,Primary,,2020-09-14T12:32:20Z,2020-11-02T21:17:51Z,40c1017e-090e-5006-94c5-e22230123198,396a3e29-d503-5be4-8a2b-54b2f49d5ada
ba92cbb0-c1d7-5326-89e9-5a6c16b5902e,137bde32-83c9-512a-b739-4c74203c1b28,GEO-BG-30024,Sensor1,N,2020-09-14T12:32:20Z,2020-11-02T21:17:51Z,40c1017e-090e-5006-94c5-e22230123198,396a3e29-d503-5be4-8a2b-54b2f49d5ada
a93e4931-0366-570c-af7b-b04549f50e0a,231c0f5e-7c79-5efa-b149-ae886421a2fd,DL-BE-30017,Primary,,2020-09-18T20:18:38Z,2021-12-27T19:39:42Z,d2a04702-9d29-5722-aa16-63485722cbb6,e824823f-efb3-5ae4-aca1-0d3dde7b5ade
9ea15cc2-c459-52fe-84a2-abf65fa63747,231c0f5e-7c79-5efa-b149-ae886421a2fd,GEO-BG-30018,Sensor1,BH,2020-09-18T20:18:38Z,2021-11-19T18:56:06Z,d2a04702-9d29-5722-aa16-63485722cbb6,322def3d-d464-5a50-92b1-78f7796493ba
6eba538d-d567-5626-a702-fade5e121dac,b4877d11-3324-5634-97f3-0179b87459e6,DL-UM-40019,Primary,,2020-09-23T15:21:45Z,2020-10-01T18:39:04Z,2643228a-630a-511c-8a08-d49efb627e2a,f91dc3e9-c11a-5672-b220-f8ad62c180a6
0febbc00-fa89-513a-aff4-66aef4d0d326,b4877d11-3324-5634-97f3-0179b87459e6,GEO-UM-40019,Sensor1,N,2020-09-23T15:21:45Z,2020-10-01T18:39:04Z,2643228a-630a-511c-8a08-d49efb627e2a,f91dc3e9-c11a-5672-b220-f8ad62c180a6
8bd3cd89-4cf5-5dce-9110-74b0b726b61d,31c896d9-3a1b-5067-93a6-a61d2b1db97a,DL-BE-30058,Primary,,2020-09-24T17:09:11Z,2021-04-01T21:28:14Z,528d1018-9888-56a8-b4c0-26d6ecc6fcaf,8de12518-a881-5f7f-9421-ca3d441d9ed6
755a567f-4923-57da-b289-dab4d388b6ac,10a5b6f3-59e9-5e8d-bd45-01ab26a1d04b,DL-UM-40009,Primary,,2020-10-01T14:00:40Z,2021-10-30T18:38:05Z,09245279-1395-5e3e-b59c-d5432d40f728,0b99d85f-0e73-5330-abb0-3dde8f5b0b75
1ad5d26a-58ab-52d1-a525-903d7236c17a,10a5b6f3-59e9-5e8d-bd45-01ab26a1d04b,GEO-UM-40009,Sensor1,S,2020-10-01T14:00:40Z,2021-10-30T18:38:05Z,09245279-1395-5e3e-b59c-d5432d40f728,0b99d85f-0e73-5330-abb0-3dde8f5b0b75
7ce3c4ca-56db-507b-8229-a09bbefc7f47,10a5b6f3-59e9-5e8d-bd45-01ab26a1d04b,MDM-3000000001,Modem,,2020-10-01T14:00:40Z,2021-10-30T18:38:05Z,09245279-1395-5e3e-b59c-d5432d40f728,0b99d85f-0e73-5330-abb0-3dde8f5b0b75
37d27e65-acf1-536c-b098-3e018e0eaa84,9be69a3c-572a-5c8d-b2f3-da7b7b730ee6,DL-UM-40022,Primary,,2020-10-06T19:27:17Z,2020-11-01T18:05:25Z,72d6a70b-a709-5625-a729-79d578df5999,f0c45d12-709c-5b22-94ca-30b632baebf3
80e515dc-67c3-5522-a514-a61812a091eb,9be69a3c-572a-5c8d-b2f3-da7b7b730ee6,GEO-UM-40022,Sensor1,BH,2020-10-06T19:27:17Z,2020-11-01T18:05:25Z,72d6a70b-a709-5625-a729-79d578df5999,f0c45d12-709c-5b22-94ca-30b632baebf3
73d2097f-f880-5224-b6f4-bbee89604b00,d5cce8dc-8d52-530c-9899-26d50dfdb24e,DL-UM-40027,Primary,,2020-10-08T17:53:30Z,2021-01-08T11:16:34Z,f76789e8-c30b-533b-8ff0-81a5913d3b56,ba75b348-ebf9-5199-af57-d2cfd9a901e2
6e0455d2-157f-5129-85fe-0ef0409fc095,d5cce8dc-8d52-530c-9899-26d50dfdb24e,GEO-UM-40027,Sensor1,BH,2020-10-08T17:53:30Z,2021-01-08T11:16:34Z,f76789e8-c30b-533b-8ff0-81a5913d3b56,ba75b348-ebf9-5199-af57-d2cfd9a901e2
c4ea0faa-46df-57f2-81c7-a33f82787efd,eb795ae8-d014-5d6b-8db8-e44be2297b30,DL-UM-40019,Primary,,2020-10-09T17:55:35Z,2020-11-24T20:39:14Z,ce55949d-03db-5f9d-8d60-ee8e0874084b,3a1865f1-a956-5af1-a20f-cea653b8771c
670b677c-3656-5d7e-8959-964b4c55b888,eb795ae8-d014-5d6b-8db8-e44be2297b30,GEO-UM-40019,Sensor1,N,2020-10-09T17:55:35Z,2020-11-24T20:39:14Z,ce55949d-03db-5f9d-8d60-ee8e0874084b,3a1865f1-a956-5af1-a20f-cea653b8771c
04c03c31-8945-5bec-8f64-45e277b469d4,6ff4c223-1dba-5770-a6eb-a2131e94c02d,DL-BE-30019,Primary,,2020-10-13T21:33:50Z,2021-05-21T18:11:31Z,8d298693-5227-51a0-8744-f67dd4135171,2c894adc-7300-5663-9ec7-75f49b255e10
72bd7211-8098-5b6f-88ea-92b4aaa458ed,93a9e685-7843-5478-a677-542bb7a810be,DL-BE-30027,Primary,,2020-10-17T18:19:53Z,2021-04-19T19:51:33Z,10f08c2a-7818-5fa2-819a-cd3c17eceb30,b9857004-0132-579b-a278-ea289e6e0942
82489e55-f900-5ee6-a18c-646537dbaf1d,2829cf01-bcc1-557c-831f-e8ae48563b98,DL-UM-40003,Primary,,2020-10-20T14:20:41Z,2021-06-16T21:53:29Z,c2191458-a3f9-5174-8be1-29e4eead057c,53bee3d7-0006-53a9-99a7-3a4835a9444c
fd201f6b-46ae-5919-b7d2-1b848f7f46b0,2829cf01-bcc1-557c-831f-e8ae48563b98,GEO-UM-40003,Sensor1,S,2020-10-20T14:20:41Z,2021-06-16T21:53:29Z,c2191458-a3f9-5174-8be1-29e4eead057c,53bee3d7-0006-53a9-99a7-3a4835a9444c
aeee33b3-22f6-50e3-9622-05f1ed4a1fb2,2829cf01-bcc1-557c-831f-e8ae48563b98,MDM-3000000006,Modem,,2020-10-20T14:20:41Z,2021-06-16T21:53:29Z,c2191458-a3f9-5174-8be1-29e4eead057c,53bee3d7-0006-53a9-99a7-3a4835a9444c
672fd5cc-0417-56f4-8a48-21baa4438d40,bbdb5677-78f9-5db7-9601-6874a36c6c36,DL-BE-30032,Primary,,2020-10-22T15:02:10Z,2020-11-13T20:35:34Z,7246a515-e4ea-5645-b9bb-796ca5de55ba,f80cf2b1-23da-5f1a-b30c-9e7f8e351fa2
62c64d53-fb77-581b-b819-78d611e3c7ca,9229930e-c3fc-586a-a908-cfaa28bc89f8,DL-UM-40014,Primary,,2020-10-22T15:47:29Z,2021-06-28T20:41:57Z,0e379c7e-4f46-5cd1-a649-a5566f646d5f,5386fe1e-adc0-5974-bd15-8dd9c321892d
1498ea1a-3c8c-5149-a019-170ed7f15204,6f71f062-1e0d-574f-850c-b59a92db4d9b,DL-BE-30050,Primary,,2020-10-22T14:04:03Z,2021-03-19T17:18:17Z,776e625b-5895-53e0-bc96-28022ea65cc7,5b7da4ab-c8e3-52e0-a55a-bebd29f3f068
a8f49795-7b68-5077-8ebe-cff83c6ccd51,ba0f9e04-96f2-5096-b3c9-01d9baba9fda,DL-BE-30035,Primary,,2020-10-23T19:07:37Z,2021-06-25T18:03:31Z,38bba328-06d8-5583-9cb8-9ac89ff22653,b8200f07-d73a-53ed-934e-23953c3767bf
8a9ec180-16fa-51c6-b559-fdbac4098042,0ca6e932-ffa2-5b26-95c1-efa0d39990c4,DL-UM-40028,Primary,,2020-10-30T21:48:19Z,2020-11-23T20:17:26Z,600dde7c-841b-5b1f-9c2a-8311100dabe0,6516ad08-191e-5a17-beb5-966d2d320fb4
d0d0599c-eabf-5cf7-b25d-79ab9c0a413e,0ca6e932-ffa2-5b26-95c1-efa0d39990c4,GEO-UM-40028,Sensor1,V,2020-10-30T21:48:19Z,2020-11-23T20:17:26Z,600dde7c-841b-5b1f-9c2a-8311100dabe0,6516ad08-191e-5a17-beb5-966d2d320fb4
d0578481-a61e-5f5d-932f-0b2a8c368a50,ae7891a9-d807-5f84-82a5-bb24c109600f,DL-UM-40026,Primary,,2020-11-02T19:41:54Z,2021-09-28T21:12:35Z,bdc67384-b304-5bf5-ae9e-242607388052,3cf887ff-201a-5984-8635-cafad432ad7e
a2510b3f-97e4-55a1-9a17-100fa5d6b617,ae7891a9-d807-5f84-82a5-bb24c109600f,GEO-UM-40026,Sensor1,S,2020-11-02T19:41:54Z,2021-09-28T21:12:35Z,bdc67384-b304-5bf5-ae9e-242607388052,3cf887ff-201a-5984-8635-cafad432ad7e
a766e485-2e06-5d0d-ba1e-58fc61879b6e,8d23cc9a-1195-525b-a597-f0b3adab3696,DL-UM-40022,Primary,,2020-11-09T23:51:22Z,2020-11-23T18:36:09Z,888b21db-712a-578c-b11e-36d6c17342a6,1e61de22-b633-59cb-b7c3-75c14078e4d1
467bef98-5e70-51bd-b008-c2712f66bed6,8d23cc9a-1195-525b-a597-f0b3adab3696,GEO-UM-40022,Sensor1,W,2020-11-09T23:51:22Z,2020-11-23T18:36:09Z,888b21db-712a-578c-b11e-36d6c17342a6,1e61de22-b633-59cb-b7c3-75c14078e4d1
3c3008e2-3061-5b23-baa9-eb82caf96b0c,74148a42-8041-5bc5-bb17-66724b0b541c,DL-BE-30020,Primary,,2020-11-16T20:29:12Z,2021-02-22T21:56:13Z,0f01c7c4-fc4e-5b0f-a2a9-5593514f7133,18f1105d-24ce-530d-827f-d47f4334e02e
bee49696-9b89-5fd7-927d-40275b500060,74148a42-8041-5bc5-bb17-66724b0b541c,GEO-BG-30022,Sensor1,H,2020-11-16T20:29:12Z,2021-02-22T21:56:13Z,0f01c7c4-fc4e-5b0f-a2a9-5593514f7133,18f1105d-24ce-530d-827f-d47f4334e02e
b0e0a908-1411-5678-aac1-cedd11bd3090,74148a42-8041-5bc5-bb17-66724b0b541c,GEO-BG-30023,Sensor2,S,2020-11-16T20:29:12Z,2021-02-22T21:56:13Z,0f01c7c4-fc4e-5b0f-a2a9-5593514f7133,18f1105d-24ce-530d-827f-d47f4334e02e
9c1b82b4-0c95-5952-ba8f-30d6b57256de,6b917c7a-c08e-5fc0-b728-cff6243f3cfc,DL-BE-30010,Primary,,2020-11-18T01:46:07Z,2021-08-08T20:38:26Z,35701a95-8252-56c6-bf20-edcacc3b7b56,4a512bcf-4811-56ac-9a77-d2fe3f46c580
c5af75d4-2cd3-5d19-b17f-f6e22e1b1e59,6b917c7a-c08e-5fc0-b728-cff6243f3cfc,GEO-BG-30010,Sensor1,H,2020-11-18T01:46:07Z,2021-08-08T20:38:26Z,35701a95-8252-56c6-bf20-edcacc3b7b56,4a512bcf-4811-56ac-9a77-d2fe3f46c580
1fa891e2-4335-52dc-afe7-cc4960c0f705,055df577-071e-5fb2-8a54-1a65561d73db,DL-BE-30015,Primary,,2020-11-18T21:58:34Z,2021-07-05T17:30:37Z,1bbf8ceb-6931-5b93-b000-7068c395fc5f,5bfc404d-cf56-548a-819b-44abe9e22630
0b924164-0767-540a-8314-ba78bf4c5d62,055df577-071e-5fb2-8a54-1a65561d73db,GEO-BG-30013,Sensor1,N,2020-11-18T21:58:34Z,2021-07-05T17:30:37Z,1bbf8ceb-6931-5b93-b000-7068c395fc5f,5bfc404d-cf56-548a-819b-44abe9e22630
5b1ccf29-da7b-5770-8c94-a2bced8f6059,d4d879a9-6882-5092-ad88-02964eba6a8a,DL-UM-40023,Primary,,2020-11-22T16:32:58Z,2021-01-03T22:48:20Z,ecb8f462-1247-5083-95c3-c94d14129777,f9da2e95-291b-5748-aa87-fccb162dd3aa
c6f78813-787e-5402-bef8-c38b44c062dd,d4d879a9-6882-5092-ad88-02964eba6a8a,GEO-UM-40023,Sensor1,E,2020-11-22T16:32:58Z,2021-01-03T22:48:20Z,ecb8f462-1247-5083-95c3-c94d14129777,f9da2e95-291b-5748-aa87-fccb162dd3aa
82c0f296-6b8f-5b48-94e0-651fca40a630,306f989e-06da-5eab-854e-e35c0563a530,DL-UM-40024,Primary,,2020-11-23T14:49:24Z,2021-12-06T20:13:26Z,24f39b9f-61dd-543c-8ca0-9f9599354e24,0a36aff9-4b8e-5d02-ae1d-31839377e997
e2c6b054-3216-53c0-82b4-3e895c7a38e0,306f989e-06da-5eab-854e-e35c0563a530,GEO-UM-40024,Sensor1,E,2020-11-23T14:49:24Z,2021-11-24T21:57:26Z,24f39b9f-61dd-543c-8ca0-9f9599354e24,f72a714a-e5a8-59c1-a020-d896f6838f82
a8a28141-3c12-55a2-94b3-449aebd68725,f20b5e84-d21d-54fc-bb0c-0ffe6887d5cc,DL-UM-40029,Primary,,2020-11-23T16:11:08Z,2021-04-05T17:54:44Z,e0eea80e-c26a-5fa7-a465-5a9e7332fb58,41bc86d1-9387-58b8-80f9-0d276d415aca
2961d536-6753-56e8-a626-e4865c766337,f20b5e84-d21d-54fc-bb0c-0ffe6887d5cc,GEO-UM-40029,Sensor1,H,2020-11-23T16:11:08Z,2021-04-05T17:54:44Z,e0eea80e-c26a-5fa7-a465-5a9e7332fb58,41bc86d1-9387-58b8-80f9-0d276d415aca
f34c6f1b-7d95-52b6-939e-06b26884a5e7,1e20fb42-184d-5112-a52d-9d4c0de4a718,DL-UM-40016,Primary,,2020-11-23T18:50:53Z,2021-01-26T20:16:31Z,33fbc350-4618-5344-b8eb-f79d6e3321e1,3e672a2e-ce1e-540b-abff-ba0285a27002
48c89a7a-47c8-58fe-834d-d4e016f54e30,1e20fb42-184d-5112-a52d-9d4c0de4a718,GEO-UM-40016,Sensor1,S,2020-11-23T18:50:53Z,2021-01-26T20:16:31Z,33fbc350-4618-5344-b8eb-f79d6e3321e1,3e672a2e-ce1e-540b-abff-ba0285a27002
e35b904d-3882-5464-b45d-931ddd8623bf,742fbc1d-3ff6-563e-b40a-47139c4dec51,DL-BE-30023,Primary,,2020-11-25T19:16:04Z,2021-07-26T19:51:07Z,38918438-7cb4-5c32-aea9-7eb39e7fb91d,c852b5ed-549a-5276-8c44-33febfdea07c
dd705d03-f580-575d-a16b-4cbc1dcfc0a2,742fbc1d-3ff6-563e-b40a-47139c4dec51,GEO-BG-30027,Sensor1,H,2020-11-25T19:16:04Z,2021-07-26T19:51:07Z,38918438-7cb4-5c32-aea9-7eb39e7fb91d,c852b5ed-549a-5276-8c44-33febfdea07c
82708bd2-208d-5910-aa28-a4dde85975a6,f4f0e364-add0-5168-8aed-2666ad7f35d6,DL-BE-30021,Primary,,2020-11-30T18:35:52Z,2022-04-15T17:03:17Z,be2e9d08-36c6-5eb8-975f-9356f7f1c6ce,a37d813b-d884-5926-8dd1-6c0a71f5d935
0670a659-3b3e-56a6-8438-f036c5ce0589,27ae43f6-7b42-52ff-9503-7537d8ce8931,DL-BE-30045,Primary,,2020-11-30T22:58:43Z,2021-01-25T21:57:54Z,5186a014-eed7-5c72-a376-c72c741a5cdc,787d07dc-0a0d-5b29-9095-3afa2a391024
f8025951-4f3b-5a50-8a57-156c626c2906,693b971e-9b0a-5eff-97ee-ed88e2339609,DL-D10-300002,Primary,,2020-12-02T21:14:37Z,2020-12-28T18:05:14Z,94c21405-e661-5b25-ba5a-dcff48f0caba,1a26816f-408a-58e5-8327-ae41b2150f05
37009cb8-4ba6-511e-b052-d0af34a5c192,693b971e-9b0a-5eff-97ee-ed88e2339609,GEO-C22-450000,Sensor1,V,2020-12-02T21:14:37Z,2020-12-28T18:05:14Z,94c21405-e661-5b25-ba5a-dcff48f0caba,1a26816f-408a-58e5-8327-ae41b2150f05
866a4d77-cc85-5094-a9f5-843976640ac9,693b971e-9b0a-5eff-97ee-ed88e2339609,GEO-C22-450001,Sensor2,BH,2020-12-02T21:14:37Z,2020-12-28T18:05:14Z,94c21405-e661-5b25-ba5a-dcff48f0caba,1a26816f-408a-58e5-8327-ae41b2150f05
173fe1b6-9c04-5204-9929-1f157ab51b48,693b971e-9b0a-5eff-97ee-ed88e2339609,GEO-V12-400008,Sensor3,E,2020-12-02T21:14:37Z,2020-12-28T18:05:14Z,94c21405-e661-5b25-ba5a-dcff48f0caba,1a26816f-408a-58e5-8327-ae41b2150f05
d80b5f0f-3568-5363-96c4-5fe4eed6cf50,6b44de49-8bce-56d4-91bd-e1e9b1686229,DL-BE-30037,Primary,,2020-12-02T16:18:50Z,2021-11-22T21:46:55Z,8dec7139-8d9b-5924-aa99-109933e2e8c9,4d69e777-09f4-5416-8134-5fbdb41193e1
da0f722a-8339-5808-b3dd-dfaf7a0cc6ea,7ed38b1a-40a7-5c0c-8127-34c23a25161e,DL-D10-300003,Primary,,2020-12-02T18:46:03Z,2020-12-14T19:00:24Z,5e14d6d1-141f-5d51-9026-c5beae3dbb2d,aa5fca30-a84c-5e8b-ab32-72bdf8e6d324
092c7258-53d4-5277-82d6-e47982cda43a,7ed38b1a-40a7-5c0c-8127-34c23a25161e,GEO-V12-400000,Sensor1,BH,2020-12-02T18:46:03Z,2020-12-14T19:00:24Z,5e14d6d1-141f-5d51-9026-c5beae3dbb2d,aa5fca30-a84c-5e8b-ab32-72bdf8e6d324
67b766de-f907-5634-adcf-c603c00b6d93,c407a953-e9ab-55af-b289-6b0be4c377b6,DL-BE-30000,Primary,,2020-12-03T13:53:26Z,2022-03-16T20:01:06Z,b7bd4e50-6b59-5b8f-8238-af548b3f267b,793a2f70-1db7-5652-88b0-00eb2344727d
fb2e3aa4-f35b-53b0-901c-43a835667786,c407a953-e9ab-55af-b289-6b0be4c377b6,GEO-BG-30007,Sensor1,E,2020-12-03T13:53:26Z,2022-02-03T21:13:14Z,b7bd4e50-6b59-5b8f-8238-af548b3f267b,e067b9b7-b936-51e3-93f3-86a767ed181d
f81382e4-272b-5052-b965-b993defc332a,d7aac2b6-6e61-5667-b12a-ab274562e6fb,DL-UM-40022,Primary,,2020-12-07T15:40:58Z,2020-12-24T19:03:26Z,5b98eb6d-329d-5c41-a672-62657a162c23,b1c065d8-6abc-5ac0-bed1-8bc6a4117b95
a3d4d3f9-020f-5d97-8fa8-86e2e23953bb,d7aac2b6-6e61-5667-b12a-ab274562e6fb,GEO-UM-40022,Sensor1,E,2020-12-07T15:40:58Z,2020-12-24T19:03:26Z,5b98eb6d-329d-5c41-a672-62657a162c23,b1c065d8-6abc-5ac0-bed1-8bc6a4117b95
14ec3a72-b371-5406-9bcc-2ce186e634e0,5eda2c64-2a2a-5bbe-813d-c3bb865c13ee,DL-BE-30034,Primary,,2020-12-08T16:07:41Z,2021-05-17T17:00:57Z,334e9249-c893-5e8a-8097-4ead8e0e36e9,be8f908c-741d-58ec-973f-709ba0ddc2b0
f85ac82c-b1e9-5ab7-a2e2-7220a5fd775c,5eda2c64-2a2a-5bbe-813d-c3bb865c13ee,GEO-BG-30026,Sensor1,H,2020-12-08T16:07:41Z,2021-05-17T17:00:57Z,334e9249-c893-5e8a-8097-4ead8e0e36e9,be8f908c-741d-58ec-973f-709ba0ddc2b0
40a99191-ae44-5000-abe2-5a3e9f656751,f04f0c56-afe7-5418-9236-44d7c41c1f53,DL-UM-40025,Primary,,2020-12-11T17:17:22Z,2021-04-13T17:43:12Z,585af6a6-8a3b-52e2-b4ea-2754302edb67,73939a9d-1a72-5666-848b-a914058ecbb0
2c921105-a8d7-5e93-a940-d9e4d049761d,f04f0c56-afe7-5418-9236-44d7c41c1f53,GEO-UM-40025,Sensor1,E,2020-12-11T17:17:22Z,2021-04-13T17:43:12Z,585af6a6-8a3b-52e2-b4ea-2754302edb67,73939a9d-1a72-5666-848b-a914058ecbb0
5ad906f2-6e4b-5cff-9bb9-f2a41906e320,51c98c8c-be2e-5ab4-990a-1218e4a96e2c,DL-BE-30038,Primary,,2020-12-15T16:00:50Z,2021-08-10T21:02:11Z,a6345a26-c821-5f18-bb5e-8aaa214695d2,9ac1e88a-f9ca-5592-91ed-4176a9b1d4ce
53b023d8-25fe-5a4d-ab0c-df5a7e830c07,495e6807-7846-5586-8eda-3789b0b49dae,DL-D10-300004,Primary,,2020-12-15T19:57:18Z,2021-10-15T20:14:02Z,81a49b81-5734-5966-8a0c-0020e492e2a1,9488b8d7-1d62-5abb-a647-f7fdc74e893d
c105c6b6-9fd0-56dd-b57a-f7b762868738,495e6807-7846-5586-8eda-3789b0b49dae,GEO-V12-400009,Sensor1,H,2020-12-15T19:57:18Z,2021-10-15T20:14:02Z,81a49b81-5734-5966-8a0c-0020e492e2a1,9488b8d7-1d62-5abb-a647-f7fdc74e893d
e335ac0e-531a-5128-9fe6-246535c3cd3e,61b35f7b-1d57-5523-b63e-2353450cd853,DL-BE-30032,Primary,,2020-12-15T20:27:11Z,2021-12-22T18:53:52Z,61a2d502-8029-5c62-94e5-0b8a8272a0d1,dd208973-041b-5cfd-b972-9a8b73569906
d8d46ebe-9209-5615-b87c-cccc1beccdf7,97e8fbaa-506b-551a-8ff9-4fdb740bac20,DL-UM-40019,Primary,,2020-12-16T20:41:31Z,2021-02-24T22:17:11Z,7f5f1302-8548-5765-a976-c78bc7a3223e,e3ece711-914c-582c-a1c8-1214c7c174cf
53a6a530-8628-57fc-9633-2da015b1dcb5,83a666a8-bdd5-5343-9512-830f1c927d68,DL-UM-40028,Primary,,2020-12-17T19:00:58Z,2021-01-25T20:26:03Z,4f7dcd7a-7603-52d1-84e4-fdeb2282b16e,41e8ccaa-4719-5f4c-9c9e-8e87fb92c6ec
8e28a998-70ec-56ab-9536-be443ffa82c4,83a666a8-bdd5-5343-9512-830f1c927d68,GEO-UM-40028,Sensor1,S,2020-12-17T19:00:58Z,2021-01-25T20:26:03Z,4f7dcd7a-7603-52d1-84e4-fdeb2282b16e,41e8ccaa-4719-5f4c-9c9e-8e87fb92c6ec
0eb57501-e06e-59b3-b6d4-b52bec0cd263,b355b1cd-4013-50f9-ba14-105bbbabd770,DL-BE-30061,Primary,,2020-12-19T20:31:57Z,2020-12-24T19:32:42Z,bd8dbcbe-8a07-5cf3-af9e-306a553e4704,07613b01-08a6-570c-9483-176d8332ed9d
431ccfaa-61e3-5a20-8903-f0f49e782edb,b9d4ede6-8021-5c2a-9a6d-fc75799b1a77,DL-BE-30006,Primary,,2020-12-20T21:39:46Z,2021-01-25T22:19:31Z,a2811d2d-b85b-5fc2-9e99-7fe07fe58ecb,7051954c-a3b3-5189-bb1b-759d791c6975
8e8ec480-ee6f-5edd-96ba-5097bd21b235,be9b680a-ba83-5007-8086-749ba7d8cc57,DL-D10-300003,Primary,,2020-12-21T19:05:47Z,2021-04-02T20:44:37Z,67b1d60a-0147-501e-9a72-5ed54956ab6a,7426cc84-f5fe-5ecf-ba0e-e8f1bfe92adb
e12f4972-3f4f-5c32-9d3e-6ef93980e00b,be9b680a-ba83-5007-8086-749ba7d8cc57,GEO-V12-400000,Sensor1,N,2020-12-21T19:05:47Z,2021-03-04T18:30:36Z,67b1d60a-0147-501e-9a72-5ed54956ab6a,883dc3ee-0d34-55f8-92c7-3e2b8ac56bfa
9f451420-c641-5fd1-9a85-3d2e900df8a7,bc12e4a5-5bcb-540c-b8ec-c1db6f014c98,DL-BE-30039,Primary,,2020-12-21T18:28:55Z,2021-09-06T18:05:39Z,7b4ca667-ad89-5c0a-a7e7-657d6f8b798e,9844ba4f-d2c2-57ca-9b91-ada6aa85a26c
5f624493-d686-5e91-9353-07a0784bbe21,a695a28d-5c01-574f-b11b-02c5874d38d6,DL-D10-300005,Primary,,2020-12-22T22:01:24Z,2022-06-03T17:22:33Z,b28454e4-7db4-5d8c-8b80-2634e2b7b01e,e98f9056-9335-5fbc-adcd-beb4be7c1af0
98a5002c-0c83-5924-bedc-de968dbc3ddd,a695a28d-5c01-574f-b11b-02c5874d38d6,GEO-V12-400003,Sensor1,W,2020-12-22T22:01:24Z,2022-06-03T17:22:33Z,b28454e4-7db4-5d8c-8b80-2634e2b7b01e,e98f9056-9335-5fbc-adcd-beb4be7c1af0
6b60392b-2b09-5303-ad47-47426145fe73,6597bc33-b81e-57bc-b385-4354eeff07c7,DL-BE-30016,Primary,,2020-12-25T18:16:52Z,2022-06-02T18:06:24Z,185562b8-743f-5dcc-8eb4-1bc3a3a17980,98c94a3b-f1df-5d51-af30-13cdc0be26c8
0406d6d6-3d4f-5487-9639-1be669208171,6597bc33-b81e-57bc-b385-4354eeff07c7,GEO-BG-30006,Sensor1,E,2020-12-25T18:16:52Z,2022-04-26T19:08:52Z,185562b8-743f-5dcc-8eb4-1bc3a3a17980,e6dab1cc-d938-5b5a-8989-5eb8ead9cd3a
c3d6b58b-a173-5145-88cb-0b4cc8be83fd,306422dc-7375-5a82-9f7b-12b2b273c552,DL-BE-30013,Primary,,2021-01-05T15:08:42Z,2022-09-12T17:20:53Z,13727b5d-54fb-56fa-aeef-26938061ff70,fa47560a-2ce6-59d8-898e-1b39fda61383
f334aca6-7308-51c0-90d4-aea3ebcca676,306422dc-7375-5a82-9f7b-12b2b273c552,GEO-BG-30031,Sensor1,BH,2021-01-05T15:08:42Z,2022-09-12T17:20:53Z,13727b5d-54fb-56fa-aeef-26938061ff70,fa47560a-2ce6-59d8-898e-1b39fda61383
7bc342f9-9417-527a-b175-8c453c463c7f,c1e67653-6bce-5c6b-8aaf-d0f54920e9fd,DL-BE-30043,Primary,,2021-01-13T17:34:12Z,2021-03-01T18:59:17Z,b3d70d02-658c-5f51-a1f3-0a7d41c18ecb,56d8e9ca-2eb1-578d-9a14-32f4c345d0ae
e2bb1ce9-1ee7-5046-ba81-fe7ee70bb7d5,c0cbf6de-67eb-517f-afd1-e7de6ab3b0f7,DL-UM-40027,Primary,,2021-01-14T16:36:01Z,2021-04-27T19:08:53Z,23be4491-7a12-558a-a0a1-2cd94ae0f3d8,c0d627c7-7323-57fc-9a73-29e3846fc432
83d933f9-230a-5d16-834a-7b220c214c7e,c0cbf6de-67eb-517f-afd1-e7de6ab3b0f7,GEO-UM-40027,Sensor1,E,2021-01-14T16:36:01Z,2021-04-27T19:08:53Z,23be4491-7a12-558a-a0a1-2cd94ae0f3d8,c0d627c7-7323-57fc-9a73-29e3846fc432
3c46aa24-6e8b-52f6-944f-6960bfece6ef,903ea674-4f85-5241-b50a-0b9a62f66f3f,DL-D10-300002,Primary,,2021-01-18T16:20:09Z,2021-02-11T11:04:22Z,eff9023b-8a8b-5d90-8a1d-38563ba6b6cb,4e87a6fa-c088-5f99-b00c-ecddde9bd8cb
cecc727e-301f-5d16-bc97-d573001a1d17,903ea674-4f85-5241-b50a-0b9a62f66f3f,SLM-S50-500006,Microphone,,2021-01-18T16:20:09Z,2021-02-11T11:04:22Z,eff9023b-8a8b-5d90-8a1d-38563ba6b6cb,4e87a6fa-c088-5f99-b00c-ecddde9bd8cb
b6055001-20a8-5319-b3fd-c8c94521fb5d,baf2b27c-a7be-528b-9506-492fe746aa82,DL-UM-40023,Primary,,2021-01-18T20:13:01Z,2021-02-24T20:42:49Z,fd85cdb3-71a1-542a-8f44-74400f037b8d,16c7d129-b076-5895-9029-b87d259f9dda
58811e2b-aa81-59d8-b78b-dede8d9cbb64,baf2b27c-a7be-528b-9506-492fe746aa82,GEO-UM-40023,Sensor1,W,2021-01-18T20:13:01Z,2021-02-24T20:42:49Z,fd85cdb3-71a1-542a-8f44-74400f037b8d,16c7d129-b076-5895-9029-b87d259f9dda
43ff5016-6d31-5cc7-b8d4-aa73ef35a25c,be382e81-7e9a-5f0f-8faf-41687f76cbd1,DL-UM-40002,Primary,,2021-01-18T19:42:08Z,2022-05-25T20:13:45Z,303d12ae-129d-5b36-b190-a7b8a2008160,cf6c1c4a-2605-582b-86b8-4272c8cc9c79
3c61e26f-525a-5684-b82f-244096cd025b,be382e81-7e9a-5f0f-8faf-41687f76cbd1,GEO-UM-40002,Sensor1,BH,2021-01-18T19:42:08Z,2022-05-25T20:13:45Z,303d12ae-129d-5b36-b190-a7b8a2008160,cf6c1c4a-2605-582b-86b8-4272c8cc9c79
47239fa3-cefd-5152-ba1c-1dac6a3d0551,be382e81-7e9a-5f0f-8faf-41687f76cbd1,MDM-3000000000,Modem,,2021-01-18T19:42:08Z,2022-05-25T20:13:45Z,303d12ae-129d-5b36-b190-a7b8a2008160,cf6c1c4a-2605-582b-86b8-4272c8cc9c79
ea2eee87-7b7d-5e5f-bc3d-8920ac624228,618d5890-c57a-592d-a133-0533dbdee2b3,DL-BE-30055,Primary,,2021-01-19T14:38:55Z,2021-05-21T20:25:13Z,1ca1b685-bcf6-5295-bf49-2fd0221a95ef,23efa5ae-8acb-52b3-b11d-94a91c6b9a25
0c5042b6-13b0-5c73-be83-37e8b20a2d71,864f97d3-cf80-513f-9869-6814c55945cc,DL-BE-30061,Primary,,2021-01-21T17:59:38Z,2021-02-15T20:27:35Z,5cb3fb09-28de-51ae-a4ad-7b8a2dfbc6bc,09d8bc95-7f29-5c4d-a2da-21c7901fde96
00f0a232-17ca-5179-93e8-e04365e43280,e7e3e6c3-e31a-5b73-8f84-dcf9789637e1,DL-UM-40018,Primary,,2021-01-29T11:44:45Z,2022-08-24T18:50:36Z,ab288517-0fb9-5a3b-a0fd-c9e47fcb2a24,655a7d98-a2b0-5f68-a906-650b85f84c78
9ceec5b0-b4ec-5e9e-9adb-f5f3dadd753f,e7e3e6c3-e31a-5b73-8f84-dcf9789637e1,GEO-UM-40018,Sensor1,V,2021-01-29T11:44:45Z,2022-08-24T18:50:36Z,ab288517-0fb9-5a3b-a0fd-c9e47fcb2a24,655a7d98-a2b0-5f68-a906-650b85f84c78
4e44bc15-2e79-528c-916c-cc1bdbbf843b,d33b20c9-59c5-5b67-9c1d-73fb7f67f0ac,DL-UM-40013,Primary,,2021-02-01T21:50:16Z,2021-03-01T18:47:04Z,5740ca97-027a-507b-8677-7a8d4decbe14,332085eb-2493-5f81-870d-17d9982e8603
30f65270-aed2-5a73-8b33-ebbc4e65a63b,d33b20c9-59c5-5b67-9c1d-73fb7f67f0ac,GEO-UM-40013,Sensor1,V,2021-02-01T21:50:16Z,2021-03-01T18:47:04Z,5740ca97-027a-507b-8677-7a8d4decbe14,332085eb-2493-5f81-870d-17d9982e8603
9f1acc1f-54ff-501d-a0d1-b67c612571ed,0b04a117-db98-5123-92c2-f7ccf22dca37,DL-UM-40016,Primary,,2021-02-01T12:46:35Z,2022-03-07T22:12:54Z,223286cb-ddfc-5a7b-a81a-1da84c901be7,8329b05f-8c27-596a-947c-676b4a48d53a
2ff35288-4ed1-5660-8de1-c4fefa04ac99,0b04a117-db98-5123-92c2-f7ccf22dca37,MDM-3000000002,Modem,,2021-02-01T12:46:35Z,2022-03-07T22:12:54Z,223286cb-ddfc-5a7b-a81a-1da84c901be7,8329b05f-8c27-596a-947c-676b4a48d53a
0c1b695d-329f-5309-9a57-661c1fcbb6ae,0b04a117-db98-5123-92c2-f7ccf22dca37,GEO-UM-40016,Sensor1,W,2021-02-01T12:46:35Z,2022-03-07T22:12:54Z,223286cb-ddfc-5a7b-a81a-1da84c901be7,8329b05f-8c27-596a-947c-676b4a48d53a
115aaccc-073b-587f-bbf5-539db44eb250,d8862a05-c248-5506-b843-ef03dcaabd1c,DL-UM-40028,Primary,,2021-02-01T22:38:53Z,2021-02-17T18:47:41Z,8c19b6fb-dfd7-57e0-af77-b6c973aec116,3707b2d1-ba3f-565c-bf90-6a9a0fead1af
f45f969b-d30d-510d-b61a-be71541f2445,d8862a05-c248-5506-b843-ef03dcaabd1c,GEO-UM-40028,Sensor1,N,2021-02-01T22:38:53Z,2021-02-17T18:47:41Z,8c19b6fb-dfd7-57e0-af77-b6c973aec116,3707b2d1-ba3f-565c-bf90-6a9a0fead1af
18b1ac11-af8c-5d8c-851f-7d2fcf209b81,12223941-1077-5cdc-83dd-db3e2440bab6,DL-UM-40008,Primary,,2021-02-16T15:45:06Z,2022-01-17T20:36:07Z,e5db7481-a3bf-5903-83f6-5687604bbee5,56904722-fe1f-5c3e-b635-c30aeb0563b1
8c3a6593-c654-5dc8-b049-6ace24533207,12223941-1077-5cdc-83dd-db3e2440bab6,GEO-UM-40008,Sensor1,W,2021-02-16T15:45:06Z,2022-01-17T20:36:07Z,e5db7481-a3bf-5903-83f6-5687604bbee5,56904722-fe1f-5c3e-b635-c30aeb0563b1
72887b1a-6888-5c66-8c7b-b59b889f81a7,bcbb6662-c6a6-5aa2-b44b-ecac879364c4,DL-UM-40022,Primary,,2021-02-19T00:06:54Z,2021-05-10T19:18:26Z,3c953f29-3aaa-57e0-973c-49f1d636c9f2,2328298b-ea11-5fa7-90d6-59ac4394a986
d3bf0785-e116-55e9-b36f-e3ddae84cf9f,bcbb6662-c6a6-5aa2-b44b-ecac879364c4,GEO-UM-40022,Sensor1,H,2021-02-19T00:06:54Z,2021-05-10T19:18:26Z,3c953f29-3aaa-57e0-973c-49f1d636c9f2,2328298b-ea11-5fa7-90d6-59ac4394a986
b752ca88-0cc6-5fd8-9021-62d135ef3e04,66c6d212-394c-50c8-8af4-f0a8f76d5db7,DL-BE-30022,Primary,,2021-02-25T14:20:49Z,2021-03-18T18:51:42Z,c57d94c8-b5a8-5e9b-98f6-794bf074b56c,9b78dd49-45b3-5461-bac9-af345df4b764
66bb31c9-09a4-5842-9ced-3e5c894aceda,17c38a35-31f3-5091-b77c-f14b4179b6c5,DL-D10-300002,Primary,,2021-02-26T14:45:05Z,2021-04-09T21:19:39Z,e226ac19-66fc-575a-b4d2-73e4e95e3695,cd0da1c7-cdd3-505b-8440-5530fe39a26b
6f10d1d8-3cda-554c-8be9-d6eb8a9b953b,17c38a35-31f3-5091-b77c-f14b4179b6c5,GEO-C22-450000,Sensor1,W,2021-02-26T14:45:05Z,2021-04-09T21:19:39Z,e226ac19-66fc-575a-b4d2-73e4e95e3695,cd0da1c7-cdd3-505b-8440-5530fe39a26b
4fb662ab-5b7d-543f-8e1e-983f3de1f647,17c38a35-31f3-5091-b77c-f14b4179b6c5,SLM-S50-500006,Microphone,,2021-02-26T14:45:05Z,2021-04-09T21:19:39Z,e226ac19-66fc-575a-b4d2-73e4e95e3695,cd0da1c7-cdd3-505b-8440-5530fe39a26b
e3a0dc43-9d8f-5c91-a6ba-6c72b0cf5f79,17c38a35-31f3-5091-b77c-f14b4179b6c5,GEO-C22-450001,Sensor2,S,2021-02-26T14:45:05Z,2021-04-09T21:19:39Z,e226ac19-66fc-575a-b4d2-73e4e95e3695,cd0da1c7-cdd3-505b-8440-5530fe39a26b
952390b4-d282-5df5-933d-f95377ff7332,17c38a35-31f3-5091-b77c-f14b4179b6c5,GEO-V12-400008,Sensor3,S,2021-02-26T14:45:05Z,2021-04-09T21:19:39Z,e226ac19-66fc-575a-b4d2-73e4e95e3695,cd0da1c7-cdd3-505b-8440-5530fe39a26b
c546c3c6-3192-511e-944c-ffa828653ef7,cf49ee2e-3d0a-53e7-86d8-9f9ea8c7a61a,DL-UM-40030,Primary,,2021-03-01T19:06:12Z,2021-07-12T21:25:41Z,eeb31b4a-d2b6-5d9d-9c6b-06b5b96a38cd,50c82f1d-d57b-5daf-bed0-ad7586b0b5d4
1b03120a-ec5a-5fca-8298-fc660063cf97,cf49ee2e-3d0a-53e7-86d8-9f9ea8c7a61a,GEO-UM-40030,Sensor1,S,2021-03-01T19:06:12Z,2021-07-12T21:25:41Z,eeb31b4a-d2b6-5d9d-9c6b-06b5b96a38cd,50c82f1d-d57b-5daf-bed0-ad7586b0b5d4
4473b3df-b486-5635-813d-bfa8a47a1501,21ed23c7-6e05-5dc9-ac50-e80c4b421323,DL-BE-30007,Primary,,2021-03-01T15:32:27Z,2021-10-01T10:00:19Z,10324e80-1c86-5f11-84f7-c008af8eb63f,4e19b4dc-0ae8-5290-bf38-bbc02f80d64d
dea6dab4-fd41-5684-aea5-5520bba3da77,21ed23c7-6e05-5dc9-ac50-e80c4b421323,GEO-BG-30017,Sensor1,E,2021-03-01T15:32:27Z,2021-09-07T17:30:27Z,10324e80-1c86-5f11-84f7-c008af8eb63f,c3d13851-d4b6-5d87-9527-2c09ff85a0c1
86e3a2ed-9712-5748-bfc1-dcf40f863be1,be9b680a-ba83-5007-8086-749ba7d8cc57,GEO-V12-400004,Sensor1,N,2021-03-04T18:31:36Z,2021-04-02T20:44:37Z,d81b8dcb-efff-53b0-ae34-eacad338f1a0,7426cc84-f5fe-5ecf-ba0e-e8f1bfe92adb
5c2d2b45-78dd-5350-9b26-ef7ff8b36639,d6a5b921-2ebe-5527-ab89-fae978452dce,DL-BE-30020,Primary,,2021-03-08T20:35:40Z,2022-01-10T21:24:19Z,36d75bd9-45bf-51de-bf1f-689be4b5bc3a,3b8aaba3-0f1c-55f2-97a3-5a3ac90a9b5a
6d834652-8713-5699-9055-f2f41ed8f6e8,d6a5b921-2ebe-5527-ab89-fae978452dce,GEO-BG-30022,Sensor1,V,2021-03-08T20:35:40Z,2022-01-10T21:24:19Z,36d75bd9-45bf-51de-bf1f-689be4b5bc3a,3b8aaba3-0f1c-55f2-97a3-5a3ac90a9b5a
994bef87-3d27-56cc-9780-cf652fdb6254,0fd053d3-97eb-5fc0-979b-5e4bed3a0599,DL-BE-30024,Primary,,2021-03-09T16:12:14Z,2021-03-23T21:04:55Z,d9c30aac-f876-5acf-8b10-fa0c7019ed09,cfa14d3b-3f94-5070-ac06-19a4dd85550c
6a73ffc2-b212-55b4-9edf-06a1485139b1,ec806895-c11d-5990-b558-0ded92255510,DL-BE-30006,Primary,,2021-03-10T15:55:23Z,2021-09-24T21:55:26Z,8d5a5618-e3d8-53e6-84e3-ec110e547f26,7b37e4bb-21a9-5dfd-8f2d-86becd9b71d7
d96693fe-790c-5e06-9228-c3ca791992df,81fbad8b-1308-5c7e-b1a8-5efba1adc634,DL-BE-30051,Primary,,2021-03-11T11:07:25Z,2021-07-19T17:34:42Z,631ff62d-e101-577b-839f-74bcf79564d6,e7b4c662-63a9-5687-b234-bd82f5cc1f30
8a8ff974-73e4-55dc-916e-f0dcce1e14fe,81fbad8b-1308-5c7e-b1a8-5efba1adc634,GEO-BG-30032,Sensor1,W,2021-03-11T11:07:25Z,2021-07-19T17:34:42Z,631ff62d-e101-577b-839f-74bcf79564d6,e7b4c662-63a9-5687-b234-bd82f5cc1f30
3bab0e16-8384-59c4-b54e-916fd41fdc58,baa44c5b-814d-5f19-93f9-c7996730cc64,DL-UM-40031,Primary,,2021-03-15T17:53:00Z,2021-04-07T18:38:13Z,32f4907f-d8de-55cb-b035-edee49fb7358,72ce1465-257e-57fb-9efd-9194f0450d14
14488934-4b77-5cc8-bacb-c8ee343e6fb2,baa44c5b-814d-5f19-93f9-c7996730cc64,GEO-UM-40031,Sensor1,E,2021-03-15T17:53:00Z,2021-04-07T18:38:13Z,32f4907f-d8de-55cb-b035-edee49fb7358,72ce1465-257e-57fb-9efd-9194f0450d14
0d0186b1-1c5c-5018-92c0-98c904b40ed2,ec54b34a-56cb-5bf0-ba64-e30a6e26ce3e,DL-UM-40028,Primary,,2021-03-16T17:29:59Z,2021-12-13T19:56:37Z,2d97f81d-d188-526a-9aef-7a2ccebbc92c,396b3adc-8d49-5297-8419-c5a415a01ccc
51ea7236-edb5-569f-8662-6c5b42707ae4,ec54b34a-56cb-5bf0-ba64-e30a6e26ce3e,GEO-UM-40028,Sensor1,V,2021-03-16T17:29:59Z,2021-12-13T19:56:37Z,2d97f81d-d188-526a-9aef-7a2ccebbc92c,396b3adc-8d49-5297-8419-c5a415a01ccc
3f09f98a-ac9f-5ec1-864f-82659cce173c,66b0a9d2-9784-551d-8f86-4d0f090e4d77,DL-BE-30049,Primary,,2021-03-19T12:15:12Z,2022-08-08T20:31:10Z,f44a26af-798d-5e6a-bfb3-09f409d270be,6962f446-efae-52b3-ac10-a7e379184a20
0130a2c9-7a57-582e-8699-a516f4c3e195,6e3fa280-f818-56b3-91a7-e0a941cc2198,DL-BE-30059,Primary,,2021-03-23T21:03:08Z,2021-05-03T21:20:04Z,1dbb844e-389a-5a7b-81fa-d9a0467f89dc,4908da0a-17d4-5020-b91f-79e331dd1379
6cf12186-a3f5-5282-a9e2-6c77bd4ae7b2,c47ee064-0fd4-5ba5-b3bf-50264ebc4574,DL-D10-300001,Primary,,2021-03-26T19:15:56Z,2021-08-27T18:53:30Z,7d1acb98-b5cb-5f9e-a920-cfb2aa1202ae,8092cd9a-f088-5afa-ad04-d66c6e3d7a86
225dae72-7fcf-5fc2-8031-37f720203f65,c47ee064-0fd4-5ba5-b3bf-50264ebc4574,GEO-V12-400002,Sensor1,W,2021-03-26T19:15:56Z,2021-07-30T17:25:47Z,7d1acb98-b5cb-5f9e-a920-cfb2aa1202ae,104360a8-3d6b-5a9f-b443-d0f2e3462447
1f1ab46e-7b17-5023-a5ff-bf5c2626a5db,572dc2d3-6924-5bba-a6ab-f03e6cfdbf8d,DL-UM-40013,Primary,,2021-03-30T20:33:10Z,2022-01-19T21:33:29Z,ad2510a3-792c-5be7-99d5-42084a9162a3,fba3328d-92e6-56af-9147-1d554654061a
3ec0eafb-a02f-5aee-a5c4-c902ceb8d996,572dc2d3-6924-5bba-a6ab-f03e6cfdbf8d,GEO-UM-40013,Sensor1,W,2021-03-30T20:33:10Z,2022-01-19T21:33:29Z,ad2510a3-792c-5be7-99d5-42084a9162a3,fba3328d-92e6-56af-9147-1d554654061a
501dadd2-d316-56db-a86c-b17a1478bf8e,d495bab0-1302-55b0-9b81-e3b441da7ec3,DL-BE-30018,Primary,,2021-04-01T14:35:30Z,2021-12-24T22:28:27Z,c3c0e37f-7638-5ef0-a28f-f38c339b9a49,07e60eb9-c843-56a6-9a7b-67eba721e39f
f4fe722e-3396-512b-aaf1-a326b65c041d,d495bab0-1302-55b0-9b81-e3b441da7ec3,GEO-BG-30021,Sensor1,W,2021-04-01T14:35:30Z,2021-11-15T21:50:02Z,c3c0e37f-7638-5ef0-a28f-f38c339b9a49,4a2772d5-6c6e-5654-ab01-8aad009fb203
40666864-c913-5500-87c6-00226eee84c1,e1ee5c5c-bc01-56ed-a66b-08431030c102,DL-UM-40019,Primary,,2021-04-06T11:19:44Z,2021-06-11T18:38:45Z,cb68b683-8b08-5990-ad49-5b101c2b721e,0c6e5727-3712-586a-82c6-d37f8dc02fc1
a53cfebf-2db7-54fc-a36c-dd5bfb694f75,e1ee5c5c-bc01-56ed-a66b-08431030c102,GEO-UM-40019,Sensor1,V,2021-04-06T11:19:44Z,2021-06-11T18:38:45Z,cb68b683-8b08-5990-ad49-5b101c2b721e,0c6e5727-3712-586a-82c6-d37f8dc02fc1
fac55744-6461-594a-ae8d-164f5617c353,190889a6-e18d-532a-9dc3-1426f88942bb,DL-BE-30024,Primary,,2021-04-07T19:16:39Z,2021-04-19T19:17:48Z,2768b771-3f58-5489-9de5-5f9d67347905,86cb3be6-2913-54bc-9921-f8562949a802
3fa7f795-6845-5744-ab13-3ee73163580a,034893ad-b8a1-5f4f-8d32-e3c95b2a5fe2,DL-UM-40017,Primary,,2021-04-09T12:21:31Z,2021-08-27T21:20:28Z,a52efa65-fa3d-5ab1-8df8-0a142fe0731c,604144d1-3fea-5781-bbe6-a8043d48bfd8
495c809d-f334-55fe-8d42-ec1e66213b50,034893ad-b8a1-5f4f-8d32-e3c95b2a5fe2,GEO-UM-40017,Sensor1,S,2021-04-09T12:21:31Z,2021-08-27T21:20:28Z,a52efa65-fa3d-5ab1-8df8-0a142fe0731c,604144d1-3fea-5781-bbe6-a8043d48bfd8
7f30083b-4df2-56e0-8b6a-2a2d3121319e,2229b498-e79f-55e3-bcb6-df4d25971f65,DL-UM-40011,Primary,,2021-04-13T21:51:21Z,2022-11-21T21:09:01Z,1aaac584-9a5c-555e-a473-d0167c9c9ad2,f49ee693-beef-5e21-91c0-173efac86e09
0c448cfd-520d-503f-915d-f282766f66c0,2229b498-e79f-55e3-bcb6-df4d25971f65,MDM-3000000009,Modem,,2021-04-13T21:51:21Z,2022-11-21T21:09:01Z,1aaac584-9a5c-555e-a473-d0167c9c9ad2,f49ee693-beef-5e21-91c0-173efac86e09
7b0e236e-392c-57b9-a4ab-19eda5b63215,4e232a17-9300-5ad7-a370-cf4380adc1d9,DL-UM-40020,Primary,,2021-04-14T21:26:48Z,2022-01-17T22:06:07Z,bfdeaaf3-1ed4-5705-83a4-374b5783c5ad,2920938e-05b7-50b0-b66d-207c4039c44c
2cdd1474-fb5b-541b-a97a-d12b25ca72aa,4e232a17-9300-5ad7-a370-cf4380adc1d9,GEO-UM-40020,Sensor1,N,2021-04-14T21:26:48Z,2022-01-17T22:06:07Z,bfdeaaf3-1ed4-5705-83a4-374b5783c5ad,2920938e-05b7-50b0-b66d-207c4039c44c
83ba3459-aca3-543a-a863-f9d9e1a12273,dc068eb7-4e53-5d5a-9b91-76454d8669a8,DL-UM-40015,Primary,,2021-04-16T11:51:46Z,2021-05-03T19:26:37Z,80ca2559-60b3-59d5-9da9-39e1cfc26e45,ba7b49c1-cc0b-563e-b8b3-be8b8fedda90
18ac254e-4c8d-552d-b8b5-0f61c9cb304e,dc068eb7-4e53-5d5a-9b91-76454d8669a8,GEO-UM-40015,Sensor1,V,2021-04-16T11:51:46Z,2021-05-03T19:26:37Z,80ca2559-60b3-59d5-9da9-39e1cfc26e45,ba7b49c1-cc0b-563e-b8b3-be8b8fedda90
85b36dc8-93e9-5ec6-904e-9f5d7088c2fd,272c0139-430b-5c8e-9e1e-501a3d71ed09,DL-BE-30061,Primary,,2021-04-19T19:28:36Z,2021-09-14T18:44:24Z,56d0d27c-f44f-5f1a-9575-8cb039df6adc,d04150ce-dae6-527f-996b-7b728ce3689f
46f7da23-b3af-583e-9672-bf410b7c8460,6b8663fd-6f13-525e-924e-d58c000d64b3,DL-BE-30060,Primary,,2021-04-21T21:20:54Z,2022-07-12T18:45:29Z,50f96952-d382-5012-b8c1-aca975d8343a,b84a9bf1-cb8b-54e2-be3f-c68e98c128c2
3c329b50-8437-5c33-b081-ee1b53278c77,5b8a5556-dc19-5e40-a8ff-f30f9662629d,DL-BE-30022,Primary,,2021-04-21T13:04:20Z,2021-11-22T11:09:41Z,8754b349-0a30-52f6-87ab-24abe73041ce,38aadb1d-1e34-5869-bdc9-2f0f197990a9
27622c5e-1ea7-5a04-9c58-b041af02f561,fad2d8e5-d269-5972-a038-1475fa0c3f27,DL-UM-40005,Primary,,2021-04-23T14:03:41Z,2022-03-22T19:36:10Z,e5053fa4-e48f-51cf-a5ce-bd756afca001,63e03d1e-46cf-567d-9416-bbfe1a1acf05
b7da9efa-5c11-5512-ad6e-a00c52d1d6af,fad2d8e5-d269-5972-a038-1475fa0c3f27,SLM-UA-40000,Microphone,,2021-04-23T14:03:41Z,2022-03-22T19:36:10Z,e5053fa4-e48f-51cf-a5ce-bd756afca001,63e03d1e-46cf-567d-9416-bbfe1a1acf05
4bd1fcd9-84c4-50dc-8911-ba948bd20d52,fad2d8e5-d269-5972-a038-1475fa0c3f27,GEO-UM-40005,Sensor1,S,2021-04-23T14:03:41Z,2022-03-22T19:36:10Z,e5053fa4-e48f-51cf-a5ce-bd756afca001,63e03d1e-46cf-567d-9416-bbfe1a1acf05
bfb31623-89e1-5de8-a6db-db8de6c46d2d,fad2d8e5-d269-5972-a038-1475fa0c3f27,MDM-3000000003,Modem,,2021-04-23T14:03:41Z,2022-03-22T19:36:10Z,e5053fa4-e48f-51cf-a5ce-bd756afca001,63e03d1e-46cf-567d-9416-bbfe1a1acf05
c61aef5a-01ca-5869-8561-934fa767c4dd,8993c21c-e3e7-5232-8b01-71f730854e4b,DL-BE-30008,Primary,,2021-04-26T20:52:18Z,2021-12-13T21:09:48Z,74336c44-9f0a-5661-a3c0-6e6361d38f09,fbd68d3f-c8b0-5454-b9bd-94fb8c0a5ade
9189b5aa-dd58-5a62-82b2-441fb715b1e7,8993c21c-e3e7-5232-8b01-71f730854e4b,GEO-BG-30009,Sensor1,W,2021-04-26T20:52:18Z,2021-12-03T20:16:29Z,74336c44-9f0a-5661-a3c0-6e6361d38f09,2996397c-80f1-5524-b1f5-6f98823d2425
ce490a6a-33d4-543a-9d11-64ba82256a85,bac469fb-62e5-50de-ae51-483f95794a00,DL-UM-40025,Primary,,2021-04-26T18:03:40Z,2022-09-05T20:28:47Z,b8643898-3f8c-5589-a1e1-8d0daf781373,20bfbd7d-8a7b-515e-9ccf-5fa5540957ca
797b64e8-bf1b-579f-8bda-f0f86b0f50ce,bac469fb-62e5-50de-ae51-483f95794a00,GEO-UM-40025,Sensor1,N,2021-04-26T18:03:40Z,2022-09-05T20:28:47Z,b8643898-3f8c-5589-a1e1-8d0daf781373,20bfbd7d-8a7b-515e-9ccf-5fa5540957ca
14183a69-b3a1-5195-b04d-4e209290a571,c30bd84b-a8e1-577c-b0ce-4bf38f321431,DL-BE-30044,Primary,,2021-04-27T19:11:57Z,2021-12-10T18:42:49Z,845057eb-27af-5ac8-be9a-d4d94320b69a,50ae52c9-8e8b-5b68-9810-78d83286dbb6
6a2dfbd0-8642-51d2-9f00-2a24eb1c0973,c171af2b-4ed2-5133-9a29-3f9106a1333f,DL-D10-300002,Primary,,2021-04-27T12:23:15Z,2022-08-08T21:21:45Z,eea3e55c-8d7c-5abc-9a64-108427b2aa99,41f23acd-95a7-513c-b96b-a2ed74b723e6
2d236a15-281e-5da6-bad9-56b5894b148a,c171af2b-4ed2-5133-9a29-3f9106a1333f,GEO-C22-450000,Sensor1,V,2021-04-27T12:23:15Z,2022-08-08T21:21:45Z,eea3e55c-8d7c-5abc-9a64-108427b2aa99,41f23acd-95a7-513c-b96b-a2ed74b723e6
b040cf00-8563-5e69-962c-b4184e0439a8,c171af2b-4ed2-5133-9a29-3f9106a1333f,GEO-C22-450001,Sensor2,S,2021-04-27T12:23:15Z,2022-08-08T21:21:45Z,eea3e55c-8d7c-5abc-9a64-108427b2aa99,41f23acd-95a7-513c-b96b-a2ed74b723e6
7cd20d66-7ea3-56bc-9f73-d00c77010509,c171af2b-4ed2-5133-9a29-3f9106a1333f,GEO-V12-400008,Sensor3,S,2021-04-27T12:23:15Z,2022-08-08T21:21:45Z,eea3e55c-8d7c-5abc-9a64-108427b2aa99,41f23acd-95a7-513c-b96b-a2ed74b723e6
b28b55fe-eb00-5409-866b-d7b9473b96dd,06285405-6ba3-5b96-820f-67be816f2c24,DL-BE-30012,Primary,,2021-04-28T19:21:50Z,2021-12-24T21:34:28Z,4b3e24d8-3279-53f9-b12f-3806c118da28,c613409b-6bfa-549d-834d-a0b6f258ea4d
5bdd8f62-ad13-5ce8-bb8c-8b93c57811e6,06285405-6ba3-5b96-820f-67be816f2c24,GEO-BG-30019,Sensor1,E,2021-04-28T19:21:50Z,2021-12-24T21:34:28Z,4b3e24d8-3279-53f9-b12f-3806c118da28,c613409b-6bfa-549d-834d-a0b6f258ea4d
304b2748-daf6-5caf-9587-627422455b45,e21f2ba4-e84a-5dd4-858c-887ac37a2b00,DL-UM-40023,Primary,,2021-04-29T20:56:35Z,2021-05-10T20:32:44Z,33756714-d2e5-5de9-89c9-7df5b5674d08,04fded16-0a8a-5346-b7a2-536cd743a905
c6b66213-d9f6-5a28-94fb-023e3fca67cc,e21f2ba4-e84a-5dd4-858c-887ac37a2b00,GEO-UM-40023,Sensor1,E,2021-04-29T20:56:35Z,2021-05-10T20:32:44Z,33756714-d2e5-5de9-89c9-7df5b5674d08,04fded16-0a8a-5346-b7a2-536cd743a905
a51ad0f4-59a0-5090-b416-46fe058d2eab,1dff2f70-84a3-50b0-b2a0-24fd8a42c805,DL-D10-300003,Primary,,2021-05-03T21:39:44Z,2021-09-06T18:39:12Z,d8b25660-7416-5818-bf21-3e8f0c836154,763a5f36-f054-5e8a-8882-39af8ef955f6
987032df-1a74-59b9-aaf6-16c73c98845c,1dff2f70-84a3-50b0-b2a0-24fd8a42c805,GEO-V12-400000,Sensor1,W,2021-05-03T21:39:44Z,2021-09-06T18:39:12Z,d8b25660-7416-5818-bf21-3e8f0c836154,763a5f36-f054-5e8a-8882-39af8ef955f6
2ee9e5a5-686f-5844-a001-1576ebefa7f3,1dff2f70-84a3-50b0-b2a0-24fd8a42c805,SLM-S50-500014,Microphone,,2021-05-03T21:39:44Z,2021-09-06T18:39:12Z,d8b25660-7416-5818-bf21-3e8f0c836154,763a5f36-f054-5e8a-8882-39af8ef955f6
a45b28d5-f7b7-53b1-9831-74fa3da54ef2,31477839-8a38-55ac-a1a8-c0dd86b49905,DL-UM-40032,Primary,,2021-05-03T17:47:16Z,2021-10-05T19:59:44Z,75826a58-e868-54cd-a9c6-db90199642c8,623b94dc-6696-5bae-b14c-8b1545d9c004
d87c21b3-ef17-5db5-9fe4-99f705155932,31477839-8a38-55ac-a1a8-c0dd86b49905,GEO-UM-40032,Sensor1,V,2021-05-03T17:47:16Z,2021-10-05T19:59:44Z,75826a58-e868-54cd-a9c6-db90199642c8,623b94dc-6696-5bae-b14c-8b1545d9c004
91ef673b-09fd-5846-961c-a7204bda79e5,660d4008-6586-5d0a-92a5-b95c27a1a036,DL-BE-30036,Primary,,2021-05-06T15:20:23Z,2021-11-19T20:06:20Z,23d36b21-a6ab-5e60-b700-2c17c094f29e,eb0745e4-0372-5c5d-ad75-fe16611a0242
a2e56579-00c4-5bd5-898f-ab2e77923884,660d4008-6586-5d0a-92a5-b95c27a1a036,GEO-BG-30033,Sensor1,BH,2021-05-06T15:20:23Z,2021-10-13T10:57:34Z,23d36b21-a6ab-5e60-b700-2c17c094f29e,a73ab52a-f59d-5511-b70c-bceba3654feb
61b84d56-8d58-5ae2-a5ca-fb0172c8242f,802129c5-69fc-59b9-8acd-96bd832a7c02,DL-BE-30043,Primary,,2021-05-06T18:35:37Z,2021-07-08T17:03:03Z,72b04a1b-ad57-5667-ac78-7d9e6c80db72,47034da8-62af-5292-a3dd-79671f10ba7f
73fe3345-4fd7-503d-909f-5f2e330d56c3,f0f5330b-9b0f-518f-9d99-8b88dd6ac28a,DL-UM-40029,Primary,,2021-05-06T18:51:01Z,2021-11-27T19:45:41Z,60024003-b7c2-542b-aed5-035945772530,d594967e-ba68-5156-8252-235bc7634d65
18c8107e-e4de-5c2d-9b2f-1cedcf3e16fd,f0f5330b-9b0f-518f-9d99-8b88dd6ac28a,GEO-UM-40029,Sensor1,W,2021-05-06T18:51:01Z,2021-11-27T19:45:41Z,60024003-b7c2-542b-aed5-035945772530,d594967e-ba68-5156-8252-235bc7634d65
0d496868-ea85-50b5-a6f4-9e54f18ea9a8,7a1ec87f-78c7-59f1-acd6-dcd04ec6fd69,DL-BE-30009,Primary,,2021-05-10T20:59:37Z,2022-01-03T19:33:48Z,9fe24e7f-e574-5987-9457-392d9219458c,2cce9f2d-4f43-50dc-8cc8-0222eee39011
c08ad12e-1526-5863-be3f-84f985f1d1d3,7a1ec87f-78c7-59f1-acd6-dcd04ec6fd69,GEO-BG-30020,Sensor1,W,2021-05-10T20:59:37Z,2022-01-03T19:33:48Z,9fe24e7f-e574-5987-9457-392d9219458c,2cce9f2d-4f43-50dc-8cc8-0222eee39011
d487ea92-2e3d-530e-99ad-46ca1350dcd2,c46914f9-a8b0-5e04-9e00-60d69862e819,DL-BE-30024,Primary,,2021-05-12T14:42:31Z,2022-03-30T19:52:31Z,0affb6a9-1a90-5320-8711-9bbed94b3d9d,2a7ed545-b537-55e9-8985-46f27ed0960b
c2a9830b-fc9a-5cb2-84ab-6fda4c2d2a15,a6eb4dde-a309-57a0-861c-60cbe41f0917,DL-UM-40027,Primary,,2021-05-23T13:22:26Z,2021-06-29T18:29:28Z,46d773af-c33e-5077-8191-a846278e7fe9,44d3b42d-d76d-5ad9-a696-199d4a87e853
750a2340-9cdb-51a9-81f3-f7ad56f71e32,a6eb4dde-a309-57a0-861c-60cbe41f0917,GEO-UM-40027,Sensor1,S,2021-05-23T13:22:26Z,2021-06-29T18:29:28Z,46d773af-c33e-5077-8191-a846278e7fe9,44d3b42d-d76d-5ad9-a696-199d4a87e853
c6d7493c-d6fc-59d5-913f-a6b13e855cdd,7e362476-0874-5f8b-bddf-b15f3fc1825c,DL-BE-30042,Primary,,2021-05-24T13:47:54Z,2021-07-01T17:05:30Z,7a745479-7e6d-5816-802e-6b20b8bbf9c4,9d902637-7257-55e1-85ef-520012c2e527
60580d3b-7469-5265-a688-53cf6339c4e7,008a15cb-f86c-588a-a796-4a032a5260e7,DL-UM-40022,Primary,,2021-05-27T20:13:40Z,2021-06-07T20:06:37Z,d3c8c9f8-ea20-5a18-ab5c-5baa8c059e70,3a8752f4-bd41-5382-80c8-467760d66d7f
dc7e81b1-b113-5b32-9b11-079749d0247f,008a15cb-f86c-588a-a796-4a032a5260e7,GEO-UM-40022,Sensor1,BH,2021-05-27T20:13:40Z,2021-06-07T20:06:37Z,d3c8c9f8-ea20-5a18-ab5c-5baa8c059e70,3a8752f4-bd41-5382-80c8-467760d66d7f
f23edf14-39b1-5f04-a476-e77a7f1dfd64,95b6cbe8-6a87-5660-9d2a-33dcb2f3e588,DL-BE-30058,Primary,,2021-05-28T22:26:22Z,2021-07-05T17:18:45Z,91ad4efa-1421-599d-a03d-b967eb819070,d0f42283-567e-579f-b330-9633d8a29cb1
17f802fb-b424-593d-bfc2-3a8a59dcf64f,1acfcb6d-46a8-5eb4-828b-08a6a9d8122d,DL-BE-30059,Primary,,2021-05-31T18:44:11Z,2021-06-28T20:28:11Z,57fca018-1a8a-5f8f-9316-55f967ce706a,1b6401be-2ea3-554b-9e38-ed8a02e952fb
b7142422-e3b2-55f7-82b9-ff510aece6d0,da2ae862-95f3-502c-a6f9-6b16937636ed,DL-BE-30055,Primary,,2021-06-04T00:58:50Z,2021-11-08T20:59:12Z,4ad46fb0-d607-56e1-8c74-113dedbe2cfb,63be6189-b521-5891-adc3-ff56df4b3743
3f53c9ab-fad0-5ccf-9575-0ef17824e774,bfbbd4a8-dcb9-5b2f-ba65-1d54e112ac05,DL-BE-30034,Primary,,2021-06-04T14:16:13Z,2022-02-14T22:30:51Z,644ee4dc-4072-5273-8212-86407662a631,df7a61a2-d81a-5b83-b329-bd53cae6c24c
812755be-1173-5f3c-8da2-ed9ece6777fc,bfbbd4a8-dcb9-5b2f-ba65-1d54e112ac05,GEO-BG-30024,Sensor1,H,2021-06-04T14:16:13Z,2022-02-14T22:30:51Z,644ee4dc-4072-5273-8212-86407662a631,df7a61a2-d81a-5b83-b329-bd53cae6c24c
45192b98-d401-5dc3-842b-fe79a16255dd,bfbbd4a8-dcb9-5b2f-ba65-1d54e112ac05,GEO-BG-30026,Sensor2,W,2021-06-04T14:16:13Z,2022-02-14T22:30:51Z,644ee4dc-4072-5273-8212-86407662a631,df7a61a2-d81a-5b83-b329-bd53cae6c24c
2e062148-1d69-5edc-81d4-fa55a99ac2f8,7cfc83b7-a601-5621-8bd0-b518cbd3ecd9,DL-BE-30030,Primary,,2021-06-08T20:23:20Z,2021-10-24T20:30:25Z,ffe43189-4e8d-5867-ad35-7d69ddc05f3b,ade5fe27-5860-509c-a1eb-d5d8bcb53ca5
2ba4ac7e-d3f5-5df4-960f-90e7ea4c2050,5c51dd26-5552-579b-83fd-5f1dd1e6079b,DL-UM-40015,Primary,,2021-06-09T10:54:02Z,2021-07-05T21:08:06Z,88afc00e-a488-511b-9f66-f87906c1b3eb,8da38f05-2b62-5fa3-8b43-8d6f153a1f9c
9d68f09c-7bb5-51a8-b8d3-974bfe2978a4,5c51dd26-5552-579b-83fd-5f1dd1e6079b,GEO-UM-40015,Sensor1,N,2021-06-09T10:54:02Z,2021-07-05T21:08:06Z,88afc00e-a488-511b-9f66-f87906c1b3eb,8da38f05-2b62-5fa3-8b43-8d6f153a1f9c
e0d5f942-2a9d-53b7-8601-76a461514452,44af5177-4ffe-5d50-82c0-6e208288fb4e,DL-D10-300006,Primary,,2021-06-14T18:47:22Z,2022-12-19T18:15:05Z,8f300780-29fe-59d5-8ce1-7e421bb770f4,a799ffd6-b671-5ebf-90d1-d77ac94a8397
7e8b2068-7015-5d6c-9797-f64ccf7174b2,44af5177-4ffe-5d50-82c0-6e208288fb4e,GEO-V12-400010,Sensor1,E,2021-06-14T18:47:22Z,2022-12-19T18:15:05Z,8f300780-29fe-59d5-8ce1-7e421bb770f4,a799ffd6-b671-5ebf-90d1-d77ac94a8397
7a6f25ac-aedc-5e32-a994-236795a557f4,ae6e238d-2d6e-53d0-bda0-4c03727af302,DL-BE-30033,Primary,,2021-06-14T11:59:47Z,2021-07-13T00:47:14Z,4245a7c2-4d1b-5704-b268-a1e61fa36c90,08af6422-4410-5e79-9a18-4fc94d83f0c1
b8fbbcbe-fc19-5ff7-b80d-bec69f45f1ef,64b9609d-e1a7-5218-b1d5-cad7ddede5c4,DL-UM-40031,Primary,,2021-06-16T13:19:23Z,2021-09-20T22:00:14Z,b4fbfdb7-f487-5f55-9e68-b939f943f1c6,9431969d-5400-5240-8d68-ca025cd24078
fc67c3f4-95a0-51ef-83df-dd6c8ca7fa20,64b9609d-e1a7-5218-b1d5-cad7ddede5c4,GEO-UM-40031,Sensor1,H,2021-06-16T13:19:23Z,2021-09-20T22:00:14Z,b4fbfdb7-f487-5f55-9e68-b939f943f1c6,9431969d-5400-5240-8d68-ca025cd24078
2984660f-fc2c-541f-a3e9-c6670c77ad9c,ece699ad-5455-56c0-aee4-48331adf0cdd,DL-BE-30019,Primary,,2021-06-23T17:37:41Z,2021-12-31T20:20:12Z,8b077d3b-172b-548d-ba14-1f48450cc011,f1a347b7-7bf0-5e1d-ba7e-4d73c23a59cd
21361969-95f7-533c-89a6-72cd1d21008a,3970100b-6d4d-5d34-9867-333584603d4c,DL-UM-40023,Primary,,2021-06-30T14:20:39Z,2021-07-21T17:38:09Z,415a7118-16ef-50ba-8697-1163cc939ef5,e99b28c6-8ac0-59e9-902d-3dffbe74e28a
c75d62d6-6cdc-5ffa-a34c-6b248bcfad5d,3970100b-6d4d-5d34-9867-333584603d4c,GEO-UM-40023,Sensor1,V,2021-06-30T14:20:39Z,2021-07-21T17:38:09Z,415a7118-16ef-50ba-8697-1163cc939ef5,e99b28c6-8ac0-59e9-902d-3dffbe74e28a
59ee6fc7-7838-52d2-a18b-f253475e4c53,397c572e-e16e-516f-90cc-f70e0e3aa4d7,DL-BE-30026,Primary,,2021-06-30T20:51:29Z,2022-02-15T21:15:14Z,135f7165-3839-5452-aab4-64ba42000ca5,0a0b613f-4acf-5e86-a380-be6946652cdb
cbfa7276-66a6-5752-9bfd-32b4b199e698,a9559cbb-b76d-5301-a52d-649e249057c9,DL-D10-300000,Primary,,2021-07-12T11:36:00Z,2021-12-07T00:20:44Z,e9d1b8e9-e47c-5b76-8b37-cc19dced11a6,1ff60152-a0f8-5c7e-a445-358e61956f8c
fe3f693d-b3cd-5cba-bce4-1f8b5e86aebe,08f00f09-c913-5c34-9022-2921e10eb782,DL-BE-30059,Primary,,2021-07-19T12:14:45Z,2021-07-27T19:26:34Z,33e454f5-70ba-539a-9543-9e434f803be8,a222ab27-799c-5ea9-ac80-2ec07e5f8f61
08e4da1f-df62-5fae-b9d3-287c2430bf82,276f085a-b23d-55fc-a5bc-44df2a12a5b3,DL-UM-40030,Primary,,2021-07-20T17:05:47Z,2022-01-25T22:47:27Z,9c1ae6da-f1d3-5699-8afc-29ce75c763ce,73ca45cd-9f73-58ff-9ff2-021f0499e053
9867f70e-9686-5f30-b6d1-5e403e8fc3ae,276f085a-b23d-55fc-a5bc-44df2a12a5b3,GEO-UM-40030,Sensor1,H,2021-07-20T17:05:47Z,2022-01-25T22:47:27Z,9c1ae6da-f1d3-5699-8afc-29ce75c763ce,73ca45cd-9f73-58ff-9ff2-021f0499e053
8f46f91d-61d6-5691-a4af-9d64555b2194,5bb6c7d4-8034-5c03-a288-0492deb17dee,DL-BE-30033,Primary,,2021-07-26T13:41:03Z,2021-10-11T18:35:30Z,013926dc-3065-56a8-a9cd-db67066cd7b2,a4085d8c-4df2-548a-9314-49cf5f70b7fb
9fa0a0fa-9255-5d5d-9541-9c16e0d7bbd3,389d6b12-db3a-5a10-8989-2a9b053f6a62,DL-UM-40023,Primary,,2021-07-28T13:34:06Z,2021-08-03T20:23:06Z,cf4c8059-606c-5fa1-9c66-c77574836c37,b288ef20-b477-5c5d-9d74-cb703d3827a5
2d4b2dbd-996f-5faa-a703-9f116fb29bdd,389d6b12-db3a-5a10-8989-2a9b053f6a62,GEO-UM-40023,Sensor1,BH,2021-07-28T13:34:06Z,2021-08-03T20:23:06Z,cf4c8059-606c-5fa1-9c66-c77574836c37,b288ef20-b477-5c5d-9d74-cb703d3827a5
0f987aaa-091f-5f64-ab6b-1c7e382043f0,4ad67382-ebf4-55c7-a442-116324da09bf,DL-UM-40015,Primary,,2021-07-29T18:36:49Z,2021-08-23T20:39:53Z,62d9d3f4-0018-5752-970b-19e7d0edf615,f6212221-3db9-527f-a355-aaab4d2132cf
e1689d84-d07e-5b35-98d9-932c7490befc,4ad67382-ebf4-55c7-a442-116324da09bf,GEO-UM-40015,Sensor1,N,2021-07-29T18:36:49Z,2021-08-23T20:39:53Z,62d9d3f4-0018-5752-970b-19e7d0edf615,f6212221-3db9-527f-a355-aaab4d2132cf
f4256597-04ee-527d-adec-59f31aebabb0,67a7c57f-d1c3-55fa-8f08-eda7b6c50d8d,DL-BE-30035,Primary,,2021-07-29T21:43:26Z,2022-02-15T22:13:44Z,d0e06c0d-8b08-5d09-ac20-a4150dd6a37c,f96ecdc6-416b-52d7-91bb-181a1b420ed5
9ef2b1bf-3b3d-5510-bad4-2c82bdc39cd1,65491b2f-c707-5bdf-93bb-b0f30f454182,DL-BE-30023,Primary,,2021-08-04T19:05:38Z,2022-06-01T17:04:21Z,0ef1d244-985b-59ed-9fc3-2cb000b5ff1c,9a96c693-a0ed-56e8-9e3b-af650eabcc3f
46dafaa2-8f1f-511b-9c67-b84fb00f3fa1,65491b2f-c707-5bdf-93bb-b0f30f454182,GEO-BG-30027,Sensor1,E,2021-08-04T19:05:38Z,2022-06-01T17:04:21Z,0ef1d244-985b-59ed-9fc3-2cb000b5ff1c,9a96c693-a0ed-56e8-9e3b-af650eabcc3f
880b498a-6bfc-5df4-bda2-df3ac69399c6,120b5a84-b0f7-5bb4-893b-d783a6a66869,DL-UM-40022,Primary,,2021-08-10T19:36:24Z,2021-09-06T19:18:26Z,625721f7-2746-5354-ad1f-726c1d1ed1f1,8a44e60b-e478-5468-bddc-30a882be0970
9a428a5c-066b-5b85-acf0-f3516cfed1e2,120b5a84-b0f7-5bb4-893b-d783a6a66869,GEO-UM-40022,Sensor1,BH,2021-08-10T19:36:24Z,2021-09-06T19:18:26Z,625721f7-2746-5354-ad1f-726c1d1ed1f1,8a44e60b-e478-5468-bddc-30a882be0970
317cfec1-1cba-5854-b584-c3970a32b6ec,7e895cc0-d1f4-5edd-9b14-675d3fbfd45f,DL-BE-30015,Primary,,2021-08-11T14:10:16Z,2022-02-22T18:33:26Z,a664a243-5d8f-5a73-b15a-31f2c4b7dc53,128e5374-52b8-5e6c-ae8a-fdd96da9ddce
23db893d-f715-53ab-9499-371b2cad73e2,7e895cc0-d1f4-5edd-9b14-675d3fbfd45f,GEO-BG-30016,Sensor1,N,2021-08-11T14:10:16Z,2022-02-22T18:33:26Z,a664a243-5d8f-5a73-b15a-31f2c4b7dc53,128e5374-52b8-5e6c-ae8a-fdd96da9ddce
970f07c4-689e-5ae4-ad5f-621b84cb40c3,7e895cc0-d1f4-5edd-9b14-675d3fbfd45f,GEO-BG-30013,Sensor2,E,2021-08-11T14:10:16Z,2022-02-22T18:33:26Z,a664a243-5d8f-5a73-b15a-31f2c4b7dc53,128e5374-52b8-5e6c-ae8a-fdd96da9ddce
8b95c30a-fac2-50fb-b15d-ac8b56d1256f,fd244068-b03c-54e5-a28b-438f2b72d1c4,DL-UM-40014,Primary,,2021-08-13T14:29:03Z,2021-11-24T19:58:53Z,a35b6277-dbd4-5c3b-be7c-bae29d14ed97,016bfd0d-f63c-5ef3-9acd-0e6f13f78360
123b6f64-da02-5aaf-953f-ac77deea6558,fd244068-b03c-54e5-a28b-438f2b72d1c4,GEO-UM-40014,Sensor1,V,2021-08-13T14:29:03Z,2021-11-24T19:58:53Z,a35b6277-dbd4-5c3b-be7c-bae29d14ed97,016bfd0d-f63c-5ef3-9acd-0e6f13f78360
23183028-a86d-53a7-9aa5-a73c8ffc2c9a,a1a7a4e5-4be2-58ac-826b-96d2fb0ab31a,DL-BE-30056,Primary,,2021-08-19T20:37:43Z,2022-02-25T20:44:31Z,ec25ec3f-f69d-56d8-85e3-6b505bcc589a,8c46cbf4-8cde-55a2-aac3-0f9791233dcf
d2d8bdaa-0d18-5a97-8e43-74379a5b6b1e,144d0fa6-6da8-5a58-b1b5-36a92fde5127,DL-UM-40027,Primary,,2021-08-20T20:14:12Z,2021-09-06T19:43:00Z,126f39b8-3a65-5bd9-b682-2e2ce5dd210e,bcf74247-ef85-519e-be24-eb6c8f1f37b7
5ca0c53e-02d8-53a2-b5a1-3d74a0ca56ab,ead79c42-5495-5b02-b198-46d3281da8ae,DL-D10-350000,Primary,,2021-08-23T18:43:10Z,2021-09-11T21:18:13Z,dae1eab7-a841-5ec9-bce4-0f1e915b2ad7,79d1dc95-3463-5e34-93e1-f4bc333c690e
ac80fe46-a0ac-5343-a525-02b303520b96,ead79c42-5495-5b02-b198-46d3281da8ae,SLM-S50-500019,Microphone,,2021-08-23T18:43:10Z,2021-09-11T21:18:13Z,dae1eab7-a841-5ec9-bce4-0f1e915b2ad7,79d1dc95-3463-5e34-93e1-f4bc333c690e
ef880479-ec04-53fd-9508-485386d52bee,2c7f8975-b990-5e2d-ad6f-cc9e564a9304,DL-BE-30038,Primary,,2021-08-23T20:13:04Z,2021-09-20T18:42:57Z,81eaf548-c83c-5862-b040-04e926185481,3b7f887a-d30b-59aa-8bc9-5a33a15f1b71
fe431173-fa93-59b8-8a00-6dbf744c6fea,35c537c5-01e3-5b1a-b025-924b47ed5823,DL-UM-40023,Primary,,2021-08-23T19:11:13Z,2021-09-12T18:16:35Z,543f7c66-32d7-5f9c-af90-366f9aaaf01b,fa1c3c73-0609-5d42-9875-b4866295a4e6
e0a26c88-4548-5109-8b11-22388df81c8f,e41463d6-740f-58ef-b9d4-90cc2f3ca29d,DL-BE-30059,Primary,,2021-08-23T18:42:05Z,2022-07-13T18:40:50Z,ed1e0bac-16bc-5c86-8a7f-3d8c339fd672,70182b96-afcf-5460-b588-d98703122385
ea798ce1-40ef-5b02-a4af-baec7b58bb09,b518928e-3233-5358-b55e-71d70bfb6964,DL-UM-40012,Primary,,2021-08-24T11:40:55Z,2022-12-05T22:03:02Z,ce79778e-c996-510a-bd4e-8e027969c399,63708c91-3bbc-5643-a4f0-8a40ccda7c94
0ea36568-506c-5901-9908-bf06b1ce01e6,b518928e-3233-5358-b55e-71d70bfb6964,GEO-UM-40012,Sensor1,H,2021-08-24T11:40:55Z,2022-12-05T22:03:02Z,ce79778e-c996-510a-bd4e-8e027969c399,63708c91-3bbc-5643-a4f0-8a40ccda7c94
bd2e646b-6197-521b-a2b0-e829edf14bff,92b024a5-a1cc-5d97-9264-54c47d5bdee9,DL-BE-30043,Primary,,2021-08-26T20:38:53Z,2021-10-26T20:01:38Z,9cca0276-6f11-51de-a89a-4a3bdf8ea39b,011561c3-c06c-503b-b684-f6f87357fe63
b95486d0-dfc7-5c10-9859-f0ceb5949457,f28b9f17-2c5c-50be-b497-76bbf5472e3c,DL-BE-30027,Primary,,2021-08-31T19:48:45Z,2021-12-01T18:34:24Z,f511c73f-543b-55e7-90e2-c5f0863760cf,1e6056e9-ce34-50c1-9c0e-0eb033a1d9d8
bb011306-5431-542a-8c9d-396f0106fa72,b838ebaf-9544-5bf9-bd48-c7fe0ec021e4,DL-BE-30051,Primary,,2021-09-01T18:00:38Z,2022-03-03T18:42:44Z,c2aeab37-aae1-54ec-b76d-30b36a38a174,fd225ce7-a7c3-5847-9f1f-9c0fc880f174
94759d70-004f-57df-a272-9e1b0db5506f,b838ebaf-9544-5bf9-bd48-c7fe0ec021e4,GEO-BG-30032,Sensor1,N,2021-09-01T18:00:38Z,2022-03-03T18:42:44Z,c2aeab37-aae1-54ec-b76d-30b36a38a174,fd225ce7-a7c3-5847-9f1f-9c0fc880f174
d495285f-d863-56d1-b7cc-79933df746ea,b922de23-88c1-5075-9ada-39e0beff8b57,DL-BE-30042,Primary,,2021-09-02T17:40:37Z,2021-12-15T20:48:50Z,9ca32307-3e9f-5dba-859a-02730910852b,8679f4e3-51d4-52a4-abfc-4063fc54291d
fa235004-d17f-55b6-85b1-cc04428a4a2d,612ec5dd-b86c-5ea6-ade2-1277f0c118d9,DL-D10-350001,Primary,,2021-09-03T20:07:10Z,2021-09-18T19:49:43Z,12d00b92-c74b-5688-8c05-45f62878b867,c0fe04bb-b3aa-5b7f-af64-2e8406d650c0
7e8e70b5-5b88-51a2-8cfe-ac15a633b75e,612ec5dd-b86c-5ea6-ade2-1277f0c118d9,GEO-V12-400011,Sensor1,BH,2021-09-03T20:07:10Z,2021-09-18T19:49:43Z,12d00b92-c74b-5688-8c05-45f62878b867,c0fe04bb-b3aa-5b7f-af64-2e8406d650c0
5169d409-fffc-506d-b8ea-cd8cd67f6fdd,e4bd5c9f-794a-548d-bb7c-a5bc6d1b4572,DL-UM-40033,Primary,,2021-09-05T12:04:00Z,2022-05-05T10:05:55Z,f16d8ad3-35fe-5e22-8791-678a0a281311,db4d3bff-4bc6-5f6c-b17a-d1a445fadc29
4b273ecf-3d91-5f05-bd7a-1880d470162b,e4bd5c9f-794a-548d-bb7c-a5bc6d1b4572,MDM-3000000007,Modem,,2021-09-05T12:04:00Z,2022-05-05T10:05:55Z,f16d8ad3-35fe-5e22-8791-678a0a281311,db4d3bff-4bc6-5f6c-b17a-d1a445fadc29
4b53242e-e042-589d-b285-44a1e5194bf2,e4bd5c9f-794a-548d-bb7c-a5bc6d1b4572,GEO-UM-40033,Sensor1,N,2021-09-05T12:04:00Z,2022-05-05T10:05:55Z,f16d8ad3-35fe-5e22-8791-678a0a281311,db4d3bff-4bc6-5f6c-b17a-d1a445fadc29
665206ea-d7df-5694-9796-170dc111449f,2ff2fa0e-547a-5aea-8dd2-8971fe6dd135,DL-UM-40015,Primary,,2021-09-06T18:10:08Z,2022-02-01T19:27:33Z,fd1cde67-a35e-5fc5-86f5-979c85274383,ee1ac78b-44fb-50ba-bfa1-714e606387a0
ad28bf4b-7994-51b2-8eac-f50361f19b1c,2ff2fa0e-547a-5aea-8dd2-8971fe6dd135,GEO-UM-40015,Sensor1,N,2021-09-06T18:10:08Z,2022-02-01T19:27:33Z,fd1cde67-a35e-5fc5-86f5-979c85274383,ee1ac78b-44fb-50ba-bfa1-714e606387a0
d13616e4-6eea-5cf8-a81b-66db2f847b83,3a7b5fbc-04d3-5091-a61e-788be2786106,DL-UM-40017,Primary,,2021-09-06T16:22:12Z,2021-10-11T19:04:49Z,766ed762-3d65-5c78-b3f0-eda71fe276a0,e1cd7d37-eefa-5eb5-aed0-4a92f9b40ccd
16286724-227d-541d-b12d-27d8714d769e,3a7b5fbc-04d3-5091-a61e-788be2786106,GEO-UM-40017,Sensor1,S,2021-09-06T16:22:12Z,2021-09-21T21:46:26Z,766ed762-3d65-5c78-b3f0-eda71fe276a0,17de392a-b6fd-549e-b991-2a68f05a5a10
7df7644f-9564-5287-b401-eaa6a9db7f4e,078c0014-bda3-57e3-a4df-1b48ec223f23,DL-BE-30028,Primary,,2021-09-08T14:29:58Z,2021-10-11T21:46:40Z,8ba578b4-1a40-586c-8979-533dc04576fe,05c432cd-84ea-51d0-b77e-36af5487bee5
f89f0efd-0fab-5cad-8ded-ab1fc5d2e28b,e9870e91-bbd5-57c4-8e37-969b9e7dbc64,DL-UM-40027,Primary,,2021-09-10T21:22:25Z,2022-01-16T21:19:50Z,5aae7b50-a71e-57cd-9b1c-d36c8783f228,bc7b0844-95ed-5ae5-9f1d-d84104c92d96
89f20f06-10a3-5b1d-97a7-9fe254c5313e,c24d9396-eb99-5f4c-82c7-a4a9e548c92e,DL-BE-30041,Primary,,2021-09-10T18:22:14Z,2023-08-14T19:39:49Z,5e10630f-5acb-5d33-9512-d7e834fddc5f,6d49eab4-9464-5f61-aaf5-5428d62da4dc
c4561a1d-161b-5f93-b884-661828c7011a,c24d9396-eb99-5f4c-82c7-a4a9e548c92e,GEO-BG-30029,Sensor1,BH,2021-09-10T18:22:14Z,2023-08-14T19:39:49Z,5e10630f-5acb-5d33-9512-d7e834fddc5f,6d49eab4-9464-5f61-aaf5-5428d62da4dc
0e86de79-4fb4-5dea-8f69-b2b94246245d,0cb1aa05-164e-5277-94a2-486ad076d3df,DL-BE-30010,Primary,,2021-09-13T13:56:42Z,2022-10-31T18:05:33Z,200485b6-3416-5b68-8e38-4b673c913f94,68a600da-e804-5a32-bfa1-35b4ea68c493
933d7d89-2b4f-56f9-a269-290e354a3d9c,0cb1aa05-164e-5277-94a2-486ad076d3df,GEO-BG-30010,Sensor1,E,2021-09-13T13:56:42Z,2022-10-31T18:05:33Z,200485b6-3416-5b68-8e38-4b673c913f94,68a600da-e804-5a32-bfa1-35b4ea68c493
62744c04-3ab7-559a-9ba1-7abfd1e5e208,c4f0bf43-ac53-5319-9dbe-1259203f7f2a,DL-BE-30039,Primary,,2021-09-14T19:39:12Z,2022-03-28T20:28:21Z,d5efb8cd-af85-5290-af92-487c2cb4531d,739341a1-e47b-5572-b4c6-6e0bf2f86bed
96069e7d-8981-528c-a31d-935860b3141f,d593b937-b2c2-5747-9f3a-83647a65cf1b,DL-UM-40023,Primary,,2021-09-16T11:17:08Z,2021-10-26T18:42:30Z,2cc4c220-306a-5840-8f3d-f040b3ef0d91,5043fbd9-4a63-56e9-8842-97f18dad4307
fcb12d34-8e57-58d1-ba56-705251192b32,d593b937-b2c2-5747-9f3a-83647a65cf1b,GEO-UM-40023,Sensor1,BH,2021-09-16T11:17:08Z,2021-10-26T18:42:30Z,2cc4c220-306a-5840-8f3d-f040b3ef0d91,5043fbd9-4a63-56e9-8842-97f18dad4307
3d671c0b-8cfa-50e2-a29f-4ad08fefef0a,d85a645b-27ed-573d-b676-c94fa92dc56e,DL-UM-40006,Primary,,2021-09-21T14:56:01Z,2022-06-27T19:06:18Z,93e187c3-4654-56ba-8a2b-cd85539e18eb,e58adeb7-bb79-591c-9f9c-a917f6ebc52d
77782e3c-ff7b-5ad8-bd49-131bfe522ed1,d85a645b-27ed-573d-b676-c94fa92dc56e,GEO-UM-40006,Sensor1,E,2021-09-21T14:56:01Z,2022-06-27T19:06:18Z,93e187c3-4654-56ba-8a2b-cd85539e18eb,e58adeb7-bb79-591c-9f9c-a917f6ebc52d
b12b3f14-f02d-572f-b5fa-69903e0503d3,7caab2c8-2eba-5ef5-8e98-9253292d7c83,DL-UM-40031,Primary,,2021-09-23T14:31:10Z,2022-11-03T19:54:37Z,9be9afcc-1ebb-551c-b8f7-5f180e65156c,b9ea8063-d123-5248-882c-6a439a63d80f
576d488e-41f0-5d39-aedd-c6c0d1fa6158,d38e5916-0cbd-524a-ab68-36ecdaa7a165,DL-BE-30048,Primary,,2021-09-27T13:13:11Z,2021-12-16T19:32:07Z,bb8b411c-2c15-5b3b-9977-7592afb667d1,bb31d9ba-d16a-5790-8008-7a615f24aa32
91f5d33d-8317-5b48-b68b-28537c3e5c13,11662861-78f5-52c2-af3e-17edad584e2e,DL-UM-40022,Primary,,2021-09-28T19:12:58Z,2022-07-25T20:20:17Z,0c7a3bf3-8275-5290-b644-7fd3add4fadd,c427d690-e543-56d2-92dd-5d51dfb939dd
20cf057c-174b-59a3-894d-656ac80422b9,11662861-78f5-52c2-af3e-17edad584e2e,GEO-UM-40022,Sensor1,W,2021-09-28T19:12:58Z,2022-06-27T20:46:40Z,0c7a3bf3-8275-5290-b644-7fd3add4fadd,fe936bae-d9be-5bbb-9fc9-b6d2cbdcfa60
3be7f315-625d-5e1d-ba32-c3a4eaa419e6,d9f7bdd2-2457-52c0-8919-5731a256a856,DL-UM-40007,Primary,,2021-10-02T14:34:30Z,2023-04-28T21:16:29Z,3f8a77dc-9fbf-57ff-ba40-9655dab6dc2f,220bfd12-cd99-5011-b14d-c755e48e0f5b
735d2ef9-f940-5d2b-a072-eda40c98a593,84973527-3d48-550a-8e57-39f1793e3d93,DL-D10-350002,Primary,,2021-10-04T19:40:51Z,2022-10-31T21:35:30Z,2a735c45-81bc-5ecd-a6de-d6f19b11b9dc,8275b59c-3c6e-52e5-95e0-94b077e44eed
eaf8ba0f-0168-5f07-bedc-77858a249745,e8bd8a91-f2d7-5707-b5ee-203edf5dbe0d,DL-BE-30006,Primary,,2021-10-05T20:03:19Z,2021-11-02T18:24:31Z,bec35f82-7919-5924-91dd-b5ec07ce3e3b,bb12e3ed-4748-5f91-9b0c-ec7b75d22567
9311b23d-46ad-597b-9795-90ba1ffea46e,9331b095-51f2-5430-8d7b-f1255ea6ffe8,DL-D10-350000,Primary,,2021-10-06T19:26:54Z,2021-11-19T19:43:54Z,9be08c25-75fc-5606-a44b-fd1a84b67517,1e3388da-1977-5214-942a-aa2ab06af80e
ba9cb2a3-7970-5b32-93a9-a65d15e0c1a2,b8ab5bc6-dd93-5e98-8953-8de6611ce561,DL-BE-30002,Primary,,2021-10-07T19:56:33Z,2022-10-17T18:21:41Z,57b5e7ec-b288-5d6f-9830-82919fb8919f,44ee3f85-074c-5a85-bdec-9dc691bce5c0
5dc0dfd0-9f91-58ae-9ed9-42b3405a8442,b8ab5bc6-dd93-5e98-8953-8de6611ce561,GEO-BG-30000,Sensor1,H,2021-10-07T19:56:33Z,2022-10-17T18:21:41Z,57b5e7ec-b288-5d6f-9830-82919fb8919f,44ee3f85-074c-5a85-bdec-9dc691bce5c0
3e6f33bb-57d3-5ae2-b618-12696b2f338c,6f146a6b-b541-584a-96ed-0145c67d2704,DL-BE-30007,Primary,,2021-10-08T21:00:08Z,2021-10-25T17:34:04Z,bb90a62a-df85-5991-a365-f53512d61988,f2b7a91c-3d68-576e-9257-bfe4e06589d2
91977ce5-785c-58e1-a99d-288769024827,68f540bc-ba11-59a0-8d05-6477b777b85b,DL-BE-30038,Primary,,2021-10-18T16:28:43Z,2022-04-11T18:14:09Z,817176e1-2f16-52e5-944a-2621771db149,d11ef0ab-ab01-50cf-8567-a46e744628ca
4f4eb938-ec61-50b9-bf49-c2e236013983,b1eaaf39-a93a-5d42-98f2-24f8d8ff99a9,DL-UM-40017,Primary,,2021-10-19T13:46:34Z,2021-11-09T19:04:43Z,17a6dd8e-3a9e-58fb-8ac1-e681918e7d55,008419bb-63d7-54f8-b599-c3a8bbf8738c
b271f4ed-f23c-51e0-917d-deaf7bd58261,b1eaaf39-a93a-5d42-98f2-24f8d8ff99a9,GEO-UM-40017,Sensor1,N,2021-10-19T13:46:34Z,2021-11-09T19:04:43Z,17a6dd8e-3a9e-58fb-8ac1-e681918e7d55,008419bb-63d7-54f8-b599-c3a8bbf8738c
fa0eca96-e251-5e47-9681-cebd90525f43,8103e068-13c6-5129-a557-883b38d58b34,DL-UM-40019,Primary,,2021-10-21T14:35:11Z,2021-11-01T17:13:07Z,f1ccce6f-fee0-526e-9012-d2ae64869020,d6cd29df-1d47-567a-b54a-ad38f81c03fb
8eba7568-9850-509f-97d6-c8aaf03d1a05,8103e068-13c6-5129-a557-883b38d58b34,GEO-UM-40019,Sensor1,H,2021-10-21T14:35:11Z,2021-11-01T17:13:07Z,f1ccce6f-fee0-526e-9012-d2ae64869020,d6cd29df-1d47-567a-b54a-ad38f81c03fb
bad281d1-cfd3-51f6-ba85-70d808dc1cbb,c1797e28-1525-5f2f-8ba6-d3bf52ba95f4,DL-D10-300003,Primary,,2021-10-22T21:00:46Z,2022-07-20T21:12:37Z,a199578c-05b2-5dc6-a57c-e63f09c1cc53,4f307ec0-5561-5006-9a3f-486f7ca09259
7a24571c-6b4d-5100-8d03-54f3afa0b6c5,c1797e28-1525-5f2f-8ba6-d3bf52ba95f4,GEO-V12-400000,Sensor1,W,2021-10-22T21:00:46Z,2022-07-20T21:12:37Z,a199578c-05b2-5dc6-a57c-e63f09c1cc53,4f307ec0-5561-5006-9a3f-486f7ca09259
facd5569-cc5b-59c1-8620-0619a99a19b5,c995c1c1-84a9-5466-bef9-0502d00c6309,DL-BE-30028,Primary,,2021-10-22T11:01:38Z,2021-11-08T19:05:30Z,e2ee10a0-52e0-5bbc-a65c-d395e8420993,f9799389-d43d-562d-9925-8acfdf2e9fb1
2bf050ea-043d-5c1a-a343-970e514f94f5,f7722ea9-3592-509d-b273-1c7883bf560e,DL-D10-300001,Primary,,2021-10-28T18:54:26Z,2022-01-04T20:01:52Z,db074fa4-b961-5087-98b7-684aa7ab9d06,1024b405-7f91-5240-816b-3390c44fa017
71fdde50-837d-5840-bc87-4b76f86934fc,f7722ea9-3592-509d-b273-1c7883bf560e,GEO-V12-400002,Sensor1,H,2021-10-28T18:54:26Z,2022-01-04T20:01:52Z,db074fa4-b961-5087-98b7-684aa7ab9d06,1024b405-7f91-5240-816b-3390c44fa017
ce56df78-79a5-58af-8058-62bd62292cfb,2222917f-cabe-5858-9f19-5cd129a34b09,DL-BE-30033,Primary,,2021-10-29T15:41:37Z,2022-08-30T20:57:25Z,05ab152a-1902-563f-81b1-d672c8cbd72f,79a773d9-fa6e-5813-949a-efe14249a1ac
8ea326a7-93bc-591f-849b-52de6e5017da,c2877374-1a78-53f4-b478-5635e0f9cec6,DL-UM-40032,Primary,,2021-11-01T19:16:22Z,2022-10-17T21:40:17Z,4ea97db0-dd3b-56f4-a5a0-b4219eebd6a6,cebbd8aa-5754-5bf2-a500-75fb3b28365f
6043a8cb-4718-562a-9865-39eb7c1342b3,c2877374-1a78-53f4-b478-5635e0f9cec6,GEO-UM-40032,Sensor1,S,2021-11-01T19:16:22Z,2022-10-17T21:40:17Z,4ea97db0-dd3b-56f4-a5a0-b4219eebd6a6,cebbd8aa-5754-5bf2-a500-75fb3b28365f
44259674-9d54-54f2-897e-4c02f4deb04e,a3124655-e450-543d-bb5b-ea6bbdf222c2,DL-UM-40000,Primary,,2021-11-02T19:13:11Z,2022-04-28T17:17:28Z,9f30e095-36d1-515d-8b0c-aeeb96a94be6,8a908b8b-b19b-58d7-b0e1-07ab3bd4b32e
526236b7-f293-5d27-95a4-c65fc2ded5ea,a3124655-e450-543d-bb5b-ea6bbdf222c2,GEO-UM-40000,Sensor1,W,2021-11-02T19:13:11Z,2022-04-28T17:17:28Z,9f30e095-36d1-515d-8b0c-aeeb96a94be6,8a908b8b-b19b-58d7-b0e1-07ab3bd4b32e
d411241a-d4b2-540b-ae39-1910dc2620b7,bbba848b-bba4-5115-9c7f-b89b5108fd3b,DL-BE-30061,Primary,,2021-11-03T13:06:11Z,2022-03-21T17:53:08Z,d59c3652-9775-5733-817a-faa27777aac9,f0637acf-e7ae-51e0-b102-ab1a9d8c2246
f1958f93-3cae-57e4-8595-6820793faaa2,cbdadcb0-bcb6-560d-bd0e-5e51eddd7719,DL-UM-40009,Primary,,2021-11-04T13:29:12Z,2021-12-27T20:56:45Z,adf38079-d3ab-58b4-bb5d-2fe604a86120,bd1a8761-ba62-5f14-9acb-0209477571a0
5a0ace40-1627-5074-9877-a8a44d20ef19,cbdadcb0-bcb6-560d-bd0e-5e51eddd7719,GEO-UM-40009,Sensor1,BH,2021-11-04T13:29:12Z,2021-12-27T20:56:45Z,adf38079-d3ab-58b4-bb5d-2fe604a86120,bd1a8761-ba62-5f14-9acb-0209477571a0
b9ab5a82-5270-5895-8a3b-a979617dac6b,cbdadcb0-bcb6-560d-bd0e-5e51eddd7719,MDM-3000000001,Modem,,2021-11-04T13:29:12Z,2021-12-27T20:56:45Z,adf38079-d3ab-58b4-bb5d-2fe604a86120,bd1a8761-ba62-5f14-9acb-0209477571a0
1743e248-9376-5b7f-8bdd-581f932a02d8,c3cb2f5a-05b9-5405-b376-53088bce562c,DL-BE-30043,Primary,,2021-11-05T18:02:35Z,2022-12-01T11:28:26Z,ca700df9-b3b7-5080-9377-3b73409fac89,2593d113-70d6-5d5c-a26d-a4e8adb3a741
0c0fe296-ea56-5328-a021-4bca85fec32b,37ba1112-5cdc-5c97-b6c3-dc172487221e,DL-BE-30030,Primary,,2021-11-05T19:09:55Z,2022-03-08T18:22:01Z,9a62080a-331b-5d16-ae8a-8fba6ff00888,0163e58a-3d62-5ec5-bd6d-93f84c686a56
883e498f-5840-51ed-a7cf-6d6f37981150,241e72d2-c22c-5671-b611-3be7a81e9fee,DL-D10-350001,Primary,,2021-11-08T20:16:00Z,2021-11-18T19:38:57Z,4dfc6dbe-4b4c-5fab-986f-f5d079667a1b,1873b4f1-a908-57d7-b382-b917aad1a9e5
58b1d284-b23a-5a66-bb6f-6cd3c2dd39b8,241e72d2-c22c-5671-b611-3be7a81e9fee,GEO-V12-400011,Sensor1,BH,2021-11-08T20:16:00Z,2021-11-18T19:38:57Z,4dfc6dbe-4b4c-5fab-986f-f5d079667a1b,1873b4f1-a908-57d7-b382-b917aad1a9e5
120873d1-294a-5209-b305-3aee1088c9c7,2d804b7f-0c11-58d1-ac17-1ddfbb245d5b,DL-UM-40001,Primary,,2021-11-08T16:09:53Z,2022-02-14T21:36:02Z,c8d82851-e61e-53e8-9d3b-245c406b84d9,d3cb7bfd-f736-5515-8d85-edf276d902ef
522469d5-ede2-5333-8c56-f38a37d0d73a,2d804b7f-0c11-58d1-ac17-1ddfbb245d5b,GEO-UM-40001,Sensor1,N,2021-11-08T16:09:53Z,2022-02-14T21:36:02Z,c8d82851-e61e-53e8-9d3b-245c406b84d9,d3cb7bfd-f736-5515-8d85-edf276d902ef
d7a88694-7418-5feb-b430-a73afc844cdd,bc6938f3-c95f-55a6-9ac6-1517a90dee70,DL-BE-30007,Primary,,2021-11-08T21:59:49Z,2021-12-06T22:48:53Z,0e880887-7bf2-5b3d-92ae-603decdfdd1b,757816cc-492e-5009-b39e-e36cfb746427
4a4e385a-ca0f-5604-b911-9ecac6bcee32,bc6938f3-c95f-55a6-9ac6-1517a90dee70,GEO-BG-30017,Sensor1,H,2021-11-08T21:59:49Z,2021-12-06T22:48:53Z,0e880887-7bf2-5b3d-92ae-603decdfdd1b,757816cc-492e-5009-b39e-e36cfb746427
49ae6472-6b96-5571-ac7a-762a11f1f140,a97b3516-a9e5-534e-ae12-1e6fdffa5dab,DL-UM-40010,Primary,,2021-11-08T17:13:34Z,2022-06-07T18:17:44Z,96ab616b-9006-5632-8790-e8e992d0d98a,040cf9b3-aa0e-571b-b9cb-a38135ff20b7
438aa6ba-9cb9-5914-b803-e2cfdd911396,a97b3516-a9e5-534e-ae12-1e6fdffa5dab,GEO-UM-40010,Sensor1,E,2021-11-08T17:13:34Z,2022-06-07T18:17:44Z,96ab616b-9006-5632-8790-e8e992d0d98a,040cf9b3-aa0e-571b-b9cb-a38135ff20b7
239ca6d8-de9d-5bb6-926a-d0cc08166fca,fb3ee90d-8608-5440-88ef-4d0ecd7a913a,DL-UM-40034,Primary,,2021-11-08T22:59:13Z,2022-10-24T18:57:13Z,fcd48fb5-c8c7-54dc-8398-a458c9e09ab3,e5edc163-f241-5772-9910-82768e8349db
9a504afd-0f2e-59f0-b4fb-dbd3edb45426,fb3ee90d-8608-5440-88ef-4d0ecd7a913a,GEO-UM-40034,Sensor1,BH,2021-11-08T22:59:13Z,2022-09-12T19:55:43Z,fcd48fb5-c8c7-54dc-8398-a458c9e09ab3,7233dbf7-cbee-5f6c-929b-61d7f8e3fafe
9e67daff-3e99-5753-9fa9-6dfdd3c87220,48520303-cec0-5ac0-8efb-0bb53a68e74e,DL-BE-30006,Primary,,2021-11-10T20:10:55Z,2022-01-28T19:18:09Z,aa9d3a53-e682-5cad-9d65-34da1c9813d2,bc1785d5-0ecd-5f08-b1a4-51d43f63542e
61f638d2-88ac-5d4d-9620-fdcece021f6e,814c5f51-2c43-53ad-b470-f5d73f1a9844,DL-UM-40023,Primary,,2021-11-11T21:46:39Z,2021-12-30T19:28:01Z,a7cae831-b696-5feb-9904-babc44667f83,2d957d35-0e27-56ba-b9c0-30fe9e64fa46
2ebc1ad3-37e0-5491-a57f-06701870438e,814c5f51-2c43-53ad-b470-f5d73f1a9844,GEO-UM-40023,Sensor1,E,2021-11-11T21:46:39Z,2021-12-30T19:28:01Z,a7cae831-b696-5feb-9904-babc44667f83,2d957d35-0e27-56ba-b9c0-30fe9e64fa46
aba53fc3-5338-50d0-b79e-583444bd3727,9a86cea3-6627-5d4e-937d-b8e987e96d13,DL-BE-30053,Primary,,2021-11-11T18:46:39Z,2022-06-24T18:03:28Z,61947110-72a0-58fe-99e6-779f1abf508b,6067a7ff-9331-5861-9204-9862e833a95e
63f1af31-dd54-5395-b21a-6964d41cf331,b0656065-2d0f-5b69-95fd-6d3d21a6ae0c,DL-UM-40019,Primary,,2021-11-15T16:45:09Z,2022-10-09T20:33:30Z,e79f6ac9-35b6-5234-9b93-170bf23a9871,77cfa9b6-b9af-572b-abc2-fc1194cdbc7a
537fd7ff-e120-50db-bbab-3d1e31605e8d,b0656065-2d0f-5b69-95fd-6d3d21a6ae0c,GEO-UM-40019,Sensor1,H,2021-11-15T16:45:09Z,2022-09-30T20:03:08Z,e79f6ac9-35b6-5234-9b93-170bf23a9871,99bab1f4-4cec-5ff0-9f8a-8db0ab66092c
66787dca-7995-5261-b8cd-cfedb93cc2ee,d92c6d37-66a9-5f0c-a8b4-b2771895edd1,DL-D10-300004,Primary,,2021-11-18T22:23:02Z,2023-02-09T19:39:14Z,0e8d84d5-f3c0-5099-9e98-9bf97cec397d,57f25554-993e-58c0-9813-e7489e154bc7
c6c2b006-d6f7-57c4-bea3-65be90022042,d92c6d37-66a9-5f0c-a8b4-b2771895edd1,GEO-V12-400009,Sensor1,BH,2021-11-18T22:23:02Z,2023-02-09T19:39:14Z,0e8d84d5-f3c0-5099-9e98-9bf97cec397d,57f25554-993e-58c0-9813-e7489e154bc7
411cdc5f-9f90-5e64-8be6-bd04d0f24ce0,d92c6d37-66a9-5f0c-a8b4-b2771895edd1,GEO-V12-400012,Sensor2,E,2021-11-18T22:23:02Z,2023-02-09T19:39:14Z,0e8d84d5-f3c0-5099-9e98-9bf97cec397d,57f25554-993e-58c0-9813-e7489e154bc7
cd7ef912-3026-56a0-aa72-6743e6dd2bfe,e649beba-eb5b-53dc-8176-4467384dfe4e,DL-BE-30055,Primary,,2021-11-19T22:48:13Z,2021-12-23T20:14:21Z,80b640af-7858-5716-a9ea-1ef18be1dcfb,f7c827b0-ab42-513f-972a-0290b664a19e
32d944e5-9694-5f60-b5e9-efc10e85ca5a,76353930-2339-5024-8797-009f877d1996,DL-BE-30028,Primary,,2021-11-22T17:32:12Z,2022-05-31T17:32:49Z,50db8d47-967f-5f55-9ec7-81e9d8ba1065,07162055-af44-5867-9acd-a2f4a8da17e5
afce1f5a-396b-5776-9915-45d49e479ac4,dbf316e0-d0b7-5c51-8a66-29635ea78299,DL-D10-350001,Primary,,2021-11-25T19:14:22Z,2022-08-05T18:30:27Z,cabca212-a7fc-59a6-876b-da3b66eb1467,f81c8c8d-7fee-5a92-9665-541c6185dac2
dd80ef82-e402-554a-962b-5853471f4b1e,dbf316e0-d0b7-5c51-8a66-29635ea78299,GEO-V12-400011,Sensor1,V,2021-11-25T19:14:22Z,2022-08-05T18:30:27Z,cabca212-a7fc-59a6-876b-da3b66eb1467,f81c8c8d-7fee-5a92-9665-541c6185dac2
ae40361e-5026-5f77-be2f-ad20b8f9e83a,9441bef3-42c6-5cde-a535-edfffcac465a,DL-BE-30036,Primary,,2021-11-29T19:32:06Z,2022-04-11T18:02:24Z,e94b1079-f2b5-5384-9cf4-e31f4b0c7bd7,3a71bf94-c6d2-5983-915b-85037fd6eace
6fbd86a7-5be5-53ba-b741-5ad19a9ef127,9441bef3-42c6-5cde-a535-edfffcac465a,GEO-BG-30030,Sensor1,W,2021-11-29T19:32:06Z,2022-03-29T20:08:26Z,e94b1079-f2b5-5384-9cf4-e31f4b0c7bd7,adb0d5a0-a676-5a31-b76d-31e39250745e
c9571414-c5ff-5756-8fec-af1259c7e92a,9441bef3-42c6-5cde-a535-edfffcac465a,GEO-BG-30033,Sensor2,V,2021-11-29T19:32:06Z,2022-04-11T18:02:24Z,e94b1079-f2b5-5384-9cf4-e31f4b0c7bd7,3a71bf94-c6d2-5983-915b-85037fd6eace
04e2444e-0fe5-58d1-8ad7-c39134cff09a,0905cbb3-ea5b-5937-9e27-57dec745b496,DL-BE-30037,Primary,,2021-11-29T21:50:08Z,2021-12-08T22:43:10Z,7e584818-9890-519d-9313-cc2843883621,6e553464-cea1-5465-bbae-af9126aa3da7
d5d7afe7-0e03-526c-9bf3-62b75f56808e,9a2b801a-5007-5bd7-ac0c-1021432003e4,DL-D10-350000,Primary,,2021-12-02T01:51:07Z,2022-04-11T20:29:53Z,116b9ff7-b0b2-50ca-9347-0368b1be4df4,db47025b-f0d8-565c-aa58-d33788740ef5
1f3bfc1b-071c-50f9-9838-f398c029def3,9a2b801a-5007-5bd7-ac0c-1021432003e4,SLM-S50-500019,Microphone,,2021-12-02T01:51:07Z,2022-04-11T20:29:53Z,116b9ff7-b0b2-50ca-9347-0368b1be4df4,db47025b-f0d8-565c-aa58-d33788740ef5
783318d0-5e4e-5707-8270-ed61ae1ace6f,93f36837-9d07-5f0a-b738-7fc6ae632cea,DL-BE-30046,Primary,,2021-12-06T16:44:12Z,2022-04-18T19:06:07Z,47704c6a-518e-5c5e-80db-ad8fec0a37ef,8da88f29-bce5-587d-a5f4-385376f77407
0bd751f6-caf6-58db-afec-85ee26239a90,eb8aa61d-7671-5cff-bc41-d720764cdc3e,DL-BE-30022,Primary,,2021-12-08T17:52:32Z,2022-01-07T22:12:44Z,364bdbc3-998e-547b-9288-b60b37a685b2,0cd9c329-eb5a-5519-bd65-ad308a0dd417
515cedf7-346b-5a59-9d41-6a1f4a836ba2,eccc16d1-00c3-5001-a6ca-fea25052686c,DL-BE-30027,Primary,,2021-12-15T18:45:53Z,2021-12-28T21:57:57Z,1a5dca12-9ef6-591c-b006-b60ee58c2cb0,ab2eb9bb-5d3e-5366-a66b-d25fed4475da
82ac36a7-af31-5e1c-a585-6eff5df4efd3,4087a6d1-9fd6-566a-b668-da43ff01d7e6,DL-BE-30008,Primary,,2021-12-20T13:39:29Z,2022-07-15T19:49:35Z,96dbcfa3-ba56-50c9-a8b2-b3afcc6f5ecd,ef55889c-c168-5aaf-a955-665edf48d01d
4bd5a99f-c562-5c8d-9bee-475740ce5c57,9d572cca-8280-5b87-ba5a-be2f9878fe95,DL-BE-30042,Primary,,2021-12-20T20:09:47Z,2022-06-24T21:56:47Z,ffab3b04-6577-5679-a9dd-556d926d3bca,8f26662e-34f3-524f-9b06-403a37cc073d
fada286e-f592-5ada-8eea-200a3f81d8ce,81170783-0570-52ff-9c2e-827b8273366e,DL-UM-40026,Primary,,2021-12-22T18:34:34Z,2022-03-07T21:30:30Z,fafd4421-02e5-5440-b825-b967ed48176d,6f6e3fe7-d577-5663-b53e-224382170bc7
a4e12308-8ea0-594f-840c-b2bdd64180e7,81170783-0570-52ff-9c2e-827b8273366e,GEO-UM-40026,Sensor1,E,2021-12-22T18:34:34Z,2022-03-07T21:30:30Z,fafd4421-02e5-5440-b825-b967ed48176d,6f6e3fe7-d577-5663-b53e-224382170bc7
ac336a6e-893b-5493-9826-4b7665d15ec7,c9f69fac-3c63-595a-8497-c8303ca6c8e0,DL-BE-30044,Primary,,2021-12-23T22:49:30Z,2022-09-28T10:04:41Z,d5d00984-a370-5b00-a56a-104673a108b8,6e61ab51-ffe2-5b60-af14-d64677db1ded
cf2b19d5-8f7b-5e92-9fa8-11fc88fdf219,685b514a-e206-54b4-978e-a9ab1e33cc8e,DL-UM-40028,Primary,,2021-12-27T15:46:01Z,2022-02-07T18:42:05Z,4b3adaec-33d9-5d34-9cc9-3ae277dbd63d,800b84db-24b9-5c93-9c62-595f89c2a4ec
0359df08-0059-5dd0-ac4b-972916089dc4,685b514a-e206-54b4-978e-a9ab1e33cc8e,GEO-UM-40028,Sensor1,H,2021-12-27T15:46:01Z,2022-01-21T20:29:46Z,4b3adaec-33d9-5d34-9cc9-3ae277dbd63d,1d0bf14a-7c7b-5df3-ad34-a0d345364eeb
9450f4c4-490c-5a3c-a2be-26b1270006a6,151ed6e2-79b2-5e04-8dda-0f57578e61d8,DL-BE-30012,Primary,,2022-01-06T16:22:11Z,2022-08-03T17:44:53Z,da8f2b3f-3752-55e2-9e4e-99299295cfac,e8216bb7-6fe2-54e6-aaeb-8d291e88cb89
f0355639-f7e8-5efa-af83-69a4839a7ce5,151ed6e2-79b2-5e04-8dda-0f57578e61d8,GEO-BG-30019,Sensor1,V,2022-01-06T16:22:11Z,2022-08-03T17:44:53Z,da8f2b3f-3752-55e2-9e4e-99299295cfac,e8216bb7-6fe2-54e6-aaeb-8d291e88cb89
c0774659-3937-5203-a8fd-17aafafeed44,45e91b21-5ad6-5453-b3f4-890ed1e59971,DL-UM-40014,Primary,,2022-01-12T13:43:01Z,2023-09-18T20:56:41Z,bc37ee10-ec56-5c68-a002-19780ba2e3f9,804d7f5a-f59d-587e-b5a5-e57ae279ca17
0a9f7da6-594f-5ee9-82a0-c724712f7376,45e91b21-5ad6-5453-b3f4-890ed1e59971,GEO-UM-40014,Sensor1,V,2022-01-12T13:43:01Z,2023-09-18T20:56:41Z,bc37ee10-ec56-5c68-a002-19780ba2e3f9,804d7f5a-f59d-587e-b5a5-e57ae279ca17
53669197-0324-5588-8f5b-af445fb7c9d8,dc2e6c44-d33a-5db1-9bfb-8afad0d6abfb,DL-BE-30020,Primary,,2022-01-17T14:58:31Z,2022-06-07T18:33:47Z,4a44905f-2d17-525a-940b-6e28ddc41be5,c1c3045e-3c9b-5c89-84b7-844f8027efd7
9f96aa08-f87a-5719-a9ea-8f535820ba03,dc2e6c44-d33a-5db1-9bfb-8afad0d6abfb,GEO-BG-30022,Sensor1,W,2022-01-17T14:58:31Z,2022-06-07T18:33:47Z,4a44905f-2d17-525a-940b-6e28ddc41be5,c1c3045e-3c9b-5c89-84b7-844f8027efd7
45278432-90be-5618-93bc-a33fa40fb96c,21b2f714-bb03-5f0c-a813-4b576ba8a943,DL-UM-40029,Primary,,2022-01-17T18:56:38Z,2022-03-28T18:21:04Z,ad35fc47-d4f1-5140-8a87-706f49f87ccd,c298e5d6-6cc6-5689-8f69-72b6938cd680
990e2dc2-6a44-50bd-841f-91acd40ec8df,c422c13d-2219-5220-892b-75234832e593,DL-BE-30019,Primary,,2022-01-18T17:58:42Z,2022-02-06T20:03:29Z,f63791fa-95bc-519a-a52b-e4fbbedce510,e5fc9238-0a04-5048-bb03-2f1aa050203a
2342866f-4911-5d2f-a77e-ce54e3cf660c,85dce196-2b5b-5e1f-ad7b-35a1b065179b,DL-BE-30027,Primary,,2022-01-19T18:01:55Z,2022-06-12T19:04:22Z,de53bac9-aaed-56d1-8948-70cc173228a7,6117335b-5933-5256-94c3-3833ef9279a6
d0901e06-9ea5-515e-8a7e-0409b5b0245e,410bb20e-4ae9-5ebc-b43f-575f54ccb3c5,DL-UM-40021,Primary,,2022-01-20T22:55:29Z,2022-02-09T19:04:02Z,a0b30dfe-51a3-5550-990f-9d79fd3f9b73,2a63d287-220d-5b93-b1d9-09214f91dcac
128bd5d2-7f1a-596b-8d93-830b2eb0c52e,410bb20e-4ae9-5ebc-b43f-575f54ccb3c5,GEO-UM-40021,Sensor1,H,2022-01-20T22:55:29Z,2022-02-09T19:04:02Z,a0b30dfe-51a3-5550-990f-9d79fd3f9b73,2a63d287-220d-5b93-b1d9-09214f91dcac
6f514bb7-df6e-58c8-9b66-f6c73ff57dc9,d84107cc-b783-5a49-a209-efd0fe829b35,DL-UM-40027,Primary,,2022-01-20T20:49:17Z,2023-08-07T21:59:31Z,a9740665-8dd0-56a6-909f-39fa194208e5,48327123-77d0-5bad-bb5a-6ccd4e73a2d9
9e577934-121f-5b0a-ae81-fb475a3b9e59,dfe4b65a-3b85-5712-84e9-16336322a706,DL-UM-40020,Primary,,2022-01-21T16:44:23Z,2022-03-22T18:30:37Z,9754c849-6143-5d4b-a30d-48b77d8fe592,1748dc9a-cf45-5a22-891e-fb5fbe570b86
2914593b-c705-54ad-aab4-1b04eb544724,dfe4b65a-3b85-5712-84e9-16336322a706,GEO-UM-40020,Sensor1,E,2022-01-21T16:44:23Z,2022-03-22T18:30:37Z,9754c849-6143-5d4b-a30d-48b77d8fe592,1748dc9a-cf45-5a22-891e-fb5fbe570b86
ed7fe592-5640-5bb8-860f-f698805af995,20cc7bee-e34e-5a65-a3c9-54f104cad0fe,DL-UM-40017,Primary,,2022-01-25T01:47:36Z,2022-04-18T21:26:32Z,44dfa051-d002-5494-b584-8fd26e2ed58d,722ac8c3-4ef3-5eaa-8c10-13bca9becd8f
e2909b8b-6f40-55af-bcd1-3bc188439cd7,79e99f88-66c1-5c3a-8bb3-bb7cac8b9afe,DL-UM-40008,Primary,,2022-01-26T14:09:53Z,2023-04-25T17:35:59Z,599bedfa-9306-5c94-88b0-86af7740518c,1adcdd27-4ee9-572a-a150-9a595125d50e
53067b5a-bc2e-5f31-93b2-03051c4160cb,79e99f88-66c1-5c3a-8bb3-bb7cac8b9afe,GEO-UM-40008,Sensor1,E,2022-01-26T14:09:53Z,2023-03-27T21:35:06Z,599bedfa-9306-5c94-88b0-86af7740518c,df6b635f-683b-5235-a715-54bc2b903e06
b4496e95-a976-5423-81b7-9338e2ad5e16,ba11e8b2-c239-5d77-af57-8f7bea31590a,DL-BE-30018,Primary,,2022-01-27T17:52:25Z,2022-02-22T20:04:41Z,ecdc603b-f8d7-5e7e-a330-87600a94b008,a81d736d-f41d-580a-9b6f-05ef4e15e17f
ad7f7ec4-44ef-5f86-be90-16fea08c7000,ba11e8b2-c239-5d77-af57-8f7bea31590a,GEO-BG-30021,Sensor1,E,2022-01-27T17:52:25Z,2022-02-22T20:04:41Z,ecdc603b-f8d7-5e7e-a330-87600a94b008,a81d736d-f41d-580a-9b6f-05ef4e15e17f
112f1586-f34f-535d-9c79-16b5fa8cd12e,6bc7464b-51ca-5aed-8798-6ec349735c19,DL-BE-30055,Primary,,2022-01-27T20:07:18Z,2022-06-05T18:53:06Z,ea1d6c0a-9622-5599-9592-d5d286a6c1f6,715b5616-577b-520e-9cf3-6abe715e9ef1
bdea2dbf-eca0-5a7d-995e-5132651dd36d,b85f8063-6b11-5493-b96c-c9da46ffe2b3,DL-BE-30032,Primary,,2022-01-28T19:07:43Z,2022-02-07T11:54:13Z,2099c90c-970f-5891-b507-0e2573cff74e,ecea19d6-9626-52d1-aecf-e2264c57c6fd
c62e3375-5cd2-52c9-a7ad-fb47b5d7cc2d,cb3708a5-df2a-562c-9a85-55110485dd99,DL-BE-30037,Primary,,2022-01-31T15:31:13Z,2022-08-22T20:51:19Z,fa725fce-e853-5bfd-b3bc-1175d746a141,c3d5f1e6-a00b-5bf0-b10f-684c5ec28c27
087e4a99-897e-5d80-b161-f1bda24ad8bd,727e1691-9952-51ab-a7f8-6a8b24bd0a95,DL-UM-40009,Primary,,2022-01-31T22:16:08Z,2022-02-25T22:25:40Z,2eda9b50-4d09-51e5-acf2-71dd3d12f7d0,36e0ab1f-f360-527d-baa8-915d7eefb486
b1ea4cc0-3ba0-541c-a128-f6b839aa5c89,727e1691-9952-51ab-a7f8-6a8b24bd0a95,MDM-3000000001,Modem,,2022-01-31T22:16:08Z,2022-02-25T22:25:40Z,2eda9b50-4d09-51e5-acf2-71dd3d12f7d0,36e0ab1f-f360-527d-baa8-915d7eefb486
5a395103-0fda-5b04-9121-e9e25ad8d88b,1f5a2889-56e5-5532-a7bf-2b30d007b40b,DL-UM-40013,Primary,,2022-02-01T19:11:04Z,2022-06-30T18:20:10Z,20b0985c-cb6f-5150-8fc0-762e61c25e9a,81f75336-d005-524d-9ec2-f12f4e36b496
0ab7ed95-f650-5b07-bf4f-f3ccd86c213b,1f5a2889-56e5-5532-a7bf-2b30d007b40b,GEO-UM-40013,Sensor1,S,2022-02-01T19:11:04Z,2022-06-30T18:20:10Z,20b0985c-cb6f-5150-8fc0-762e61c25e9a,81f75336-d005-524d-9ec2-f12f4e36b496
53e109d4-f0e0-5744-84f3-ed2fd9af19c2,4743797b-776e-5675-92d5-bb4d79835199,DL-UM-40024,Primary,,2022-02-02T21:54:12Z,2022-05-25T19:30:48Z,ac8b515b-1dc8-5b5f-bad9-1a52a017815f,c9b286a3-4e44-50dd-8984-098c1fd98f73
0b373df8-f553-5528-b249-27069afc9c4d,4743797b-776e-5675-92d5-bb4d79835199,GEO-UM-40024,Sensor1,BH,2022-02-02T21:54:12Z,2022-05-25T19:30:48Z,ac8b515b-1dc8-5b5f-bad9-1a52a017815f,c9b286a3-4e44-50dd-8984-098c1fd98f73
fab44042-b6ba-57f4-925a-ee20288fe728,9fd7621c-05a9-5e2e-a632-8ba9a2cc4e85,DL-UM-40015,Primary,,2022-02-07T19:20:44Z,2022-06-03T18:57:07Z,c1916ccd-d662-59d6-a199-b6e7cf9e5519,976fddf9-4569-5339-b5af-c82eb7c2620a
f21641db-7e15-5700-8492-44bc72d8a905,9fd7621c-05a9-5e2e-a632-8ba9a2cc4e85,GEO-UM-40015,Sensor1,N,2022-02-07T19:20:44Z,2022-06-03T18:57:07Z,c1916ccd-d662-59d6-a199-b6e7cf9e5519,976fddf9-4569-5339-b5af-c82eb7c2620a
ae0b06bd-cdae-59c5-adbe-e0ad32b63b06,73f365cf-b1a2-5f21-8a5b-91b5c5e0a53b,DL-BE-30017,Primary,,2022-02-14T12:35:24Z,2022-10-12T17:13:13Z,e0dc9c04-1a12-5426-a3bc-33e6a3508d4b,37675793-2a5f-57aa-9131-cdb6ce1ef720
a4f2f729-5eb8-5ff8-9db5-1c63532410cc,73f365cf-b1a2-5f21-8a5b-91b5c5e0a53b,GEO-BG-30018,Sensor1,V,2022-02-14T12:35:24Z,2022-10-12T17:13:13Z,e0dc9c04-1a12-5426-a3bc-33e6a3508d4b,37675793-2a5f-57aa-9131-cdb6ce1ef720
e837b6e2-a9e2-5d4c-9c52-b0618501c0d0,727a7303-0501-536f-b6c1-cff950b20a30,DL-BE-30009,Primary,,2022-02-14T11:33:58Z,2022-04-11T20:53:48Z,c1d4540b-2b00-56a9-bffb-295fc88eab44,21e76eee-478b-51c2-ad9a-8822a440c1b2
0cbdae29-9139-57cc-8334-525eb7763a63,46d361f7-4a9c-5eb1-893f-d12f4126b073,DL-BE-30007,Primary,,2022-02-16T13:52:49Z,2022-03-18T18:56:33Z,4440f2e4-8c56-57bd-a1d7-7c0152f90a68,11ac68f5-40f1-54be-bdad-3e21137b3d7d
e0fdbcb5-257c-57d6-99e0-57a89141d264,46d361f7-4a9c-5eb1-893f-d12f4126b073,GEO-BG-30017,Sensor1,BH,2022-02-16T13:52:49Z,2022-03-18T18:56:33Z,4440f2e4-8c56-57bd-a1d7-7c0152f90a68,11ac68f5-40f1-54be-bdad-3e21137b3d7d
99a8309c-31c7-561a-948c-238ed86b302c,9e8d1af2-43f2-52e7-93b8-990c840e281c,DL-BE-30048,Primary,,2022-02-18T18:06:39Z,2022-10-20T21:11:48Z,962a7096-91bb-5abd-b388-c7c3a01021d3,68cc62ab-ce9f-574b-9421-ddbcf049bde8
0b226b0d-73e3-595b-89d3-88e191e737fa,86dbc072-b381-5aaf-ab9d-269c43b41b52,DL-UM-40001,Primary,,2022-02-18T19:33:06Z,2022-03-28T20:35:43Z,456fe1ea-737b-5ea4-94a4-af9b1b486506,029606cd-0153-57fe-be76-e13f56dec706
df7ef4de-d728-50cc-829e-4d9315b0cdd4,86dbc072-b381-5aaf-ab9d-269c43b41b52,GEO-UM-40001,Sensor1,W,2022-02-18T19:33:06Z,2022-03-28T20:35:43Z,456fe1ea-737b-5ea4-94a4-af9b1b486506,029606cd-0153-57fe-be76-e13f56dec706
3900a452-b50c-5f4a-bdc8-e3b9cf584069,0f7aee7c-effe-5a9a-b51c-3bb5e9977bf1,DL-D10-300001,Primary,,2022-02-23T17:31:29Z,2022-07-12T20:17:29Z,ae0c8f0f-d26f-5e30-8b50-ea85f46eef5a,cf979d28-f87d-523f-9a4b-bc6dd99d3530
32276bd8-8903-5b41-bc6c-2dc6abce3b88,0f7aee7c-effe-5a9a-b51c-3bb5e9977bf1,GEO-V12-400002,Sensor1,E,2022-02-23T17:31:29Z,2022-07-12T20:17:29Z,ae0c8f0f-d26f-5e30-8b50-ea85f46eef5a,cf979d28-f87d-523f-9a4b-bc6dd99d3530
b155d403-c5ca-5f39-98a3-c35d0eb5ed05,94ffac29-d83e-5266-98be-71c7c2f87bef,DL-UM-40028,Primary,,2022-02-25T14:27:37Z,2022-07-07T18:21:56Z,c2a52473-078f-5937-b519-a1833149d0d5,2c174333-4f7d-55e0-bd3f-9a0055ea2599
5034c2b0-3408-53de-a2f1-d5152e55c6a6,94ffac29-d83e-5266-98be-71c7c2f87bef,GEO-UM-40028,Sensor1,V,2022-02-25T14:27:37Z,2022-07-07T18:21:56Z,c2a52473-078f-5937-b519-a1833149d0d5,2c174333-4f7d-55e0-bd3f-9a0055ea2599
a117051e-4b29-5ce4-9240-6f930d78932b,485c7427-1fbd-5a00-9858-9e364aaafa60,DL-BE-30015,Primary,,2022-02-28T22:22:45Z,2023-04-17T20:29:34Z,0c48ae2a-2457-542d-9dcf-1abb57b17ca4,8823bd03-38ba-515b-b8af-c37e3445844c
2df389df-734d-52ce-aa85-2f7ecb137793,485c7427-1fbd-5a00-9858-9e364aaafa60,GEO-BG-30016,Sensor1,BH,2022-02-28T22:22:45Z,2023-04-17T20:29:34Z,0c48ae2a-2457-542d-9dcf-1abb57b17ca4,8823bd03-38ba-515b-b8af-c37e3445844c
00b924fb-9bc4-5edb-8218-bfbd8dc44ac0,485c7427-1fbd-5a00-9858-9e364aaafa60,GEO-BG-30013,Sensor2,N,2022-02-28T22:22:45Z,2023-04-17T20:29:34Z,0c48ae2a-2457-542d-9dcf-1abb57b17ca4,8823bd03-38ba-515b-b8af-c37e3445844c
4307d0aa-cb93-5a11-bc81-b82109e106fe,3b7ce46d-696b-5bfa-8a39-db02043d120b,DL-BE-30019,Primary,,2022-03-01T17:33:33Z,2024-02-23T21:39:46Z,cc7ce3d9-b8c9-5932-a6ba-7286ea509822,37c65005-5584-54d5-a4cb-1ec195579837
db143681-6633-51d4-8f2b-6f29e093a6be,8a67e5b3-460d-52b3-8c19-7624394a080e,DL-BE-30018,Primary,,2022-03-02T21:15:03Z,2023-06-26T19:37:07Z,24689c71-7957-5f0f-b24b-f043366e64f0,153725c8-f35b-5ba3-aa97-d277ee50a6e1
26d69778-38e6-54d8-8775-bc03624a8624,8a67e5b3-460d-52b3-8c19-7624394a080e,GEO-BG-30021,Sensor1,V,2022-03-02T21:15:03Z,2023-06-26T19:37:07Z,24689c71-7957-5f0f-b24b-f043366e64f0,153725c8-f35b-5ba3-aa97-d277ee50a6e1
a662d24f-97da-5eec-b71e-1a98aa6b5f77,8bbd49e1-ad9b-5aa5-b316-11948647e828,DL-UM-40009,Primary,,2022-03-02T17:01:37Z,2022-07-19T18:01:25Z,60e9e01a-bda7-5961-95cf-d8b366fd29cb,8d98e408-d985-56c1-82b6-61b3bee1b33f
977776fd-da8b-5370-8413-2a51b3ec5f2f,8bbd49e1-ad9b-5aa5-b316-11948647e828,GEO-UM-40009,Sensor1,W,2022-03-02T17:01:37Z,2022-07-19T18:01:25Z,60e9e01a-bda7-5961-95cf-d8b366fd29cb,8d98e408-d985-56c1-82b6-61b3bee1b33f
4cad24c6-32b9-5d12-9e11-0454fcc2d05f,8bbd49e1-ad9b-5aa5-b316-11948647e828,MDM-3000000001,Modem,,2022-03-02T17:01:37Z,2022-07-19T18:01:25Z,60e9e01a-bda7-5961-95cf-d8b366fd29cb,8d98e408-d985-56c1-82b6-61b3bee1b33f
713df459-4c0c-5d18-8b1b-daec61d024ff,ffe118e2-ccba-5d8d-9562-cb65a25c011a,DL-BE-30035,Primary,,2022-03-03T14:48:01Z,2022-05-03T19:54:28Z,72f69965-ef08-5c32-8880-91357411d638,784a12ac-5db9-5a8b-b5a8-bb36b96c3a9a
c636b8ea-7d23-5e0e-bd4a-f3ec806f88a2,00fafe80-f407-5e9a-a2d8-07f430da9398,DL-BE-30056,Primary,,2022-03-10T19:42:26Z,2022-09-13T20:58:55Z,53ab5a07-323f-5833-926e-cf341fdb86c1,15534426-6675-5f8d-803d-bc77211c681d
9fa24ca9-adfa-5436-8498-abfcf7266844,093eb3ee-713b-50fd-bf54-7e1795346f24,DL-UM-40023,Primary,,2022-03-10T21:41:48Z,2022-04-01T21:36:19Z,b4815402-6106-5ff8-9f19-60067fc0ac11,84468912-e507-587a-9a2e-44a8cd275297
912b6ef5-082a-5b2c-b87e-ac4b46bda7c0,093eb3ee-713b-50fd-bf54-7e1795346f24,GEO-UM-40023,Sensor1,S,2022-03-10T21:41:48Z,2022-04-01T21:36:19Z,b4815402-6106-5ff8-9f19-60067fc0ac11,84468912-e507-587a-9a2e-44a8cd275297
e7d69b13-f42b-5559-a1a7-3ac8ae862663,cf3033d0-8516-5e65-9714-0540268f29e8,DL-BE-30026,Primary,,2022-03-10T21:52:39Z,2022-03-21T17:25:48Z,f3a83a4f-ef2f-5f3f-a5b6-091f6d263561,d8ba2c31-941e-5d6a-b44c-37bf39d31af2
9ce9e3a1-7fec-5348-9a3c-f4cc4d48498c,41a21a5e-029c-581c-9c34-16c846adcdde,DL-UM-40021,Primary,,2022-03-14T19:23:36Z,2022-04-13T10:45:13Z,cf9ff23b-3b0f-5045-bb38-35ccfa0c7310,fc426234-17f8-5521-a7f9-65c29b37f072
038ce261-cbe1-51af-9c3b-0a17f42141d2,41a21a5e-029c-581c-9c34-16c846adcdde,GEO-UM-40021,Sensor1,V,2022-03-14T19:23:36Z,2022-04-13T10:45:13Z,cf9ff23b-3b0f-5045-bb38-35ccfa0c7310,fc426234-17f8-5521-a7f9-65c29b37f072
6a68d8a9-8de2-5161-bd36-b4589105fcbf,4cc17ec3-0ba2-53db-a663-be556780f6fa,DL-BE-30058,Primary,,2022-03-14T19:18:39Z,2023-04-24T20:36:58Z,97099361-38c1-567b-b0d3-7a8484d4fc8c,b61459ab-6a14-5029-8d43-d2ba0f73c333
bbfad171-b301-5cc8-a8ba-1c260d6eb0a6,b96d7354-4ba9-577c-84ce-fe1c262759ae,DL-UM-40026,Primary,,2022-03-14T16:36:13Z,2022-04-04T20:09:14Z,59061938-8831-5e6d-92bf-ca73a7f24e47,70512a6f-243d-5cf2-bfab-e72214faa204
da1d6ca3-b9d9-5ee6-9e39-3caeb5f719e2,b96d7354-4ba9-577c-84ce-fe1c262759ae,GEO-UM-40026,Sensor1,S,2022-03-14T16:36:13Z,2022-04-04T20:09:14Z,59061938-8831-5e6d-92bf-ca73a7f24e47,70512a6f-243d-5cf2-bfab-e72214faa204
735bb067-ada4-5290-bf9e-c3aac07914ed,b61677a3-0e3c-51dc-a0cd-1c99d26542e5,DL-UM-40016,Primary,,2022-03-17T21:00:02Z,2022-08-01T18:31:32Z,584a86a1-8ba4-557d-936a-c0141646d6ee,c59d1fdb-b530-5d4e-8754-bc5f19a5621a
8f3c7d57-554b-57cc-926d-0fe656f0abfa,b61677a3-0e3c-51dc-a0cd-1c99d26542e5,MDM-3000000002,Modem,,2022-03-17T21:00:02Z,2022-08-01T18:31:32Z,584a86a1-8ba4-557d-936a-c0141646d6ee,c59d1fdb-b530-5d4e-8754-bc5f19a5621a
55b5e1e6-3a02-58c4-80b4-2a189008ba99,b61677a3-0e3c-51dc-a0cd-1c99d26542e5,GEO-UM-40016,Sensor1,E,2022-03-17T21:00:02Z,2022-08-01T18:31:32Z,584a86a1-8ba4-557d-936a-c0141646d6ee,c59d1fdb-b530-5d4e-8754-bc5f19a5621a
e62e92c9-3465-5f7c-b2f5-cd06a9033de7,b89aab91-88f5-5dfd-b508-c97b49a23147,DL-UM-40030,Primary,,2022-03-22T20:00:57Z,2022-04-01T17:17:29Z,766131cb-0566-523b-b8bc-eca2b775d395,4578c052-569c-540c-ac27-c4337bfbc3ff
f036f1d7-c604-592a-831d-a9b3e2bd7cb6,b89aab91-88f5-5dfd-b508-c97b49a23147,GEO-UM-40030,Sensor1,W,2022-03-22T20:00:57Z,2022-04-01T17:17:29Z,766131cb-0566-523b-b8bc-eca2b775d395,4578c052-569c-540c-ac27-c4337bfbc3ff
fc1aa9a7-1951-5dbf-9aa6-dac465061898,8bf7b712-6475-5e0b-830b-cd2a9b4411bb,DL-BE-30034,Primary,,2022-03-22T20:01:14Z,2022-07-25T19:18:23Z,c261d8ac-5089-56a4-b752-b091d0a672b0,450a3644-e18b-576e-b301-4673b8553a37
1887fc10-17dd-5ce7-9d94-2f5fed51219f,8bf7b712-6475-5e0b-830b-cd2a9b4411bb,GEO-BG-30026,Sensor1,W,2022-03-22T20:01:14Z,2022-06-24T18:57:49Z,c261d8ac-5089-56a4-b752-b091d0a672b0,801fc523-619c-5946-b825-7814d4baafb5
e726303d-538c-5e95-aa8e-2fa196227794,91fa29a0-3a32-58f7-9997-9af44db383e7,DL-BE-30006,Primary,,2022-03-23T20:51:45Z,2022-06-21T17:25:24Z,1286a64f-438b-55d2-bfa4-c7feca7dfbad,e819ebaf-4f05-57b0-b855-6abcd3f6e935
1b334e7c-d3c8-519f-a405-402d21da1e01,d71838a1-a979-5297-8abf-c49c3bd672a4,DL-BE-30007,Primary,,2022-03-24T16:44:17Z,2023-05-08T21:29:26Z,ac3c08f6-02a4-5fc6-926e-6e4992375cc3,84851d16-375d-585a-abfb-e92ca34f899d
2600ce6e-daa8-53cc-bc33-903775939ed0,d71838a1-a979-5297-8abf-c49c3bd672a4,GEO-BG-30017,Sensor1,N,2022-03-24T16:44:17Z,2023-05-08T21:29:26Z,ac3c08f6-02a4-5fc6-926e-6e4992375cc3,84851d16-375d-585a-abfb-e92ca34f899d
2adaccc5-f940-5e4f-b6ec-eb7b8a04c53e,b84e15e0-cf09-500d-b48a-923482cdcfdd,DL-BE-30024,Primary,,2022-04-04T10:19:47Z,2023-05-11T19:54:46Z,0ff2fca0-7384-5074-a7b8-70f011b80eeb,b9724950-2d08-58b8-9d45-3cf40ee4186f
81129fc9-b8c0-5910-9366-60bb8473bc5b,d5065cbc-9b2e-5727-b60d-4b77299b5223,DL-BE-30011,Primary,,2022-04-04T21:18:29Z,2022-04-18T18:23:12Z,89a32908-7a23-5282-9a50-e0b17c49e38d,ce975913-0917-5d32-9239-1eadb3769ef9
0f5f1636-910f-5fe0-bf21-27aeb1579673,d5065cbc-9b2e-5727-b60d-4b77299b5223,GEO-BG-30025,Sensor1,BH,2022-04-04T21:18:29Z,2022-04-18T18:23:12Z,89a32908-7a23-5282-9a50-e0b17c49e38d,ce975913-0917-5d32-9239-1eadb3769ef9
344b746c-83bd-5d7a-ac3c-9d682857a3c2,c771cdf2-0966-5c3f-827f-38df9681a970,DL-UM-40029,Primary,,2022-04-06T22:08:47Z,2022-04-14T18:25:18Z,9d273ca7-2748-5b01-afa0-b02ca14ac0a6,b9afc8ae-7cdd-5db7-9cf7-fd3de5e2fa2b
0d4f0a83-1fea-5ad4-a57b-ea14cab7813a,7a2defbe-b042-5ea7-a18c-4bf6bb06f25c,DL-D10-300000,Primary,,2022-04-13T13:53:44Z,2022-07-21T18:24:21Z,cfa206e9-fbf9-555c-9b32-bc20fc43376c,92c0e5ba-1bab-5f43-a202-9dd0eb7909d4
689921c6-d0fe-5f87-9a72-78c502f5fc34,019fd9ec-15d3-5d50-b2ee-78c834bd9f6c,DL-BE-30061,Primary,,2022-04-14T11:25:32Z,2022-05-02T19:51:31Z,004a0600-cf67-5aa6-89f6-902e92db1cd1,71b4f7d1-de11-5421-9a32-d56c80e5f650
cb30c29f-4b57-5ebe-b058-2ffabb76783f,370119c9-357b-569d-8ff1-30592ff3acb2,DL-D10-350000,Primary,,2022-04-15T19:36:14Z,2022-07-15T17:05:55Z,e96bb10b-ec5d-5104-97b4-29e7cc4c94ea,564b4381-80dd-52e6-b030-fcbfa4075074
605e5195-6fc9-5e78-9150-a11cba221ab4,370119c9-357b-569d-8ff1-30592ff3acb2,GEO-V12-400013,Sensor1,W,2022-04-15T19:36:14Z,2022-06-15T20:27:25Z,e96bb10b-ec5d-5104-97b4-29e7cc4c94ea,c6a11865-adaf-5781-ac08-a28bd2d41ef8
aef66c17-5956-55a9-bf63-abf79a3005bc,5730fdb3-4cbc-5268-b0f6-fd88e33ebc11,DL-UM-40023,Primary,,2022-04-21T15:27:41Z,2022-04-27T18:49:04Z,f231c794-92d3-59f7-ac80-993993d07752,1d8f3e6d-81dd-5fe6-a640-ed3efccbbe1e
58a752d4-26a6-5753-9f09-7c5017eb7448,7ebb1661-bbdb-54f6-b55a-0e435660555a,DL-BE-30051,Primary,,2022-04-22T19:46:26Z,2022-10-24T21:10:38Z,c7359bfd-7c8c-5c62-b2f4-c5b3eb645e9e,eb07e8fa-80b9-5f4b-8bca-61ea7cad3a1d
e472d7cc-6ab0-57f5-b925-248d5289d49d,7ebb1661-bbdb-54f6-b55a-0e435660555a,GEO-BG-30032,Sensor1,E,2022-04-22T19:46:26Z,2022-10-24T21:10:38Z,c7359bfd-7c8c-5c62-b2f4-c5b3eb645e9e,eb07e8fa-80b9-5f4b-8bca-61ea7cad3a1d
2d2e248c-4efb-5da7-8464-60b8224c6aa9,a7b11e82-4e17-5ea6-9cea-94d9915b8391,DL-UM-40026,Primary,,2022-04-25T19:05:41Z,2022-12-06T22:14:07Z,83f12fc3-2bd0-51ba-9ec5-006120e2c761,7cbff6c3-f73f-5ce8-8e0e-d5b698cdf551
580b0d97-317f-5618-86dd-0add078f4c47,a7b11e82-4e17-5ea6-9cea-94d9915b8391,GEO-UM-40026,Sensor1,H,2022-04-25T19:05:41Z,2022-12-06T22:14:07Z,83f12fc3-2bd0-51ba-9ec5-006120e2c761,7cbff6c3-f73f-5ce8-8e0e-d5b698cdf551
5fde896b-d5fa-5863-a255-d8e0feeca5c5,767ec2ee-68ec-5ceb-a533-962ed104d9e5,DL-BE-30046,Primary,,2022-04-26T21:25:53Z,2023-09-13T17:44:38Z,aabae10d-7728-597c-94de-bee670750315,45c1ab0b-b14c-59fb-a5ba-e6f2b0ee8005
7889d822-efa4-5fd7-87da-2731d8f504eb,6edc3578-152e-552c-a20b-1c2f1424008e,DL-BE-30000,Primary,,2022-04-29T19:34:20Z,2022-05-24T19:19:35Z,c6a629a2-5e23-5813-a6d6-c77acda2003c,07e9bf9b-44f7-5ef4-83e4-69869759b3fd
9a3e86fb-802a-5ae5-bfef-fa1f16a15c19,6edc3578-152e-552c-a20b-1c2f1424008e,GEO-BG-30007,Sensor1,BH,2022-04-29T19:34:20Z,2022-05-24T19:19:35Z,c6a629a2-5e23-5813-a6d6-c77acda2003c,07e9bf9b-44f7-5ef4-83e4-69869759b3fd
663c102b-16fc-579f-9043-1ad3009b5006,95928f61-1b09-5df5-abf0-a806916af861,DL-BE-30021,Primary,,2022-05-02T14:52:46Z,2022-06-13T20:17:20Z,5622d7a5-f42b-578c-85c1-d932f2b4dab9,cc739df4-71bc-536d-b230-05cea6a6f059
46430799-0d2a-5760-b62d-90f0303b8648,8ad41547-e504-55a7-9d17-ad8ac4f4dba1,DL-UM-40020,Primary,,2022-05-03T18:45:29Z,2022-05-09T18:52:41Z,fa347b7a-49f8-5e81-ab21-258f171ed9b8,90bc58d7-084f-5e47-885b-a9a897c64335
de1fc39a-8aab-5d78-b4c3-0d10dc610245,4757ebda-c948-5ad2-8fbb-aaf5e958c222,DL-UM-40030,Primary,,2022-05-05T21:17:22Z,2022-05-16T17:47:24Z,751adb0f-2b43-59bc-aa15-8e9c445c8aa3,c253910d-2ab5-5401-8239-80f6196c0314
7bec49f9-7bd0-561e-a789-7a2ab3a739e5,4757ebda-c948-5ad2-8fbb-aaf5e958c222,GEO-UM-40030,Sensor1,N,2022-05-05T21:17:22Z,2022-05-16T17:47:24Z,751adb0f-2b43-59bc-aa15-8e9c445c8aa3,c253910d-2ab5-5401-8239-80f6196c0314
efe3d2e1-ccf7-5dd4-b4fb-b5a6020d1da3,b0c7e33e-a4c4-5624-916d-c95b84c35cf6,DL-UM-40017,Primary,,2022-05-05T11:17:35Z,2022-09-27T18:17:29Z,c3346f68-8b04-5a40-a150-4f4d609a5709,aa9fed06-de50-5405-bd84-5e6061ca6b9f
434690f8-c4f8-52dd-a785-538c79939dfe,b0c7e33e-a4c4-5624-916d-c95b84c35cf6,GEO-UM-40017,Sensor1,BH,2022-05-05T11:17:35Z,2022-09-27T18:17:29Z,c3346f68-8b04-5a40-a150-4f4d609a5709,aa9fed06-de50-5405-bd84-5e6061ca6b9f
7c513d85-b748-5e94-a226-6d8cc1807c4d,da2a8cf4-f904-535a-a4e9-ef16774c4f34,DL-BE-30011,Primary,,2022-05-06T16:03:03Z,2022-07-12T20:15:35Z,1687f2b3-9a10-58e9-8dae-4310ac5dc3b4,39de365a-dd8c-5e81-9674-cfd2c35c973e
781bb90c-a4cc-54fa-b42d-b560a67b9826,da2a8cf4-f904-535a-a4e9-ef16774c4f34,GEO-BG-30025,Sensor1,E,2022-05-06T16:03:03Z,2022-07-12T20:15:35Z,1687f2b3-9a10-58e9-8dae-4310ac5dc3b4,39de365a-dd8c-5e81-9674-cfd2c35c973e
a50c1346-0bb4-5670-9411-6b8c93e0a83e,06f5bcb0-61bd-5bca-bc8b-0d5240afdc72,DL-D10-350003,Primary,,2022-05-06T14:53:41Z,2022-10-13T14:15:29Z,3489c4e3-6fee-5e54-9c46-9f761028ea16,b478f41c-be8c-50a4-bfb6-984422c1c61f
93051d56-f2bc-54fa-8313-578a9a01f930,8fa1c133-ce4d-549f-a6da-241b7becd428,DL-UM-40023,Primary,,2022-05-09T17:11:34Z,2022-05-22T17:19:06Z,6ab451fe-5b1b-54da-abd8-607bd6172b6d,5f0b892c-a068-532e-b401-6ecac501191c
255a7777-4c2b-5730-9213-719feb1c46e6,3f62cc5f-b1f6-5f0e-8209-019f9e7b699a,DL-BE-30035,Primary,,2022-05-09T19:55:28Z,2022-06-15T21:08:18Z,2bb76d55-fbbe-5b9e-9935-d0850b8747e2,d3678fad-3982-50da-af65-6760732ddaa8
590e6ac2-e793-565f-a309-8b664f6a50d4,a33b0a0c-02b8-5ca2-93eb-4ed3eb25a986,DL-UM-40000,Primary,,2022-05-11T19:17:18Z,2023-01-23T20:57:44Z,039397ce-f2f6-5eff-ab80-7d4cb6361813,5ba52c49-a887-583f-ac8e-5c501647ac83
d5cf5422-c365-55a2-9fa5-3ed661b976f6,a33b0a0c-02b8-5ca2-93eb-4ed3eb25a986,GEO-UM-40000,Sensor1,W,2022-05-11T19:17:18Z,2023-01-23T20:57:44Z,039397ce-f2f6-5eff-ab80-7d4cb6361813,5ba52c49-a887-583f-ac8e-5c501647ac83
0f028ad9-7b5f-5edf-8156-203def2e3dd8,f88fcc14-d920-5aed-a260-4541711458b6,DL-BE-30026,Primary,,2022-05-12T11:54:39Z,2024-10-28T18:46:29Z,6929a609-e479-56ef-81ed-970af387a7f8,6eca4ec2-b0d5-5cc4-8ccc-bf68833a1454
b3ca76e5-cde6-5869-94de-bc4f7b53747d,8b1cef1d-11f2-5bdb-9112-73d8c42f1fe2,DL-BE-30039,Primary,,2022-05-18T18:24:17Z,2022-05-23T19:53:01Z,f71ad6fe-e152-5127-b13d-798c78dcd373,45beae2b-e496-58ca-8143-80db35943970
9836c51e-3b35-5257-bcbf-52524d4843a5,200f462d-7899-570e-9343-0707934417cb,DL-UM-40029,Primary,,2022-05-24T14:10:26Z,2022-09-29T19:57:01Z,de79eebf-4f02-5a42-9186-40515eed39ba,208dbed2-e478-5b9d-9600-f4917a75639f
452355c4-0c56-58fd-8775-82eab43a7e4b,10973fae-fe8e-52db-b940-c9acd199ac5e,DL-BE-30009,Primary,,2022-05-24T20:44:52Z,2023-05-10T19:45:14Z,4cd2ade9-d954-5e97-a759-0b5829d89fc1,c88b90f8-a0c3-58b8-8bbf-bf4893b493da
582a8db1-f3c6-5998-8e8c-a26885e2d878,10973fae-fe8e-52db-b940-c9acd199ac5e,GEO-BG-30020,Sensor1,E,2022-05-24T20:44:52Z,2023-05-10T19:45:14Z,4cd2ade9-d954-5e97-a759-0b5829d89fc1,c88b90f8-a0c3-58b8-8bbf-bf4893b493da
7a24c16b-eecd-5e75-b9aa-ed883219dff4,864a744d-9f20-5157-994f-c62b2edabf8f,DL-BE-30038,Primary,,2022-05-24T15:19:39Z,2022-11-02T17:30:11Z,8c529ce8-b2f0-505e-8f2e-54b63e0af305,6e6aaff0-87c4-5013-bc96-27a5de324ba6
43e4cc02-676f-516e-8c04-2685522eb346,1bc2b7a1-cb11-523e-b5fb-200d5c4e5221,DL-BE-30057,Primary,,2022-05-27T14:15:49Z,2022-10-31T20:32:47Z,db26450e-53a0-5e9e-aa5d-1be9ddd45206,c60f5655-908a-54b4-9829-7dfd9741aa08
7369d78a-99ff-5044-9c23-6dabe28797c5,97b13047-2163-567c-8643-8b150269ff34,DL-UM-40021,Primary,,2022-05-29T19:40:31Z,2023-09-18T21:42:48Z,7562291c-ca8f-5e24-8480-d70b401a47b9,c3e448f2-671a-5573-b383-bf6cac17015f
71d03d91-92d2-5f4a-96c1-e0be2ce0fdd5,97b13047-2163-567c-8643-8b150269ff34,GEO-UM-40021,Sensor1,S,2022-05-29T19:40:31Z,2023-09-18T21:42:48Z,7562291c-ca8f-5e24-8480-d70b401a47b9,c3e448f2-671a-5573-b383-bf6cac17015f
1e408099-34ff-564d-9fb5-c36b3a58c11f,c00ffe17-f48b-57e2-ad5e-7728f8b2e928,DL-UM-40030,Primary,,2022-05-30T21:38:06Z,2022-06-16T21:34:59Z,1ced1707-2656-5cb9-bfca-678f5f012f10,e5899ccc-328d-55b9-a55d-94dd0d88c4dd
544b4d2a-fbde-551c-be98-08afc0032bf2,c00ffe17-f48b-57e2-ad5e-7728f8b2e928,GEO-UM-40030,Sensor1,N,2022-05-30T21:38:06Z,2022-06-16T21:34:59Z,1ced1707-2656-5cb9-bfca-678f5f012f10,e5899ccc-328d-55b9-a55d-94dd0d88c4dd
44e65dc8-f4f3-539e-ac5d-ab4ee824e716,819566c0-c164-56b7-b97e-f497b99f18f0,DL-BE-30061,Primary,,2022-05-30T17:48:13Z,2023-05-31T18:01:39Z,1ca274ae-af9f-5c37-abdc-cd7616e98963,b2689b3d-d062-533b-b93d-9eb6366f586b
bd9e8e35-0f93-507b-87bf-3ec48d2db05d,234448ce-0158-5220-8cf7-c3241ea523f2,DL-BE-30039,Primary,,2022-05-30T19:31:04Z,2022-12-15T20:46:35Z,6af797d1-7795-5554-b45c-da806143885b,19174f96-9111-5ea6-b494-c03bea18e067
f16a7b4c-1132-507c-b30c-7572ae53eb40,d7f596b5-a973-5534-9631-d1cfe328690f,DL-BE-30036,Primary,,2022-06-01T15:40:31Z,2023-03-07T22:30:09Z,e4104f23-1c76-52d9-b4f7-d7358894121a,62999955-facd-595a-86cb-cbcb04066c43
69d60260-6c99-5970-9744-9ad6156a78e7,d7f596b5-a973-5534-9631-d1cfe328690f,GEO-BG-30030,Sensor1,V,2022-06-01T15:40:31Z,2023-03-07T22:30:09Z,e4104f23-1c76-52d9-b4f7-d7358894121a,62999955-facd-595a-86cb-cbcb04066c43
fbfb9b43-a86c-5a62-b6cf-4d7ff7987f5f,d7f596b5-a973-5534-9631-d1cfe328690f,GEO-BG-30033,Sensor2,BH,2022-06-01T15:40:31Z,2023-03-07T22:30:09Z,e4104f23-1c76-52d9-b4f7-d7358894121a,62999955-facd-595a-86cb-cbcb04066c43
9b9697f4-5a98-5d57-8bf2-ec831ae24585,18e8e160-96d3-5458-a859-cb68789f84d2,DL-UM-40005,Primary,,2022-06-01T18:49:50Z,2023-03-13T21:55:54Z,874ecfff-a9f4-5163-a9bc-57937b5831d6,3ab673d0-b327-52ee-831b-6ea39bb1595d
575a94dd-5a87-5bcf-bafd-1d74f2111262,18e8e160-96d3-5458-a859-cb68789f84d2,GEO-UM-40005,Sensor1,BH,2022-06-01T18:49:50Z,2023-03-13T21:55:54Z,874ecfff-a9f4-5163-a9bc-57937b5831d6,3ab673d0-b327-52ee-831b-6ea39bb1595d
8093faa6-4e77-5de5-8f3f-18a350885cc8,18e8e160-96d3-5458-a859-cb68789f84d2,MDM-3000000003,Modem,,2022-06-01T18:49:50Z,2023-03-13T21:55:54Z,874ecfff-a9f4-5163-a9bc-57937b5831d6,3ab673d0-b327-52ee-831b-6ea39bb1595d
4d4af108-c5a2-5ba4-bbb9-cbe1a397a0d9,34fde01f-f389-55c4-806f-51cc430702e2,DL-BE-30022,Primary,,2022-06-07T12:41:52Z,2023-06-12T19:39:07Z,a4d2b309-7395-5e8f-acd7-e9b011e94148,cf3e12f0-fbc4-5a1d-8863-90c1b4513ef5
352fe3da-8ab1-5c8f-924d-02c713494e26,67c3013d-b76a-59bc-9d9a-4eb22d51a3ec,DL-BE-30028,Primary,,2022-06-07T18:57:20Z,2023-05-08T20:10:23Z,07fbe389-1945-520c-b7a8-9d668eb868c6,5a0d9345-336a-5c06-905a-ee7933055ca7
d435f47a-c691-5b0d-b22b-70d7e73dbba6,8c9cad0b-c6d6-5559-b181-d9940268b0c0,DL-UM-40024,Primary,,2022-06-08T17:56:05Z,2023-01-27T21:32:07Z,152685e7-2eaf-5fab-ad91-33e7caa5ff09,f8fe6168-d073-51ab-bb74-3324b090300b
bc110997-3803-5a1d-b027-dc703baa384e,8c9cad0b-c6d6-5559-b181-d9940268b0c0,GEO-UM-40024,Sensor1,N,2022-06-08T17:56:05Z,2023-01-27T21:32:07Z,152685e7-2eaf-5fab-ad91-33e7caa5ff09,f8fe6168-d073-51ab-bb74-3324b090300b
15fd2ae6-81ce-555d-b2a0-57c9756c122f,e6d775e7-e9ca-5274-8450-cc37980b279d,DL-UM-40015,Primary,,2022-06-09T20:25:01Z,2023-04-18T20:47:25Z,9540c6a2-6b77-53c5-8f08-be2142523db8,e593cc91-7f39-5de0-aa9c-ad30c2fc9864
5c5e2c22-2b09-5c94-984e-9a29b7d5349e,e6d775e7-e9ca-5274-8450-cc37980b279d,GEO-UM-40015,Sensor1,E,2022-06-09T20:25:01Z,2023-04-18T20:47:25Z,9540c6a2-6b77-53c5-8f08-be2142523db8,e593cc91-7f39-5de0-aa9c-ad30c2fc9864
61540c2e-2927-560f-8eb5-4f401f414deb,df5e07a2-5881-5a96-9dca-14a38fb027c7,DL-BE-30023,Primary,,2022-06-13T14:21:36Z,2022-08-15T17:15:18Z,acac75c7-46dc-5392-a666-df5b22b00e01,791629fb-7f16-5174-ba2a-5e5de7a6d6ff
2fe68a7d-39e2-5041-9117-7b485d54b8a4,df5e07a2-5881-5a96-9dca-14a38fb027c7,GEO-BG-30027,Sensor1,S,2022-06-13T14:21:36Z,2022-08-15T17:15:18Z,acac75c7-46dc-5392-a666-df5b22b00e01,791629fb-7f16-5174-ba2a-5e5de7a6d6ff
7ff46e7d-ad41-5005-9ac7-bfffcf7676a3,623dfd6b-7b58-521d-a7ad-e4c068ddd175,DL-BE-30000,Primary,,2022-06-13T15:37:11Z,2023-02-09T19:38:17Z,1dc47a75-db94-5778-8b5a-516d258f48f0,933def70-a5a2-590e-af3c-23104f081acc
93d88105-6dc7-5545-99e6-8d83e78722fa,623dfd6b-7b58-521d-a7ad-e4c068ddd175,GEO-BG-30007,Sensor1,E,2022-06-13T15:37:11Z,2023-02-09T19:38:17Z,1dc47a75-db94-5778-8b5a-516d258f48f0,933def70-a5a2-590e-af3c-23104f081acc
80e2b42d-3fe7-537e-a534-21e69e80add2,13020016-3bf8-59f4-984c-5fc8e84f291d,DL-UM-40023,Primary,,2022-06-13T19:16:10Z,2022-07-20T21:45:20Z,14ecd4f4-da94-5705-ad2a-66ab7bd100c0,e54e968e-4a35-5b90-87b1-4bf1401a6004
ae80e142-0737-55f9-b0a2-47da19a784e2,13020016-3bf8-59f4-984c-5fc8e84f291d,GEO-UM-40023,Sensor1,S,2022-06-13T19:16:10Z,2022-07-03T19:29:33Z,14ecd4f4-da94-5705-ad2a-66ab7bd100c0,78c546d6-2b9a-50e3-9f37-af007f6df1ad
1aae4ce6-89f7-5e66-b7ee-20ff910398d9,8f79423f-3058-5b51-ba0b-c59645310369,DL-BE-30020,Primary,,2022-06-15T18:42:27Z,2023-04-03T17:23:06Z,52692585-85d5-5bc4-865d-b83097f74bbc,c7f79ed7-365b-51d6-810d-d95882d93879
99c500fd-5433-55a8-8ff0-cc30cd5c0f25,8f79423f-3058-5b51-ba0b-c59645310369,GEO-BG-30022,Sensor1,H,2022-06-15T18:42:27Z,2023-04-03T17:23:06Z,52692585-85d5-5bc4-865d-b83097f74bbc,c7f79ed7-365b-51d6-810d-d95882d93879
b3cd08a1-aca3-54fb-82b3-afa54ad4c796,f73c471e-9fca-5802-9fcd-d6e99497db94,DL-UM-40010,Primary,,2022-06-15T13:57:10Z,2024-04-08T19:13:24Z,9a353dc4-e1c3-5481-b849-09d8401925ec,5f36330e-226a-5293-afbd-3b431b9a97dc
0b0329d2-cb6e-56b4-8df9-864cfd29033b,37f56d9d-accd-5388-bb8c-4fe69dfe5227,DL-UM-40001,Primary,,2022-06-16T18:46:11Z,2022-08-19T19:12:22Z,47613e7b-7e19-51b5-84ff-a33924d159fb,6b4debff-c921-5bd8-9773-b7cce2bdc385
2563d4fd-a9bd-571d-b7b5-e4de04b11301,37f56d9d-accd-5388-bb8c-4fe69dfe5227,GEO-UM-40001,Sensor1,S,2022-06-16T18:46:11Z,2022-08-19T19:12:22Z,47613e7b-7e19-51b5-84ff-a33924d159fb,6b4debff-c921-5bd8-9773-b7cce2bdc385
174a0a6c-d97c-5c24-8062-da3fc8175884,53025e6b-b5b2-5d70-8fac-774a4d750da0,DL-BE-30021,Primary,,2022-06-20T21:54:53Z,2022-07-11T18:20:25Z,b9fecf30-368a-52f9-a518-47954a1e85cc,7f22df73-a46a-508c-9fda-155c5ec5eff2
e1bbe1e2-55e4-59ee-b56f-d9cf13271814,bfeb7f7e-73ab-5a07-9fb1-60131dac3e23,DL-BE-30035,Primary,,2022-06-21T19:46:05Z,2022-08-31T20:34:38Z,922fd4f5-44fb-5366-99f7-1dd36263a6f9,86f156fa-c33b-5c32-ad60-a5489c8011f8
00bc91d1-5a13-5a41-b1b1-37fcea388bce,a3f5e852-77fa-5194-926d-e4f8c2a74360,DL-UM-40030,Primary,,2022-06-23T18:39:46Z,2023-04-12T18:54:43Z,372747a7-c097-57a8-8137-605a60751639,3d19c2a6-030d-5e74-8945-7108abf7ddc1
d032fe95-f029-5b0c-bd95-52cd459825db,a3f5e852-77fa-5194-926d-e4f8c2a74360,GEO-UM-40030,Sensor1,N,2022-06-23T18:39:46Z,2023-04-12T18:54:43Z,372747a7-c097-57a8-8137-605a60751639,3d19c2a6-030d-5e74-8945-7108abf7ddc1
b7a2d910-0142-546e-8f34-c95ce816d221,b2242d05-b1f6-5046-bc89-13b2122f9646,DL-UM-40020,Primary,,2022-06-29T19:16:25Z,2023-07-06T21:02:24Z,532d7774-2cb4-5ec4-bb09-489b48c6a9e3,67398fc2-6c37-5553-bedd-38d66ea15a12
bf45d5c8-247a-5666-91e4-c69d3c26cce9,b2242d05-b1f6-5046-bc89-13b2122f9646,GEO-UM-40020,Sensor1,S,2022-06-29T19:16:25Z,2023-07-06T21:02:24Z,532d7774-2cb4-5ec4-bb09-489b48c6a9e3,67398fc2-6c37-5553-bedd-38d66ea15a12
c3009bb6-3880-564d-bde1-e5cb2012c4dc,8a14523a-9cbd-59e2-81fc-7fcc1e236c56,DL-BE-30006,Primary,,2022-06-29T20:08:14Z,2022-09-16T21:24:59Z,b85eefcd-8122-53a5-84e1-9499bda77a09,44cf873a-eba0-5a73-bc8d-e0f1f7203298
ab91e7cf-dba9-5a65-aa84-d59044d38ca9,40fe1a7b-ccfd-5c8e-8bc5-06f8e1100211,DL-BE-30042,Primary,,2022-07-04T19:23:50Z,2022-08-18T18:33:18Z,3086d850-80f6-5b70-af99-5d7fdc5183ef,9ae4fbc1-d71c-5fde-9939-d82eeea40432
4d15843f-6d91-5fb9-bb23-58c9575cdda1,87aa856a-9fcc-58d1-bfb0-d6c1c58c31d1,DL-BE-30053,Primary,,2022-07-08T13:57:57Z,2022-11-28T20:36:11Z,f6e27591-f579-5df2-8413-5fcc6e63d874,cea3c06d-1c0d-5a31-991b-2435d8cc512a
749906ad-516e-5717-b72c-c67aafed1f0f,9eb9aa1b-59a7-5f3d-b132-bc6cc17fd3b1,DL-UM-40003,Primary,,2022-07-12T19:08:38Z,2022-09-14T21:48:51Z,74204c6b-3097-5ca5-aeac-57d4b595e8ba,1c30ecee-9073-516e-be6e-44a94504ab99
a490eb1c-db61-5f55-899d-980d3691dfa6,9eb9aa1b-59a7-5f3d-b132-bc6cc17fd3b1,GEO-UM-40003,Sensor1,H,2022-07-12T19:08:38Z,2022-09-14T21:48:51Z,74204c6b-3097-5ca5-aeac-57d4b595e8ba,1c30ecee-9073-516e-be6e-44a94504ab99
c7df9154-01cd-5eb3-8c94-0a451748bf28,9eb9aa1b-59a7-5f3d-b132-bc6cc17fd3b1,MDM-3000000006,Modem,,2022-07-12T19:08:38Z,2022-09-14T21:48:51Z,74204c6b-3097-5ca5-aeac-57d4b595e8ba,1c30ecee-9073-516e-be6e-44a94504ab99
d893a2d7-ea37-59c5-a5ca-08a68c54eeba,9eb9aa1b-59a7-5f3d-b132-bc6cc17fd3b1,SLM-UA-40001,Microphone,,2022-07-12T19:08:38Z,2022-09-14T21:48:51Z,74204c6b-3097-5ca5-aeac-57d4b595e8ba,1c30ecee-9073-516e-be6e-44a94504ab99
81772ecd-9694-51bb-90b0-10e99615bf73,41fcdf75-5b93-5856-8a90-44e177eb7101,DL-D10-300001,Primary,,2022-07-18T19:02:58Z,2023-10-11T17:30:44Z,e5393eef-69aa-5421-945f-87eb02e3cbf1,a10df383-7801-504f-a558-a4a33e21bd13
1f1fd265-81ab-5870-8a7f-5d005e1dc62e,41fcdf75-5b93-5856-8a90-44e177eb7101,GEO-V12-400002,Sensor1,BH,2022-07-18T19:02:58Z,2023-10-11T17:30:44Z,e5393eef-69aa-5421-945f-87eb02e3cbf1,a10df383-7801-504f-a558-a4a33e21bd13
82529c51-0e70-519f-9134-a649c343bfed,1f6f25b4-4038-54cb-b629-c46280fb9319,DL-D10-300005,Primary,,2022-07-19T19:20:20Z,2023-11-30T21:42:32Z,eacec344-cf4f-5090-a194-9e44a594c902,bf807842-c94e-5935-b416-4b530c138012
2d274888-7415-5610-8fb4-1c8f82ca03f6,1f6f25b4-4038-54cb-b629-c46280fb9319,GEO-V12-400003,Sensor1,H,2022-07-19T19:20:20Z,2023-11-30T21:42:32Z,eacec344-cf4f-5090-a194-9e44a594c902,bf807842-c94e-5935-b416-4b530c138012
98ef9510-2be7-5cf5-9b6a-16b94565b0e3,cad3987c-df12-534a-80be-1fd577a42513,DL-BE-30027,Primary,,2022-07-20T18:42:35Z,2022-08-15T18:13:41Z,548ed931-8032-5e4d-9bda-4cb25bc4046c,45471599-ce64-50b2-a5d9-aa8c9eecf13e
9112363b-d1ac-5986-b509-a3c8a190c333,72889787-d395-5a94-9b40-2afa311a04f1,DL-BE-30011,Primary,,2022-07-21T14:03:23Z,2023-07-31T21:20:58Z,f57abe7f-5ac7-56d9-9416-d24ce66e6834,7e902743-d173-5be1-a040-03e3b019c23d
e89cd1f2-b61b-52bb-b8db-14a34e6f9964,72889787-d395-5a94-9b40-2afa311a04f1,GEO-BG-30025,Sensor1,BH,2022-07-21T14:03:23Z,2023-07-31T21:20:58Z,f57abe7f-5ac7-56d9-9416-d24ce66e6834,7e902743-d173-5be1-a040-03e3b019c23d
717e2939-a0aa-5c4b-ac3e-7249aa952945,24bc1573-d755-5167-a535-f2cb12af0ff2,DL-BE-30055,Primary,,2022-07-23T00:13:27Z,2022-10-24T17:52:41Z,562ebee6-0634-5944-8f6e-795c70c889eb,8d1a0c3c-50b9-56cb-bacc-78ae5dc68f7e
52ddfdc5-1a3d-57fa-b41c-6c11ef84efca,4f9bef2d-6359-5b89-959b-f15359e982a6,DL-BE-30059,Primary,,2022-07-25T18:23:04Z,2022-10-04T21:13:14Z,ac662d73-693a-5214-9dea-41e0f011b303,cf0ac3cc-1af2-5546-9aec-52e851621eb9
2734af1d-9afe-5f2f-bb34-bbf552eb3783,c7711f7e-2aef-5392-9b65-1c1b3f6d53a0,DL-BE-30060,Primary,,2022-07-25T19:31:37Z,2023-08-31T21:16:46Z,721364f2-ab47-54fd-a3b4-e1f578dbe35b,8dc4bdfc-e799-5261-88cc-e3ef9147483b
f78410ad-9c18-5d72-9c29-d31f967fd7b6,c3d6c60b-88d3-5563-a3f8-971e0c2cd159,DL-UM-40009,Primary,,2022-07-27T13:16:39Z,2022-09-15T19:34:51Z,d570ea12-1523-535e-9a26-0d008b10d86e,256d53fe-6909-5397-bc67-ea767da594c4
8b6e427f-a58e-58b4-91b4-4bd804c9fd7c,c3d6c60b-88d3-5563-a3f8-971e0c2cd159,GEO-UM-40009,Sensor1,BH,2022-07-27T13:16:39Z,2022-09-15T19:34:51Z,d570ea12-1523-535e-9a26-0d008b10d86e,256d53fe-6909-5397-bc67-ea767da594c4
48bc58c0-d812-50ea-a671-db2c6b7c97be,c3d6c60b-88d3-5563-a3f8-971e0c2cd159,MDM-3000000001,Modem,,2022-07-27T13:16:39Z,2022-09-15T19:34:51Z,d570ea12-1523-535e-9a26-0d008b10d86e,256d53fe-6909-5397-bc67-ea767da594c4
91c92b54-1a74-5e7c-820a-3f081c50535e,e0b2beb3-0b7e-5664-bd89-9da489a7e59a,DL-BE-30016,Primary,,2022-07-28T17:18:16Z,2023-01-11T19:37:56Z,7e35856a-0eea-5794-9798-01bb5cea1438,edcedaed-d392-5e34-a76b-d43e1eeba7ec
c94e5e19-ec4a-56f2-b214-72263a14ecba,e0b2beb3-0b7e-5664-bd89-9da489a7e59a,GEO-BG-30006,Sensor1,V,2022-07-28T17:18:16Z,2023-01-11T19:37:56Z,7e35856a-0eea-5794-9798-01bb5cea1438,edcedaed-d392-5e34-a76b-d43e1eeba7ec
1b4f6dc4-6fa7-50e5-b3c4-dc5ef1cacd2c,c23a0fe8-eccf-595a-a806-7e009f4cdb67,DL-UM-40023,Primary,,2022-08-01T20:27:01Z,2022-10-06T18:41:23Z,be4870d7-5967-5f00-89af-266abba734e1,ec4fd9a8-1ba0-5b97-b8b0-4d12211c0a18
01fd3969-9c43-55e1-bdbe-7e92ec3bfbb8,c23a0fe8-eccf-595a-a806-7e009f4cdb67,GEO-UM-40023,Sensor1,N,2022-08-01T20:27:01Z,2022-09-05T20:12:19Z,be4870d7-5967-5f00-89af-266abba734e1,a84fc459-5590-5b8e-9991-482435cffd55
62c6456f-60c2-51e6-bc3c-2ebf6b022f10,bdc4b832-1c72-5eee-8511-f224f6cbb968,DL-UM-40006,Primary,,2022-08-01T19:46:49Z,2023-02-10T21:56:12Z,7192aedd-b509-590f-a86d-15ebc87d25c7,20c18696-b02b-5be1-998e-15c45f106e49
ddc9e353-19a6-5697-9a4c-0f316c944450,a93d3fb5-9c7c-5d07-aef7-ff94523ee925,DL-UM-40033,Primary,,2022-08-02T21:28:48Z,2022-11-01T18:10:42Z,344f5747-29ac-5912-8055-364bf6b5e911,484cb882-706b-57d0-93ed-9fb11bef3a8e
beb241e6-fb5e-5cfa-a0f8-b627cd019671,a93d3fb5-9c7c-5d07-aef7-ff94523ee925,MDM-3000000007,Modem,,2022-08-02T21:28:48Z,2022-11-01T18:10:42Z,344f5747-29ac-5912-8055-364bf6b5e911,484cb882-706b-57d0-93ed-9fb11bef3a8e
19208cb5-e05b-5d64-9d4b-07af596cedd8,a93d3fb5-9c7c-5d07-aef7-ff94523ee925,GEO-UM-40033,Sensor1,E,2022-08-02T21:28:48Z,2022-11-01T18:10:42Z,344f5747-29ac-5912-8055-364bf6b5e911,484cb882-706b-57d0-93ed-9fb11bef3a8e
c7e6eead-5308-59e0-a34c-29c76babe08e,792ee195-1e13-51cc-97ab-572204547546,DL-UM-40002,Primary,,2022-08-08T20:41:17Z,2022-11-16T21:12:47Z,888c92a6-ae7e-558d-b8d7-ed3cbb860161,e4957300-7ad0-5931-9690-fc9761d006ea
a1ca724f-738c-52e4-9b4a-94675dff3590,792ee195-1e13-51cc-97ab-572204547546,MDM-3000000000,Modem,,2022-08-08T20:41:17Z,2022-11-16T21:12:47Z,888c92a6-ae7e-558d-b8d7-ed3cbb860161,e4957300-7ad0-5931-9690-fc9761d006ea
00e8cb19-d7c5-5c60-8cfb-92f7138027b3,4a127d7c-9784-5015-83e6-40ad6d760a64,DL-UM-40013,Primary,,2022-08-09T13:12:06Z,2023-05-04T21:41:57Z,56b4e84e-3b1f-5393-a9d2-ea39d45ac2e7,74ba4641-07b8-527c-a9ac-fc63d926fc40
fb679dcb-86ad-504b-9573-f52867d8ecac,4878d4b0-a07d-527c-a1e4-1d80bed7af31,DL-BE-30008,Primary,,2022-08-12T18:04:10Z,2023-02-09T18:18:35Z,375d8d8e-e659-567f-813b-d306cae4f83c,5bd74bc2-c97b-5360-965e-263899beb313
fa26a393-8641-5ea1-bae2-dc0a6b3065d9,4878d4b0-a07d-527c-a1e4-1d80bed7af31,GEO-BG-30009,Sensor1,S,2022-08-12T18:04:10Z,2023-02-09T18:18:35Z,375d8d8e-e659-567f-813b-d306cae4f83c,5bd74bc2-c97b-5360-965e-263899beb313
a8c2fc4a-74eb-5a21-8c6f-456472b56da6,ea49b300-45f1-5768-87fd-c6f42d11ad7e,DL-BE-30021,Primary,,2022-08-15T19:53:59Z,2023-11-23T18:39:39Z,4c9df5d4-9610-5fd8-8721-cf62e288a572,40128834-0432-5b5c-942c-fb6283410f00
e86895b3-33cb-51ea-a44c-9073a1093d41,f0c3a9c8-2604-5037-bdfe-48df17955d26,DL-BE-30034,Primary,,2022-08-17T12:42:32Z,2023-02-20T19:47:41Z,64b14695-5733-5a06-b5cf-278c4c77149b,b33a71ad-7faf-551e-94fa-4fd2af92f6f9
12e373f3-e12d-5e54-9893-1e0e62e11ea6,f0c3a9c8-2604-5037-bdfe-48df17955d26,GEO-BG-30026,Sensor1,S,2022-08-17T12:42:32Z,2023-02-20T19:47:41Z,64b14695-5733-5a06-b5cf-278c4c77149b,b33a71ad-7faf-551e-94fa-4fd2af92f6f9
38f190ca-04cd-523f-80e3-7190dc1c373b,9a73ff26-eab8-5b5f-9490-a5052516a03c,DL-D10-300002,Primary,,2022-08-17T20:55:02Z,2024-11-27T22:12:58Z,e4021bba-086c-53a5-86e0-a3d55f745db5,9283b1be-9504-5197-97d2-99b5bde0369a
7db54acc-e50b-58b8-9b88-487fa10734d0,9a73ff26-eab8-5b5f-9490-a5052516a03c,GEO-C22-450000,Sensor1,S,2022-08-17T20:55:02Z,2024-11-27T22:12:58Z,e4021bba-086c-53a5-86e0-a3d55f745db5,9283b1be-9504-5197-97d2-99b5bde0369a
6f66afbd-ae6a-503f-a0c3-4ad624922044,9a73ff26-eab8-5b5f-9490-a5052516a03c,SLM-S50-500006,Microphone,,2022-08-17T20:55:02Z,2024-11-27T22:12:58Z,e4021bba-086c-53a5-86e0-a3d55f745db5,9283b1be-9504-5197-97d2-99b5bde0369a
7fc642d2-d392-58c3-b7ac-302dfae3af17,9a73ff26-eab8-5b5f-9490-a5052516a03c,GEO-V12-400008,Sensor2,W,2022-08-17T20:55:02Z,2024-11-27T22:12:58Z,e4021bba-086c-53a5-86e0-a3d55f745db5,9283b1be-9504-5197-97d2-99b5bde0369a
1c85a442-a6fa-5135-a13b-a18cee784531,3f29f4a5-aed0-56f2-9e54-edfe1c73158d,DL-D10-350004,Primary,,2022-08-22T12:52:26Z,2024-01-25T21:56:35Z,2c55cb99-ba53-5757-9ef8-afbe3c34cff6,944c89a5-eb2a-587b-8a33-12642a7ca121
5f303127-d7d3-5ad5-9507-b92825d4a0ca,c8845a23-c208-5786-83bb-06c3d644df29,DL-BE-30049,Primary,,2022-08-22T13:02:43Z,2022-10-10T17:42:06Z,6c2a358f-0feb-51f5-9cc5-02330e471cfa,d4580aa8-34aa-515c-8dac-9c95e58e5026
601a283b-446f-583a-8bf3-1540a9c63c49,4076bd51-39c4-5419-81ad-d527f86f1556,DL-D10-350000,Primary,,2022-08-22T15:24:37Z,2023-04-07T18:16:28Z,516ab58c-e135-55f1-ba06-478b25dd9438,7251fe2f-1681-5044-ac4f-04c066e8deff
9140fcf9-a9d4-5c92-bafb-dc5fa7c3a70b,4076bd51-39c4-5419-81ad-d527f86f1556,GEO-V12-400013,Sensor1,E,2022-08-22T15:24:37Z,2023-04-07T18:16:28Z,516ab58c-e135-55f1-ba06-478b25dd9438,7251fe2f-1681-5044-ac4f-04c066e8deff
0a42a7ae-4495-54fa-873e-adb03aebc7c5,5182ab5b-bfc2-511e-babe-eead020c5d05,DL-BE-30023,Primary,,2022-08-25T14:14:57Z,2024-11-11T21:51:44Z,9f1ead37-ebd5-53e3-a249-e84e20ba789a,1a38f67b-3b8e-5c4b-9112-7ba94538d63c
b5a76c84-b610-54a9-a6e0-2c747eeb1875,5182ab5b-bfc2-511e-babe-eead020c5d05,GEO-BG-30027,Sensor1,E,2022-08-25T14:14:57Z,2024-10-21T19:46:35Z,9f1ead37-ebd5-53e3-a249-e84e20ba789a,f4321f24-3d75-5125-8206-c3d83717fae8
b358769c-b2f0-5c0e-b61e-ebb87fe999e4,6cb37aa9-2e97-5adb-9962-fa393ca1016b,DL-BE-30042,Primary,,2022-08-25T19:57:57Z,2023-05-31T20:57:36Z,6a0ec633-43b4-5f75-a60d-324b78c24cf1,c6876dc4-04f0-5e41-b1c7-bc18bb5f4d41
2a8ddfd4-c508-557c-bc2b-43b5340dfbfd,58d412d9-054a-5591-bebc-ece6141137f8,DL-BE-30037,Primary,,2022-08-30T18:38:45Z,2023-06-12T19:26:49Z,951dafc4-c186-5fce-8cfb-e6b0c04be120,5b73eb59-7054-54d7-911e-3f59e09ac54c
61044c5e-e0a3-5505-a6c5-8c735712834a,9045d59b-78d8-551b-bc34-48ca3e24bdad,DL-BE-30033,Primary,,2022-09-05T19:22:12Z,2023-02-17T19:41:44Z,1184bc41-541d-556a-a2ee-5bb8259fe29d,c78b0999-38c0-5f24-9091-4a6aee57cec5
6600bd66-5fad-540e-8847-8b2855b192dc,33cc7f4d-ae25-51ce-9256-3270baa1b7b0,DL-UM-40018,Primary,,2022-09-07T21:38:28Z,2023-01-09T18:55:56Z,72cec925-6fa4-555f-8b42-8d024f226e2c,8ee1d998-0a6c-5162-b556-a0e5b03e8ce9
5751a4d2-28d0-5975-acc4-2a8f396a5915,33cc7f4d-ae25-51ce-9256-3270baa1b7b0,GEO-UM-40018,Sensor1,H,2022-09-07T21:38:28Z,2023-01-09T18:55:56Z,72cec925-6fa4-555f-8b42-8d024f226e2c,8ee1d998-0a6c-5162-b556-a0e5b03e8ce9
ba44147d-1e9f-5ac1-b11d-fc395b675da0,638a3272-2f38-5b8f-829f-d0cd2a06888e,DL-UM-40016,Primary,,2022-09-12T12:09:01Z,2023-09-18T19:03:18Z,61d53189-a743-5fbe-8824-6a0163a2e0c5,0bc28765-3cac-56f7-bc23-77c920494fd3
2cac1bc7-ae5d-560c-897f-f233144cd04a,638a3272-2f38-5b8f-829f-d0cd2a06888e,MDM-3000000002,Modem,,2022-09-12T12:09:01Z,2023-09-18T19:03:18Z,61d53189-a743-5fbe-8824-6a0163a2e0c5,0bc28765-3cac-56f7-bc23-77c920494fd3
251af3cb-b7d6-55ab-98cd-c927995b0413,94cbd13a-6dc1-5fc0-823d-14417b0aebdf,DL-BE-30013,Primary,,2022-09-19T19:38:47Z,2022-11-07T21:56:50Z,531505c4-9a92-51c9-98e4-14ee2a74f512,1b1bfdce-f4aa-5ce1-ae7a-74968ac595ea
198bf357-00d8-5a53-98c3-a91f9c99966e,6304907e-82d3-569f-bf71-d915353f7e5d,DL-UM-40028,Primary,,2022-09-21T19:42:56Z,2023-10-02T18:05:18Z,7901aaa9-e40c-527e-bf5d-92351b7a5793,9e22d03f-1fbf-5487-a9ed-c71615e82301
bc36612d-acd0-51f0-a62e-f697d03037ff,6304907e-82d3-569f-bf71-d915353f7e5d,GEO-UM-40028,Sensor1,W,2022-09-21T19:42:56Z,2023-10-02T18:05:18Z,7901aaa9-e40c-527e-bf5d-92351b7a5793,9e22d03f-1fbf-5487-a9ed-c71615e82301
f0703f14-ca2e-504e-bf49-18f113729236,38868069-c17a-57cf-87cc-707d0c9862f2,DL-UM-40009,Primary,,2022-09-22T13:46:31Z,2022-12-18T22:28:32Z,70ddc834-0d78-5586-a3ee-b28b7a2a5d5c,ea35a893-238c-5797-a61a-2af23dc59cbe
6e33e5e9-6e1a-568a-aee5-8e6ee6d80524,38868069-c17a-57cf-87cc-707d0c9862f2,GEO-UM-40009,Sensor1,W,2022-09-22T13:46:31Z,2022-12-05T20:32:45Z,70ddc834-0d78-5586-a3ee-b28b7a2a5d5c,5191b761-68f2-5718-a481-3ca253f0c993
9b8d1511-3f76-5714-b83a-081131748e92,4fe28d93-07b8-5514-888d-d21a71ab6630,DL-BE-30006,Primary,,2022-09-27T15:23:42Z,2022-11-04T18:18:54Z,899ca696-2419-5b04-87d2-4a4883055935,86092e3e-cccd-5e12-b76e-2c691032d209
3f84c875-87fb-52cd-9ad6-3f355cb0ea57,a6a908f8-33b1-53f6-bf11-42302b055425,DL-D10-350001,Primary,,2022-10-03T14:25:23Z,2023-03-16T21:10:29Z,dc317df5-7af9-562d-8d61-80ea4fc50def,1da3d1c9-e876-5fc7-978b-5400c8b0508c
7216d283-53f3-5f80-a87b-9a562a24ffeb,a6a908f8-33b1-53f6-bf11-42302b055425,GEO-V12-400011,Sensor1,S,2022-10-03T14:25:23Z,2023-03-16T21:10:29Z,dc317df5-7af9-562d-8d61-80ea4fc50def,1da3d1c9-e876-5fc7-978b-5400c8b0508c
5aa9aaee-b24c-59ce-a1b0-e72c7d9e60ec,32966577-c310-5125-9f33-e2008c2b96e1,DL-UM-40022,Primary,,2022-10-03T20:12:31Z,2022-10-24T19:21:57Z,a581c1ca-cc0c-5340-bfd5-9db8ddae0e2d,0244f3b0-32c5-53ab-af80-b101340c0949
af766b55-ef37-59c9-b4d2-7f622c33ad00,32966577-c310-5125-9f33-e2008c2b96e1,GEO-UM-40022,Sensor1,E,2022-10-03T20:12:31Z,2022-10-24T19:21:57Z,a581c1ca-cc0c-5340-bfd5-9db8ddae0e2d,0244f3b0-32c5-53ab-af80-b101340c0949
0be63900-66f0-5c55-ad94-a7af8d73001f,e6f12b7c-0b3c-53a7-ac32-1ab316a85329,DL-BE-30027,Primary,,2022-10-05T14:47:46Z,2023-02-02T20:14:25Z,42baf2b5-769d-5717-bac4-f50533352a86,5d95a354-94a4-593f-87aa-c96027b1c72d
5234e8a6-d45e-5c6d-9a63-2d1a63ac9c1f,c588688c-bb86-5191-bfa0-44e7742ab31b,DL-BE-30035,Primary,,2022-10-07T12:11:43Z,2024-05-23T19:48:15Z,5550c2bd-03fc-5585-b3ea-814724724a06,f924e5be-82a6-568f-94bc-405bcb7831d1
82928afd-95bc-50c1-990b-902c878c7676,ef4db6c4-320c-5774-ab1e-bdbc69443963,DL-BE-30044,Primary,,2022-10-07T17:09:32Z,2022-11-14T20:49:25Z,a3bdb8b9-c0d4-54db-96cb-76a958516316,89f6af63-d30e-579f-b46a-5cfc1419328e
0ab825d6-05f5-5b27-bd3e-db26103280f9,6b547cb9-176f-578c-9cc1-88945520f1bc,DL-UM-40029,Primary,,2022-10-10T13:19:45Z,2023-01-04T18:52:04Z,7494848c-fffc-55fd-a353-153d6d7f5e9f,f032c7e9-fcc8-546d-aee9-35a20aa5e08e
ad7c0853-b1d5-52bb-8e53-773f09d5acd9,1cccbaef-8f10-5e79-a945-1dc62ff1533c,DL-UM-40025,Primary,,2022-10-10T15:49:15Z,2023-08-07T21:05:58Z,62941527-09b5-569f-9f05-c3fdd0c1e02c,11715581-d211-5236-b609-a1448f5215da
08d76b9a-4144-57a1-a765-9dd8c6144f38,1cccbaef-8f10-5e79-a945-1dc62ff1533c,GEO-UM-40025,Sensor1,W,2022-10-10T15:49:15Z,2023-08-07T21:05:58Z,62941527-09b5-569f-9f05-c3fdd0c1e02c,11715581-d211-5236-b609-a1448f5215da
e500ab98-7fb6-5507-ba3b-b7d30f384670,99c53a6b-1724-59a7-85d4-77a81f8fd4f5,DL-BE-30012,Primary,,2022-10-14T20:21:05Z,2023-04-03T18:56:58Z,fe0fb86d-f96c-5715-946d-0bc4101d37ab,d434f82b-c222-542f-8279-3d513ff3d0b8
dd54d01d-4429-5adc-9e44-1a1519d60069,15eedd3c-d7f0-5a5a-a871-130b9065cfa1,DL-BE-30049,Primary,,2022-10-17T19:25:31Z,2023-01-20T21:01:09Z,12eadde0-06ad-5680-9904-6155db72dee1,b220e20c-79da-5a3d-8e17-c79e23866f31
6a8cf7f7-e0e2-5510-aaf6-ce3ab938d901,ef99540f-e73f-5c9d-aff8-4d30225d938e,DL-D10-300003,Primary,,2022-10-18T18:10:39Z,2023-07-19T20:20:22Z,9c68cc46-6a99-57d0-a6b0-7e0d95f54e35,72dad772-9146-50f2-bb3e-2861cd8f14b8
4cc0234e-8bc9-5534-8ba1-9cfca70d048a,ef99540f-e73f-5c9d-aff8-4d30225d938e,GEO-C22-450007,Sensor1,BH,2022-10-18T18:10:39Z,2023-07-19T20:20:22Z,9c68cc46-6a99-57d0-a6b0-7e0d95f54e35,72dad772-9146-50f2-bb3e-2861cd8f14b8
ce92179b-4c4b-5d34-ae3c-67d12ab49f97,1bd1691b-fbda-5532-a2ca-78c4bc7ff0a8,DL-UM-40023,Primary,,2022-10-18T12:25:33Z,2022-11-25T18:22:23Z,20c4d536-ab02-5039-ba51-eacfb38b29ba,009c763f-b756-5aab-a3da-3d8cdd5ec5c9
08c9c4cd-2904-59d0-a896-159509283cbf,1bd1691b-fbda-5532-a2ca-78c4bc7ff0a8,GEO-UM-40023,Sensor1,E,2022-10-18T12:25:33Z,2022-11-25T18:22:23Z,20c4d536-ab02-5039-ba51-eacfb38b29ba,009c763f-b756-5aab-a3da-3d8cdd5ec5c9
ece48ec1-221f-5575-b70d-f5ec3b5ba87e,350b82c4-ee21-5a03-b4f5-9c5891ddacf6,DL-BE-30056,Primary,,2022-10-20T14:32:48Z,2023-04-11T20:34:19Z,e0938f38-7891-5a5d-b7c8-e1023a217c21,fbb17a79-388a-51aa-be5c-801baa70809f
7f651be6-dd95-5ee3-abca-f61f42fd0638,e6a7bfca-b2ca-58a5-b6e3-fdce133ece0b,DL-BE-30017,Primary,,2022-10-25T18:42:37Z,2024-01-08T20:05:11Z,a131ec3d-788c-5a72-b4d0-ae1ebe663c6d,2cff908b-4288-51aa-90d1-b7ac590242ce
667e8edb-e6ce-55f2-a5fa-e45004477e49,e6a7bfca-b2ca-58a5-b6e3-fdce133ece0b,GEO-BG-30018,Sensor1,N,2022-10-25T18:42:37Z,2024-01-08T20:05:11Z,a131ec3d-788c-5a72-b4d0-ae1ebe663c6d,2cff908b-4288-51aa-90d1-b7ac590242ce
1ef70ac9-760f-5df7-933f-8f7754d0e2fd,860d5d2a-047b-50c4-bf1f-2a1c31855f30,DL-UM-40019,Primary,,2022-10-25T17:16:38Z,2023-03-07T18:59:03Z,ed369237-ab0e-5cb7-8558-0c976020139b,57b72ef8-95e2-576d-b0f7-2680a9baf6ba
ca8cf8eb-6ebf-5a94-a684-84b49c7cd68d,66665431-572d-5662-977a-3cfe21a3ab24,DL-BE-30057,Primary,,2022-11-03T11:28:09Z,2022-12-05T21:29:07Z,8f4b6786-dd20-5e75-8db2-ebaaf061f685,628e0b60-5114-5ffa-ab6b-688ef905d248
c7d93e40-4aff-503f-917c-02e13c35896a,5f168fac-486e-55a2-80d0-89f791b08eaa,DL-BE-30055,Primary,,2022-11-07T20:03:42Z,2023-10-16T17:33:46Z,516fb147-d082-5290-bb71-0465989d8399,08c565b4-76ac-5b52-a9d3-366e0bed48bd
bc51c580-3bda-5f59-bd9e-927707762092,4d463644-005b-58e8-971c-57fe77a6553a,DL-BE-30059,Primary,,2022-11-09T13:02:56Z,2022-12-24T21:23:06Z,3266207c-e45a-5dc4-8701-d065079d7a74,d3d46e9e-8377-5f15-bf6f-5656c60f59d5
38fc4511-9615-5e14-ab1b-b1aaabbc5246,32137b2e-e150-5889-b72a-e9b6c5b5d9ed,DL-BE-30006,Primary,,2022-11-14T20:02:52Z,2022-12-05T21:58:47Z,6ca4d2d8-efa2-5e55-88a8-2fa9ed507616,fcb91ee9-3da0-50ff-84ed-aedabdf48d3b
40d31fe3-6cfb-5121-a77a-8d6b8411c838,9de1d15c-d1e6-5483-b13d-12302e863318,DL-BE-30048,Primary,,2022-11-15T20:44:18Z,2023-10-02T20:45:48Z,ae120128-5175-5b79-b155-a5ad103197aa,c6a815ba-aa27-5f9f-b7e3-2677115530da
ee30370d-66f7-5444-b50b-b8343bede0f5,1647662d-3868-5ef6-b240-b97e0cf54115,DL-UM-40017,Primary,,2022-11-15T12:44:20Z,2023-02-23T00:00:36Z,92842d86-ce61-52c0-86b8-dc111d4e3282,38a8ec6d-9ccb-5a71-9169-30aa8ae37329
f3d7c293-d387-596b-860a-087edc817401,1647662d-3868-5ef6-b240-b97e0cf54115,GEO-UM-40017,Sensor1,H,2022-11-15T12:44:20Z,2023-02-23T00:00:36Z,92842d86-ce61-52c0-86b8-dc111d4e3282,38a8ec6d-9ccb-5a71-9169-30aa8ae37329
3184b0b2-4fdc-571f-aacb-252b8ef6c37d,2eb6bd0a-3e32-5b05-81f4-8919cbcae696,DL-BE-30013,Primary,,2022-11-16T18:24:28Z,2023-12-20T21:21:30Z,8111a1ff-34f0-5754-86f8-0c95004b0b43,de99e42b-43fb-5bfd-a025-952ab7c0e358
40787fc7-df77-541f-a909-47b0c3a0c794,9d4fd21a-2149-5b9b-b7e4-47036ff6e51f,DL-UM-40022,Primary,,2022-11-21T22:51:45Z,2022-11-29T19:19:53Z,4d9f9de8-2027-5f4b-8b74-9c1cddee1596,0c9f56af-6318-5454-a5d9-6cfa340c2792
8299be92-6558-54a3-b5c6-b1c8e53be4f9,9d4fd21a-2149-5b9b-b7e4-47036ff6e51f,GEO-UM-40022,Sensor1,BH,2022-11-21T22:51:45Z,2022-11-29T19:19:53Z,4d9f9de8-2027-5f4b-8b74-9c1cddee1596,0c9f56af-6318-5454-a5d9-6cfa340c2792
953982d7-9264-5b9a-b424-ff1869fd963c,90444cbb-d741-5a84-8830-aebb016b9def,DL-BE-30010,Primary,,2022-11-23T18:33:41Z,2023-01-16T20:55:57Z,100a63fd-a92f-5d80-a3bd-db4eb64b4d75,70926fbc-0d65-5241-9eaa-b6ffb6fa98b5
ae0ad493-2138-5371-a98b-79f2c319fcd6,b156f806-a56b-5624-93e3-cfed11455fb0,DL-UM-40001,Primary,,2022-11-23T21:11:54Z,2023-09-27T00:34:25Z,9028ae50-1baf-54f3-9493-7c90885ac7c0,b21d9b6a-5f01-5d77-bd48-6510aa227c8f
d99080c2-491b-5b26-ad79-8a0589cc6e0a,b156f806-a56b-5624-93e3-cfed11455fb0,GEO-UM-40001,Sensor1,S,2022-11-23T21:11:54Z,2023-09-27T00:34:25Z,9028ae50-1baf-54f3-9493-7c90885ac7c0,b21d9b6a-5f01-5d77-bd48-6510aa227c8f
657d234b-bb30-5d1a-8d6e-4db207f294a9,702aa026-26d2-5e38-9ee5-bf685a1250f9,DL-D10-350003,Primary,,2022-11-28T17:58:51Z,2023-04-05T21:23:12Z,f92b585c-dfaa-51f7-9caa-fb7e17239424,8cb1534b-0cf5-5ff6-a7e1-9b20a8d8aac2
2ac1c328-019d-5e56-b569-6b785e959ce9,71d8a6f6-3e46-5a9d-8e94-003ec2fbd2ac,DL-UM-40035,Primary,,2022-11-28T21:07:19Z,2023-01-16T20:03:46Z,c3d50166-335f-57ea-836c-d127d884e1b5,3fa7dacc-3d82-5035-b124-39839e79114c
1a4826b6-7ef0-5d1f-b4d5-e2ce3e68a11c,71d8a6f6-3e46-5a9d-8e94-003ec2fbd2ac,GEO-UM-40035,Sensor1,E,2022-11-28T21:07:19Z,2022-12-06T20:27:25Z,c3d50166-335f-57ea-836c-d127d884e1b5,e4fc2332-d517-58ba-b35d-0030f3ff704b
c0b3d24a-0f67-5f91-b3a9-f8eb65ecd4a3,cb62e169-39d4-5796-915a-78d501e89445,DL-UM-40002,Primary,,2022-11-29T12:01:22Z,2022-12-29T18:45:23Z,bd8d1349-0973-5501-bb9b-60a8c140940e,ae70f1ad-2e76-52e6-9b36-80e46d427800
de75a643-58b1-5246-b7c9-3ea2bdee5fd1,cb62e169-39d4-5796-915a-78d501e89445,GEO-UM-40002,Sensor1,V,2022-11-29T12:01:22Z,2022-12-29T18:45:23Z,bd8d1349-0973-5501-bb9b-60a8c140940e,ae70f1ad-2e76-52e6-9b36-80e46d427800
06aaad50-12e8-5236-8db1-799f09381e44,cb62e169-39d4-5796-915a-78d501e89445,MDM-3000000000,Modem,,2022-11-29T12:01:22Z,2022-12-29T18:45:23Z,bd8d1349-0973-5501-bb9b-60a8c140940e,ae70f1ad-2e76-52e6-9b36-80e46d427800
05d16824-a0c8-5b7a-bf3c-aa3494b3a506,90b41e0b-5757-5545-a78a-4fe41b1b7533,DL-UM-40032,Primary,,2022-11-30T16:14:24Z,2023-08-01T18:05:38Z,8934b9a4-422d-5f54-b666-85cb319033c0,975a2d09-3afc-5c63-ac27-7c645dea9a16
01bd82cf-3c4f-53ae-8492-4786e566aae5,90b41e0b-5757-5545-a78a-4fe41b1b7533,GEO-UM-40032,Sensor1,BH,2022-11-30T16:14:24Z,2023-07-03T20:00:24Z,8934b9a4-422d-5f54-b666-85cb319033c0,65bae88d-b0dc-5b81-9292-723067fbef47
883e5f88-c73f-5cea-b728-53bcc0492f38,a4dec28e-b483-55e7-b3ec-20500f3d7cda,DL-BE-30053,Primary,,2022-12-05T13:10:23Z,2023-08-08T21:59:08Z,5df9225b-abb4-50ef-9808-18928bbdaf6c,348394fd-f04d-57b3-bf9a-5a9344e649d9
faa6280f-900e-539e-89da-460e40a46764,4197eac1-57e7-5cce-b23f-dbc4f0c44e4b,DL-UM-40034,Primary,,2022-12-05T19:15:03Z,2024-01-23T19:07:04Z,22df185e-bac4-586a-8738-3204672e3068,4c2059b2-073e-5ac3-86dc-5990bd85ee34
c0e86581-6776-5f5e-9291-c48eb855192a,4197eac1-57e7-5cce-b23f-dbc4f0c44e4b,GEO-UM-40034,Sensor1,W,2022-12-05T19:15:03Z,2024-01-23T19:07:04Z,22df185e-bac4-586a-8738-3204672e3068,4c2059b2-073e-5ac3-86dc-5990bd85ee34
80058932-727b-53f8-b7e2-80ed6f0bb807,25be77f6-1e13-5cf2-be57-b41a97f05f72,DL-UM-40023,Primary,,2022-12-05T22:42:56Z,2023-01-19T21:53:56Z,eb259333-4427-57d0-926a-5e8ee5d18704,e4d1e7d3-f197-57aa-be3b-1a4f27e108dd
871f5e47-2617-5261-88b0-d2b376272ab7,25be77f6-1e13-5cf2-be57-b41a97f05f72,GEO-UM-40023,Sensor1,S,2022-12-05T22:42:56Z,2023-01-19T21:53:56Z,eb259333-4427-57d0-926a-5e8ee5d18704,e4d1e7d3-f197-57aa-be3b-1a4f27e108dd
99c04221-d68c-5633-aa62-a0cad406c8f3,5195a573-82a3-58f8-a33c-6b5ad57458a1,DL-BE-30051,Primary,,2022-12-07T11:06:36Z,2023-02-24T21:02:12Z,afcfd00a-598d-5044-ae61-1e05f7520fcd,2c6bd38b-7964-5386-bdf7-f7e023a87fd5
611f3168-36a3-5e0e-a811-57ca74c5cc53,5195a573-82a3-58f8-a33c-6b5ad57458a1,GEO-BG-30032,Sensor1,S,2022-12-07T11:06:36Z,2023-02-24T21:02:12Z,afcfd00a-598d-5044-ae61-1e05f7520fcd,2c6bd38b-7964-5386-bdf7-f7e023a87fd5
5751da00-4cba-54b0-8a22-e76ab3b09ad5,a0bcef2e-43ed-5dd4-b5c3-9fb6a342a3b0,DL-BE-30054,Primary,,2022-12-08T17:56:24Z,2024-06-17T17:02:17Z,fe900bbb-91ae-5a5d-a537-7c0f23e90741,70dfd9fc-643e-5009-8e0f-d94e10428be4
8d221af5-acf8-5f58-8d8b-b674d41e0c7f,4034e70e-8a8f-5d1c-801f-1227f8a8e88d,DL-UM-40012,Primary,,2022-12-12T14:37:47Z,2023-09-18T17:24:02Z,25da5bc9-2446-5788-88d3-68f03b49ac71,e457f6d7-625a-5588-8edc-8d86d00c08a7
c0631203-6d35-5fe7-99a6-f58743205792,0ee6eb94-ef7e-52c6-beff-dafd2482c1b6,DL-UM-40026,Primary,,2022-12-18T21:19:42Z,2024-02-27T18:37:18Z,2cb77008-0001-5404-bf28-5af8ead6a204,6ee53358-8aae-5384-851b-64e549aa9552
54e2540d-7b61-58dc-ae74-ba34fafe7330,0ee6eb94-ef7e-52c6-beff-dafd2482c1b6,GEO-UM-40026,Sensor1,N,2022-12-18T21:19:42Z,2024-02-27T18:37:18Z,2cb77008-0001-5404-bf28-5af8ead6a204,6ee53358-8aae-5384-851b-64e549aa9552
f6ba62f3-62e6-5e9e-89c5-ddb0d8b307ba,676813d2-39b7-5e90-9298-f144b67ac54c,DL-UM-40022,Primary,,2022-12-19T22:20:06Z,2023-01-11T20:00:07Z,fc8d2b2d-fbb4-5415-9e23-ded28f0aeb45,e8710a16-3b1e-5c35-8cd6-a3f385dad5ac
eaf549f7-bb8b-54f6-a687-cd9162260ea5,676813d2-39b7-5e90-9298-f144b67ac54c,GEO-UM-40022,Sensor1,BH,2022-12-19T22:20:06Z,2023-01-11T20:00:07Z,fc8d2b2d-fbb4-5415-9e23-ded28f0aeb45,e8710a16-3b1e-5c35-8cd6-a3f385dad5ac
2662f7a9-4e01-5fe1-8f57-bfbb01af730b,ca15228a-2659-5d3b-be2a-5eeb53d40951,DL-D10-350002,Primary,,2022-12-19T14:35:30Z,2023-09-25T18:59:47Z,565a6cf8-d9cd-509e-b9ad-1e59a2b7698c,202f3bd3-8428-53f7-b9d2-c1ffc1cd18f5
80822e72-5242-5df0-a154-37d913eb55e2,dfeb830f-81bb-5b81-b224-4ceea2c96025,DL-UM-40004,Primary,,2022-12-19T17:38:42Z,2023-04-05T00:08:22Z,922c1b94-56c6-5275-ad30-fdcd179c4b8d,58ade8ea-663e-5f96-8e4d-089df1503f0a
675885bf-1d20-5937-9ce8-d5b1cab17b9c,dfeb830f-81bb-5b81-b224-4ceea2c96025,GEO-UM-40004,Sensor1,H,2022-12-19T17:38:42Z,2023-04-05T00:08:22Z,922c1b94-56c6-5275-ad30-fdcd179c4b8d,58ade8ea-663e-5f96-8e4d-089df1503f0a
a8cf3246-bfa9-5e75-9d25-5869e9f731b1,dfeb830f-81bb-5b81-b224-4ceea2c96025,MDM-3000000005,Modem,,2022-12-19T17:38:42Z,2023-04-05T00:08:22Z,922c1b94-56c6-5275-ad30-fdcd179c4b8d,58ade8ea-663e-5f96-8e4d-089df1503f0a
a00bcc08-450b-5178-a23a-d1843754929a,bb0d18b3-2b3e-54da-8d8b-8ce73e0d951e,DL-UM-40031,Primary,,2022-12-21T20:49:39Z,2023-01-02T20:11:54Z,c0a46732-2bc9-537a-9109-f16b2608a971,592838b2-21d4-5888-9293-4830c31a9d45
8e83cd39-da0a-5e05-965e-a6dceb720a8c,bb0d18b3-2b3e-54da-8d8b-8ce73e0d951e,GEO-UM-40031,Sensor1,E,2022-12-21T20:49:39Z,2023-01-02T20:11:54Z,c0a46732-2bc9-537a-9109-f16b2608a971,592838b2-21d4-5888-9293-4830c31a9d45
97b4f809-dfe9-5d25-abf0-47b808ed7d2f,361fa62a-6349-5ca2-aebc-eb608e4773e9,DL-BE-30044,Primary,,2022-12-23T16:31:10Z,2023-11-06T19:13:47Z,5f222b71-2e31-519c-84ef-184fdf2a44fd,8b6b73c7-1860-5a11-8e5a-3f10f0408f60
a2ef1bee-36b0-5cca-a633-f1dc1e6431b3,16dc1382-2dcc-5c73-a3cc-b0174b33f0b1,DL-BE-30006,Primary,,2022-12-26T19:34:27Z,2023-02-21T22:17:00Z,a4ddfa13-c7a4-5399-b9b7-2bb7a44cd59a,d57bee1e-f442-5848-9ffe-3e7643c1c2a2
763bb813-d1bc-5c47-8937-2084fd583fc0,df1b01a2-4cc1-5638-ad4b-fbd2e6c381ec,DL-UM-40009,Primary,,2022-12-28T19:21:48Z,2023-01-09T11:44:46Z,b4cda9eb-ec38-5d5e-9d21-814ad84cf04c,8137e5f5-24f6-5e62-8a3a-62b9ca4f982d
884b706c-c57e-579b-90c9-477a6acf09ed,df1b01a2-4cc1-5638-ad4b-fbd2e6c381ec,MDM-3000000001,Modem,,2022-12-28T19:21:48Z,2023-01-09T11:44:46Z,b4cda9eb-ec38-5d5e-9d21-814ad84cf04c,8137e5f5-24f6-5e62-8a3a-62b9ca4f982d
9437109c-094c-5640-99fa-63c5959a18f3,ddb72771-98a4-5343-8ae7-ebe0edd2f5ba,DL-BE-30002,Primary,,2023-01-02T14:47:10Z,2024-12-09T19:47:56Z,e0fa5a04-0dd6-5d02-b50a-2dc789102e5d,6f916e6f-1986-5b8b-b717-0bfd36e9c7cb
8e44d74c-5aa9-5e63-bc46-60306b8e8018,ddb72771-98a4-5343-8ae7-ebe0edd2f5ba,GEO-BG-30000,Sensor1,V,2023-01-02T14:47:10Z,2024-12-09T19:47:56Z,e0fa5a04-0dd6-5d02-b50a-2dc789102e5d,6f916e6f-1986-5b8b-b717-0bfd36e9c7cb
e34358ef-7385-5b9a-a468-16dfdc26acb7,b6c14677-e02c-5011-b98d-a463ecab5317,DL-UM-40011,Primary,,2023-01-03T18:08:15Z,2023-01-19T21:34:46Z,f52c5298-c7b2-53b6-b515-97754854386e,97add6a9-09f8-5737-a98b-4b77fa8f3c45
76465c2e-4862-58ed-ac77-b1a108e96b5e,b6c14677-e02c-5011-b98d-a463ecab5317,MDM-3000000009,Modem,,2023-01-03T18:08:15Z,2023-01-19T21:34:46Z,f52c5298-c7b2-53b6-b515-97754854386e,97add6a9-09f8-5737-a98b-4b77fa8f3c45
fb2eddab-c6dd-5eeb-a37c-79aa4cd29eeb,8799bd45-21e5-5bbd-affe-91f1e11b1939,DL-D10-300000,Primary,,2023-01-05T13:50:34Z,2023-05-22T17:58:50Z,a6a3abcc-c1db-59c1-b634-2153d0063fad,8c461a56-8b16-57ba-9db8-99b967becf71
83a6fe8e-e9ee-56c2-b0ad-81b0519c852f,c858bd38-aa16-5a51-a2b2-5445d5cf2079,DL-BE-30039,Primary,,2023-01-05T17:19:25Z,2023-10-27T21:02:46Z,f4a703ad-909f-5fc1-931a-ad473b75d97c,4e365ed7-9e0a-55b3-8e92-2bf681c2531e
384be8bf-cb1e-54bd-ba3b-e65d6dbf6697,b689d475-ce97-5cb2-9b7c-bf7fdc38ab83,DL-BE-30038,Primary,,2023-01-09T13:03:00Z,2023-02-06T22:21:46Z,e8a238f6-237e-58e5-bdf2-e67f53c86051,1c2fb6d0-c0e4-522a-b8ff-7dce63904d85
4019bbeb-8d69-55c5-8d59-5a3fa5fd8a3b,1287466c-96e5-5790-b02a-83b6e08d94a8,DL-UM-40031,Primary,,2023-01-09T22:15:34Z,2024-06-11T21:58:24Z,895527f4-8ef0-522b-a785-947fb5a7276d,046699e1-dbda-5d9d-a9c6-35502b72fc32
f8f9da58-79f0-537e-ab24-84d0a2529a67,1287466c-96e5-5790-b02a-83b6e08d94a8,GEO-UM-40031,Sensor1,H,2023-01-09T22:15:34Z,2024-06-11T21:58:24Z,895527f4-8ef0-522b-a785-947fb5a7276d,046699e1-dbda-5d9d-a9c6-35502b72fc32
358775ba-033d-5d41-a6b9-906ae504be95,6198967f-f033-5f2a-b5d8-f9643ac32ab9,DL-BE-30057,Primary,,2023-01-12T18:08:11Z,2023-05-29T21:09:08Z,0240e4c9-6a28-53e1-9ec8-fa9c85f8f8b4,d46a85f0-9e90-5422-a29b-ecc2fee60b95
fac9f6ad-81b7-5753-8df9-1369f9064525,80bf476d-e10d-50de-8c88-1ce7e6131fe1,DL-UM-40002,Primary,,2023-01-13T19:39:31Z,2023-09-08T17:25:06Z,99c1d5b0-a565-594e-a253-239f14e8c692,543ed7f4-4464-58e0-bd04-7881ae098277
a9dc6505-aa0f-536b-b145-bcbbdf778fe1,80bf476d-e10d-50de-8c88-1ce7e6131fe1,GEO-UM-40002,Sensor1,V,2023-01-13T19:39:31Z,2023-08-03T20:58:14Z,99c1d5b0-a565-594e-a253-239f14e8c692,c2d59764-5ba1-5bd7-910d-fc7b70745486
f31f8429-bd33-5ab3-ac4e-b38a62f4217a,80bf476d-e10d-50de-8c88-1ce7e6131fe1,MDM-3000000000,Modem,,2023-01-13T19:39:31Z,2023-09-08T17:25:06Z,99c1d5b0-a565-594e-a253-239f14e8c692,543ed7f4-4464-58e0-bd04-7881ae098277
c7431f80-9330-5fb5-999e-77922219e9f9,9cde28a0-a692-5e6e-a505-40f309943aaf,DL-BE-30043,Primary,,2023-01-17T13:15:06Z,2023-05-29T18:44:21Z,9046e3dc-e812-55b2-87eb-16f5c3025e75,13b53009-1e87-5b20-aaa1-853394696901
0d75a892-24bb-5e52-baf9-c157572a8d5e,a884d019-207f-5e3d-af02-9d90f23cfd6e,DL-BE-30016,Primary,,2023-01-19T13:24:33Z,2023-09-14T19:56:48Z,a6766b84-1694-53f7-a85b-17abfcd1b83c,043e8c9c-2e03-510f-9059-3038617ed155
d7afcf15-99c4-5474-9388-743a0ee9cb7a,a884d019-207f-5e3d-af02-9d90f23cfd6e,GEO-BG-30006,Sensor1,V,2023-01-19T13:24:33Z,2023-09-14T19:56:48Z,a6766b84-1694-53f7-a85b-17abfcd1b83c,043e8c9c-2e03-510f-9059-3038617ed155
7fea1852-d379-5bcb-a99a-14b9cbb6a01b,37fde208-2633-5ade-9058-9ac6566781cb,DL-UM-40022,Primary,,2023-01-20T19:05:13Z,2023-04-19T19:27:47Z,d1612ce3-57e8-5591-8448-c1d712af50a4,4ce06677-a02a-515d-b2a4-d980d530e9de
3c98b295-612f-5dc7-a5ce-21ebc6eec503,37fde208-2633-5ade-9058-9ac6566781cb,GEO-UM-40022,Sensor1,H,2023-01-20T19:05:13Z,2023-03-27T20:47:29Z,d1612ce3-57e8-5591-8448-c1d712af50a4,032c988a-40a9-5085-90b5-806b8f0ca88b
e4162275-a9cd-5b11-a340-43779e906340,67f17509-555e-5cad-aae2-0eb134dc2b16,DL-UM-40035,Primary,,2023-01-24T15:29:29Z,2023-04-05T20:51:30Z,83d3d644-9ed7-52ed-b4a5-d18f3c23bb2a,37bc9eb9-bebe-5660-89c2-50f2202f47f2
d835e5d8-79b9-5706-8f27-37fc80fca113,67f17509-555e-5cad-aae2-0eb134dc2b16,GEO-UM-40035,Sensor1,H,2023-01-24T15:29:29Z,2023-04-05T20:51:30Z,83d3d644-9ed7-52ed-b4a5-d18f3c23bb2a,37bc9eb9-bebe-5660-89c2-50f2202f47f2
757ad3a1-d83c-569a-84a9-8d19d190f9d6,3a93b007-270d-5753-a6a7-797ac3cb95ab,DL-BE-30010,Primary,,2023-01-30T13:55:13Z,2023-08-28T10:01:22Z,668d48e1-0b08-588a-8241-f990566a9dfc,07f99aae-f875-599e-893f-ba623ed238f7
dc86ddbc-4250-543b-b174-81cd65d74ac3,3a93b007-270d-5753-a6a7-797ac3cb95ab,GEO-BG-30010,Sensor1,W,2023-01-30T13:55:13Z,2023-08-28T10:01:22Z,668d48e1-0b08-588a-8241-f990566a9dfc,07f99aae-f875-599e-893f-ba623ed238f7
3232339f-4382-5bae-a50d-ee88fcb17d89,3d27d991-cfc9-5789-8e1d-8c3112323a1f,DL-UM-40011,Primary,,2023-01-30T12:25:52Z,2023-11-21T21:34:39Z,d996ba21-8ad0-5219-b015-8e396a30fc71,22c41acb-6d11-5413-9edb-7e192ffda146
5a884c65-0aff-5eb2-b789-49c4d3335cd9,3d27d991-cfc9-5789-8e1d-8c3112323a1f,MDM-3000000009,Modem,,2023-01-30T12:25:52Z,2023-11-21T21:34:39Z,d996ba21-8ad0-5219-b015-8e396a30fc71,22c41acb-6d11-5413-9edb-7e192ffda146
831f9dee-75d3-51a2-a7ad-0d1c191b89da,428cd479-af98-5918-8389-c94f69e46fe9,DL-BE-30059,Primary,,2023-01-31T22:25:56Z,2024-03-25T19:01:30Z,c42ec0bb-bbad-5049-a603-8f75ce305b61,8655a5f8-b400-56ec-8e71-88e9818a318e
e4dba725-5d24-550d-874b-2874b1fee14b,a72534c0-a106-5f7d-9d69-cd39823b789a,DL-D10-300006,Primary,,2023-02-01T14:43:14Z,2023-02-21T22:42:34Z,e498b4c7-e395-5562-9286-f26a32e33ec0,b33fbf4e-bedb-5e32-8a5c-775d2cc7aa8f
c58914cf-8d3e-5c5a-9c6f-401bf8f48358,e1c1edaa-3256-52a0-be13-098a6e29cb45,DL-BE-30050,Primary,,2023-02-06T19:21:30Z,2023-02-24T21:12:37Z,819e90d1-8c27-5797-af6f-3d074df367b6,6ac3acd9-93ed-53a5-9521-eb584908f22c
8b68738f-4592-59d2-80b0-f67f2a8aaa5d,355f8a2c-727f-53e5-ada0-755d6ccba86b,DL-UM-40000,Primary,,2023-02-07T14:35:28Z,2025-02-12T22:42:22Z,a6b43808-7997-5f04-baae-fa524af1a23d,f777ee33-51c3-5e09-930a-66d0f2f44b27
5573d573-7423-5ed0-aa08-f96e22826d87,355f8a2c-727f-53e5-ada0-755d6ccba86b,GEO-UM-40000,Sensor1,V,2023-02-07T14:35:28Z,2025-02-12T22:42:22Z,a6b43808-7997-5f04-baae-fa524af1a23d,f777ee33-51c3-5e09-930a-66d0f2f44b27
59720d58-42c0-5ab2-b0b6-be17ddab7345,355f8a2c-727f-53e5-ada0-755d6ccba86b,SLM-UA-40002,Microphone,,2023-02-07T14:35:28Z,2025-02-12T22:42:22Z,a6b43808-7997-5f04-baae-fa524af1a23d,f777ee33-51c3-5e09-930a-66d0f2f44b27
2ee7566c-bb49-57fa-8355-3454958d57d5,86ab4b69-0801-5e82-bfe8-d56f730c9cc2,DL-UM-40029,Primary,,2023-02-08T22:51:56Z,2024-01-08T21:33:44Z,e19c08c7-22fd-57c5-aa9f-003f5ef23d2a,77d58c03-68cf-57e8-a532-5c725f9c7ec5
363571c7-7be3-55b5-9324-cb4ff963ca8e,d1f9e133-0b0d-5432-958a-fa76623a4790,DL-BE-30038,Primary,,2023-02-13T20:01:13Z,2024-03-04T19:06:04Z,7dbe6038-6718-5672-bad5-82b256019030,a05f3f58-f329-557b-88c1-ec0d60a6a2c4
a29ef0d5-93c9-5935-891a-2fee1acca965,9013a6f9-dac0-5d8d-a25c-c8a1eec335e6,DL-UM-40018,Primary,,2023-02-16T14:15:14Z,2023-07-24T20:22:31Z,e4d02e1e-954a-5fa5-803c-d4e5861111bf,3deb00d8-5c9e-5c4e-8897-19029a396500
6e5ee701-e4e3-5f60-a84e-4f8457c2f41e,9013a6f9-dac0-5d8d-a25c-c8a1eec335e6,GEO-UM-40018,Sensor1,S,2023-02-16T14:15:14Z,2023-07-24T20:22:31Z,e4d02e1e-954a-5fa5-803c-d4e5861111bf,3deb00d8-5c9e-5c4e-8897-19029a396500
a9b190a6-80d5-5401-bbf3-0855353ebea7,ff26aef9-b4e1-5286-95a7-22d2114c21c4,DL-BE-30027,Primary,,2023-02-17T21:42:25Z,2023-11-03T20:52:46Z,fed7f959-7c0f-5991-8240-3c1c68278676,695b7705-b57e-556c-81a6-ff189ccb744d
4abdfa93-f9b6-57b1-a9ec-fbdfab9db827,28752f7e-c53d-52ac-8fe2-1408cd3e0f49,DL-BE-30000,Primary,,2023-02-23T15:01:41Z,2024-11-01T21:18:47Z,2f457008-9b96-5e97-9feb-ecc84ca209c3,cab610b6-4008-586b-bf6d-fcc603b4657b
c42c1dff-152b-5b5c-8a6e-7dbbdf7995c3,e2d85dea-277d-512c-a553-d815677c2dbe,DL-UM-40006,Primary,,2023-02-24T16:23:54Z,2023-08-24T18:43:49Z,a2479535-442b-5a12-afec-906c26a42a80,00556c0e-cbb1-5ef6-b224-96f3c3b2adad
cd29915d-9b34-5d57-9d1c-03bf4e40fdf5,e2d85dea-277d-512c-a553-d815677c2dbe,GEO-UM-40006,Sensor1,E,2023-02-24T16:23:54Z,2023-08-24T18:43:49Z,a2479535-442b-5a12-afec-906c26a42a80,00556c0e-cbb1-5ef6-b224-96f3c3b2adad
cc3556fa-c93e-51e2-bf81-c5010991d67d,ea7efba9-b725-5010-aa88-bd03ff8672ce,DL-BE-30034,Primary,,2023-02-25T19:32:25Z,2023-09-20T21:35:20Z,bd5b2208-e653-5aea-85fb-b2e19b256719,5e447c3f-43f7-54e9-ae85-74828e7caefb
ce5df9f8-043e-5bfd-be14-cc48a0a74219,ea7efba9-b725-5010-aa88-bd03ff8672ce,GEO-BG-30026,Sensor1,E,2023-02-25T19:32:25Z,2023-09-20T21:35:20Z,bd5b2208-e653-5aea-85fb-b2e19b256719,5e447c3f-43f7-54e9-ae85-74828e7caefb
feacf64b-a2e6-5ce1-a6f4-b06430af26cc,093f8623-38ee-52f6-8c84-334a4e488906,DL-BE-30008,Primary,,2023-02-27T13:02:07Z,2023-05-16T19:28:56Z,fc66ec04-1c85-51c6-853a-60af33fc1f8e,b5718e22-4c73-5b42-9c9f-bf6a0b668e9e
8cc2c390-7aaa-5337-825b-8a8087f206ef,9ff9d5e0-2083-523f-acec-5ae2d26475ee,DL-D10-300006,Primary,,2023-02-28T19:48:04Z,2023-08-09T17:17:58Z,6053ab99-a4af-5d9e-94be-26027e65350c,baa21496-da82-5244-9747-576c91dd8a61
044e8438-45d6-5393-8213-bdf793e5d42b,9ff9d5e0-2083-523f-acec-5ae2d26475ee,GEO-V12-400010,Sensor1,V,2023-02-28T19:48:04Z,2023-08-09T17:17:58Z,6053ab99-a4af-5d9e-94be-26027e65350c,baa21496-da82-5244-9747-576c91dd8a61
2338eef8-776f-5179-8389-df9bde9a635e,e61b42dd-c1ce-56c0-887e-12ea31bd0a48,DL-UM-40017,Primary,,2023-03-01T21:19:36Z,2023-03-14T20:22:30Z,dc95b7fa-a13c-5387-9b6f-ef9d2f5e7365,9569f5e5-073c-5580-8c42-2322098a5725
739a3495-49f2-5adf-8da3-32cd443c4886,6953e49c-9fb1-5144-a55e-6c62ac851fdc,DL-UM-40024,Primary,,2023-03-03T19:31:16Z,2023-05-16T18:05:53Z,247a4c41-f282-5bf9-b6af-7870b5a03737,ce479df4-7efc-595b-a015-86315bfea26a
117caa36-3152-5364-8643-557364cdc1fe,e416a864-0dbc-5f72-afd8-7db9184f88b9,DL-UM-40023,Primary,,2023-03-06T11:58:54Z,2023-04-07T20:11:11Z,bd1e7b91-3b1a-5be5-abc7-6b52ac8726b8,f1a4cf14-1e17-514e-a934-98cdda7e90ab
6c1a9dce-bd80-5f3a-ba4b-61164102af1b,e416a864-0dbc-5f72-afd8-7db9184f88b9,GEO-UM-40023,Sensor1,W,2023-03-06T11:58:54Z,2023-04-07T20:11:11Z,bd1e7b91-3b1a-5be5-abc7-6b52ac8726b8,f1a4cf14-1e17-514e-a934-98cdda7e90ab
100d36be-a6d0-52a4-9d14-2874302020da,5bca7a87-bf6b-5b29-912b-d7699c89d417,DL-BE-30006,Primary,,2023-03-06T14:21:25Z,2023-12-26T21:00:13Z,899a5a11-3f7b-56df-9ba3-e20c26ef6682,4a483b3f-86bf-54e9-a4c7-fc0baab80280
6e926c45-65cf-5455-ba82-dbb25d49ea31,3f07386e-c8ab-5316-bd93-34ea3660fb03,DL-BE-30049,Primary,,2023-03-13T19:03:24Z,2023-09-22T21:34:40Z,56659a5a-0e44-5838-8d17-5217cec7c99d,5f470677-14b3-5bad-a942-1f998e83db26
c859f79e-c7f7-5356-95f1-821bdbbc35e8,5c3f6735-78c2-5fae-933e-fc94d5e15841,DL-UM-40009,Primary,,2023-03-14T12:48:23Z,2023-08-18T17:42:58Z,48260dc2-1425-585a-8b78-b1037bef8db3,08120904-bb43-566f-a95b-3764d930b970
376a0285-ffe6-5fdf-9250-3d7c0cd130b1,5c3f6735-78c2-5fae-933e-fc94d5e15841,GEO-UM-40009,Sensor1,W,2023-03-14T12:48:23Z,2023-08-18T17:42:58Z,48260dc2-1425-585a-8b78-b1037bef8db3,08120904-bb43-566f-a95b-3764d930b970
91206485-0d59-5dc8-850c-817d4e64cecd,5c3f6735-78c2-5fae-933e-fc94d5e15841,MDM-3000000001,Modem,,2023-03-14T12:48:23Z,2023-08-18T17:42:58Z,48260dc2-1425-585a-8b78-b1037bef8db3,08120904-bb43-566f-a95b-3764d930b970
b19d6692-c99c-5841-9e92-3d66057bf01c,130bf695-f1fd-51da-8b71-687a4c34513e,DL-UM-40019,Primary,,2023-03-15T18:58:20Z,2023-06-16T21:08:03Z,8d5e1af4-2633-5152-8689-e0d64d23d294,5cc86b5e-614a-5260-8a9d-a40d41e541d0
50dce14b-6397-5845-90a1-c0b4bb568df8,130bf695-f1fd-51da-8b71-687a4c34513e,GEO-UM-40019,Sensor1,BH,2023-03-15T18:58:20Z,2023-06-16T21:08:03Z,8d5e1af4-2633-5152-8689-e0d64d23d294,5cc86b5e-614a-5260-8a9d-a40d41e541d0
33bd7e4b-5d37-58f3-87f3-7fa201110be2,077b0e92-e272-5e70-9901-927a22e13792,DL-D10-300004,Primary,,2023-03-17T13:59:06Z,2023-04-24T17:23:52Z,2319286b-45a7-5f6a-a50d-4d51dc8d9eea,86c7ff7f-75ba-5133-936d-14f153c3f4a0
66d11f6a-dd79-532b-8d38-fe0e7fd0872a,077b0e92-e272-5e70-9901-927a22e13792,GEO-V12-400009,Sensor1,E,2023-03-17T13:59:06Z,2023-04-24T17:23:52Z,2319286b-45a7-5f6a-a50d-4d51dc8d9eea,86c7ff7f-75ba-5133-936d-14f153c3f4a0
e70b9aeb-667d-5c63-b910-baa571006082,077b0e92-e272-5e70-9901-927a22e13792,SLM-S50-500008,Microphone,,2023-03-17T13:59:06Z,2023-04-24T17:23:52Z,2319286b-45a7-5f6a-a50d-4d51dc8d9eea,86c7ff7f-75ba-5133-936d-14f153c3f4a0
4fc6676c-2ab8-58fb-91bf-28ba7c7a04cc,077b0e92-e272-5e70-9901-927a22e13792,GEO-V12-400012,Sensor2,W,2023-03-17T13:59:06Z,2023-04-24T17:23:52Z,2319286b-45a7-5f6a-a50d-4d51dc8d9eea,86c7ff7f-75ba-5133-936d-14f153c3f4a0
c84a5b61-114e-5aad-8c60-fb910da8fc07,ae71fcd4-63cf-579f-83cc-deb5000b62b7,DL-UM-40017,Primary,,2023-03-20T15:21:13Z,2023-03-28T10:49:10Z,f7db341a-21b1-5cf8-b5c8-59875558726f,c843d767-1b4e-5c8f-9d0c-7c0d1e48a580
51a031c2-587b-5b91-8582-3f64a3180c50,6b38b79b-00f9-5f03-9a09-158749a29cc3,DL-D10-350001,Primary,,2023-03-23T14:09:28Z,2023-09-29T19:39:03Z,46792e98-4435-53bb-975e-7e955ac948e2,13e8d071-031c-5004-8529-a4fa329daae9
14b0dedf-04f8-53c2-8fbf-964a75781df2,6b38b79b-00f9-5f03-9a09-158749a29cc3,GEO-V12-400011,Sensor1,V,2023-03-23T14:09:28Z,2023-09-29T19:39:03Z,46792e98-4435-53bb-975e-7e955ac948e2,13e8d071-031c-5004-8529-a4fa329daae9
f9abcb88-8746-5144-857c-987f7df4d53a,e6d84206-fbdf-5477-9dc7-4dab6109038e,DL-BE-30020,Primary,,2023-04-06T14:24:10Z,2024-08-02T18:59:02Z,8dee54ae-bc24-5103-822f-f7ded9e60c68,a3c21468-ad47-55a9-8b76-7328e7198db2
02643b26-56e7-5514-91d4-cf3530d9c902,e6d84206-fbdf-5477-9dc7-4dab6109038e,GEO-BG-30022,Sensor1,H,2023-04-06T14:24:10Z,2024-08-02T18:59:02Z,8dee54ae-bc24-5103-822f-f7ded9e60c68,a3c21468-ad47-55a9-8b76-7328e7198db2
8a0b15ff-e074-557f-9929-e02c71e8f0ee,2a68d8fc-72f5-5ed4-9bcd-f3b68702b538,DL-UM-40017,Primary,,2023-04-06T18:40:12Z,2023-07-03T19:13:42Z,802288f7-de2d-5570-ac53-b4815d598044,13d60bc6-e859-580d-87f8-65b769f57257
f0f8959f-9631-59c1-a4d7-cd790536878b,2a68d8fc-72f5-5ed4-9bcd-f3b68702b538,GEO-UM-40017,Sensor1,V,2023-04-06T18:40:12Z,2023-07-03T19:13:42Z,802288f7-de2d-5570-ac53-b4815d598044,13d60bc6-e859-580d-87f8-65b769f57257
bb8fcaae-97a1-5e1c-8e13-8f499d1041a7,7b50c952-1945-5881-9e03-3ceb74e50452,DL-D10-350003,Primary,,2023-04-11T17:00:43Z,2023-08-21T19:44:55Z,eaf6c0d9-dea7-570a-9d9a-54623146d8dd,253d2a27-55e0-559d-9bbc-8f9fea3b6119
94ab5663-15cc-58e1-a471-1faa49cbe80d,87f028e9-ef62-5d6d-9495-eb0d8bf989fa,DL-BE-30012,Primary,,2023-04-13T17:35:54Z,2023-11-23T19:20:29Z,805c4e8f-38ba-51ad-a60f-ea9dbd37afba,1cc4bd4f-e765-5c43-b993-93327998a51d
94f0ebc6-4935-5dbe-a8bd-23c72c7e17ff,c3b9f148-ec4e-52b8-8594-50657eaa9cb5,DL-UM-40023,Primary,,2023-04-14T18:53:20Z,2023-05-17T21:09:36Z,5a12c16b-cff0-5f81-a6d1-580fa5186889,3eb4a885-f09a-5817-a2ac-984fbce3bee4
d261c9aa-a45a-5f8f-98b0-5523173ecc3a,c3b9f148-ec4e-52b8-8594-50657eaa9cb5,GEO-UM-40023,Sensor1,N,2023-04-14T18:53:20Z,2023-05-01T18:26:04Z,5a12c16b-cff0-5f81-a6d1-580fa5186889,1201ab18-aba1-5e64-ab93-73ff5ede7239
2fc0fff2-964f-5749-aa86-fd6b4cf1b507,ed4e04f1-e73b-504e-acc9-bdae5a96c151,DL-BE-30033,Primary,,2023-04-15T19:25:13Z,2024-02-26T21:48:29Z,9398f4c7-674b-58e4-aa72-6b3f70ccfa61,17b11627-253d-5f8a-a0ba-be1967064acd
8e54dbbe-ee15-52db-a803-2388e78d8f4a,79afc7af-bc8e-5641-ba21-7e224a1350df,DL-BE-30036,Primary,,2023-04-17T15:13:13Z,2024-02-26T21:22:41Z,b89b2c43-27f1-598e-86ea-ac8bed8666dd,03a2852e-ce0c-5ccf-8c27-b669ad084b66
54ba2a30-be77-586e-ac86-b59728069d6c,79afc7af-bc8e-5641-ba21-7e224a1350df,GEO-BG-30030,Sensor1,V,2023-04-17T15:13:13Z,2024-02-26T21:22:41Z,b89b2c43-27f1-598e-86ea-ac8bed8666dd,03a2852e-ce0c-5ccf-8c27-b669ad084b66
dc7c4422-da4d-592f-9ebc-6bcb7223bd95,fff290c4-05f7-5dfd-9457-8e0fbd84f1a5,DL-BE-30056,Primary,,2023-04-17T14:32:25Z,2023-09-10T17:43:40Z,2c22f68c-5400-5632-a890-59a731def8b5,a10140ef-1771-5e97-b9c0-ddccc1d84f15
43880ddf-96d8-5bbd-acc1-df9a1966bb85,9c230b04-e022-52ad-828d-b099a0ac5220,DL-UM-40035,Primary,,2023-04-19T16:51:57Z,2023-05-03T21:23:59Z,95b59fff-e1ee-58a9-98be-35186e076b9b,622ea822-e547-573d-9d7d-2d5529ee0d28
167d31cf-55c8-5cc2-aeec-1a6e75a6784f,9c230b04-e022-52ad-828d-b099a0ac5220,GEO-UM-40035,Sensor1,E,2023-04-19T16:51:57Z,2023-05-03T21:23:59Z,95b59fff-e1ee-58a9-98be-35186e076b9b,622ea822-e547-573d-9d7d-2d5529ee0d28
769ff2a3-2ee4-57dc-92a2-9bb5162e10ac,f88713e5-59f2-56c0-87a2-7c07fad34549,DL-D10-350000,Primary,,2023-04-26T20:40:38Z,2023-12-24T21:01:53Z,fe515b1e-8ee0-5bb9-a864-c68ca4967d6d,b03cf37d-7e46-5b49-93c1-a40b596f3049
59cb7092-f259-52a3-a7a5-8bc76fc2f7c8,0b47ee83-63b1-5b5a-91ee-e570fbb8e2ba,DL-UM-40003,Primary,,2023-04-26T16:41:39Z,2023-09-25T21:39:18Z,87f26b72-58a4-58e2-9281-98bec50ad19c,de3f17ef-a54b-543f-a064-12060b98a9f7
ccb9f28d-2e3b-5a21-a2ca-3fb70a650f6f,0b47ee83-63b1-5b5a-91ee-e570fbb8e2ba,GEO-UM-40003,Sensor1,BH,2023-04-26T16:41:39Z,2023-09-25T21:39:18Z,87f26b72-58a4-58e2-9281-98bec50ad19c,de3f17ef-a54b-543f-a064-12060b98a9f7
3263638b-fff3-5ca8-ab26-408e4ba4cb79,0b47ee83-63b1-5b5a-91ee-e570fbb8e2ba,MDM-3000000006,Modem,,2023-04-26T16:41:39Z,2023-09-25T21:39:18Z,87f26b72-58a4-58e2-9281-98bec50ad19c,de3f17ef-a54b-543f-a064-12060b98a9f7
666d9c6c-1397-5c15-bf71-6d5441f248c5,9163fc89-a3a4-5176-b6b1-5d4bd9577256,DL-BE-30050,Primary,,2023-04-26T19:04:34Z,2023-05-10T20:01:10Z,69c182e5-2fc9-5814-a439-8757ca5001ca,59a911f5-f7a8-5009-be22-52d28f68ffa7
b433d132-6f3d-5e04-bedf-159a0446f55e,ed7f997c-500c-56be-b439-d2ff97f4c615,DL-BE-30051,Primary,,2023-04-26T20:23:10Z,2023-12-29T20:59:59Z,617547e3-ddca-5328-8323-3157a61d0749,0da3c95c-4599-56ee-be6d-466939bccdd7
0ebb82b3-7835-520c-98d9-e1e91c12f431,ed7f997c-500c-56be-b439-d2ff97f4c615,GEO-BG-30032,Sensor1,N,2023-04-26T20:23:10Z,2023-12-29T20:59:59Z,617547e3-ddca-5328-8323-3157a61d0749,0da3c95c-4599-56ee-be6d-466939bccdd7
f4279571-85af-54b4-85d1-86b1f331430c,d8bba651-27ad-5054-9202-30ff4ab2bc3f,DL-BE-30015,Primary,,2023-04-27T18:24:53Z,2023-11-17T18:00:25Z,68d495c1-0b1e-5769-a708-323921949f74,f15bc527-8036-5692-8597-99a57bfa13f0
5ecf3a66-7215-5e7b-aeba-f2e6816444b3,d8bba651-27ad-5054-9202-30ff4ab2bc3f,GEO-BG-30016,Sensor1,S,2023-04-27T18:24:53Z,2023-11-17T18:00:25Z,68d495c1-0b1e-5769-a708-323921949f74,f15bc527-8036-5692-8597-99a57bfa13f0
f7e61b2c-90d5-56c5-8a84-57f4bc397a7e,d8bba651-27ad-5054-9202-30ff4ab2bc3f,GEO-BG-30013,Sensor2,BH,2023-04-27T18:24:53Z,2023-11-17T18:00:25Z,68d495c1-0b1e-5769-a708-323921949f74,f15bc527-8036-5692-8597-99a57bfa13f0
bfbc640c-fb8e-54d7-86d9-d2aa3aa87121,89d28bbe-bd2d-5476-8a06-25d79441700b,DL-UM-40005,Primary,,2023-04-27T18:19:20Z,2024-01-15T21:44:31Z,409c3659-deaf-52f9-bc52-4e3a9ccd92a6,f09ec5f8-80dd-51d4-bf1b-8a562df79761
82cd625a-b97d-50ff-ab15-29cce5c2a17e,89d28bbe-bd2d-5476-8a06-25d79441700b,GEO-UM-40005,Sensor1,S,2023-04-27T18:19:20Z,2024-01-15T21:44:31Z,409c3659-deaf-52f9-bc52-4e3a9ccd92a6,f09ec5f8-80dd-51d4-bf1b-8a562df79761
30f3f23c-e40e-5397-bacf-4b921b1d70ae,89d28bbe-bd2d-5476-8a06-25d79441700b,MDM-3000000003,Modem,,2023-04-27T18:19:20Z,2024-01-15T21:44:31Z,409c3659-deaf-52f9-bc52-4e3a9ccd92a6,f09ec5f8-80dd-51d4-bf1b-8a562df79761
837d890c-58a4-5aa2-b281-4f72c0f6a9f3,f5fd3b4f-ebdd-5b80-8338-d7d64a409575,DL-D10-300004,Primary,,2023-05-05T14:41:50Z,2023-06-19T21:17:20Z,3dc4d56b-d789-5ecd-b3d5-23b24d7388af,32a2f9d1-587e-59a3-9260-8ff2345df374
58584bab-409d-5883-adf7-1f3b3274264c,f5fd3b4f-ebdd-5b80-8338-d7d64a409575,GEO-V12-400009,Sensor1,N,2023-05-05T14:41:50Z,2023-06-19T21:17:20Z,3dc4d56b-d789-5ecd-b3d5-23b24d7388af,32a2f9d1-587e-59a3-9260-8ff2345df374
61b196ca-a275-57d3-99fc-a41543acc2ab,f5fd3b4f-ebdd-5b80-8338-d7d64a409575,SLM-S50-500008,Microphone,,2023-05-05T14:41:50Z,2023-06-19T21:17:20Z,3dc4d56b-d789-5ecd-b3d5-23b24d7388af,32a2f9d1-587e-59a3-9260-8ff2345df374
2d01e3ae-9093-5116-ba95-21062ae9abf6,f5fd3b4f-ebdd-5b80-8338-d7d64a409575,GEO-V12-400012,Sensor2,V,2023-05-05T14:41:50Z,2023-06-19T21:17:20Z,3dc4d56b-d789-5ecd-b3d5-23b24d7388af,32a2f9d1-587e-59a3-9260-8ff2345df374
cb312abc-fe54-5ccc-97f3-d70e38b82225,9cb83917-8147-52ac-bd74-a0f6b79402f2,DL-UM-40036,Primary,,2023-05-08T20:05:24Z,2024-03-11T19:36:27Z,57ec84c8-6981-543a-91db-f31c2f46d8ec,ad5d04e6-4330-54cb-8a2e-8dfcadfe001b
239e6c46-c3d3-5f50-a0ff-4ae407041e4b,9cb83917-8147-52ac-bd74-a0f6b79402f2,GEO-UM-40036,Sensor1,BH,2023-05-08T20:05:24Z,2024-03-11T19:36:27Z,57ec84c8-6981-543a-91db-f31c2f46d8ec,ad5d04e6-4330-54cb-8a2e-8dfcadfe001b
74cde8c1-b5bf-5e0d-a45f-391d4657cd7a,0ab946e0-d0dd-5bb5-9997-69011b7444a1,DL-UM-40007,Primary,,2023-05-08T19:46:25Z,2023-10-27T21:58:49Z,86727972-0a9c-5d1f-b48a-a3cd6d7a795c,9ca81adb-c18b-57ba-b479-c64256840893
f9d19dc9-7f7e-5449-b2c4-b6457e5f5988,83282a1d-326c-52d4-9256-e31836781778,DL-UM-40013,Primary,,2023-05-10T21:09:37Z,2024-02-19T21:31:41Z,229e3d88-aed9-544f-8383-9a6d65f45383,78ce06f0-0eee-57fb-a1fe-9ef141dafeb6
5bffd840-1500-5cf7-96e7-40f710e43902,b2098ea8-4963-5b1e-bdde-cf315882066e,DL-UM-40035,Primary,,2023-05-10T17:09:19Z,2024-07-11T19:01:15Z,60e33611-7421-55b9-9380-ffcbfbf9a93e,4f8e7623-bb24-5f09-946f-37601ecf4200
08435ffb-db87-5ff6-8d9f-67f1e1968754,b2098ea8-4963-5b1e-bdde-cf315882066e,GEO-UM-40035,Sensor1,W,2023-05-10T17:09:19Z,2024-07-11T19:01:15Z,60e33611-7421-55b9-9380-ffcbfbf9a93e,4f8e7623-bb24-5f09-946f-37601ecf4200
e0adbac3-33ae-5a1e-9413-d53fc3226a70,a81466ec-5ee8-5fc2-9980-8ce61bf3fa5a,DL-UM-40015,Primary,,2023-05-23T17:31:28Z,2024-02-26T21:56:32Z,0614b829-781c-5679-93e8-66ed506edb0b,10ca07b6-8d73-5134-9202-10777a3d59b3
3e51a98a-4b55-597e-97a4-fb1223db0eaa,a2f6943b-abfb-5a65-af3d-c723fac7551a,DL-BE-30009,Primary,,2023-05-23T13:57:26Z,2023-06-26T18:13:59Z,e02d2c1a-7ae2-5f57-9d3b-b59074ec0697,1ab95469-b8a1-5454-a316-aad6ff78639a
a093d83a-6980-5b1c-b0c0-2354f49133ef,a2f6943b-abfb-5a65-af3d-c723fac7551a,GEO-BG-30020,Sensor1,N,2023-05-23T13:57:26Z,2023-06-26T18:13:59Z,e02d2c1a-7ae2-5f57-9d3b-b59074ec0697,1ab95469-b8a1-5454-a316-aad6ff78639a
aff3876e-3349-5fc1-a2fe-1b9ed7eb4796,794af62b-9043-54ca-8421-ff722e3c47c0,DL-UM-40024,Primary,,2023-05-25T17:32:48Z,2023-06-26T10:26:45Z,cbb31d0d-02aa-5fb9-8bcb-4609162f1fbb,5641477b-6951-5dc2-ab3f-62cd387bfa06
7320d200-5c81-58fd-9e96-281347c93e92,794af62b-9043-54ca-8421-ff722e3c47c0,GEO-UM-40024,Sensor1,H,2023-05-25T17:32:48Z,2023-06-26T10:26:45Z,cbb31d0d-02aa-5fb9-8bcb-4609162f1fbb,5641477b-6951-5dc2-ab3f-62cd387bfa06
fdaba09b-94b9-5e38-8948-a5f60ad6c13c,535b4ef4-8035-5f31-a6f1-216f704c203f,DL-BE-30007,Primary,,2023-05-26T16:10:54Z,2023-06-14T19:02:33Z,94af6bd4-864a-50a9-b8a3-aea8b9a97e17,7e9b2342-54f2-51c8-8693-59e77a55c6fe
faaeab0f-89b5-5fde-8f78-a2ae4ad793a6,535b4ef4-8035-5f31-a6f1-216f704c203f,GEO-BG-30017,Sensor1,N,2023-05-26T16:10:54Z,2023-06-14T19:02:33Z,94af6bd4-864a-50a9-b8a3-aea8b9a97e17,7e9b2342-54f2-51c8-8693-59e77a55c6fe
3f743c81-7ee8-5fde-ae87-98c595fd3796,6f5af819-1a49-50fb-9fd1-26790be85fed,DL-UM-40023,Primary,,2023-06-02T11:46:00Z,2023-11-24T19:59:08Z,f13855bf-67f5-5f37-8847-9e7f4a766749,5788080b-5244-5247-9b1b-5b4c2a1c5acd
9e8d543b-b5ed-58f1-8b66-012e8185d13d,6f5af819-1a49-50fb-9fd1-26790be85fed,GEO-UM-40023,Sensor1,E,2023-06-02T11:46:00Z,2023-11-24T19:59:08Z,f13855bf-67f5-5f37-8847-9e7f4a766749,5788080b-5244-5247-9b1b-5b4c2a1c5acd
3c76a87c-7898-5c57-b395-f05e18026b28,6f5af819-1a49-50fb-9fd1-26790be85fed,MDM-3000000011,Modem,,2023-06-02T11:46:00Z,2023-11-24T19:59:08Z,f13855bf-67f5-5f37-8847-9e7f4a766749,5788080b-5244-5247-9b1b-5b4c2a1c5acd
8ffca60e-4672-5551-9e71-d40339d1d385,ae0efda9-86a3-5fb8-beaa-d38a703ef162,DL-BE-30050,Primary,,2023-06-02T19:22:40Z,2024-07-10T17:01:52Z,69a5c7f7-215e-52e4-b702-749b55750cb3,35d0da49-3b23-5df2-9f35-523f87799dfe
37b4550b-ae5a-520b-9edc-f39e1ad475b7,a1b2bfaa-e3b5-5311-92ec-063a5a3aad9b,DL-UM-40030,Primary,,2023-06-07T21:56:54Z,2023-11-07T21:46:41Z,eddd9668-e032-5651-8a65-6689c75e6f5c,0fdaff1d-34f8-5053-b72a-55085a6a521c
50c2f73a-5577-53b9-9e5c-4634768f2d53,a1b2bfaa-e3b5-5311-92ec-063a5a3aad9b,GEO-UM-40030,Sensor1,S,2023-06-07T21:56:54Z,2023-11-07T21:46:41Z,eddd9668-e032-5651-8a65-6689c75e6f5c,0fdaff1d-34f8-5053-b72a-55085a6a521c
a99f607a-229e-56cf-a125-f29246060503,ced462a7-e228-5cf0-a6b8-23609367e451,DL-BE-30043,Primary,,2023-06-07T19:48:07Z,2025-06-28T20:09:49Z,bd2932ca-063d-599e-ba56-a48ddf1c3f54,cda9ea9e-6c9a-5c69-9bac-52602d11dd4b
413a2eed-1d3b-58a8-896c-5ad3f8271dfb,c004d33c-e752-557f-841c-b23d9eab28d2,DL-BE-30008,Primary,,2023-06-07T15:46:37Z,2024-03-04T20:03:28Z,f2c16519-ce44-51eb-9c95-38d54b428b78,f07a2362-704d-5eff-9d4e-e5daffdc79b1
06ae4cc9-3c0b-54df-a342-3104ff86693c,c004d33c-e752-557f-841c-b23d9eab28d2,GEO-BG-30009,Sensor1,N,2023-06-07T15:46:37Z,2024-03-04T20:03:28Z,f2c16519-ce44-51eb-9c95-38d54b428b78,f07a2362-704d-5eff-9d4e-e5daffdc79b1
08ca5899-94cd-554b-bfdd-9c3b78bf822a,43e225c1-bf6d-5eb3-bbc4-0f3a4836f968,DL-BE-30057,Primary,,2023-06-09T16:39:59Z,2024-01-08T20:29:55Z,cab29167-2650-586c-9539-932ae5b4cc40,d640485d-cd52-5a6a-868f-7c3616383e52
bc8d6b7c-67c6-5936-bb06-a47e34dd20cc,9e8483ab-cf59-5f4d-a8cb-f5e8f4298dba,DL-BE-30028,Primary,,2023-06-09T23:25:03Z,2023-07-19T17:31:10Z,e3136264-53d6-577b-a093-1cea8316227a,4532cff3-dc75-5b34-b8c6-cde49499805a
a5d8f2e0-6b15-5a9c-b151-0086bbea4168,1cfe991c-34b3-582f-841f-0623547f788a,DL-UM-40008,Primary,,2023-06-13T14:38:37Z,2024-01-27T22:47:22Z,fb581e72-5779-558f-9f98-edc31a5ce6b2,630d3cda-09fd-52ff-86a3-46d72fc86490
2bf74730-6e90-5427-b91b-631bb51dd705,791949c1-9c07-5dd2-8d3c-85746817bbc1,DL-BE-30024,Primary,,2023-06-19T20:13:42Z,2023-12-12T21:45:43Z,b635494d-ef6a-5c39-8e9b-bf131562aa31,47311f5b-d500-509f-9b89-c5307b0f3268
ce1c0518-a7fb-519f-adb9-320167fde0eb,1058e7be-7ec9-5b51-ab05-e4ac79a5fdca,DL-BE-30022,Primary,,2023-06-19T14:53:08Z,2024-03-12T18:13:08Z,8952619a-cfe5-50ba-a6a5-3b3492a1284e,9aa40c0d-53f2-546c-b0d8-28454bc6a194
4c33f659-5221-5090-9c0e-5a134e114138,d7409e99-0071-52cf-b2ae-34936d75194f,DL-BE-30037,Primary,,2023-06-19T12:31:23Z,2024-05-20T19:43:48Z,5806ce0d-b907-5022-8bbd-b160a9a12225,f7ee612c-95f8-5090-b9f0-6dd503e1aa30
f7b7a2bc-579c-52c4-be6d-65b30b3d0ae3,6677e94e-2e01-5acf-a7a5-b8041a54d61b,DL-UM-40022,Primary,,2023-06-21T15:42:31Z,2023-08-07T20:39:31Z,ea9fc1e0-066a-59d7-b7f6-a02b144f0a2e,94510aab-e7cc-5f80-8448-c27b4ce87065
208f4acf-88d0-5e57-b225-c852dfd7bdbc,6677e94e-2e01-5acf-a7a5-b8041a54d61b,GEO-UM-40022,Sensor1,S,2023-06-21T15:42:31Z,2023-08-07T20:39:31Z,ea9fc1e0-066a-59d7-b7f6-a02b144f0a2e,94510aab-e7cc-5f80-8448-c27b4ce87065
2cb5615a-a349-5d3f-bfe7-3693fa7cd804,2f4842a3-6dcc-5b7b-96b4-6e958f46e0bb,DL-D10-300004,Primary,,2023-06-23T18:25:22Z,2023-08-25T19:21:43Z,601c24cf-9135-5865-9bc1-e73371bbf0e7,619bb3c5-f4cb-5b3b-ab92-5c8422e0333f
7187c1f2-2091-5d9a-b0fd-facaa2df11f2,2f4842a3-6dcc-5b7b-96b4-6e958f46e0bb,GEO-V12-400009,Sensor1,V,2023-06-23T18:25:22Z,2023-08-25T19:21:43Z,601c24cf-9135-5865-9bc1-e73371bbf0e7,619bb3c5-f4cb-5b3b-ab92-5c8422e0333f
c08f57bd-885d-5c18-8956-ddd6a2d6f582,2f4842a3-6dcc-5b7b-96b4-6e958f46e0bb,GEO-V12-400012,Sensor2,W,2023-06-23T18:25:22Z,2023-08-25T19:21:43Z,601c24cf-9135-5865-9bc1-e73371bbf0e7,619bb3c5-f4cb-5b3b-ab92-5c8422e0333f
3863532d-abcb-5239-ac36-4598b03d8a2f,2e0bd893-1cc2-5d6c-aef2-18ea89442294,DL-UM-40019,Primary,,2023-06-23T16:30:04Z,2024-01-01T20:20:17Z,3b63f182-6e4f-5896-a4bb-15bba6b0cd98,d28c0373-0295-5a15-8bfc-9c0e72c569aa
6c2138c2-3aa5-5ea2-8d20-fea4b5d294f4,2e0bd893-1cc2-5d6c-aef2-18ea89442294,GEO-UM-40019,Sensor1,H,2023-06-23T16:30:04Z,2024-01-01T20:20:17Z,3b63f182-6e4f-5896-a4bb-15bba6b0cd98,d28c0373-0295-5a15-8bfc-9c0e72c569aa
ea99d0cd-5819-52d7-b566-c06123e184d7,7127a3fe-cda5-50bd-93a3-f2b19f8422b6,DL-BE-30007,Primary,,2023-06-26T20:32:27Z,2023-07-11T17:22:19Z,50cef574-c8d1-565e-a3d1-b53888268784,bee09ce4-e254-5dd1-a45c-84e5fb757a58
361e7fc9-d565-5fb6-95f7-ff38f99deca2,7127a3fe-cda5-50bd-93a3-f2b19f8422b6,GEO-BG-30017,Sensor1,BH,2023-06-26T20:32:27Z,2023-07-11T17:22:19Z,50cef574-c8d1-565e-a3d1-b53888268784,bee09ce4-e254-5dd1-a45c-84e5fb757a58
4eaa9ab6-541a-5cba-ad79-01d3e0e9fe7e,929faec0-c0f5-5568-a9d0-df682a427bcb,DL-UM-40033,Primary,,2023-07-03T20:40:10Z,2024-07-02T18:41:37Z,7b591f04-cad5-5d76-aacd-695a5b72cb5d,7295c33a-2373-5fda-886b-682cf9f30560
9e5bbd95-b542-5405-959a-54136664d390,929faec0-c0f5-5568-a9d0-df682a427bcb,MDM-3000000007,Modem,,2023-07-03T20:40:10Z,2024-07-02T18:41:37Z,7b591f04-cad5-5d76-aacd-695a5b72cb5d,7295c33a-2373-5fda-886b-682cf9f30560
44223de7-9940-5631-836f-01cae53ba785,a7e51d00-b811-5d76-b050-378c143c4f0a,DL-BE-30018,Primary,,2023-07-04T15:55:31Z,2023-07-19T20:22:36Z,e641431b-2feb-5c68-93a7-30ff8994c8fa,b8fdac21-e07a-5c06-813e-4122b27f9b26
6182a57a-a6c0-569f-9b0d-79ea4fd70d14,a7e51d00-b811-5d76-b050-378c143c4f0a,GEO-BG-30021,Sensor1,N,2023-07-04T15:55:31Z,2023-07-19T20:22:36Z,e641431b-2feb-5c68-93a7-30ff8994c8fa,b8fdac21-e07a-5c06-813e-4122b27f9b26
ac69d842-4731-52a3-ba77-5d50325ca9b5,cff27ff0-68c6-5a19-a9c0-526bb12af0ad,DL-BE-30061,Primary,,2023-07-05T15:57:21Z,2023-07-31T19:24:12Z,c4e27577-a5ad-5cd5-b551-466d06558170,c5161470-7ae0-5688-81a2-d2157778924c
ea942cc8-89cf-5f75-a6e8-309d519a0e8b,eea8438b-035e-5b92-a159-b6cc74f0beab,DL-UM-40024,Primary,,2023-07-06T18:46:09Z,2023-09-04T19:23:40Z,140f0334-efb9-5571-937f-577ffa9e08be,cddd3efe-3a6e-59d1-873a-dd356be27aca
2a5df5e1-c80e-55c6-9e8b-28ad783a04b1,eea8438b-035e-5b92-a159-b6cc74f0beab,GEO-UM-40024,Sensor1,W,2023-07-06T18:46:09Z,2023-09-04T19:23:40Z,140f0334-efb9-5571-937f-577ffa9e08be,cddd3efe-3a6e-59d1-873a-dd356be27aca
e5817749-990c-5d78-8a78-cbd368b6db91,6f983115-81f7-5279-b67b-07515770ca31,DL-D10-350005,Primary,,2023-07-13T22:45:22Z,2023-08-28T21:16:54Z,30b4bd6d-9bb5-5a9f-bd40-74535be53448,939f99ce-a039-54c8-8204-c991d87d2541
c69cc96f-8e43-5f37-843a-8d3e5e15d5e5,6f983115-81f7-5279-b67b-07515770ca31,GEO-V12-400004,Sensor1,E,2023-07-13T22:45:22Z,2023-08-28T21:16:54Z,30b4bd6d-9bb5-5a9f-bd40-74535be53448,939f99ce-a039-54c8-8204-c991d87d2541
c5386187-0342-5132-8f1c-97e3855adbf8,6f983115-81f7-5279-b67b-07515770ca31,GEO-V12-400006,Sensor2,V,2023-07-13T22:45:22Z,2023-08-28T21:16:54Z,30b4bd6d-9bb5-5a9f-bd40-74535be53448,939f99ce-a039-54c8-8204-c991d87d2541
4c8aac19-bb85-58ca-b748-f287fb1affab,82e9b899-4c13-5052-b590-8e0e6f7df9e2,DL-BE-30007,Primary,,2023-07-21T12:28:15Z,2023-11-17T21:13:45Z,417cf8e9-52a1-592b-9f49-37d9bb180af5,69283087-0263-5309-ad93-aa47123bf153
c0084722-7801-5e6f-aa92-d27276c83c21,82e9b899-4c13-5052-b590-8e0e6f7df9e2,GEO-BG-30017,Sensor1,S,2023-07-21T12:28:15Z,2023-11-17T21:13:45Z,417cf8e9-52a1-592b-9f49-37d9bb180af5,69283087-0263-5309-ad93-aa47123bf153
6da1407a-a79c-58c5-a1a8-8bd6fa3bd8e5,5fd8d0fa-8ae7-52b2-8301-bfb94829cca8,DL-D10-300003,Primary,,2023-07-24T19:09:38Z,2024-08-07T19:12:39Z,ebbaaddb-f7d4-5d15-adbf-a6615dc87b4c,a5c9f9f0-5688-5cff-bbd8-e586ac006725
ebbca00a-259b-53db-92e3-4e9eccbc4257,5fd8d0fa-8ae7-52b2-8301-bfb94829cca8,GEO-C22-450007,Sensor1,S,2023-07-24T19:09:38Z,2024-08-07T19:12:39Z,ebbaaddb-f7d4-5d15-adbf-a6615dc87b4c,a5c9f9f0-5688-5cff-bbd8-e586ac006725
dee9f515-7bf5-5e28-95b5-3caa5a17aa6f,6c08d218-bae2-5982-909d-6fa99766fa5e,DL-BE-30042,Primary,,2023-07-24T14:08:02Z,2023-12-19T20:13:59Z,f017eff5-3110-593f-8ebf-61afd1a6b5c1,c8985d98-134f-58ad-ab55-d47b8fc3d316
26f0628f-2512-539b-a786-0449584cbf52,4fad2db7-4396-501b-9e3c-005feab76aa6,DL-UM-40020,Primary,,2023-07-24T12:41:04Z,2023-09-11T22:59:20Z,77442bb9-7c8a-51ff-a657-10594b214e92,75123433-ee3b-502e-9cc8-586019ba7e77
80f6ea54-24db-55a5-960b-84c1c8e31728,4fad2db7-4396-501b-9e3c-005feab76aa6,GEO-UM-40020,Sensor1,N,2023-07-24T12:41:04Z,2023-09-11T22:59:20Z,77442bb9-7c8a-51ff-a657-10594b214e92,75123433-ee3b-502e-9cc8-586019ba7e77
0dae02d1-0169-58c8-82a7-9b97ff1897f3,c0ae96f3-78d0-5f9e-9dee-96a5e40d0e56,DL-BE-30028,Primary,,2023-07-26T16:53:47Z,2023-10-20T11:57:46Z,a44a64ec-4562-5bdc-9220-ca7663bc6620,5ac0d0b8-2e60-5d80-af98-fa8932ffffbe
6c7e43e5-cee0-5d44-85d8-f4ab14522954,fc8450d4-f117-5272-85e5-037ab309bbbf,DL-UM-40018,Primary,,2023-08-02T18:40:49Z,2023-10-04T19:02:20Z,a31e320d-2673-57c7-9847-e4ecd3d3a866,d07b6702-d14a-5145-9b60-814ec7dc1427
73f902ab-0995-5bee-bc8c-5c5c82d3686c,fc8450d4-f117-5272-85e5-037ab309bbbf,GEO-UM-40018,Sensor1,S,2023-08-02T18:40:49Z,2023-10-04T19:02:20Z,a31e320d-2673-57c7-9847-e4ecd3d3a866,d07b6702-d14a-5145-9b60-814ec7dc1427
2231f104-0fd8-5cf8-97cb-dec837f2af22,d762c320-0af5-5d05-9c32-55e1c7adc8d1,DL-UM-40032,Primary,,2023-08-04T17:27:54Z,2023-09-04T20:05:21Z,e6268bcc-eef3-567d-8d03-83af5ae7ea04,d759909e-4dd7-5c29-856e-9c364fa820da
61feac4d-3c38-5bf4-b3a5-8835815daf7d,d762c320-0af5-5d05-9c32-55e1c7adc8d1,GEO-UM-40032,Sensor1,W,2023-08-04T17:27:54Z,2023-09-04T20:05:21Z,e6268bcc-eef3-567d-8d03-83af5ae7ea04,d759909e-4dd7-5c29-856e-9c364fa820da
ece9010c-79cc-5a80-aa8b-1c5b33b5d800,20db4247-0e4d-5f9c-a0a8-673c7b296d51,DL-BE-30061,Primary,,2023-08-09T13:19:14Z,2023-09-24T17:56:36Z,92e1db5f-8c53-58a6-b1d6-f502e9afc2d3,2bc7f994-6b76-5455-8360-7f7e6c3acf88
fc88ade4-e51d-5634-ba64-7113bd8fd6f7,8ef13874-d508-5491-9d20-443bbbaccd2d,DL-BE-30009,Primary,,2023-08-14T21:41:58Z,2023-09-22T21:55:39Z,4f22f18b-23a5-522c-974c-7a8b5add92eb,a9669b07-1e7c-531d-861f-217ba67eae24
7ffa4172-16f7-549c-a8cc-3640c956d6ca,8ef13874-d508-5491-9d20-443bbbaccd2d,GEO-BG-30020,Sensor1,V,2023-08-14T21:41:58Z,2023-09-12T20:19:59Z,4f22f18b-23a5-522c-974c-7a8b5add92eb,0380382d-57b4-549f-a5f3-bd72cf0de3b0
b5326473-f95a-5add-860c-a793a719f871,561a384f-2fa0-501d-ae88-9d1227d0df3e,DL-BE-30041,Primary,,2023-08-22T14:19:16Z,2024-09-23T19:54:26Z,765c5541-b5e4-5b31-ac44-0437e2108f40,768dd679-3273-5405-a813-020640f68747
878ae7ea-69e9-5624-90db-3993f1625afd,561a384f-2fa0-501d-ae88-9d1227d0df3e,GEO-BG-30029,Sensor1,S,2023-08-22T14:19:16Z,2024-09-23T19:54:26Z,765c5541-b5e4-5b31-ac44-0437e2108f40,768dd679-3273-5405-a813-020640f68747
8be44a62-992b-5002-b746-ebcb20c1f089,77941579-638f-5e9b-a0f8-954f160ae451,DL-D10-300006,Primary,,2023-08-22T12:43:38Z,2024-04-14T18:46:06Z,ed2c2848-a021-54b3-b1ce-5fa189750c87,e970bd07-a268-59ee-b2a5-a0a7d7d6c131
8c3ab0e6-684c-5374-a12e-f09bbc8723f1,77941579-638f-5e9b-a0f8-954f160ae451,GEO-V12-400010,Sensor1,V,2023-08-22T12:43:38Z,2024-04-14T18:46:06Z,ed2c2848-a021-54b3-b1ce-5fa189750c87,e970bd07-a268-59ee-b2a5-a0a7d7d6c131
b199aaad-bcf7-50c8-82cd-79aa3b53e44b,e35d1ce4-cdd4-598c-9f2e-f683e8c6e05c,DL-UM-40017,Primary,,2023-08-23T18:08:34Z,2025-12-19T19:10:49Z,71a45a68-9471-5993-9da5-548c25329e8c,5e9950b5-db3d-54e0-b242-7112472788ed
0a5427a7-2437-51d2-8598-83592131df59,7ff515d7-ceee-5742-909b-2ca5289d76cd,DL-D10-300000,Primary,,2023-08-23T21:22:54Z,2023-11-17T20:58:47Z,44904a2e-916b-5628-a5c6-6ab3cf5940bb,b686a4d2-d657-56ec-afc2-f46db7d25ea7
2d89d8f0-96e0-54db-a326-219d24d71c88,7023b208-e814-5689-9e95-1207d2f70e4d,DL-BE-30058,Primary,,2023-08-29T10:15:36Z,2024-03-18T19:58:56Z,99cbedab-0c1b-5845-babf-abc07a105ac4,a6757143-fa5c-5a41-9fea-8a21beefe212
1f586598-4618-592a-86dc-9d654e2e29df,71aa6ed5-c51f-5a33-9a56-92072d4b2a1f,DL-D10-300004,Primary,,2023-09-07T15:10:25Z,2024-03-06T18:05:08Z,0956af87-6a03-5b35-bb59-46a86ee6ab7c,3c26837a-68ae-5d05-83c3-e2e6b196c955
5944bd73-54b4-51f6-bb36-20be72b13b0d,71aa6ed5-c51f-5a33-9a56-92072d4b2a1f,SLM-S50-500008,Microphone,,2023-09-07T15:10:25Z,2024-03-06T18:05:08Z,0956af87-6a03-5b35-bb59-46a86ee6ab7c,3c26837a-68ae-5d05-83c3-e2e6b196c955
97c8e5b4-575e-5739-aa33-02aab7acd8c5,2ee8949c-6f81-5870-a3fc-534aafd320e7,DL-BE-30018,Primary,,2023-09-07T15:10:35Z,2023-11-14T22:16:59Z,b9cfaa09-3a93-51a9-a08e-2e2417a09ade,1423927f-8e9d-5000-ab7e-0acd5ba32a15
6ecda72a-fd35-5a4a-b67c-b2bd3eef5cd8,157a2da9-12c6-5965-bdca-8a86e8cfd690,DL-UM-40024,Primary,,2023-09-08T17:21:36Z,2023-10-30T17:46:30Z,9194cad3-2417-53c6-8b4e-fba85e3eeaac,f9298893-d8e3-5eba-b211-4922e20175ba
f93cfe08-79b9-5016-b563-1a263db8f57a,157a2da9-12c6-5965-bdca-8a86e8cfd690,GEO-UM-40024,Sensor1,S,2023-09-08T17:21:36Z,2023-10-30T17:46:30Z,9194cad3-2417-53c6-8b4e-fba85e3eeaac,f9298893-d8e3-5eba-b211-4922e20175ba
48032ed8-3e3a-53f6-9afe-3d3df5c8fcaf,0dce387a-8783-5c06-a7f7-4bbaea3c516b,DL-BE-30011,Primary,,2023-09-11T13:47:54Z,2023-12-18T22:58:07Z,b6a71ed8-e90c-559a-ad11-0f4b31dd68f0,65436027-a98b-5a6b-8e54-125b84e00448
e18fa21b-4ea5-5898-ab51-c97d3cf55a58,0dce387a-8783-5c06-a7f7-4bbaea3c516b,GEO-BG-30025,Sensor1,N,2023-09-11T13:47:54Z,2023-12-18T22:58:07Z,b6a71ed8-e90c-559a-ad11-0f4b31dd68f0,65436027-a98b-5a6b-8e54-125b84e00448
e7e3cce3-74cf-5507-ac12-de3f5f1014b5,34293886-0ad8-5f65-b97a-f7316c63b7df,DL-UM-40025,Primary,,2023-09-11T17:27:49Z,2024-10-28T18:22:58Z,478d73d7-1c48-59a7-82e7-f77d9143abdf,a9acfb1b-9971-5313-a64f-2ce69014a7a6
06f4da52-bb03-55cb-bcc9-dba57f01af88,6606f9fc-370c-51fb-9c02-a21b980d6622,DL-BE-30060,Primary,,2023-09-11T18:07:29Z,2024-03-28T21:21:12Z,7944f1ea-9f86-5096-b6a6-6f49801981ad,1e9f16f6-5240-5a96-9876-700a0572596f
4f5e6511-9953-5841-9d0f-4b730fc312ab,cf628bd1-49be-5882-a8a8-4cdea040de4f,DL-D10-350005,Primary,,2023-09-12T18:04:52Z,2023-10-12T21:22:07Z,de0c514a-275c-5672-a0d7-ec52dbe2b674,a9064106-e8f9-5779-9eef-0377dba65b89
53f07061-22da-556d-afde-6e77e32865e3,cf628bd1-49be-5882-a8a8-4cdea040de4f,GEO-V12-400004,Sensor1,N,2023-09-12T18:04:52Z,2023-10-12T21:22:07Z,de0c514a-275c-5672-a0d7-ec52dbe2b674,a9064106-e8f9-5779-9eef-0377dba65b89
10c12d2f-2369-562e-a980-9dd2886c862b,cf628bd1-49be-5882-a8a8-4cdea040de4f,GEO-C22-450003,Sensor2,S,2023-09-12T18:04:52Z,2023-10-12T21:22:07Z,de0c514a-275c-5672-a0d7-ec52dbe2b674,a9064106-e8f9-5779-9eef-0377dba65b89
3ea155e6-05a7-5f40-a9aa-b27e1677fc19,16d5ac07-9e7e-548b-b7b4-8e7cb674c719,DL-UM-40022,Primary,,2023-09-18T19:36:58Z,2023-10-11T17:08:09Z,4a9ebc0f-4eaf-54ec-9283-4ccb24e80c06,39cf283a-c619-52b4-9288-0c13c840d0a2
af16e4e1-0318-5f9f-a138-0938548748fa,16d5ac07-9e7e-548b-b7b4-8e7cb674c719,GEO-UM-40022,Sensor1,S,2023-09-18T19:36:58Z,2023-10-11T17:08:09Z,4a9ebc0f-4eaf-54ec-9283-4ccb24e80c06,39cf283a-c619-52b4-9288-0c13c840d0a2
fa5421fa-82d8-5e21-a869-a22c40c577b5,868624b4-a60b-555b-8c68-904bbab7b403,DL-BE-30016,Primary,,2023-09-19T12:24:32Z,2024-02-01T22:49:36Z,939e44d9-7d07-5cee-b640-300ba6e700b7,f0b56d06-c7a0-5dfe-847b-f0688df060f2
b12ab10f-2077-5f9e-a1d4-0c32099583a8,868624b4-a60b-555b-8c68-904bbab7b403,GEO-BG-30006,Sensor1,W,2023-09-19T12:24:32Z,2023-12-25T22:10:56Z,939e44d9-7d07-5cee-b640-300ba6e700b7,0829e852-cf53-53d7-b5b0-aff399ec74ab
2582968f-4e4a-50ac-8550-7dd0e4c8f2c9,ac871e4d-5b3c-51fa-afad-f76d48cbfd0f,DL-BE-30053,Primary,,2023-09-19T13:48:41Z,2024-04-23T21:43:14Z,0a2f8f7f-6d49-5a46-a3c8-eaf04786af01,610ab193-ccf5-5e92-bc6b-7641eed1fbe4
3aaec3e7-a673-5da1-bfec-1b013ab550a1,fbb41350-aa63-5f24-b712-0adb76d5bc82,DL-UM-40027,Primary,,2023-09-22T14:48:45Z,2024-03-11T19:08:52Z,06f81f76-b4d7-5cbe-bf58-c0d34b01d125,bc8d4503-bf8f-5efa-9bda-00a861b4027f
81f3a2f5-35cf-54fd-b431-4d9f5e088576,bf7f27d0-bad8-5043-80e1-a7d1ec5569ca,DL-UM-40016,Primary,,2023-09-29T15:17:04Z,2024-05-24T18:16:10Z,2cf8af5f-22c5-579b-bb96-e0435530f0dd,5dd9d109-2eff-5b4f-a3a1-f51df8e6e7bc
58f3e10e-7d5f-555f-84fd-dd79a9adb8d3,bf7f27d0-bad8-5043-80e1-a7d1ec5569ca,MDM-3000000002,Modem,,2023-09-29T15:17:04Z,2024-05-24T18:16:10Z,2cf8af5f-22c5-579b-bb96-e0435530f0dd,5dd9d109-2eff-5b4f-a3a1-f51df8e6e7bc
cadefe94-add4-55ef-a5e0-9a73a8f6cc76,bf7f27d0-bad8-5043-80e1-a7d1ec5569ca,GEO-UM-40016,Sensor1,S,2023-09-29T15:17:04Z,2024-05-24T18:16:10Z,2cf8af5f-22c5-579b-bb96-e0435530f0dd,5dd9d109-2eff-5b4f-a3a1-f51df8e6e7bc
1fc9146f-44a2-52ac-8aaf-2f1414fb8b1d,2aea9165-e874-5137-a98d-b99f8e823c61,DL-UM-40009,Primary,,2023-09-29T13:07:19Z,2024-12-02T20:19:13Z,af228c91-4117-5ae5-badd-f1ef89922476,1f8c5ad7-1a6e-5d8d-87f6-3eac5fa0c273
eaa6ddd7-cc43-560e-ac49-b9a2a9b79642,2aea9165-e874-5137-a98d-b99f8e823c61,GEO-UM-40009,Sensor1,H,2023-09-29T13:07:19Z,2024-12-02T20:19:13Z,af228c91-4117-5ae5-badd-f1ef89922476,1f8c5ad7-1a6e-5d8d-87f6-3eac5fa0c273
0033cd87-03ae-5827-b5e5-273a136d9715,2aea9165-e874-5137-a98d-b99f8e823c61,MDM-3000000001,Modem,,2023-09-29T13:07:19Z,2024-12-02T20:19:13Z,af228c91-4117-5ae5-badd-f1ef89922476,1f8c5ad7-1a6e-5d8d-87f6-3eac5fa0c273
8b506371-6e2d-5e4a-831c-186f20267292,f0983cc7-e768-55c5-88fd-b3becef1119e,DL-D10-350003,Primary,,2023-10-02T21:31:58Z,2024-04-15T17:29:53Z,178eda2e-127c-5b0e-b3e6-df75ab232b99,dbabd9ec-d395-5bd0-a79d-2b563b62f658
f54b2aad-200b-5778-9f24-8842fbfec60f,f0983cc7-e768-55c5-88fd-b3becef1119e,SLM-S50-500021,Microphone,,2023-10-02T21:31:58Z,2024-04-15T17:29:53Z,178eda2e-127c-5b0e-b3e6-df75ab232b99,dbabd9ec-d395-5bd0-a79d-2b563b62f658
f6b28fed-e65b-51c9-a122-e5a03639f52e,1b5d08f2-afa3-5e32-9251-d97cddbae081,DL-BE-30034,Primary,,2023-10-02T14:22:37Z,2024-02-20T18:44:00Z,506231f6-9f61-5207-9991-da028a071e88,12713b58-c03d-560f-a4ae-d7d913d17ff5
f5406cc6-0156-50b1-b782-3aa80ae78dc9,1b5d08f2-afa3-5e32-9251-d97cddbae081,GEO-BG-30024,Sensor1,E,2023-10-02T14:22:37Z,2024-02-20T18:44:00Z,506231f6-9f61-5207-9991-da028a071e88,12713b58-c03d-560f-a4ae-d7d913d17ff5
205d81b4-8ab5-512a-8935-c994ebbd08b1,1b5d08f2-afa3-5e32-9251-d97cddbae081,GEO-BG-30026,Sensor2,N,2023-10-02T14:22:37Z,2024-02-20T18:44:00Z,506231f6-9f61-5207-9991-da028a071e88,12713b58-c03d-560f-a4ae-d7d913d17ff5
01289ad8-e9d4-5b3c-85fe-cf3d4003df84,d7a4b899-b561-5162-90e0-cd44311e0116,DL-BE-30049,Primary,,2023-10-02T16:36:09Z,2023-11-01T19:21:27Z,99c20466-5d69-58a0-8230-09aeea112d2a,24a6d23e-0ff9-5dc1-80cb-e72640a37c93
71784aa5-21c9-5cd7-b2b8-cfe6077d2250,7d631f0a-4541-5806-8b5f-5814d3e38447,DL-UM-40002,Primary,,2023-10-04T20:27:31Z,2023-12-15T19:28:44Z,1a074ea5-a118-5367-b1ee-fea2554d7a3c,432b563f-fa06-5132-9efb-ab25da1ea111
9fd03320-11d2-5a12-a0ab-a008c3c2265a,7d631f0a-4541-5806-8b5f-5814d3e38447,GEO-UM-40002,Sensor1,N,2023-10-04T20:27:31Z,2023-12-15T19:28:44Z,1a074ea5-a118-5367-b1ee-fea2554d7a3c,432b563f-fa06-5132-9efb-ab25da1ea111
401ee315-ea91-5ccb-a0b1-f6f638d768a4,7d631f0a-4541-5806-8b5f-5814d3e38447,MDM-3000000000,Modem,,2023-10-04T20:27:31Z,2023-12-15T19:28:44Z,1a074ea5-a118-5367-b1ee-fea2554d7a3c,432b563f-fa06-5132-9efb-ab25da1ea111
9f69e8bf-5b60-5477-b957-8a3267372d67,8f15af19-1900-5647-81c6-3156b74ed0d7,DL-UM-40001,Primary,,2023-10-09T18:22:44Z,2024-06-03T20:26:52Z,8f7b8f38-6ddb-57aa-8e33-0e569fc94077,cc04d41b-9ed5-51e0-8018-1cbb7afdbd45
c55c347f-63f8-5b12-8861-c06f7c277ca8,29543a2b-0f4d-5713-92fa-3aa16f19c5d1,DL-UM-40032,Primary,,2023-10-10T19:06:22Z,2025-01-03T18:47:52Z,98d53a5b-4034-5c3e-bbfe-c72e4ee6bd6c,07a1b2fd-0fd7-5de5-ba14-375a1bf363cc
fca96106-c7e5-5298-94fd-69fe2a2a750f,9769611e-0466-5347-ab83-8c04548568a3,DL-UM-40018,Primary,,2023-10-11T20:35:18Z,2025-07-28T20:34:17Z,e57d79b4-0163-5087-9abe-aa6cae8215f3,c0a7478c-2165-5885-86d7-e5ee0f57763e
a30d587e-c029-5961-afa7-84d8f01e9b21,9769611e-0466-5347-ab83-8c04548568a3,GEO-UM-40018,Sensor1,N,2023-10-11T20:35:18Z,2025-07-28T20:34:17Z,e57d79b4-0163-5087-9abe-aa6cae8215f3,c0a7478c-2165-5885-86d7-e5ee0f57763e
f87b2303-92ed-5932-8c40-73de12088b9e,8823746c-e4d7-513e-aced-1ae68b5cd5a5,DL-UM-40037,Primary,,2023-10-11T17:52:21Z,2023-11-05T22:09:34Z,2a1fdc81-dfe5-5825-a477-febc8c2cb8c6,2bf90e1d-9921-56aa-85f7-4ade49cd7e9a
443fb7f0-f23a-5875-aedf-310cbd0dd86e,8823746c-e4d7-513e-aced-1ae68b5cd5a5,GEO-UM-40037,Sensor1,BH,2023-10-11T17:52:21Z,2023-11-05T22:09:34Z,2a1fdc81-dfe5-5825-a477-febc8c2cb8c6,2bf90e1d-9921-56aa-85f7-4ade49cd7e9a
7dbf7fe5-c521-5f82-ab7e-edbbe5e3fde4,239dd5bf-51a3-5aed-8eec-5d775577be4f,DL-BE-30046,Primary,,2023-10-13T12:28:41Z,2023-10-16T21:55:10Z,24fcf7bf-50f9-5ab9-90ee-07959f2057c2,60de353d-5b12-57fc-b523-feffdbf01157
d9c5623c-2e4c-50be-b3aa-1672a6dc5ca6,ae4b25e5-90cd-564b-8eb1-6d05b654d23c,DL-BE-30056,Primary,,2023-10-13T20:30:18Z,2024-11-25T18:48:57Z,cf447c87-ba1e-5f28-9bbd-2cf424c5e212,b6c28b8b-5648-5895-bf55-3aef02ac37fa
85808579-9aae-5dca-b498-fd3d59ca4570,b33e7f1d-9c80-5575-969c-0732b719ec1b,DL-BE-30009,Primary,,2023-10-17T12:48:17Z,2024-04-25T20:24:56Z,1525a31f-df16-5f75-8467-46961cc6bbb7,7fe8169b-b8a2-5b35-ac64-62b818140b03
eb4455c0-5b46-5710-b8cf-b74a6c8f0220,b33e7f1d-9c80-5575-969c-0732b719ec1b,GEO-BG-30020,Sensor1,W,2023-10-17T12:48:17Z,2024-04-25T20:24:56Z,1525a31f-df16-5f75-8467-46961cc6bbb7,7fe8169b-b8a2-5b35-ac64-62b818140b03
1ae7ae9c-b1d3-5935-b371-0d3cb667f2f1,07e1fe3d-83e7-591b-8103-55572f592fe8,DL-UM-40022,Primary,,2023-10-17T20:51:06Z,2023-12-18T21:04:46Z,0ecc7a28-dae1-58e5-ba78-474506c584e7,9e23fdad-114c-5e46-ab7c-c7cb9881c4df
929e978a-512c-553c-8b03-3837657faced,07e1fe3d-83e7-591b-8103-55572f592fe8,GEO-UM-40022,Sensor1,H,2023-10-17T20:51:06Z,2023-11-07T18:09:53Z,0ecc7a28-dae1-58e5-ba78-474506c584e7,8b015be7-237c-571c-a2aa-d2d01bb9f9d0
6a9851ba-142e-531a-9b60-d5c2b02612ec,2fcca89d-e83d-5b7a-a531-d73a1018af49,DL-UM-40006,Primary,,2023-10-18T20:36:30Z,2024-02-13T21:46:45Z,9a4e581f-caf4-56e4-954c-e2d230589ae1,1a2dfdaa-d277-5499-844d-9389df3c4051
28ea74e9-661c-505a-b5ca-d80a049a19fa,2fcca89d-e83d-5b7a-a531-d73a1018af49,GEO-UM-40006,Sensor1,H,2023-10-18T20:36:30Z,2024-02-13T21:46:45Z,9a4e581f-caf4-56e4-954c-e2d230589ae1,1a2dfdaa-d277-5499-844d-9389df3c4051
803f7798-4e23-51b6-bff6-9e682f818c7a,444bfb91-59d2-5056-af01-3797728e971d,DL-D10-300001,Primary,,2023-10-18T15:16:21Z,2024-05-23T18:57:42Z,2c198014-329a-58ce-8c9e-9022e153779e,a3bb4af8-92be-525d-bfdb-a29002e49ba9
010f7482-7db3-5302-8fcc-52f99b10c613,444bfb91-59d2-5056-af01-3797728e971d,GEO-V12-400002,Sensor1,N,2023-10-18T15:16:21Z,2024-05-23T18:57:42Z,2c198014-329a-58ce-8c9e-9022e153779e,a3bb4af8-92be-525d-bfdb-a29002e49ba9
22785d04-7379-57bb-97d3-5a690dcff000,38b5e6d0-1f78-5f88-8a26-ecdb97a752b5,DL-UM-40020,Primary,,2023-10-19T20:23:51Z,2023-11-03T21:16:44Z,2e00c6f3-a347-59e7-b7a4-82dfa930786e,3aeb16a8-f9b1-5057-954e-8aee4704932a
a6ddd381-a6ff-5936-ba8d-9b579bf783f3,ba9ec4ad-423f-52c9-8868-83a7c2da7287,DL-D10-350005,Primary,,2023-10-23T14:01:33Z,2023-11-09T21:27:10Z,c97d1b65-45f8-59fa-88ec-750ca85f0484,d6f0d22b-fd30-5883-b57a-ca84a56465f4
8881fdaa-f6ca-53f2-874e-0931f44ff295,ba9ec4ad-423f-52c9-8868-83a7c2da7287,GEO-V12-400004,Sensor1,N,2023-10-23T14:01:33Z,2023-11-09T21:27:10Z,c97d1b65-45f8-59fa-88ec-750ca85f0484,d6f0d22b-fd30-5883-b57a-ca84a56465f4
a5eb2353-820f-5979-b1f1-75c1dda5d60c,ba9ec4ad-423f-52c9-8868-83a7c2da7287,GEO-V12-400006,Sensor2,W,2023-10-23T14:01:33Z,2023-11-09T21:27:10Z,c97d1b65-45f8-59fa-88ec-750ca85f0484,d6f0d22b-fd30-5883-b57a-ca84a56465f4
13e0d03e-14a9-5ed5-aed8-61cfea29cfe8,ba9ec4ad-423f-52c9-8868-83a7c2da7287,SLM-S50-500020,Microphone,,2023-10-23T14:01:33Z,2023-11-09T21:27:10Z,c97d1b65-45f8-59fa-88ec-750ca85f0484,d6f0d22b-fd30-5883-b57a-ca84a56465f4
5f7461fc-d8a2-504b-ba4f-1221dacb53fd,574dc8d4-312b-5056-bf31-4a3cc559f51c,DL-UM-40021,Primary,,2023-10-24T18:15:28Z,2023-11-13T19:04:37Z,3e024b28-4232-5e43-aa99-978d5d46d168,52af0f91-2789-509e-bdaa-0ac053b18eb8
61af5eff-1b58-5300-823c-e128fc8306a7,574dc8d4-312b-5056-bf31-4a3cc559f51c,GEO-UM-40021,Sensor1,H,2023-10-24T18:15:28Z,2023-11-13T19:04:37Z,3e024b28-4232-5e43-aa99-978d5d46d168,52af0f91-2789-509e-bdaa-0ac053b18eb8
0b8497df-9801-59bf-b6db-4a6279e7c49e,4d607a72-bae6-5339-8b6c-0c3760b28ead,DL-BE-30010,Primary,,2023-10-25T20:31:28Z,2025-05-06T10:11:51Z,d286ae58-72d8-5736-aec5-36f7b09c6417,5257fadd-c8af-5b0c-a26d-1be878ca9efe
00eef9fc-a340-5b9a-ad36-0353e9d5df45,f40c50ea-a8b4-5700-b0c6-51aa7f3c791d,DL-BE-30055,Primary,,2023-10-31T16:27:37Z,2024-01-11T22:19:02Z,9b244325-b7cf-5d5b-932f-baeac9a8e8aa,511d7082-4d6c-5a91-8e5d-6926843844ee
47154dd8-68cc-5a78-9fe2-5b34a927f520,3185421f-e477-581f-a15b-3bdfc6ea106b,DL-UM-40007,Primary,,2023-11-01T18:14:33Z,2025-12-22T18:24:07Z,407f42da-499e-5074-967b-faeae822e41f,8afc09d5-a149-5f06-867f-3d1a130a932f
95265e61-0093-5bbf-881e-ef41f96e0ba5,1932e910-f22c-5412-9c21-6d5a615ca80b,DL-UM-40014,Primary,,2023-11-03T19:28:12Z,2024-02-08T20:02:24Z,e1485cac-440a-5d4b-b4f1-b05e61f202d5,357d251c-4eba-5d94-a86e-c015ec52dbbd
618a1866-bb96-5773-9b9a-3687e19a7f95,0cfe4783-f2be-5d42-aee7-f54cbf3ec379,DL-BE-30049,Primary,,2023-11-06T17:38:03Z,2025-07-16T10:14:00Z,c903934d-3603-5701-9d28-80286bedc514,ad970a28-be2a-5815-bce6-e2f96156c602
887e5a97-a454-5158-8a93-947568bb684c,731ed65d-b3b5-5ce7-82b4-361af8b99bff,DL-UM-40024,Primary,,2023-11-09T15:41:08Z,2024-07-08T20:43:16Z,b7d227f5-282c-500f-88f3-4a38a596f1e2,1b4c8063-52e1-575e-aa0e-5cce0de562d2
162ba108-a60a-5e98-817c-2107abc6e485,731ed65d-b3b5-5ce7-82b4-361af8b99bff,GEO-UM-40024,Sensor1,V,2023-11-09T15:41:08Z,2024-07-08T20:43:16Z,b7d227f5-282c-500f-88f3-4a38a596f1e2,1b4c8063-52e1-575e-aa0e-5cce0de562d2
968b889b-1394-5d78-af45-7a1c5d688579,027f5a92-9a71-587f-bf09-994ffc8567e5,DL-BE-30039,Primary,,2023-11-09T13:45:02Z,2024-08-19T20:24:11Z,05a75537-2f25-5db8-8135-a2f834e30f0b,c46dcd7c-9991-5354-8772-85c626d62ba9
94b946df-9ca8-5b5e-a997-86ed6ff1df3f,caa818ea-df5c-5b00-900f-987d4a058b6e,DL-BE-30046,Primary,,2023-11-11T14:43:26Z,2024-03-11T20:35:09Z,d883eed2-94f9-53d3-af6f-5362b22ae023,633fbe71-0081-5c9c-b8ea-8e702acf7555
56088256-3d85-521e-abfa-5829a71b84cc,87fc6902-c69f-54c7-afa0-b8c819b48939,DL-BE-30061,Primary,,2023-11-13T15:21:52Z,2024-07-05T17:03:41Z,54108265-90e2-5da0-ad73-119ac4a109ff,d3d179a3-e167-5813-9593-cf26ebd4cdc0
b87e2e76-dab9-5805-ae66-23c7cdc49a06,aca6c5da-18f2-58ac-abf5-809028b41466,DL-BE-30048,Primary,,2023-11-13T16:31:31Z,2024-05-02T19:52:40Z,a265a8ed-ebf0-5752-bd44-a11353374f77,03e1d97c-9422-5d27-b61c-ac9dfab09702
ed2e239d-f187-580e-a93f-4f6a62fa5b54,0f449019-09b7-5af7-a153-1c6f136737c0,DL-BE-30044,Primary,,2023-11-13T15:52:49Z,2023-12-15T20:24:35Z,171453e5-ee44-5c07-9538-3d83a87ac9d5,f667f2de-cb5f-55ac-a05b-96e85d823d0a
41ed216b-a9a1-5c59-8bea-947f6ec5ee9b,eb7360ca-e6e7-5107-a2d5-5c55c60dfc14,DL-BE-30027,Primary,,2023-11-14T16:33:22Z,2024-05-27T19:38:29Z,8639e280-3d5a-555f-ad84-917af5f6d344,d7aec145-ef89-545f-81d0-8130cb6e64be
6ff282f2-a1e8-52ca-9da5-2b0f7558cb57,a1400b4c-10f7-51ff-ae60-3d630b5e89fa,DL-UM-40020,Primary,,2023-11-20T17:11:59Z,2024-06-24T21:55:00Z,f9014487-caea-57ad-a5eb-71be28662130,5f52f932-dbd2-5ac7-a6c9-9d756991a2b4
6d6d1e15-ed78-5130-a494-a9b64e65425f,75e2f31e-e760-5312-a412-1d2b9844ad97,DL-UM-40012,Primary,,2023-11-20T16:06:50Z,2025-07-07T19:01:15Z,d72b221a-cc16-50b5-8bb7-3a7454887a57,163c59ca-a86f-5b51-8bb7-fc98839ee067
11015255-f4e7-5a05-b2c1-fb8eefa955c7,75e2f31e-e760-5312-a412-1d2b9844ad97,GEO-UM-40012,Sensor1,H,2023-11-20T16:06:50Z,2025-07-07T19:01:15Z,d72b221a-cc16-50b5-8bb7-3a7454887a57,163c59ca-a86f-5b51-8bb7-fc98839ee067
77df080d-4056-5d99-ad59-278777fb6291,d83f5095-2c6e-57e1-9116-e5bf54b4d440,DL-D10-350002,Primary,,2023-11-20T21:54:17Z,2024-01-29T18:42:40Z,c2a50c7c-8551-5f2a-bae5-518bd1ea3367,4c0e01ac-ebc1-58ef-96c5-f669b466ad6b
241f3434-8fd4-5f43-b730-74ade24ccc12,1d19da2d-6622-59b6-8cd3-8af37abcb34d,DL-UM-40021,Primary,,2023-11-22T14:14:57Z,2025-01-13T11:55:56Z,3ed4d15d-4f1d-5e42-b685-e63aa3503100,d05b50d2-6cdf-5ac2-8671-7f6f803d5ab2
45aac354-f1cc-5d4d-b7f6-f09b80c27bf8,1d19da2d-6622-59b6-8cd3-8af37abcb34d,GEO-UM-40021,Sensor1,BH,2023-11-22T14:14:57Z,2025-01-13T11:55:56Z,3ed4d15d-4f1d-5e42-b685-e63aa3503100,d05b50d2-6cdf-5ac2-8671-7f6f803d5ab2
db1ad86f-53d7-5a47-9c0e-08d16cae640b,7d21739c-649c-533e-8e4a-7b33d9dc2dda,DL-BE-30015,Primary,,2023-11-24T16:32:05Z,2024-06-15T18:40:54Z,ad9f644f-c9cd-58c9-a560-a8e18b811abf,f5dbb313-fb34-554a-bf92-8ab842382dc9
d6aa5b4f-6190-515f-ab50-c7711ae9242b,c9c0f707-3c70-59c9-ab09-73ca364cd3e1,DL-UM-40037,Primary,,2023-11-24T18:39:29Z,2025-03-20T17:51:34Z,b1ad04d1-2a52-5c0d-b48b-6f2d93f5a78e,c7b79c37-22fa-51b7-a8df-32d26f8e7d9a
35e8fb98-98eb-5214-8791-d58e0e28ccb9,c9c0f707-3c70-59c9-ab09-73ca364cd3e1,GEO-UM-40037,Sensor1,W,2023-11-24T18:39:29Z,2025-03-20T17:51:34Z,b1ad04d1-2a52-5c0d-b48b-6f2d93f5a78e,c7b79c37-22fa-51b7-a8df-32d26f8e7d9a
67efc8a5-cca8-51e4-97b8-7cd90a78b53b,9ad189cb-ccd9-5068-bd74-c00857ac6eb7,DL-UM-40030,Primary,,2023-11-27T14:57:01Z,2025-06-09T17:31:36Z,b1c7e0fa-d034-54e4-93fd-f22a71e035f2,7e94ffde-5646-5abe-b5ac-ec782715f185
9ec1287a-34e7-51d8-bb21-92d3ded8c534,9ad189cb-ccd9-5068-bd74-c00857ac6eb7,GEO-UM-40030,Sensor1,E,2023-11-27T14:57:01Z,2025-06-09T17:31:36Z,b1c7e0fa-d034-54e4-93fd-f22a71e035f2,7e94ffde-5646-5abe-b5ac-ec782715f185
ec33cb5c-0854-5c5e-8cb2-dac76922893d,df3a7b3d-cd2e-5b15-a399-b7fb57073739,DL-BE-30007,Primary,,2023-11-27T21:25:33Z,2024-02-02T19:25:45Z,a5b49ddb-b222-5d09-b340-d58d21fafc54,506ed3a4-51ba-5e4e-807e-83dccd170abe
2230389b-9b27-548e-8c85-6d514572237b,a83cd60b-f7c9-5722-a70d-d24b0f958956,DL-UM-40023,Primary,,2023-11-29T20:59:28Z,2024-06-03T21:07:42Z,8374bc64-1021-525c-b221-2f58e0343cab,cba72425-750c-5db3-892e-19a24a192639
b90e13ff-d795-5d27-9a71-8bf7a63b0e5c,a83cd60b-f7c9-5722-a70d-d24b0f958956,GEO-UM-40023,Sensor1,BH,2023-11-29T20:59:28Z,2024-06-03T21:07:42Z,8374bc64-1021-525c-b221-2f58e0343cab,cba72425-750c-5db3-892e-19a24a192639
480cadd0-8cff-538a-822e-b990fb85a518,3a2b6870-36a7-51e5-8be2-696afc5b5ee9,DL-BE-30021,Primary,,2023-11-30T19:12:44Z,2023-12-22T20:01:38Z,6ec911dc-f635-553e-b086-23d43fb3e01d,042ed58d-a38f-5478-a3c5-1ae1026ed691
eff6ae64-7bd0-5f91-a0a7-e6a6ffa828a7,46e3dd9a-165d-5fcc-ada2-16909e845eeb,DL-BE-30028,Primary,,2023-12-01T14:16:27Z,2024-06-07T21:22:15Z,a7291c60-3d49-5c49-848e-056e50137570,11674f88-0857-5892-acc4-52640cbcf035
f746b178-d4c9-5675-bff5-ca4c0b2e3ae5,e2e19830-e707-5c46-8c64-da6886c98efc,DL-D10-350001,Primary,,2023-12-01T14:17:48Z,2025-05-22T19:05:01Z,83e3cec1-2b8f-5ad7-bc31-6823946ead1d,ec9f23d6-b1ed-575f-b180-c4ac11ae6471
111eb5c2-57a3-5108-806d-7493718f5ae1,e2e19830-e707-5c46-8c64-da6886c98efc,GEO-V12-400011,Sensor1,V,2023-12-01T14:17:48Z,2025-05-22T19:05:01Z,83e3cec1-2b8f-5ad7-bc31-6823946ead1d,ec9f23d6-b1ed-575f-b180-c4ac11ae6471
b809ba44-323e-55ab-ad77-dfb27d6d8465,63c2188b-2c96-592a-8042-2cb61d2449f0,DL-UM-40028,Primary,,2023-12-01T20:11:59Z,2024-07-31T21:46:02Z,4418c004-0a67-547f-b0ad-a1008c5ecc35,06cde6ef-c527-51c4-bebd-ffd63f8c59b3
39d3e0df-9ac3-559f-ab83-2a5aa169fad5,63c2188b-2c96-592a-8042-2cb61d2449f0,GEO-UM-40028,Sensor1,S,2023-12-01T20:11:59Z,2024-07-31T21:46:02Z,4418c004-0a67-547f-b0ad-a1008c5ecc35,06cde6ef-c527-51c4-bebd-ffd63f8c59b3
4db1a371-93e5-505f-8f08-742939e10ae2,16fc8f55-be02-5121-883d-f439bb39ecef,DL-BE-30018,Primary,,2023-12-05T14:32:24Z,2024-02-19T21:34:16Z,02b8799c-8e44-5548-ba2c-08acb9041dd5,4c796749-0643-517b-b3f3-4e91bb4e56ab
87ffeb05-59c1-5401-af2a-88ada159cf6b,16fc8f55-be02-5121-883d-f439bb39ecef,GEO-BG-30021,Sensor1,V,2023-12-05T14:32:24Z,2024-02-19T21:34:16Z,02b8799c-8e44-5548-ba2c-08acb9041dd5,4c796749-0643-517b-b3f3-4e91bb4e56ab
f808a798-fa1c-5e41-8f0e-480a245db499,92a83e55-720f-5d99-9b6a-6bc9dc4d9a13,DL-UM-40038,Primary,,2024-01-01T13:24:16Z,2025-05-16T17:45:38Z,e5a74146-2821-57e0-ab57-da6a96a7e19a,bb89a61c-ace3-5c3c-b81e-865d47d355c9
c76be6ee-ca70-5339-b17b-7a1c57d7aa1c,92a83e55-720f-5d99-9b6a-6bc9dc4d9a13,GEO-UM-40038,Sensor1,E,2024-01-01T13:24:16Z,2025-05-16T17:45:38Z,e5a74146-2821-57e0-ab57-da6a96a7e19a,bb89a61c-ace3-5c3c-b81e-865d47d355c9
6cc338ec-db5e-5c41-af34-a62c37f5acc8,8a4ba56b-74cb-5818-82a2-94b0c6f755e8,DL-BE-30011,Primary,,2024-01-01T21:14:25Z,2024-07-01T20:38:43Z,7a2f655b-d90f-5451-9279-833ba1cbc1f4,f8321bd7-1bdf-58d6-b50c-8671d63a5211
5047f0b2-61dc-5ce1-99f4-3d4229a8f25f,8a4ba56b-74cb-5818-82a2-94b0c6f755e8,GEO-BG-30025,Sensor1,BH,2024-01-01T21:14:25Z,2024-05-31T18:12:24Z,7a2f655b-d90f-5451-9279-833ba1cbc1f4,6aff311e-adec-5272-a758-6b4b0c6df213
b277b339-4324-5f3a-ac63-92351d1a0f00,07ee1b1e-6d3e-5087-a2f3-72fa8cb54690,DL-BE-30006,Primary,,2024-01-04T12:09:30Z,2024-04-06T15:17:29Z,1e163ebc-423a-52e0-a85d-d6aa9cbe35c9,b6c5c310-589f-5560-98a8-fc4bb983c864
db572b94-161c-58d0-91af-0e4104f555f3,875a19a6-66f6-5275-bb75-4d700d4b809d,DL-UM-40022,Primary,,2024-01-08T18:46:07Z,2024-01-24T18:03:21Z,a522f7fe-ee61-5028-a8a6-3abc82c31877,3e9a5315-84ae-5962-8349-01ee4ed2b796
ba3d9f34-12d0-5aee-b6ce-694e9737230a,875a19a6-66f6-5275-bb75-4d700d4b809d,GEO-UM-40022,Sensor1,E,2024-01-08T18:46:07Z,2024-01-24T18:03:21Z,a522f7fe-ee61-5028-a8a6-3abc82c31877,3e9a5315-84ae-5962-8349-01ee4ed2b796
d4881bc8-2821-52a0-bb8e-ddc8da88e011,111ddd56-1753-5a94-8780-ec8ae5521064,DL-UM-40011,Primary,,2024-01-10T22:04:37Z,2026-01-26T20:31:51Z,7289bbf9-06bb-57a5-af5d-1385313d2b46,3c809dee-60b3-5cef-8cfd-024c6e088987
a7269859-831d-5060-bef3-56c66f8bdd28,111ddd56-1753-5a94-8780-ec8ae5521064,MDM-3000000009,Modem,,2024-01-10T22:04:37Z,2026-01-26T20:31:51Z,7289bbf9-06bb-57a5-af5d-1385313d2b46,3c809dee-60b3-5cef-8cfd-024c6e088987
8eb65492-929e-55a2-b550-4c1f3461bf28,b8907763-2e16-59a0-b6e2-e04427137f49,DL-D10-350005,Primary,,2024-01-10T18:31:37Z,2024-03-28T18:11:36Z,6c65c0b2-ff0b-540c-8ba9-20f2735ab37f,236414db-c636-5a8e-826d-97bbcd825aa5
414e7e56-0e6a-5476-b9fa-8d15b8a0a359,b8907763-2e16-59a0-b6e2-e04427137f49,GEO-V12-400004,Sensor1,W,2024-01-10T18:31:37Z,2024-03-28T18:11:36Z,6c65c0b2-ff0b-540c-8ba9-20f2735ab37f,236414db-c636-5a8e-826d-97bbcd825aa5
88f1ff6e-b6eb-5595-9e2d-f92b32668012,b8907763-2e16-59a0-b6e2-e04427137f49,GEO-V12-400006,Sensor2,V,2024-01-10T18:31:37Z,2024-03-28T18:11:36Z,6c65c0b2-ff0b-540c-8ba9-20f2735ab37f,236414db-c636-5a8e-826d-97bbcd825aa5
8e09503c-f047-59a5-adac-30a5dc8ec378,4ae76994-b181-5f10-bf1d-2acac249ae9a,DL-BE-30042,Primary,,2024-01-11T18:14:36Z,2024-08-08T19:43:46Z,5741c7c1-e9b1-5101-9321-1fa8d8393176,f932c8b4-ee1c-5d17-9c7e-89c7b34ccd2b
f197970f-84b7-5644-af75-41bf91e777a5,a30062bc-660f-5170-b55a-d59583fcc728,DL-UM-40002,Primary,,2024-01-12T16:12:59Z,2024-02-28T20:04:20Z,0c303b68-6266-5d6b-a8d4-9be9a7035387,01a1977c-bbce-5722-aca8-893a60990fcc
ef319dfc-7676-5ec6-8e7b-39bc0b439d68,a30062bc-660f-5170-b55a-d59583fcc728,GEO-UM-40002,Sensor1,S,2024-01-12T16:12:59Z,2024-02-28T20:04:20Z,0c303b68-6266-5d6b-a8d4-9be9a7035387,01a1977c-bbce-5722-aca8-893a60990fcc
2e3f9ff2-497a-5f56-a86f-f0a812ea6565,77b92fec-0bca-59c5-a1b9-07cc1ef49b5c,DL-BE-30024,Primary,,2024-01-15T16:24:37Z,2024-03-11T19:02:51Z,2b85376c-0d57-5077-a29e-46bc35f229f2,40ce3f7e-cab7-5188-9ba0-ca50a9449453
9c137d16-9bd6-50be-9538-088da4726b2d,1c94f4c9-6d1b-5008-b30a-0e1255f3ca1f,DL-UM-40029,Primary,,2024-01-19T16:51:41Z,2025-06-09T18:20:04Z,93e1b7c5-4a09-5bfe-aa88-cf607b835748,5ddb9b4f-3419-532c-b096-8bd1bd4c5e9f
c306727e-9ec9-508d-b7a7-d911ec7eaa42,edf6fcd5-d6e5-5493-bc40-4692bb37c005,DL-BE-30013,Primary,,2024-01-22T19:44:59Z,2024-04-18T21:33:17Z,aac7d87f-ec92-5f09-85c4-70ffdc06e897,74ab1acc-02e3-58b9-8676-ab350629dfad
8f42ad91-2e68-5968-9791-213f412f0adf,edf6fcd5-d6e5-5493-bc40-4692bb37c005,GEO-BG-30031,Sensor1,H,2024-01-22T19:44:59Z,2024-04-18T21:33:17Z,aac7d87f-ec92-5f09-85c4-70ffdc06e897,74ab1acc-02e3-58b9-8676-ab350629dfad
7da551d1-1a79-5dc8-a344-2e74e136f9c2,c7424a0d-12cb-5361-b7a5-a52e04cef112,DL-UM-40005,Primary,,2024-01-22T18:24:40Z,2024-05-24T20:29:48Z,ddf3d557-c7ad-5ba2-a4bd-6d0f87856828,41b468f3-3f69-5085-b270-de36577d8196
6a0ec1bf-29e4-5023-b014-327307294451,c7424a0d-12cb-5361-b7a5-a52e04cef112,GEO-UM-40005,Sensor1,S,2024-01-22T18:24:40Z,2024-05-24T20:29:48Z,ddf3d557-c7ad-5ba2-a4bd-6d0f87856828,41b468f3-3f69-5085-b270-de36577d8196
3071c47d-bbc9-58e9-a9b5-d0886f1a3a40,c7424a0d-12cb-5361-b7a5-a52e04cef112,MDM-3000000003,Modem,,2024-01-22T18:24:40Z,2024-05-24T20:29:48Z,ddf3d557-c7ad-5ba2-a4bd-6d0f87856828,41b468f3-3f69-5085-b270-de36577d8196
3ee6fe02-4a3e-57b6-b279-3b470f920612,34044f9f-2add-5ad4-8a4c-d4ba88c332b6,DL-D10-300005,Primary,,2024-01-25T22:24:00Z,2025-02-17T22:30:40Z,c438da70-0618-58f8-9eca-a1542acf1828,47bafbd7-6eb6-573e-9175-eccb54f519e8
39e6b587-64a1-5cb8-a6e7-9e7c096cb536,34044f9f-2add-5ad4-8a4c-d4ba88c332b6,GEO-V12-400003,Sensor1,N,2024-01-25T22:24:00Z,2025-02-17T22:30:40Z,c438da70-0618-58f8-9eca-a1542acf1828,47bafbd7-6eb6-573e-9175-eccb54f519e8
191977cb-d9d0-5dcc-b00a-7b1b03016fba,ffae3690-2eb1-5698-945d-5aa8efe7a833,DL-BE-30044,Primary,,2024-01-30T18:57:27Z,2024-06-13T20:31:45Z,4a990389-237d-5a41-a6b5-0adbb9938d1b,75b3ce53-63a9-500c-94da-87c2d5f94bff
a751b5d5-21d5-56d7-87a8-bae222cafa57,4efca225-e8d6-548d-b562-f628d9601e6f,DL-D10-350000,Primary,,2024-01-30T20:45:36Z,2024-06-03T20:00:56Z,3418ffa4-b907-55da-93d2-b1d147eb96e1,8f7ec7b1-14ad-5629-a2bb-3435dd229469
1b8d240e-8d23-5e7b-8351-8f8710cd6c4d,4efca225-e8d6-548d-b562-f628d9601e6f,SLM-S50-500019,Microphone,,2024-01-30T20:45:36Z,2024-04-29T20:39:28Z,3418ffa4-b907-55da-93d2-b1d147eb96e1,e1b99832-6e94-520c-802f-e87806968110
7b78a8cf-09b8-5dde-8cf8-ed7dd857ec04,4efca225-e8d6-548d-b562-f628d9601e6f,GEO-V12-400013,Sensor1,S,2024-01-30T20:45:36Z,2024-06-03T20:00:56Z,3418ffa4-b907-55da-93d2-b1d147eb96e1,8f7ec7b1-14ad-5629-a2bb-3435dd229469
e92e52a9-0655-5ec1-a2dd-0ad1b67a38c5,02aec371-7f57-536d-8cf3-1997e73752a2,DL-UM-40022,Primary,,2024-02-05T15:18:18Z,2024-03-26T20:42:10Z,381b5b36-24cd-583c-92ba-ff90a13f3246,91589153-fef4-52c2-a7f4-f3c891e71094
7f31d1c0-18b5-57ff-bfe3-6a45974da4cc,02aec371-7f57-536d-8cf3-1997e73752a2,GEO-UM-40022,Sensor1,N,2024-02-05T15:18:18Z,2024-03-26T20:42:10Z,381b5b36-24cd-583c-92ba-ff90a13f3246,91589153-fef4-52c2-a7f4-f3c891e71094
e96d3653-69b4-58cb-a4c0-bcbd312e59b6,f3956c96-349e-5da6-b957-f43409ae40bf,DL-BE-30021,Primary,,2024-02-06T01:15:12Z,2024-03-25T20:34:14Z,e7eede10-1c26-550a-9665-b8a362bdb0f1,4587ebee-bc01-54e4-bcf3-0038554bd140
0316f22a-7fe1-5f23-b63b-4300342de81f,d8bc1de1-ae31-58ea-9c38-6fb163e1d3b8,DL-D10-350004,Primary,,2024-02-08T12:42:04Z,2025-02-24T19:53:13Z,b9e971bf-af6f-5888-a0da-928d8f0d4ce5,bdb656e8-6cf3-50eb-8088-64907b7cf7e0
3e655459-3211-5316-b1fc-65efec4a29cd,91dc39f0-e497-5d8d-931b-e3692aad3d32,DL-D10-350002,Primary,,2024-02-08T16:05:02Z,2024-02-26T19:29:09Z,b1d95ea2-3a12-5fda-a742-8c1f69666ab3,e9c1fae4-01fe-50af-ac05-43b4b67d524f
75ecb467-677b-5073-9a03-61883124dd41,1e2dad39-a082-559e-9a65-29f298800d22,DL-UM-40008,Primary,,2024-02-08T18:16:09Z,2024-03-05T21:09:34Z,078c03c8-8bdd-5648-8ab0-db11ede5c102,3a8b56c4-1bb0-5067-a25d-564cb499c9d1
aff4a79c-5c0a-5b39-9739-7f833cfb112f,f1ba7283-2ad1-526d-8f6b-2c0779c8442f,DL-BE-30017,Primary,,2024-02-08T14:25:06Z,2025-01-06T19:22:14Z,7e8751a2-75a6-539e-8d47-5fb4ded54fa6,eeffe008-f2a4-5c71-8cdd-3bc3284724d9
48d2fcb4-bfc2-51e3-a101-efa401b4fc93,46fd21e9-9532-535f-b706-e1d530890966,DL-BE-30007,Primary,,2024-02-09T19:29:11Z,2024-06-09T19:45:50Z,c9b6eadd-5939-5844-8279-49df1e377835,a49daa56-befd-56fe-8b63-103d0e3a0c93
6dc37d4c-d4ba-5139-9004-cd4973d645ed,46fd21e9-9532-535f-b706-e1d530890966,GEO-BG-30017,Sensor1,W,2024-02-09T19:29:11Z,2024-06-09T19:45:50Z,c9b6eadd-5939-5844-8279-49df1e377835,a49daa56-befd-56fe-8b63-103d0e3a0c93
b225a1c2-0471-5980-8862-39207522b295,ff277f96-4677-5335-b1e2-3514e692b051,DL-UM-40014,Primary,,2024-02-12T15:53:44Z,2024-10-28T17:52:10Z,04e838e8-194e-57d0-8c83-b4e33a01309c,c8c7ac22-22a9-55c2-ae28-7cddf4254d44
019c4e34-93ec-5390-bd45-9544db01d5c6,ff277f96-4677-5335-b1e2-3514e692b051,GEO-UM-40014,Sensor1,BH,2024-02-12T15:53:44Z,2024-10-28T17:52:10Z,04e838e8-194e-57d0-8c83-b4e33a01309c,c8c7ac22-22a9-55c2-ae28-7cddf4254d44
f9512efa-f056-5842-a179-9604d551f00c,ce14a3c4-8a6e-584b-9c2d-6ffbb9f6bef9,DL-BE-30051,Primary,,2024-02-12T22:22:54Z,2025-12-08T19:18:39Z,7f2f4ccc-f921-55f8-9e82-0af097b3b959,d1db29f7-ca8e-54dd-a0e3-e234bd3e2958
6b214776-42c0-56f3-9180-bb49db4cd008,968b7fbb-8403-541f-82fe-9a5dfc62a9b1,DL-BE-30016,Primary,,2024-02-15T19:19:34Z,2024-10-14T10:03:00Z,9f80ee05-958f-5778-bb70-c15140f1ff18,e5d15b97-faf6-566b-a570-ff1826d6b69a
03edd093-7581-5ce9-8f14-a6fb8ea1e627,968b7fbb-8403-541f-82fe-9a5dfc62a9b1,GEO-BG-30006,Sensor1,N,2024-02-15T19:19:34Z,2024-10-14T10:03:00Z,9f80ee05-958f-5778-bb70-c15140f1ff18,e5d15b97-faf6-566b-a570-ff1826d6b69a
9af80e43-793a-5152-ad82-21b249412268,7f488c41-ade0-5f01-81ba-07fd9ad9ef9f,DL-UM-40006,Primary,,2024-02-20T15:09:12Z,2024-05-27T18:40:31Z,f0ccfd18-95ce-5eba-acd2-36dc2500e1ff,1089de71-3273-58ff-babd-55f76f052edd
ac7dfcc1-e049-51dd-a1d1-798344e649c2,7f488c41-ade0-5f01-81ba-07fd9ad9ef9f,GEO-UM-40006,Sensor1,V,2024-02-20T15:09:12Z,2024-05-27T18:40:31Z,f0ccfd18-95ce-5eba-acd2-36dc2500e1ff,1089de71-3273-58ff-babd-55f76f052edd
7f64e462-aae1-515b-89d5-8dc9383dabe1,439273d4-ab18-59a4-8264-367e8209886a,DL-BE-30057,Primary,,2024-02-21T00:43:15Z,2024-07-19T20:18:28Z,1667011d-d5ed-5624-9a49-7510ee8be0fe,fd3454fd-cf2c-50ec-8188-36cb1eb26ab2
9b4a8525-eccb-5db5-9456-8008661746fc,a43a542d-91db-5638-8bf8-50f8cebc821c,DL-BE-30055,Primary,,2024-02-21T19:04:58Z,2024-09-02T21:40:02Z,36c47949-6d5f-5476-9ec5-512ca3c7984a,5b3a96dd-a5ca-5373-9c63-8265a339da51
0aaaa46f-d113-527e-8209-9fc4e0657b10,59b1c190-704d-5e2f-9556-1f3578b7604f,DL-BE-30018,Primary,,2024-02-28T20:44:41Z,2024-11-15T21:37:26Z,e042fb8a-dcfe-5822-bbf7-3e0bc9a787bf,ae7b6a11-d959-5985-b606-3bcffe77bf5e
619db1cc-da67-5eee-afc7-985afda914c9,a430a50e-f455-539b-be55-e911f02ad848,DL-BE-30034,Primary,,2024-03-04T19:37:34Z,2024-03-18T20:00:45Z,63de7692-cb05-503a-a115-24f068eedf1d,218b1477-8d6b-583a-8388-a0c0cfaa01f3
999c525b-dce5-5091-8301-d98a030220ba,a430a50e-f455-539b-be55-e911f02ad848,GEO-BG-30026,Sensor1,E,2024-03-04T19:37:34Z,2024-03-18T20:00:45Z,63de7692-cb05-503a-a115-24f068eedf1d,218b1477-8d6b-583a-8388-a0c0cfaa01f3
675e3e7e-c651-5849-80f2-de19001b58dc,f0477384-2be0-5f6c-98f9-eef557b8e525,DL-BE-30019,Primary,,2024-03-04T22:21:36Z,2024-10-24T21:26:51Z,c0417b86-b5b9-5681-9d5f-b6551bbb6184,201e9127-86b4-5d56-b679-bbe6c0fce537
18279d84-3956-52e2-9cfc-bff3b53e89ad,01312933-39bd-5933-9226-fb6442fcd526,DL-UM-40034,Primary,,2024-03-07T14:03:33Z,2024-08-09T19:20:14Z,6fb9f669-fe3c-5d13-b6ea-364ea2cc6441,2022008f-129b-5580-88a4-81675dd2c5cd
2594ee99-812b-51b2-9482-a3c6be5a7112,3775814f-a026-5ab4-8b5e-8e02923be6a3,DL-UM-40013,Primary,,2024-03-11T19:18:25Z,2024-12-31T22:19:03Z,4b90c4eb-b0a1-50a1-80f0-51ca7be7bfd6,4c48267b-8901-565d-a8f3-ebcb8f99ed0f
e0f0d79e-c9ae-5bd4-beff-db4c760b657a,9826a32e-b2c3-5963-961d-b87134d90095,DL-UM-40008,Primary,,2024-03-11T12:17:14Z,2024-09-09T18:39:54Z,0ef8469d-06ab-56c9-8663-254b6073d09e,382aad11-359c-5e8f-8fa6-a1d667834264
d129764f-d12b-5d9e-9975-ab323f75a199,a82a9981-2ff9-5fd0-baac-87168f3319db,DL-D10-300004,Primary,,2024-03-12T16:27:55Z,2025-11-21T21:13:25Z,4767e338-4815-5dbc-903a-717bfeef9459,f8b3875c-8881-53e1-bdcd-889be7f6d870
cd5d7d63-1fab-5f4a-8604-2c843bcfe204,a82a9981-2ff9-5fd0-baac-87168f3319db,GEO-V12-400009,Sensor1,S,2024-03-12T16:27:55Z,2025-11-21T21:13:25Z,4767e338-4815-5dbc-903a-717bfeef9459,f8b3875c-8881-53e1-bdcd-889be7f6d870
48376857-b239-528a-8db4-735804c5e6f9,a82a9981-2ff9-5fd0-baac-87168f3319db,SLM-S50-500012,Microphone,,2024-03-12T16:27:55Z,2025-11-21T21:13:25Z,4767e338-4815-5dbc-903a-717bfeef9459,f8b3875c-8881-53e1-bdcd-889be7f6d870
e2fe59d8-3ee4-53eb-89b6-20269bbbca6d,afa6b155-ca6b-51d7-8f60-0b4d37580f3b,DL-UM-40015,Primary,,2024-03-26T13:15:30Z,2024-06-28T19:36:37Z,b8e13110-8ade-5b61-b163-0a9cf30b38a3,a0bd9a15-a40c-522c-a822-a28ea262495b
58602098-fac9-5259-8c30-d4d3502642c6,afa6b155-ca6b-51d7-8f60-0b4d37580f3b,GEO-UM-40015,Sensor1,E,2024-03-26T13:15:30Z,2024-06-28T19:36:37Z,b8e13110-8ade-5b61-b163-0a9cf30b38a3,a0bd9a15-a40c-522c-a822-a28ea262495b
4f5f8e67-417c-5476-8431-9d323e94b6c6,bc850597-32f7-5b18-97d8-66b1db90c762,DL-BE-30036,Primary,,2024-03-29T12:17:50Z,2024-06-21T19:54:20Z,84765128-1d12-577a-a036-9fb2fde9f255,cb96b7fe-764e-5d81-9afb-86db740d331e
12842f05-d589-5689-aba9-231f5c917e78,bc850597-32f7-5b18-97d8-66b1db90c762,GEO-BG-30030,Sensor1,V,2024-03-29T12:17:50Z,2024-05-10T18:31:33Z,84765128-1d12-577a-a036-9fb2fde9f255,de9d2562-febd-5893-9b38-f3f63a6716c9
53d44276-e1e6-55e5-b64e-48191f348da9,bc850597-32f7-5b18-97d8-66b1db90c762,GEO-BG-30033,Sensor2,N,2024-03-29T12:17:50Z,2024-06-21T19:54:20Z,84765128-1d12-577a-a036-9fb2fde9f255,cb96b7fe-764e-5d81-9afb-86db740d331e
c5d1532f-5d4d-5bf3-8284-cb368dc278f6,2553aee0-61bb-5af1-a711-7b958f57066a,DL-UM-40022,Primary,,2024-04-04T20:14:37Z,2024-06-17T17:38:22Z,d76051b9-174b-5f5f-8c38-1122defc68e5,515e567a-658f-5d0c-9bba-f0ce1353ca4e
03e28956-7ffc-560f-8bc6-c13bb51b4430,ad997055-01ca-509b-b473-612d6f1415fd,DL-BE-30059,Primary,,2024-04-04T18:25:33Z,2024-09-25T18:06:48Z,c6d0441b-5805-563d-aab8-a17c5d7d42a0,9f6fb601-849d-5688-81fb-5de3793553b3
977cffd5-4836-59e8-98c8-9924e274741f,f5c6c762-6753-51b6-84cc-e328161a7291,DL-BE-30060,Primary,,2024-04-05T10:50:45Z,2024-10-24T21:56:05Z,516b4868-5ec8-5776-b42b-3087a7d84568,931eeec0-8f24-5fec-ada5-e1742d2d2356
743dedd8-68ae-52b5-a4a9-8047854e4fd9,03b7a49e-c889-5e7c-a09f-d0ae6f0d29c1,DL-UM-40027,Primary,,2024-04-11T13:37:46Z,2024-08-05T17:40:43Z,70705664-2665-5ea5-99e8-33046e7d9add,73db7dcf-f3d7-5b08-ad78-fd0552fccb14
a67a3fd2-20a4-5589-8040-66bf2c8fa0d2,1d75e582-11b9-5a24-a15a-8ab8e161e106,DL-UM-40010,Primary,,2024-04-11T16:03:35Z,2026-02-18T18:36:17Z,b2f3331f-9b5d-527b-9a0f-154ff47d4dd4,b8d2aead-02a2-5718-9722-1b47827b2eb8
51e3f918-bd7c-5bef-8914-1806dec5b762,1d75e582-11b9-5a24-a15a-8ab8e161e106,GEO-UM-40010,Sensor1,BH,2024-04-11T16:03:35Z,2026-02-18T18:36:17Z,b2f3331f-9b5d-527b-9a0f-154ff47d4dd4,b8d2aead-02a2-5718-9722-1b47827b2eb8
3f5bc993-3f2d-5949-92ac-7995b66e47f0,1d75e582-11b9-5a24-a15a-8ab8e161e106,MDM-3000000010,Modem,,2024-04-11T16:03:35Z,2026-02-18T18:36:17Z,b2f3331f-9b5d-527b-9a0f-154ff47d4dd4,b8d2aead-02a2-5718-9722-1b47827b2eb8
39314e14-500d-55ed-a60f-982d49011e30,6841baa9-365b-5946-887b-932d8ea38af5,DL-BE-30021,Primary,,2024-04-13T00:07:32Z,2024-04-22T18:17:22Z,91c92325-7ff8-5b31-87c6-681124e02de8,0f227e8c-fcb8-5034-92be-371409e85774
0fe95472-7fa3-558a-95c7-7a09c4bd95d2,6a3d545b-0e40-52ae-a304-bc74d96d16d2,DL-UM-40002,Primary,,2024-04-15T20:15:32Z,2024-11-18T18:44:47Z,c9054098-aeaa-58bc-bc87-3aa1444b6b2e,c6e23c33-5ba9-598f-bebe-2cbdc72a5894
0fd1764f-fed5-5c48-8965-281a57f8f089,6a3d545b-0e40-52ae-a304-bc74d96d16d2,GEO-UM-40002,Sensor1,V,2024-04-15T20:15:32Z,2024-11-18T18:44:47Z,c9054098-aeaa-58bc-bc87-3aa1444b6b2e,c6e23c33-5ba9-598f-bebe-2cbdc72a5894
a54ea858-c4c8-5db6-9087-51c5ccf6c72c,a521576a-88ef-5f3c-a8ff-708f7ce4d55a,DL-BE-30038,Primary,,2024-04-18T13:34:00Z,2024-06-20T19:22:58Z,bf956fdd-272d-55d8-a271-00060c6e49d3,388d5d17-5f1c-57b6-9136-c18495dbb36b
86fd5d95-eb6b-5f70-8a81-70764815690f,d7ff812b-f05b-537b-80ff-30af7c16bf21,DL-BE-30046,Primary,,2024-04-19T19:01:48Z,2024-05-14T21:59:05Z,af189fd5-c0ec-5c68-b581-4644e2a6ccff,2e87d4fe-f411-5b7f-a340-e021a9baf01f
5f057c3d-dbb5-54a6-81bf-74fe95281318,9ad378da-d703-572e-92b5-620e36ebae9e,DL-D10-300006,Primary,,2024-04-24T15:03:22Z,2024-11-24T22:42:42Z,80529797-bda8-5180-9398-47e48df7686e,82131965-c570-571f-9a50-7f7750bd4f24
ffc196c1-eb59-539f-bd0f-90fe507893c9,9ad378da-d703-572e-92b5-620e36ebae9e,GEO-V12-400010,Sensor1,H,2024-04-24T15:03:22Z,2024-11-24T22:42:42Z,80529797-bda8-5180-9398-47e48df7686e,82131965-c570-571f-9a50-7f7750bd4f24
8ebf338e-010a-5422-bccc-144494d30a04,944bb0db-5d5b-5915-8fc3-390d51edf71c,DL-UM-40036,Primary,,2024-04-24T21:45:53Z,2024-08-21T20:39:17Z,9ece6e28-d5f1-58a4-b06f-cd5794e11bb4,39bc9e58-71e1-5592-8205-7ba9292b9482
90cfb065-1075-58e2-92b4-8a8550ba2950,944bb0db-5d5b-5915-8fc3-390d51edf71c,GEO-UM-40036,Sensor1,N,2024-04-24T21:45:53Z,2024-08-21T20:39:17Z,9ece6e28-d5f1-58a4-b06f-cd5794e11bb4,39bc9e58-71e1-5592-8205-7ba9292b9482
0bb1ceba-f959-597b-b2ee-0df30160c0a1,e9816387-babb-555a-9507-bbdac3a5b991,DL-BE-30024,Primary,,2024-04-26T20:17:03Z,2025-01-27T21:27:43Z,67b15c3b-2762-5bcb-90f8-29c703a3cd47,917e070d-2069-567e-9986-d01d431a3fc8
30ff08bf-c608-57c0-a8c0-506ac2d24150,85a8ad05-c3aa-59f3-a146-1fa80571e62a,DL-BE-30008,Primary,,2024-04-29T20:24:42Z,2026-09-01T20:53:14Z,e900c6b3-e381-5415-a871-ba462c101c6e,87ba0819-52f4-5aff-a2ce-5d95410488ed
62142541-1b1f-56e4-b75e-8a12485366a2,85a8ad05-c3aa-59f3-a146-1fa80571e62a,GEO-BG-30009,Sensor1,N,2024-04-29T20:24:42Z,2026-09-01T20:53:14Z,e900c6b3-e381-5415-a871-ba462c101c6e,87ba0819-52f4-5aff-a2ce-5d95410488ed
00b9383b-bb34-56a3-a5f0-0bdbd74c3023,fd82bccf-ccf9-5e21-8a1f-2601fd49c05e,DL-BE-30009,Primary,,2024-05-02T15:30:28Z,2025-09-11T21:40:38Z,f8818c73-827a-5f12-938c-b4b3809df7ff,16ff24c0-c5a8-5d6d-ba3e-cfa7d5f4366e
e690b49c-2dcf-5877-91ad-5d6bc23db349,fd82bccf-ccf9-5e21-8a1f-2601fd49c05e,GEO-BG-30020,Sensor1,W,2024-05-02T15:30:28Z,2025-09-11T21:40:38Z,f8818c73-827a-5f12-938c-b4b3809df7ff,16ff24c0-c5a8-5d6d-ba3e-cfa7d5f4366e
571782c4-fcee-543f-a630-3c038c36e35f,49bcd38b-017b-5935-9674-3c88be496da2,DL-D10-350002,Primary,,2024-05-02T12:48:11Z,2024-10-14T18:25:16Z,426d5167-22d5-52bb-9ab9-7d9045e17316,f0db4166-d050-5501-a951-1e65e815e01b
43ce79b6-4159-525f-a48f-ab810313ed6d,a3e2d4b6-9883-5e27-8ec2-34374e1de553,DL-D10-350005,Primary,,2024-05-02T16:03:25Z,2024-11-13T18:37:32Z,c3ef8162-2f8a-5a7e-9e18-758cf4e6a6c4,6a513289-1651-5484-b0a9-98eb87c50770
b2462ab1-9a8c-566c-871f-f22200983b60,a3e2d4b6-9883-5e27-8ec2-34374e1de553,GEO-V12-400004,Sensor1,W,2024-05-02T16:03:25Z,2024-11-13T18:37:32Z,c3ef8162-2f8a-5a7e-9e18-758cf4e6a6c4,6a513289-1651-5484-b0a9-98eb87c50770
188d8289-9812-549f-892b-c099a4fdcf96,a3e2d4b6-9883-5e27-8ec2-34374e1de553,GEO-V12-400006,Sensor2,E,2024-05-02T16:03:25Z,2024-11-13T18:37:32Z,c3ef8162-2f8a-5a7e-9e18-758cf4e6a6c4,6a513289-1651-5484-b0a9-98eb87c50770
32f97da2-5d4b-56eb-a70e-c6e4c293c427,33132429-842c-5439-9071-376c707e458f,DL-D10-300000,Primary,,2024-05-03T12:51:18Z,2024-08-08T21:27:42Z,fbc8724e-671c-5259-84a5-8344a8a8d1fd,fab1dd27-0b9a-5841-830a-8bd4a6970d40
e03cb630-54c0-5267-a5f1-28d2ceaf60f0,7099ce48-d934-5c6b-96e2-e9fd71c6fb77,DL-D10-350003,Primary,,2024-05-03T23:08:41Z,2024-10-29T21:10:04Z,40b21a55-df1e-5795-89e3-8d2ecd2d5c8c,6c7a23d2-5a93-5101-945b-ae404363cdca
0b2f1471-6ae1-5c76-895b-8414fbbc543f,12cb5d85-c0df-5479-b906-fe9af956b25e,DL-BE-30021,Primary,,2024-05-06T18:07:17Z,2024-06-12T17:06:40Z,0b1239fc-7d91-529a-bf9c-d928a4b610c0,0d20e27b-3a4f-53b8-be49-dc951770952c
cabb833f-d9f9-555a-8d50-3d982f1fb299,25c8a07e-9870-5ee8-ac37-d227d2b7b13d,DL-BE-30053,Primary,,2024-05-07T11:51:50Z,2024-10-27T21:35:42Z,62ebbdca-e2a7-5fc5-8382-1e2c03dd1616,ea5669d5-bb2d-5797-92a5-75b3585d66e7
77b43788-bd67-5432-a940-457eb2717506,43f3b53a-9c09-5717-9736-aa1b0ff5a90b,DL-BE-30013,Primary,,2024-05-08T21:59:18Z,2025-01-28T19:09:47Z,ce533039-5281-5feb-99f5-87f4b901abd5,2cd7bc3c-12e1-5ada-8285-e271f6d5e204
572e96f6-4620-5f13-9019-d91dc2edfb7a,43f3b53a-9c09-5717-9736-aa1b0ff5a90b,GEO-BG-30031,Sensor1,BH,2024-05-08T21:59:18Z,2025-01-28T19:09:47Z,ce533039-5281-5feb-99f5-87f4b901abd5,2cd7bc3c-12e1-5ada-8285-e271f6d5e204
a5d60d2a-5c7d-5a13-acc6-3701e38ad9b5,cd26cde4-0a96-5d6f-a942-baf0add756bb,DL-BE-30048,Primary,,2024-05-10T17:14:42Z,2024-09-20T19:12:11Z,82ac98e7-f225-518e-86aa-db461bb41b55,a2bb76f9-e18b-5396-9cb8-f2a9751585e4
fae33fa5-b4e9-5299-8985-9f416b6f7095,f05d23c5-2f3b-5a20-8860-360f61e32f35,DL-UM-40003,Primary,,2024-05-14T15:24:00Z,2025-05-20T21:27:26Z,8ac2d062-2e8f-59bb-8747-52681c158cdf,abbf45ca-7079-5398-ba60-07a139222569
cb0f5a45-7c47-56c0-8b74-5f45ddd02304,f05d23c5-2f3b-5a20-8860-360f61e32f35,GEO-UM-40003,Sensor1,E,2024-05-14T15:24:00Z,2025-05-20T21:27:26Z,8ac2d062-2e8f-59bb-8747-52681c158cdf,abbf45ca-7079-5398-ba60-07a139222569
97c126e2-34ce-5390-8fc1-383ec66dfa81,f05d23c5-2f3b-5a20-8860-360f61e32f35,MDM-3000000006,Modem,,2024-05-14T15:24:00Z,2025-05-20T21:27:26Z,8ac2d062-2e8f-59bb-8747-52681c158cdf,abbf45ca-7079-5398-ba60-07a139222569
49fdc4f5-1ccf-55e8-a532-1f65d292b8e9,f05d23c5-2f3b-5a20-8860-360f61e32f35,SLM-UA-40001,Microphone,,2024-05-14T15:24:00Z,2025-05-20T21:27:26Z,8ac2d062-2e8f-59bb-8747-52681c158cdf,abbf45ca-7079-5398-ba60-07a139222569
9e0873cd-1d13-5b83-874e-9858b507d89a,d94c0404-09eb-5741-ad51-224e459d2a60,DL-UM-40004,Primary,,2024-05-15T14:20:03Z,2024-07-15T20:50:10Z,f3865256-3127-51ac-bbfd-6ca3d8b5155f,35b10101-afe6-5f1d-bd8c-be8e0bae1a42
f3808b42-8916-5f44-b2d5-9d1855aa4ebe,d94c0404-09eb-5741-ad51-224e459d2a60,GEO-UM-40004,Sensor1,H,2024-05-15T14:20:03Z,2024-07-15T20:50:10Z,f3865256-3127-51ac-bbfd-6ca3d8b5155f,35b10101-afe6-5f1d-bd8c-be8e0bae1a42
fc078d47-bcf1-522a-93bd-e81e9e8c098f,d94c0404-09eb-5741-ad51-224e459d2a60,MDM-3000000005,Modem,,2024-05-15T14:20:03Z,2024-07-15T20:50:10Z,f3865256-3127-51ac-bbfd-6ca3d8b5155f,35b10101-afe6-5f1d-bd8c-be8e0bae1a42
d4e80e86-e437-5c4d-9297-658e6a8e850d,4a81bb51-ae27-5432-94a1-8d8f8990d02b,DL-BE-30046,Primary,,2024-05-20T15:19:44Z,2024-11-20T21:02:17Z,2cf2418e-45fa-59a5-bdb4-98b5c4688e01,8189ab4f-d830-55c0-a7fd-94b77131a891
a9721fc1-48d1-5484-aab4-d7d6118ddad1,62102aae-8005-5942-bc85-1366d85d5204,DL-BE-30033,Primary,,2024-05-21T13:38:59Z,2024-08-12T21:37:18Z,8b3a517e-54f7-5002-b919-19bc7ea7a48d,078b2a4e-bb36-5cab-bf0d-355aad160298
706abdb8-aa38-5d9b-b69f-1fa9285426b1,de8a4752-5507-5802-9956-4abd2dbeb498,DL-BE-30037,Primary,,2024-05-26T14:04:17Z,2024-11-12T19:31:56Z,d02e7d5d-7e41-592b-83f5-f00f2175262b,5695057a-e1de-5ab5-853d-f2bd25bee45e
29b02410-5b46-593e-835f-43efcd5897d3,a5cd83cd-0ad5-5b96-ab8c-1e40f2e836e4,DL-BE-30006,Primary,,2024-05-28T15:17:10Z,2025-05-20T20:05:32Z,32cd9132-25b7-566c-9358-aebbdc25c0c3,c4e1b475-b069-541f-9623-72e4df538271
6f3df2be-9f2f-5288-b002-d6da8f9be9be,bc4f0392-b8d7-5649-b6bd-e35d9c663370,DL-UM-40026,Primary,,2024-05-31T18:22:28Z,2024-07-30T17:15:05Z,d663f4bd-8999-52e7-8c33-5aa3b37fb9de,45b5e984-50f6-5343-8d17-f5f81b4936d5
b0055c7b-0901-560f-aa06-d3e50de51d20,bc4f0392-b8d7-5649-b6bd-e35d9c663370,GEO-UM-40026,Sensor1,S,2024-05-31T18:22:28Z,2024-07-30T17:15:05Z,d663f4bd-8999-52e7-8c33-5aa3b37fb9de,45b5e984-50f6-5343-8d17-f5f81b4936d5
cd86c897-3e77-59f6-bf4f-8156abcbee4c,1c4fcdb4-e00d-512e-a4f1-df537807aef8,DL-BE-30035,Primary,,2024-06-03T17:37:51Z,2024-07-22T19:49:07Z,b2ac8871-084b-5328-a409-aca545297280,f8559635-ee72-5ba2-9366-f77309da686f
608dc746-3b7a-5578-ac65-870f59a3e163,73d9ff7f-69ae-58e5-a240-439d1f22e2dd,DL-BE-30034,Primary,,2024-06-03T15:52:11Z,2025-04-03T19:38:38Z,e088dcdf-23b3-5a05-8c99-923e77287f46,1e763b77-6a89-5ac3-aa80-7d4acc34bfb2
47a8593d-7cbb-50b7-823d-4bdff964262a,73d9ff7f-69ae-58e5-a240-439d1f22e2dd,GEO-BG-30024,Sensor1,E,2024-06-03T15:52:11Z,2025-04-03T19:38:38Z,e088dcdf-23b3-5a05-8c99-923e77287f46,1e763b77-6a89-5ac3-aa80-7d4acc34bfb2
01be5ea9-9ef6-55b0-bdd5-7d36827fb61e,73d9ff7f-69ae-58e5-a240-439d1f22e2dd,GEO-BG-30026,Sensor2,BH,2024-06-03T15:52:11Z,2025-04-03T19:38:38Z,e088dcdf-23b3-5a05-8c99-923e77287f46,1e763b77-6a89-5ac3-aa80-7d4acc34bfb2
cccee6f2-e3be-53be-bbf2-9820eeb69668,99e26ede-b415-52a8-ad9c-64164a50dfbd,DL-UM-40006,Primary,,2024-06-12T12:47:04Z,2024-10-24T21:53:49Z,b05e70b9-eb9e-5511-849a-02426d3eb688,c6d1c703-d39e-5c99-8bd3-67643d081dd7
58fe5a1f-7c7e-5e9b-9362-f1a14bf9cb98,99e26ede-b415-52a8-ad9c-64164a50dfbd,GEO-UM-40006,Sensor1,H,2024-06-12T12:47:04Z,2024-10-24T21:53:49Z,b05e70b9-eb9e-5511-849a-02426d3eb688,c6d1c703-d39e-5c99-8bd3-67643d081dd7
8b8ab6c6-8cb1-5f67-a511-a80ada1a71ec,a8ffb606-3cef-5ba7-b6f4-3c47947b1163,DL-UM-40023,Primary,,2024-06-14T16:09:52Z,2025-08-04T21:42:19Z,bde807ed-5f38-518d-9914-f7be05bfe5b0,16ff7217-0202-527e-93df-25999439d090
4f4df457-5753-5c39-8dbb-396472d3f180,a8ffb606-3cef-5ba7-b6f4-3c47947b1163,GEO-UM-40023,Sensor1,N,2024-06-14T16:09:52Z,2025-08-04T21:42:19Z,bde807ed-5f38-518d-9914-f7be05bfe5b0,16ff7217-0202-527e-93df-25999439d090
c8ded043-5880-5014-ad04-1c1e2e370c4e,a27f2ceb-17da-51e2-951c-360467f9e92e,DL-UM-40005,Primary,,2024-06-20T19:57:15Z,2024-07-22T20:37:42Z,2e012ccf-7947-547d-a0f4-25826478f391,81a86f68-42b2-58f1-900b-6acfeb9c7ecb
3f8f1628-f69b-5f4a-8e55-fb03d95d6471,a27f2ceb-17da-51e2-951c-360467f9e92e,GEO-UM-40005,Sensor1,V,2024-06-20T19:57:15Z,2024-07-22T20:37:42Z,2e012ccf-7947-547d-a0f4-25826478f391,81a86f68-42b2-58f1-900b-6acfeb9c7ecb
a08b6087-6f64-5353-b797-e5f4cb1ddffa,a27f2ceb-17da-51e2-951c-360467f9e92e,MDM-3000000003,Modem,,2024-06-20T19:57:15Z,2024-07-22T20:37:42Z,2e012ccf-7947-547d-a0f4-25826478f391,81a86f68-42b2-58f1-900b-6acfeb9c7ecb
30f41e84-2357-5897-8b12-bdd563eb1eb9,b5a16398-ce93-56b1-b7b7-21676d5dafc6,DL-UM-40022,Primary,,2024-06-24T10:34:34Z,2024-10-18T17:18:59Z,28ddf5cd-f871-5971-b901-fb993dcc7217,134fe261-0da8-5c41-94dd-e54706d77ff1
99f986ac-780c-515f-89cf-a19ece1c92bf,b5a16398-ce93-56b1-b7b7-21676d5dafc6,GEO-UM-40022,Sensor1,W,2024-06-24T10:34:34Z,2024-09-06T21:21:47Z,28ddf5cd-f871-5971-b901-fb993dcc7217,711f2ce5-2a86-517e-ab66-17eda079bad3
a0992919-7c35-5a4d-98e4-45f9a7f6dac6,eb0c0ab5-b259-5dfa-a8ef-15c0a921f03a,DL-D10-300001,Primary,,2024-06-24T12:39:31Z,2024-07-19T20:27:27Z,bdb4a5c5-870f-5b0f-845c-f2c0fc1de331,f52772f1-ae52-5a6a-b98c-f78a08c9143b
ec86d525-653f-5364-9d66-ab5569b266a8,b7474cfb-cd73-56c6-b7b9-940813d0051a,DL-D10-350000,Primary,,2024-06-26T19:09:50Z,2024-07-09T21:53:58Z,210d7c33-8e49-5bd2-a3d9-f3ca69636183,7fc89962-4c75-5e05-9de1-b242ea6856de
9d0fa31d-4bb4-567d-8c90-433f4238347f,b7474cfb-cd73-56c6-b7b9-940813d0051a,SLM-S50-500019,Microphone,,2024-06-26T19:09:50Z,2024-07-09T21:53:58Z,210d7c33-8e49-5bd2-a3d9-f3ca69636183,7fc89962-4c75-5e05-9de1-b242ea6856de
f98283a1-d49b-5224-8648-cbc603c13ab2,54582375-aa09-5523-823e-917de4e7d5e7,DL-UM-40020,Primary,,2024-07-01T19:21:59Z,2024-09-12T18:42:34Z,3f30856a-9d23-56be-aef0-31dd0f15fa33,c55a1ad5-9d17-5749-b28d-e807ea57231a
5468b4a7-045c-59b3-a075-76fef88d924c,69b6d2d8-321a-5c97-aa81-0fd213981030,DL-BE-30028,Primary,,2024-07-02T10:30:55Z,2025-02-03T21:59:18Z,95d53e86-1ee4-55d2-adef-6076e5cf1050,8c45aa8b-f1da-5452-beaa-c5ad5d33f83b
ec92cddc-6a57-5709-9ce4-63561ebcb5bc,f1e60eee-59f0-5cbd-aeb4-dd93dcee6a08,DL-BE-30015,Primary,,2024-07-02T18:26:36Z,2025-06-30T19:49:59Z,dc365230-749c-5408-b129-0c963cdd4d33,36485f83-dec1-5c7c-a00c-d96e1c285036
43a4ef61-beb6-5722-aba2-9695a6e3bda9,f1e60eee-59f0-5cbd-aeb4-dd93dcee6a08,GEO-BG-30013,Sensor1,W,2024-07-02T18:26:36Z,2025-06-30T19:49:59Z,dc365230-749c-5408-b129-0c963cdd4d33,36485f83-dec1-5c7c-a00c-d96e1c285036
67eb5a94-0fba-53b7-a172-dcaef05098b1,6be1a3d9-17da-5a9a-ae70-a4b985282d1c,DL-BE-30044,Primary,,2024-07-03T12:07:39Z,2025-03-24T18:41:32Z,81f2704e-3c05-504f-9e5f-792545fe3774,f12ece01-3a89-5936-8e6f-3a0a43794062
c13c27d2-3408-540e-8e15-d1b6abd402c4,0082e11e-3311-57d6-95e1-068b3eef03ed,DL-BE-30038,Primary,,2024-07-08T19:10:24Z,2025-08-06T20:27:04Z,38abcf74-6eda-5ca9-aa0b-dc886e497447,3855d0f7-8ffd-5ff0-91ea-b0a44aa1bd0f
e666678d-bc27-518c-ac08-f93ee6bf5f4f,392a4299-e088-5a3f-862c-6f6ef848da2a,DL-UM-40015,Primary,,2024-07-08T20:34:35Z,2026-02-02T20:36:15Z,49916258-12db-58e9-bcfc-d053eab7b806,132a017b-6323-5545-a046-4156794b8422
f6cc688c-ca16-56b0-8149-dc0a7b948e28,392a4299-e088-5a3f-862c-6f6ef848da2a,GEO-UM-40015,Sensor1,W,2024-07-08T20:34:35Z,2026-02-02T20:36:15Z,49916258-12db-58e9-bcfc-d053eab7b806,132a017b-6323-5545-a046-4156794b8422
4039854e-2e57-5104-8da1-63fa45c2a2ef,0f1bb1bf-eef5-5e8e-b013-0f11140ca3e7,DL-BE-30027,Primary,,2024-07-08T12:51:20Z,2025-04-02T17:37:32Z,c9421a30-fb4e-5405-98db-d598a701aa0e,2447909b-653f-510b-ac4e-861081362168
6911d61c-6a44-5bbd-9167-43de32fb2b66,3d3de869-4213-5a0b-81d3-0d9c85001151,DL-BE-30011,Primary,,2024-07-10T19:06:26Z,2024-11-22T20:54:03Z,313fc5a6-16db-5240-ad53-fd5ec4bcb4f1,f6bbe47f-3ffe-5912-9968-96a86dfd5be5
c1464818-77a9-5488-984c-38e6c717aa9e,7079cc76-03d7-53a4-8567-cca0b44f9ef0,DL-UM-40031,Primary,,2024-07-13T00:17:27Z,2024-12-06T21:07:06Z,b3535529-8beb-51e7-9a1b-61ceb38286b8,598a269b-0f45-52b3-9cee-22b22ad58abe
e1fceca9-9b7e-5085-baf9-a1fb535c89de,a00d88db-eb04-598d-ba74-5c62a886b254,DL-BE-30021,Primary,,2024-07-15T19:02:43Z,2024-07-30T17:44:29Z,c6c52950-b252-5143-9664-2c261a1dd200,94b9eb3c-38ad-5428-bce1-7ed944a86ab8
35d9bd21-0932-51b1-99dc-c27cd2202e44,0e617b97-2601-53aa-ad7f-fadbc86fcc8d,DL-UM-40001,Primary,,2024-07-15T11:03:49Z,2024-12-06T19:29:44Z,129d3586-f018-5053-9264-7cdc93156096,ab5a9b93-c53f-5594-aa8c-65ecbd7ce97b
ad2aa52a-4d88-55ba-a910-f035c1431e42,0e617b97-2601-53aa-ad7f-fadbc86fcc8d,GEO-UM-40001,Sensor1,S,2024-07-15T11:03:49Z,2024-12-06T19:29:44Z,129d3586-f018-5053-9264-7cdc93156096,ab5a9b93-c53f-5594-aa8c-65ecbd7ce97b
61872a0e-4d28-56c9-a318-019540749d83,3e55f99c-8f20-5520-97ac-cb25b5e66c9a,DL-UM-40016,Primary,,2024-07-16T13:28:50Z,2025-01-09T22:06:36Z,cef3d009-83a8-5c57-ad3c-83e981c0a6fd,5150d3e7-4d57-5af4-a561-dd761b278fa6
c0d83a39-1525-587a-8b21-e238a05eb154,3e55f99c-8f20-5520-97ac-cb25b5e66c9a,MDM-3000000002,Modem,,2024-07-16T13:28:50Z,2025-01-09T22:06:36Z,cef3d009-83a8-5c57-ad3c-83e981c0a6fd,5150d3e7-4d57-5af4-a561-dd761b278fa6
bbc8d094-abd1-54f9-a115-c03f7500e3fa,3e55f99c-8f20-5520-97ac-cb25b5e66c9a,GEO-UM-40016,Sensor1,BH,2024-07-16T13:28:50Z,2025-01-09T22:06:36Z,cef3d009-83a8-5c57-ad3c-83e981c0a6fd,5150d3e7-4d57-5af4-a561-dd761b278fa6
57e0db5e-45e1-5b73-8de4-029624b62e1f,5e00b752-7c01-5dd7-972e-b20e510ae6db,DL-UM-40035,Primary,,2024-07-17T17:19:20Z,2025-10-08T21:37:03Z,aad5c81b-bc45-5b73-a90e-298832203c49,7e5762eb-7440-5723-87ba-81992983ca06
c7ad04e2-3324-5267-9208-b3778deeea26,5e00b752-7c01-5dd7-972e-b20e510ae6db,GEO-UM-40035,Sensor1,V,2024-07-17T17:19:20Z,2025-10-08T21:37:03Z,aad5c81b-bc45-5b73-a90e-298832203c49,7e5762eb-7440-5723-87ba-81992983ca06
d3a03584-d4ca-5864-bea9-2e05810c04d5,29393073-43d9-5368-b312-200855cc7a2e,DL-D10-350000,Primary,,2024-07-17T11:23:22Z,2024-09-17T18:44:18Z,0db5608a-944c-5465-b922-ce3a6a23fa9b,1ee61bdb-3e4b-5b11-a119-9d0d830e1017
a30a8d39-67f4-5f54-941a-52811789f372,29393073-43d9-5368-b312-200855cc7a2e,GEO-V12-400013,Sensor1,V,2024-07-17T11:23:22Z,2024-09-17T18:44:18Z,0db5608a-944c-5465-b922-ce3a6a23fa9b,1ee61bdb-3e4b-5b11-a119-9d0d830e1017
47c8a684-1568-5045-9d09-f9912a60732d,f2773050-cb5d-5f51-9abc-ce95333f03b8,DL-BE-30061,Primary,,2024-07-22T13:15:56Z,2025-04-07T17:26:51Z,3f28161f-03c0-537c-aa54-be24fc0c91ba,68119d33-bf98-58c2-9f7b-7eb608db61cd
15b42067-7a44-5308-85ca-2b7ec2b7d9ec,863288cb-d4f7-5a95-944f-b0b17394b3d5,DL-D10-300001,Primary,,2024-07-22T14:25:44Z,2025-03-28T17:53:26Z,3dfa9b1f-68da-596a-85f7-286f87905ea6,fa5eea0f-7aa9-5e3d-bece-0cf72510fcc4
8cd1c496-6859-522e-9d70-5ebea710ce9e,018507a1-7606-52c7-8a9c-4c3bd6c44a0e,DL-UM-40005,Primary,,2024-07-29T13:08:32Z,2024-08-12T18:19:19Z,e3c19aed-a094-57ce-a152-22d790219a85,8f973702-165a-526f-8d85-85728c03cf3a
4ff98287-12e9-5181-a9d1-474fecc7e2a2,018507a1-7606-52c7-8a9c-4c3bd6c44a0e,GEO-UM-40005,Sensor1,V,2024-07-29T13:08:32Z,2024-08-12T18:19:19Z,e3c19aed-a094-57ce-a152-22d790219a85,8f973702-165a-526f-8d85-85728c03cf3a
e00a6fa1-4479-5a4f-a662-89458c391a68,018507a1-7606-52c7-8a9c-4c3bd6c44a0e,MDM-3000000003,Modem,,2024-07-29T13:08:32Z,2024-08-12T18:19:19Z,e3c19aed-a094-57ce-a152-22d790219a85,8f973702-165a-526f-8d85-85728c03cf3a
d9398450-25ae-5e83-831c-77244afb518c,542d2a35-2121-50d0-a6ef-30e54e7b3b04,DL-BE-30036,Primary,,2024-08-02T20:22:41Z,2025-03-17T18:05:05Z,ed013ebe-ddf3-5750-b526-c09bd6ed2190,a32e0dbd-abf2-5abf-8e03-e150ec7c7356
9aa9bb5b-1c70-5ed1-8647-53424b7a6da4,542d2a35-2121-50d0-a6ef-30e54e7b3b04,GEO-BG-30030,Sensor1,N,2024-08-02T20:22:41Z,2025-03-06T19:41:27Z,ed013ebe-ddf3-5750-b526-c09bd6ed2190,3a442bd7-1d6c-5beb-a508-a3432b809af2
12cbef8d-50e5-59ed-8c1d-7ae6f868be5f,542d2a35-2121-50d0-a6ef-30e54e7b3b04,GEO-BG-30033,Sensor2,E,2024-08-02T20:22:41Z,2025-03-17T18:05:05Z,ed013ebe-ddf3-5750-b526-c09bd6ed2190,a32e0dbd-abf2-5abf-8e03-e150ec7c7356
2af23bfc-e286-57b8-8cee-b86053e45fb6,906e0962-64e7-5a88-9f1f-11254ff298ef,DL-BE-30058,Primary,,2024-08-05T14:15:58Z,2024-09-13T17:20:57Z,51623672-c240-574a-b60c-e3ffe689dfbc,00c59443-c642-5cab-a677-bd04e3cd124d
2c22bbb2-4488-5f29-aea8-59e6f79a3c2f,bc0b9d5c-1e67-592d-a440-0e355999e58b,DL-UM-40028,Primary,,2024-08-05T18:12:49Z,2026-05-14T18:02:20Z,94b0d66a-2983-5e73-8695-e4db4f378cf4,7fe5f503-3d27-5ffd-8229-4d5de8d0e2bc
d6b97309-9f64-59be-9362-3bdaf7c2ac09,bc0b9d5c-1e67-592d-a440-0e355999e58b,GEO-UM-40028,Sensor1,BH,2024-08-05T18:12:49Z,2026-05-14T18:02:20Z,94b0d66a-2983-5e73-8695-e4db4f378cf4,7fe5f503-3d27-5ffd-8229-4d5de8d0e2bc
4f81f297-cef0-5b11-83e4-1c6b77fd52b0,4551de3d-2fed-5d32-801b-123279f09ece,DL-UM-40026,Primary,,2024-08-12T20:41:46Z,2024-09-17T20:25:02Z,2bd586e8-bb1e-5f46-8ea5-34b2caf5826f,915c2f89-9f6a-546c-9655-3f7ac646b8c0
19e700bb-2dd9-50f6-9c9f-6f8e3eafdcd5,ff5d4b8c-61c9-5526-a704-7dfdf0fedbb3,DL-UM-40027,Primary,,2024-08-12T21:12:56Z,2024-09-16T19:09:50Z,dba02401-580f-5656-9efb-a388dca969bb,d91ccbf8-62fa-5f62-bd51-ca6c48327989
8a631444-35a0-5f14-9434-10cb14f81f2c,9c32c5f9-1b37-5e6c-9a2e-fbd34f4ca7b1,DL-BE-30020,Primary,,2024-08-12T20:47:39Z,2024-09-20T22:43:44Z,c04b5afb-1d13-518f-81a2-fc4aade2e4b6,ee3ed214-fe19-5323-a259-63ada3e7cd36
40bdf8fb-c3bc-544d-acae-b7c869279e0f,9c32c5f9-1b37-5e6c-9a2e-fbd34f4ca7b1,GEO-BG-30022,Sensor1,V,2024-08-12T20:47:39Z,2024-09-20T22:43:44Z,c04b5afb-1d13-518f-81a2-fc4aade2e4b6,ee3ed214-fe19-5323-a259-63ada3e7cd36
fe6f1991-e0b0-5cc3-97d7-3c08ac075269,c15cb5d0-9692-53f7-a8cb-132fbdb2eb86,DL-UM-40024,Primary,,2024-08-19T15:43:57Z,2025-04-08T21:33:24Z,902943ed-c399-5938-9428-694a9549b759,9ebb7a9e-8b69-5ba4-ae70-9e68d5e82eaa
78886a0b-30dc-56f8-8c72-ffdd18ace325,fff0d45c-b519-5268-b401-543f136f22f6,DL-BE-30021,Primary,,2024-08-19T18:08:13Z,2024-09-30T18:41:04Z,859713e3-12fc-50a1-b4bd-02432a2f1b1e,ef3c4259-9772-5c54-a79b-92152b34c5a0
c4d78b43-f6ff-507b-ac90-7755f5881188,5db5ec44-1050-5025-b674-c29669e96fed,DL-BE-30007,Primary,,2024-08-19T21:58:55Z,2025-05-02T18:18:48Z,f43ffcc1-71a9-5332-a7f6-0cbf3e5bb525,af69d620-b6b6-52be-9578-e50e19682023
311a2855-bbb9-5aca-8283-cb5a71d06d47,5db5ec44-1050-5025-b674-c29669e96fed,GEO-BG-30017,Sensor1,E,2024-08-19T21:58:55Z,2025-05-02T18:18:48Z,f43ffcc1-71a9-5332-a7f6-0cbf3e5bb525,af69d620-b6b6-52be-9578-e50e19682023
3c82f3d0-37b2-5b60-94d9-c208c9e67e1f,23a40b4c-e7a8-5aa2-8ffb-d5f48cbfe54c,DL-BE-30033,Primary,,2024-08-21T13:45:56Z,2025-05-12T17:50:10Z,9db7e18f-f582-5d04-b0bc-208acfb0e7a3,af2e8da1-3f31-55dc-b821-049b973efc82
4ee80de9-21bb-5e45-919e-2cdb992b9a86,5e267526-1fb4-5f84-99ca-a6709470b2e4,DL-UM-40034,Primary,,2024-08-26T12:05:45Z,2024-11-25T19:55:42Z,1074304f-229d-53dc-9674-350008f0ba63,8cb70586-7a54-52f3-b143-e92733ba46d1
4e77f754-d4e7-5f32-8d8b-38115f1cdc56,5e267526-1fb4-5f84-99ca-a6709470b2e4,GEO-UM-40034,Sensor1,S,2024-08-26T12:05:45Z,2024-11-25T19:55:42Z,1074304f-229d-53dc-9674-350008f0ba63,8cb70586-7a54-52f3-b143-e92733ba46d1
bb78eabc-b0c2-5bd5-9484-d3c111dfb0cb,81072bf7-677a-5015-81c2-20a341706b1a,DL-BE-30035,Primary,,2024-08-26T13:30:18Z,2024-09-09T17:24:41Z,7476480f-2cf6-53e1-90fd-001a9c70ff52,9cab32d2-6eb7-5c77-a4d3-de476b90a87b
3222b06b-b5ee-5798-8fa7-3cedb7250125,f5a4877a-924d-5191-b67e-60ea7fa37815,DL-D10-300003,Primary,,2024-09-04T13:14:41Z,2025-03-25T17:00:05Z,173f85f3-c0d1-5d6b-9f6a-625ac1f8ff69,26f45da8-4322-5527-bb1c-d538397bfb14
3e3b249d-6ba7-5776-8338-7f2b0c680a17,f5a4877a-924d-5191-b67e-60ea7fa37815,GEO-C22-450007,Sensor1,S,2024-09-04T13:14:41Z,2025-03-25T17:00:05Z,173f85f3-c0d1-5d6b-9f6a-625ac1f8ff69,26f45da8-4322-5527-bb1c-d538397bfb14
5575ed42-2ca3-58c1-bf87-2e8af11ddc6c,18eaadc4-e611-5e82-974a-dd09d0ab2303,DL-BE-30055,Primary,,2024-09-06T14:03:03Z,2025-05-20T21:32:59Z,56f56bb7-abe4-5c1e-8890-9945b0b4fbf6,6586d375-8132-57ec-9575-da8cb81433ca
aaa1869b-fefd-5715-a415-35d78cfa6ef0,ba985a51-352e-5689-ba22-26dcde4a2b2a,DL-UM-40005,Primary,,2024-09-11T16:25:52Z,2024-10-14T20:28:26Z,9d5a692c-c26e-5d2b-b21c-ebd62e384712,b47b31d7-f42d-5c01-832a-e78c632dc826
9267371f-8aab-564a-a4eb-434621948acc,ba985a51-352e-5689-ba22-26dcde4a2b2a,MDM-3000000003,Modem,,2024-09-11T16:25:52Z,2024-10-14T20:28:26Z,9d5a692c-c26e-5d2b-b21c-ebd62e384712,b47b31d7-f42d-5c01-832a-e78c632dc826
0256c2a2-e7cb-5546-937b-56aa7b855fce,081d5d40-fd0b-58fe-942c-d73e4b88813f,DL-BE-30039,Primary,,2024-09-15T17:15:53Z,2024-10-14T17:49:02Z,d5df5511-020c-5208-8dd9-353eab2d0116,e7c4abb2-766e-54e9-8c9c-47c0714948c5
98c95a07-08e5-5105-b4a3-c20f23e27e17,37dfc599-09c3-5b97-b2ff-95d165bc11b5,DL-BE-30035,Primary,,2024-09-16T17:28:23Z,2024-12-23T19:53:04Z,cd69c640-66d7-5236-90ca-780c47a5cb95,bb5aaa83-8743-5c70-b9ca-1f31afbf1622
73f48252-008b-5569-8dbd-6914d92b5ded,2c0ee9d0-26e2-5e7f-931e-05410334cffc,DL-BE-30054,Primary,,2024-09-16T17:25:08Z,2024-09-24T17:45:32Z,6d5de614-e962-5f90-ac46-dd78fd0d3ed0,2d1b4d95-9c35-581c-8bfa-055b23faa4a9
7f3245ef-e13e-58d3-83cc-f2497e98b824,674768b5-7bdd-5acf-bfa6-127d0f18727d,DL-BE-30042,Primary,,2024-09-24T12:33:55Z,2024-12-12T21:03:29Z,693f5ccc-368a-5f05-87dc-b2ebc97ab263,b47593fe-2768-5057-8462-3611b32792b4
079c00f4-0cd8-5a4a-b375-b85f7af210b0,f6c8826a-5214-5aa8-b298-e60883da88a7,DL-UM-40027,Primary,,2024-09-26T20:27:46Z,2024-11-22T22:02:17Z,15ec698f-f206-58b5-b45f-6cd5019f3710,95344ab6-bfe4-561d-be74-9d4b005d2595
3633d1df-5dd2-5802-8c32-df6861c4f404,94650da7-8488-5e11-8e2d-a3987bef2e47,DL-BE-30057,Primary,,2024-09-26T18:29:00Z,2025-01-08T22:07:56Z,e9da05e8-f1e6-5d8a-8fd3-d785a62ebcea,9345d65d-36aa-5d12-9f7c-482104b26910
93daa26c-3c1c-59b8-bf61-abb3745654a5,5600151a-e403-56ad-9526-053992dbc2d6,DL-BE-30041,Primary,,2024-09-30T19:46:05Z,2025-07-22T18:41:29Z,409888d3-bc24-5605-b65a-a486018d8615,28af9e22-a110-5df6-8ecb-02c62898b927
156b6569-e39d-592b-9124-a969ce3d1e28,5600151a-e403-56ad-9526-053992dbc2d6,GEO-BG-30029,Sensor1,BH,2024-09-30T19:46:05Z,2025-07-22T18:41:29Z,409888d3-bc24-5605-b65a-a486018d8615,28af9e22-a110-5df6-8ecb-02c62898b927
9bfead54-1892-53c5-a346-a27c28c33527,d54f5cc0-d2e1-514a-bed6-3f914586dfdb,DL-D10-350000,Primary,,2024-10-03T19:12:40Z,2024-10-29T18:00:15Z,ac363797-661c-5f42-897f-618a45e33f53,a960fddd-b640-549b-9f34-6efa41545aa6
f7c3598a-a2e1-50bd-b4d1-f8f9cfaaa825,d54f5cc0-d2e1-514a-bed6-3f914586dfdb,GEO-V12-400013,Sensor1,S,2024-10-03T19:12:40Z,2024-10-29T18:00:15Z,ac363797-661c-5f42-897f-618a45e33f53,a960fddd-b640-549b-9f34-6efa41545aa6
5a61fe2a-734c-5c76-aa5b-5972a22caefc,962242f1-74ee-51ea-a0b2-0d9e0b31fcca,DL-BE-30059,Primary,,2024-10-03T18:04:51Z,2024-12-16T22:27:37Z,726ed6f1-06f6-583a-a3d5-32ffb6202744,de36b799-1e24-5d2d-b026-b3d1c4309d5e
40098ab4-c27c-58b1-8cfc-861389a33e2c,d51fcbb8-db85-50ed-8661-e16b87616c10,DL-BE-30054,Primary,,2024-10-03T12:34:09Z,2025-05-01T22:25:00Z,4b922ef6-f418-5e67-a815-602306ccfd0c,9c6be511-ccf3-562c-9264-1219db799510
303f4652-660a-5572-8bd9-d92058fe2b47,611c2766-f128-5b12-a5f5-d09712382493,DL-BE-30048,Primary,,2024-10-04T16:56:16Z,2025-03-19T13:49:41Z,5a94599e-df60-5f41-90ed-1eb43c80adcb,90d1b432-1efe-580f-a8bd-69139994f50b
6a119893-4e15-5852-a562-242a05b74718,0640ee43-eef1-551f-aad9-282489645f64,DL-UM-40036,Primary,,2024-10-09T21:16:30Z,2025-09-17T18:12:58Z,44b31349-a486-577c-895e-2359db57bf7b,06995f45-a467-5677-9d37-935dc784f924
ae43b0d6-b554-5db0-b625-de827d7e0571,0640ee43-eef1-551f-aad9-282489645f64,GEO-UM-40036,Sensor1,E,2024-10-09T21:16:30Z,2025-09-17T18:12:58Z,44b31349-a486-577c-895e-2359db57bf7b,06995f45-a467-5677-9d37-935dc784f924
8d784d8c-ec42-5e22-bb14-95e44925bf3e,41c1d692-4d26-518a-88ce-feaad664f147,DL-UM-40026,Primary,,2024-10-09T18:28:53Z,2025-09-04T13:49:58Z,aa5ca297-4beb-5474-b7a7-b9fed79cfeec,3b5d37e9-a6a2-5aee-960b-6350a78d3f7c
0b4b0a87-4c43-5f71-a733-6d729fec5133,be1ad15c-74a2-55f0-83c9-8871a1191492,DL-BE-30021,Primary,,2024-10-09T18:21:31Z,2024-10-28T18:51:24Z,7b21d5a9-bf50-57bc-b823-1061bea3a85e,2d570ed8-7d61-5d8f-9f62-404b0b642550
01d9e902-3d8d-5659-9eb6-f15dfee7f052,2bafbc40-468f-5ff6-9e83-7c5193452fe6,DL-UM-40020,Primary,,2024-10-10T14:09:59Z,2025-03-15T18:58:47Z,966191e6-68f1-51dc-9fcf-6a36cca95f6d,e3eca7ac-f44a-58a3-9585-1e9b885fbb98
f028bc35-3b12-55ff-9378-d199457a08b1,1b6add39-3e7c-597d-8ff9-9456cc9a823e,DL-UM-40008,Primary,,2024-10-14T14:16:58Z,2026-03-26T19:33:36Z,441f1974-ebd1-5444-a122-6ecd380f3333,4fed610a-6558-5708-a214-0490a5ab8232
06c2c753-1c5d-5c9b-9b9f-52c487a5b274,77a3089a-e3cb-5ebd-bc40-8ec4b5a8e16d,DL-D10-350002,Primary,,2024-10-21T17:24:16Z,2024-12-25T20:06:11Z,0d895320-61d8-5721-8434-73bc3b4f1814,bcbc4333-87cf-5aa4-b41c-9a046685bf85
92937209-12fa-596d-bacd-55d1ee03f3ee,0f65f4bb-6de3-5ffb-a064-0df71d542979,DL-BE-30016,Primary,,2024-10-21T14:59:38Z,2024-12-09T22:05:20Z,92944d17-4892-5a66-b036-76e8bd5430bb,d617ddb3-6ea0-58fe-9c1c-6cf7a91ca1ba
9bf01c31-b3e3-5ed9-b1bf-8b708b444b7b,0f65f4bb-6de3-5ffb-a064-0df71d542979,GEO-BG-30006,Sensor1,N,2024-10-21T14:59:38Z,2024-12-09T22:05:20Z,92944d17-4892-5a66-b036-76e8bd5430bb,d617ddb3-6ea0-58fe-9c1c-6cf7a91ca1ba
1e553d36-0203-5805-ad84-01e156befb66,56803cc1-5e1b-56b2-9c86-98ed7d08b9d3,DL-BE-30020,Primary,,2024-10-21T13:14:28Z,2025-03-10T20:29:31Z,35e96549-c7fc-5183-ae7a-43c01ca7d6a7,878ed641-cd15-52ca-9900-edfb8c4c2180
f0c0920b-e360-5261-8bdf-9a41e08cedbd,ef3dd4c5-1a3e-511d-969e-1ca1fb85ced4,DL-BE-30039,Primary,,2024-10-28T19:02:12Z,2025-05-14T20:32:39Z,c1a36941-629d-5603-aff0-a12feb346628,f37d6bed-a658-59a9-a37c-d4ea6687e1f6
9b3330af-24be-5c30-abfc-3ea1baa6bf80,7323502d-2cf0-55e9-8823-a7a28fb2a1bf,DL-BE-30026,Primary,,2024-11-01T19:12:25Z,2024-11-25T19:34:29Z,7c6cf6d9-a00c-5f8e-a8fc-ef53ec610344,ce535670-b255-54b7-ab3f-8b2b0590d6c6
992e847a-6062-5e41-bf47-7142a1f2f1ec,1afa1710-2800-565c-9fa8-094fed0c7b18,DL-BE-30053,Primary,,2024-11-04T15:23:21Z,2025-04-11T18:30:59Z,2a65a603-613d-514f-80ec-f5406394fe42,77e3994b-18ea-59b7-8ee2-3e559543f7b9
be06f7ba-49b0-5e2e-bf1e-a498938569aa,2bda753d-5c8a-53c1-8470-7a1023e0f6c2,DL-UM-40014,Primary,,2024-11-05T20:16:10Z,2025-01-17T18:09:43Z,936dc95f-fb0b-557c-b1d8-82b232424f8e,ddb2ed82-1f8d-52a6-a4f6-9f93ebb96b90
85f54b8f-55a8-56e8-b0dc-ca264a9765b3,2bda753d-5c8a-53c1-8470-7a1023e0f6c2,GEO-UM-40014,Sensor1,S,2024-11-05T20:16:10Z,2025-01-17T18:09:43Z,936dc95f-fb0b-557c-b1d8-82b232424f8e,ddb2ed82-1f8d-52a6-a4f6-9f93ebb96b90
5f4a6e4a-2afb-59f4-a964-efb51c22a4d2,fda854b1-778c-58ce-a1aa-3c572ced2e61,DL-D10-350000,Primary,,2024-11-06T15:44:02Z,2025-10-09T20:22:17Z,749be515-1f55-5a25-8dd6-c0eda988e59b,2793e3fa-d225-5a8a-bfbc-05a68a0b2f7b
4c01dbe8-4b9c-5fda-b8b8-81aca137df93,fda854b1-778c-58ce-a1aa-3c572ced2e61,GEO-V12-400013,Sensor1,W,2024-11-06T15:44:02Z,2025-10-09T20:22:17Z,749be515-1f55-5a25-8dd6-c0eda988e59b,2793e3fa-d225-5a8a-bfbc-05a68a0b2f7b
b6c9c8d0-0a2e-5395-aa96-6f988094fdb1,0e797565-b810-5e87-9f9a-d271157615ca,DL-UM-40022,Primary,,2024-11-21T21:23:53Z,2024-12-04T20:03:57Z,90640b1d-6698-5e25-82f6-38ea92e7929f,0b256119-d3fa-52e7-bfa2-5e3c3f8d93b1
fc7531f7-c4f8-55c1-80c4-d9e958b408e1,0e797565-b810-5e87-9f9a-d271157615ca,GEO-UM-40022,Sensor1,E,2024-11-21T21:23:53Z,2024-12-04T20:03:57Z,90640b1d-6698-5e25-82f6-38ea92e7929f,0b256119-d3fa-52e7-bfa2-5e3c3f8d93b1
906df45e-04db-5e60-ac92-b32bf77c246f,c30de80d-016c-5a8b-b613-a38a29833714,DL-D10-350003,Primary,,2024-11-25T21:48:30Z,2025-07-31T20:32:26Z,78b67c8f-a365-5e2c-80b1-bfc5385d9716,b76577e2-0786-5628-bcc2-81c16f8a7d92
23d7ade3-3904-58c6-a604-25e359ace4d3,ac887df6-dd44-504d-a738-12d3f67e35fa,DL-UM-40005,Primary,,2024-11-25T19:59:27Z,2026-03-11T17:54:37Z,ea6a594a-1642-5bc9-8738-31abe0ff6787,52ea6c2d-52cb-5601-9b5d-3576ac3b4737
9751d8d2-1e4c-5297-8dfc-9a3b15ec1f5b,ac887df6-dd44-504d-a738-12d3f67e35fa,MDM-3000000003,Modem,,2024-11-25T19:59:27Z,2026-03-11T17:54:37Z,ea6a594a-1642-5bc9-8738-31abe0ff6787,52ea6c2d-52cb-5601-9b5d-3576ac3b4737
4ba69b66-c53e-59ef-830b-e59b15770753,246df3cc-1b27-5f01-985f-c94f06984df7,DL-BE-30011,Primary,,2024-11-26T15:32:53Z,2024-12-27T22:54:18Z,d3426a18-7090-5ba7-8792-e2153f391976,e0d2eefb-4202-59e7-ab94-f518440620ef
ca3dd66f-f3c3-5c36-843a-800b6962a89b,246df3cc-1b27-5f01-985f-c94f06984df7,GEO-BG-30025,Sensor1,BH,2024-11-26T15:32:53Z,2024-12-27T22:54:18Z,d3426a18-7090-5ba7-8792-e2153f391976,e0d2eefb-4202-59e7-ab94-f518440620ef
81fb2605-b815-55cd-8dae-7ae6484f9f98,d94075ca-9d12-5bd9-ada0-9612ad3a96fd,DL-BE-30046,Primary,,2024-11-26T16:59:53Z,2025-12-08T20:15:33Z,2c2e50b2-2bab-5ea1-ac8f-adb459e412b7,336706b3-cea8-50c6-8f8b-0a2d54c6f49b
280e157c-bcb1-5658-97e8-3db8eaa25349,e7254872-0ed9-5865-9952-8db68087701c,DL-UM-40034,Primary,,2024-11-27T17:38:05Z,2026-03-09T20:04:40Z,e74f069c-005c-546b-a9a8-9db3e51cb15d,87317d7e-a552-5eef-a1ab-6739106444fd
d5c1225f-1ebb-527f-8cfb-e46fd533968d,e7254872-0ed9-5865-9952-8db68087701c,GEO-UM-40034,Sensor1,W,2024-11-27T17:38:05Z,2026-03-09T20:04:40Z,e74f069c-005c-546b-a9a8-9db3e51cb15d,87317d7e-a552-5eef-a1ab-6739106444fd
7f729263-7c01-5c31-9611-c5554f8a0ae4,d35b54b9-d8f3-5f4a-8488-0a3bc1b34ff1,DL-UM-40039,Primary,,2024-11-29T15:47:29Z,2025-02-07T19:21:45Z,a12ee721-079f-5a85-80a2-f9939711dd58,35122f47-39fb-5b69-a0be-60d43661531f
1a1055d8-24e9-5628-895e-cfd36faf87b3,d35b54b9-d8f3-5f4a-8488-0a3bc1b34ff1,GEO-UM-40039,Sensor1,E,2024-11-29T15:47:29Z,2025-02-07T19:21:45Z,a12ee721-079f-5a85-80a2-f9939711dd58,35122f47-39fb-5b69-a0be-60d43661531f
6bf8f741-70f7-54bc-a3f7-99c887ef627f,0af84396-a155-5e77-a48a-3ffeaf8746ad,DL-UM-40006,Primary,,2024-12-05T14:07:23Z,2025-04-24T20:24:56Z,b989071d-6df9-5551-9380-1fa19e7edb6f,806ce11f-1a65-5a7a-b765-f897caa5e1fb
6d7d3be7-a5fc-5504-adf6-772ad4666e69,0af84396-a155-5e77-a48a-3ffeaf8746ad,GEO-UM-40006,Sensor1,W,2024-12-05T14:07:23Z,2025-04-24T20:24:56Z,b989071d-6df9-5551-9380-1fa19e7edb6f,806ce11f-1a65-5a7a-b765-f897caa5e1fb
e638dfc9-c0d0-5f1d-9822-717cbd6a3d0e,48757ffd-a477-5537-87ab-dcd66bdf5d49,DL-BE-30023,Primary,,2024-12-05T15:42:27Z,2025-03-03T21:21:04Z,5b0d8d4c-82c6-564d-9bfc-a257b7d88eba,d8580eb9-c6a9-565e-b7e3-66f8aa051709
b4073305-95fe-5b61-a0d6-7427156b411e,48757ffd-a477-5537-87ab-dcd66bdf5d49,GEO-BG-30027,Sensor1,E,2024-12-05T15:42:27Z,2025-03-03T21:21:04Z,5b0d8d4c-82c6-564d-9bfc-a257b7d88eba,d8580eb9-c6a9-565e-b7e3-66f8aa051709
1b5df658-fdf7-5d71-a9b1-646f5fb85a5c,f13c7d8d-bae9-59c4-8d37-17adc9f503e8,DL-BE-30026,Primary,,2024-12-07T13:47:58Z,2024-12-27T20:22:16Z,8ab9815a-c066-559e-9818-0ee43317691f,a0291f88-c15a-5386-991f-963916b71202
7fdd5035-8487-5576-a458-b3341a05fe45,3970382a-71e3-5663-a50d-6f2ee05d819a,DL-BE-30060,Primary,,2024-12-09T11:59:18Z,2025-01-20T21:32:42Z,2b7bd285-fd4f-5b06-9a6f-ad1410e250f4,0d4d1090-cd42-5bbe-bdf4-dde052188e25
896c41bb-e8d4-5db2-9957-369f3902d06a,45cfba31-591d-50a9-b8dc-66cc9bdf8979,DL-BE-30019,Primary,,2024-12-09T15:34:19Z,,bab80851-21b7-5fc0-b9fa-60110da02fb8,
a6b8d6d5-708f-5028-b4ac-0e27c849202a,1d72623d-1d3d-5966-af23-f6a69f1e5736,DL-UM-40002,Primary,,2024-12-11T21:53:20Z,2025-03-31T17:30:25Z,47d37d14-f2cb-5299-af8d-a10de5fd3e65,bfe12f9c-72f6-5752-afb9-f16d7f43d937
f3e0a128-58a9-5c8d-a9dd-6843ad85e3d2,1d72623d-1d3d-5966-af23-f6a69f1e5736,MDM-3000000000,Modem,,2024-12-11T21:53:20Z,2025-03-31T17:30:25Z,47d37d14-f2cb-5299-af8d-a10de5fd3e65,bfe12f9c-72f6-5752-afb9-f16d7f43d937
ccd9d825-9156-5c7e-9356-65b4cb254253,ff2764a3-ac37-55b5-8a06-11be2ed43e83,DL-BE-30056,Primary,,2024-12-12T15:44:38Z,2025-01-16T18:45:52Z,95542c52-a42a-5de0-8966-e70125e0579c,be8fa199-2b7e-55a6-8035-bf474953cf12
c01e97a9-e101-58ee-92ab-5afd398e2010,b25d9d13-a082-5312-9a60-0dad90614d75,DL-BE-30016,Primary,,2024-12-13T14:13:38Z,2025-09-15T19:33:47Z,7927e8e0-05b4-581c-8dcf-509dd8b1bf3b,5a7f8648-28b9-502f-b4ed-e0e576d519ae
f12a7411-1260-50e4-9533-f45466b8c1ca,b25d9d13-a082-5312-9a60-0dad90614d75,GEO-BG-30006,Sensor1,S,2024-12-13T14:13:38Z,2025-09-15T19:33:47Z,7927e8e0-05b4-581c-8dcf-509dd8b1bf3b,5a7f8648-28b9-502f-b4ed-e0e576d519ae
17550358-4b13-5cd7-a8e2-77bdac03eb5a,20bf7b57-e201-50e6-89df-b615b4116a11,DL-BE-30021,Primary,,2024-12-16T16:36:14Z,2025-01-10T20:04:27Z,64c69c0e-f561-5dca-b8c8-0043a917c297,d1586dc6-bce7-5f32-a7fb-7c00b6c5678b
7f1a69c1-ef11-541e-ad72-38f5e0d44d24,6b1e83f7-337f-5cbc-adba-881a29d9be0b,DL-BE-30000,Primary,,2024-12-17T11:10:05Z,2025-08-04T22:31:04Z,761a5d5e-dc2e-52e8-951f-535acb477bd2,7e34aa36-ca82-5d2f-8848-b6d24cec0798
7579c05f-c313-5f00-9948-4472a66f5a68,3f10e37d-ba6e-5938-b5db-9526171d0649,DL-BE-30058,Primary,,2024-12-23T15:31:03Z,2025-02-18T22:58:03Z,1349aff1-c268-5b2d-953d-cfb1dc58c5c0,86bcdd79-fcb0-56f1-8fd3-de9181c792d7
6f4cb8ca-1b0a-5ed9-8987-b6fdbcbb6f2d,a1724055-d527-59de-9713-b7322aab5b0a,DL-BE-30018,Primary,,2024-12-23T16:37:28Z,2026-01-12T20:42:59Z,c59533b4-d033-5af1-88a8-73e8ec2d8017,781e30db-e9a5-53d7-becb-661acba3b854
9dc48695-cfde-5852-a7c5-fb1c701ca975,a1724055-d527-59de-9713-b7322aab5b0a,GEO-BG-30021,Sensor1,W,2024-12-23T16:37:28Z,2026-01-12T20:42:59Z,c59533b4-d033-5af1-88a8-73e8ec2d8017,781e30db-e9a5-53d7-becb-661acba3b854
e386529f-bc79-5aa2-bcee-0ddc98e7d382,94b3ec4e-b943-583e-a1ae-d9b437f3fdfe,DL-D10-300000,Primary,,2024-12-23T21:57:09Z,2025-04-28T20:43:56Z,9f09331f-1efa-5614-99c4-9868dc2f3df4,6130dab0-52d1-5078-b2da-d537a878d2d1
d370b8a5-54ab-58b9-bad2-96380b529467,f9097329-cd60-51c5-ae79-ce0cc82b5a02,DL-UM-40025,Primary,,2024-12-25T16:31:18Z,2025-07-24T10:14:22Z,00c93eb4-a14b-5552-b8da-d0ca6eff6879,cbb45afa-1229-5cc7-a110-ea0d0408c595
b2a624eb-965e-50ab-a6f9-65ff28c6fc9f,f9097329-cd60-51c5-ae79-ce0cc82b5a02,GEO-UM-40025,Sensor1,N,2024-12-25T16:31:18Z,2025-07-24T10:14:22Z,00c93eb4-a14b-5552-b8da-d0ca6eff6879,cbb45afa-1229-5cc7-a110-ea0d0408c595
21cb4268-e1b2-54ed-aff1-4c63d8003cf7,c8df0cfa-4632-5a23-8c30-f1633835f6d8,DL-D10-300006,Primary,,2025-01-01T13:52:23Z,2025-08-22T19:52:08Z,28ea294d-74be-55a6-b8fa-c0abcee0ed11,5d6de4f5-6745-5b05-a1cd-047080d0eb67
677be503-8943-5690-8082-342e950541a1,c8df0cfa-4632-5a23-8c30-f1633835f6d8,GEO-V12-400010,Sensor1,W,2025-01-01T13:52:23Z,2025-08-22T19:52:08Z,28ea294d-74be-55a6-b8fa-c0abcee0ed11,5d6de4f5-6745-5b05-a1cd-047080d0eb67
b1a14499-27ab-5972-b30a-57585980f266,a840ebcc-5a34-5c54-9ec4-8e223cfdf9e3,DL-BE-30026,Primary,,2025-01-02T14:17:16Z,2025-02-18T21:59:50Z,687bc428-f592-59c7-a6b3-195028ef0dba,76ddc826-d3f9-542c-97c9-6d8d7d572889
6a39fc83-4234-5711-a860-d1273937a7c4,953121a1-5a84-5516-a966-76749eb514ea,DL-BE-30035,Primary,,2025-01-03T19:08:44Z,,7e8aa35c-735d-5078-983c-d30e215f79cc,
20ae4174-16ef-59d3-a9ef-72684824bc6c,93da0684-03fd-54a8-9ecf-3463f957edaa,DL-UM-40001,Primary,,2025-01-06T20:22:16Z,2026-04-30T19:28:20Z,474159dc-129d-59d8-9a9a-a14d3b058a2c,f5848a58-bcba-5c2f-b961-d4cb372ca6de
faadc342-5fdf-57b6-9f2d-ca875b929c14,ac2c9512-6586-5731-ae44-499f2c90ee10,DL-UM-40013,Primary,,2025-01-07T18:47:48Z,2026-01-25T19:36:33Z,bba301e4-8dac-5a3e-b6bd-c4dfda0b693d,56c17119-de73-59a3-b84d-77554d78d158
08056389-98f6-52bf-8e60-35e5420f2487,2fe5448d-cc6f-5839-b7fc-0ef731f4e485,DL-BE-30042,Primary,,2025-01-07T20:37:17Z,2025-01-28T21:18:03Z,052bfbe1-0b4e-5128-9b72-fbcd19aaf0df,9da10e61-94c3-5a67-add4-38bff149fdb2
b7d83d1b-095e-5c13-8570-fd169fe0fa6e,855bc887-db45-5f79-9986-f74f9f5a0be4,DL-UM-40027,Primary,,2025-01-13T21:48:15Z,2025-08-18T21:38:05Z,2cfb8eb6-f6db-5270-98e4-ab8870cd63ec,894abba1-bb36-51ed-843c-b09fab41572d
ffcd875b-c17b-592f-a210-17ea3ed68915,ffab95f3-9dd2-5bc1-b51e-7f0cc294e6f3,DL-D10-350005,Primary,,2025-01-13T14:31:07Z,2025-05-19T18:32:16Z,ea592e84-b47a-5cf6-ad36-01856dec5a81,27bef9bf-9732-5060-b606-eb2c4259255e
62b55b74-9394-5d56-95d1-7d9cb835801b,ffab95f3-9dd2-5bc1-b51e-7f0cc294e6f3,GEO-V12-400004,Sensor1,BH,2025-01-13T14:31:07Z,2025-05-19T18:32:16Z,ea592e84-b47a-5cf6-ad36-01856dec5a81,27bef9bf-9732-5060-b606-eb2c4259255e
24e9795c-8e5e-579e-adc5-ebd30ebc9d9c,ffab95f3-9dd2-5bc1-b51e-7f0cc294e6f3,GEO-V12-400006,Sensor2,H,2025-01-13T14:31:07Z,2025-05-19T18:32:16Z,ea592e84-b47a-5cf6-ad36-01856dec5a81,27bef9bf-9732-5060-b606-eb2c4259255e
ca40f802-1533-5cb3-b27a-06c9bcd6dcdc,8ac0d49e-c2be-5dbe-897d-14b3543e9588,DL-UM-40009,Primary,,2025-01-14T21:32:50Z,2025-06-09T21:17:45Z,a7b49f83-ec81-5493-ae19-30e980f275e1,6a89b27e-e4aa-5450-a432-db905a0d7011
c9d9bd2c-1c5c-58be-9dbb-7bcdfe354ed4,8ac0d49e-c2be-5dbe-897d-14b3543e9588,MDM-3000000001,Modem,,2025-01-14T21:32:50Z,2025-06-09T21:17:45Z,a7b49f83-ec81-5493-ae19-30e980f275e1,6a89b27e-e4aa-5450-a432-db905a0d7011
b41598c8-2281-5417-baf5-2bd2f9c87fc4,0370a4b2-278b-53e0-bdd8-b5686b5d9b57,DL-BE-30037,Primary,,2025-01-15T14:47:23Z,2025-08-05T21:46:56Z,9339bbb4-bfc4-5681-975b-51c37c2f1e86,fa3384db-fa44-53c9-ad02-a6843d8c53e9
58656cea-e06b-5fcb-a74a-e8e00cd71984,44754451-29a6-57a1-abcc-f223006bf2bb,DL-UM-40016,Primary,,2025-01-17T19:24:06Z,2025-02-08T22:14:23Z,ae17b66f-1ee9-562a-847a-bd6fd6eb9f83,3965087f-2494-571a-ad82-73f0a529a29a
8c916290-3368-550a-bdcb-3b2558e1b71a,44754451-29a6-57a1-abcc-f223006bf2bb,MDM-3000000002,Modem,,2025-01-17T19:24:06Z,2025-02-08T22:14:23Z,ae17b66f-1ee9-562a-847a-bd6fd6eb9f83,3965087f-2494-571a-ad82-73f0a529a29a
c6443d19-3ddf-5cf7-a315-0628bd85b8f4,44754451-29a6-57a1-abcc-f223006bf2bb,GEO-UM-40016,Sensor1,E,2025-01-17T19:24:06Z,2025-02-08T22:14:23Z,ae17b66f-1ee9-562a-847a-bd6fd6eb9f83,3965087f-2494-571a-ad82-73f0a529a29a
74dd550d-50ed-51bf-8d35-a02c93602e7d,4013b300-c908-5262-a532-57786a1397b4,DL-D10-300002,Primary,,2025-01-17T12:34:14Z,2025-05-30T18:42:38Z,9e2c2587-a0bf-5b7a-a2bd-93f18d15448a,4e535230-af47-5f07-976c-56172665f81c
53f06c4a-1cc1-59ce-930c-1afb6231ee62,4013b300-c908-5262-a532-57786a1397b4,GEO-C22-450000,Sensor1,S,2025-01-17T12:34:14Z,2025-05-30T18:42:38Z,9e2c2587-a0bf-5b7a-a2bd-93f18d15448a,4e535230-af47-5f07-976c-56172665f81c
bb248acd-46e0-560d-b90c-35977265b65b,4013b300-c908-5262-a532-57786a1397b4,GEO-C22-450001,Sensor2,V,2025-01-17T12:34:14Z,2025-05-30T18:42:38Z,9e2c2587-a0bf-5b7a-a2bd-93f18d15448a,4e535230-af47-5f07-976c-56172665f81c
c0a8dd7a-720e-5ae9-9f88-524a08e773cc,4013b300-c908-5262-a532-57786a1397b4,GEO-V12-400008,Sensor3,E,2025-01-17T12:34:14Z,2025-05-30T18:42:38Z,9e2c2587-a0bf-5b7a-a2bd-93f18d15448a,4e535230-af47-5f07-976c-56172665f81c
5dfc2535-ac0e-569f-8133-e415733a3e8d,55c45c1e-220b-58e3-af77-0e344f381bea,DL-BE-30057,Primary,,2025-01-27T12:03:03Z,2025-12-18T22:30:18Z,faa8cf0a-0c8f-5503-b853-b947a3bc3331,9f6ad0a2-f833-5be5-8bbf-e7d4fbbe06ab
70d58064-aeff-528f-88da-c50a0d1772d2,fe8c304c-5d5e-574a-b97e-44b9cf1070d0,DL-UM-40014,Primary,,2025-01-27T20:35:31Z,2025-02-05T18:58:09Z,8cd789f2-2585-5ddd-9839-8ff3ab0defcd,b6a10024-5b00-5a32-b4ff-7c00920c1a82
8dd359a4-167d-5602-8ec9-b1059d7d4b24,fe8c304c-5d5e-574a-b97e-44b9cf1070d0,GEO-UM-40014,Sensor1,BH,2025-01-27T20:35:31Z,2025-02-05T18:58:09Z,8cd789f2-2585-5ddd-9839-8ff3ab0defcd,b6a10024-5b00-5a32-b4ff-7c00920c1a82
6ee6ed3e-c551-5ab2-ad74-8d10970713b8,abe14633-6759-5c5f-aff1-09030b5b48ed,DL-BE-30021,Primary,,2025-01-28T15:28:59Z,2025-05-15T20:18:30Z,25b46984-830e-5eff-9d0e-30ee4ca62834,1646adb8-69ad-5d78-8453-09a7cc338808
111d86b6-4788-51df-aa3c-e0a957a579ee,b8883b0d-074f-50f5-b601-596fb503a7f3,DL-BE-30056,Primary,,2025-01-28T20:05:21Z,2025-02-17T22:58:50Z,7c2112ac-c9d7-54e2-ae01-6e1dfded6570,97fc50c4-b23c-5b5d-82f1-7a579960289f
ffb64b75-2371-5a4d-8c92-5b6f31898299,bc04e819-f8b7-5b0e-854c-14f22d51937c,DL-BE-30059,Primary,,2025-01-28T20:38:29Z,2025-06-16T17:01:20Z,52ef4aa9-add1-5432-8bbe-1c779ee49c45,77f1c7a5-45dd-57bb-8c68-5b19fc6d7c68
38333e86-6335-5d95-a23b-878b791a6cee,b58c7e36-650c-54ff-afe2-af9612f6d0d1,DL-UM-40031,Primary,,2025-01-30T21:15:35Z,2025-02-17T21:53:09Z,edf1185e-2104-5531-8b7b-f02bd6c84da7,bf37c63a-6152-5aeb-a106-bb3d1d247c74
2fc71bab-7f92-57c9-a484-7f90f0679dbb,b58c7e36-650c-54ff-afe2-af9612f6d0d1,GEO-UM-40031,Sensor1,E,2025-01-30T21:15:35Z,2025-02-17T21:53:09Z,edf1185e-2104-5531-8b7b-f02bd6c84da7,bf37c63a-6152-5aeb-a106-bb3d1d247c74
2ba2f70f-d2b0-5f67-8f1b-adfc43095b5b,e038ef36-6eaf-5f71-9a58-579c25e1fc0e,DL-UM-40033,Primary,,2025-01-31T21:42:25Z,,afe11b69-3128-50be-9b21-9de0da86099f,
3d8c21a1-b7f0-5342-aa41-274a7b15b7f9,e038ef36-6eaf-5f71-9a58-579c25e1fc0e,MDM-3000000007,Modem,,2025-01-31T21:42:25Z,,afe11b69-3128-50be-9b21-9de0da86099f,
1fa6475f-13e3-5721-94e6-7b168f7fb09c,e038ef36-6eaf-5f71-9a58-579c25e1fc0e,GEO-UM-40033,Sensor1,BH,2025-01-31T21:42:25Z,,afe11b69-3128-50be-9b21-9de0da86099f,
a305f88e-466c-5028-957c-86d918405049,82b93831-2344-5738-925a-991466091992,DL-BE-30013,Primary,,2025-02-03T21:49:47Z,2025-02-25T22:27:10Z,07c01614-2c68-55b2-803a-0619f1a08ba8,89b99f7e-0715-5a5f-9a39-b6deb172d885
2574c1cf-14f3-5ca7-a034-bca393ae5d71,82b93831-2344-5738-925a-991466091992,GEO-BG-30031,Sensor1,BH,2025-02-03T21:49:47Z,2025-02-25T22:27:10Z,07c01614-2c68-55b2-803a-0619f1a08ba8,89b99f7e-0715-5a5f-9a39-b6deb172d885
b4662bdc-58f6-516c-9fa4-e3e999b31a79,d3682832-4c5e-57b7-beba-8c14c27de8bc,DL-BE-30060,Primary,,2025-02-03T17:00:49Z,2025-05-07T21:25:45Z,3764bc17-81ea-571c-8565-12af3c076749,51fa3da6-05b7-531a-9d24-41a4b48a74a6
54b7e57f-f4cd-52b9-b5c0-33887e1ca0a6,df243816-c730-53e9-a3c8-1e1969224187,DL-BE-30024,Primary,,2025-02-05T16:14:27Z,2025-05-01T13:38:10Z,69e868a4-2e96-5857-b98a-42e3495c8a02,0a74e00b-9261-5eb0-9e36-cb65a6b5bb48
b556dc99-82d6-5d0c-854b-8ea0a2b106cf,895f3c85-0fad-5532-8d02-b3c4e7fd309c,DL-D10-350002,Primary,,2025-02-05T21:32:37Z,2025-04-16T17:59:52Z,609286cb-794e-5a7a-abd8-a3eb1558fcf2,de0c0b1a-01f1-5b2e-b1cd-dea75d4c613e
7cf0b6ce-dc30-58d7-9ffe-f5f4e753ab9d,042c0b67-836e-511b-b5b1-8359ec9ececb,DL-BE-30042,Primary,,2025-02-05T19:47:37Z,,c5a82703-cde7-591b-9e97-b3cea8227b85,
7a71eead-3005-572e-986d-5a9ed9023331,5cd378c6-8851-580e-8d40-a32e76876245,DL-UM-40021,Primary,,2025-02-10T22:45:09Z,2026-02-25T21:49:19Z,87153608-ee78-5bbe-84d5-15b67b274341,bf005540-adaa-5e6a-83e7-3112e75a25fd
9f05a097-fa04-5598-b1e5-38aa5e4da73c,b3a5a040-e10f-5de3-a529-5fe428db2da3,DL-BE-30017,Primary,,2025-02-11T16:31:59Z,2025-05-19T20:02:30Z,f88d3a5e-4f68-5d8a-8be5-223898ef132e,42ba56cf-041c-5ab9-8d75-a909448d6ef7
8d2ed829-c48e-56fc-a426-2c8fefe13e90,b3a5a040-e10f-5de3-a529-5fe428db2da3,GEO-BG-30018,Sensor1,BH,2025-02-11T16:31:59Z,2025-04-08T18:15:49Z,f88d3a5e-4f68-5d8a-8be5-223898ef132e,2dc9e732-93d1-56b2-83ec-db4f51438282
4467b659-bc65-5169-9e9d-b04bd177c1bb,6a47bd57-ac06-587e-9d62-70dd6573e6b9,DL-BE-30028,Primary,,2025-02-12T15:01:50Z,2025-02-25T20:13:06Z,bdff827e-bb43-5b28-a832-f3f7e27e9e82,0b57064f-5782-529e-b5b9-d5c1f441d1d9
0200185e-4703-53f9-aaaf-68d538240572,c99cd3b5-dd8f-50ef-b953-32e667166f1f,DL-BE-30011,Primary,,2025-02-14T13:37:22Z,2026-04-06T19:09:16Z,c76351b3-15ff-565a-ba04-b3bc9ea9f099,81051be2-934e-50e2-9316-9f0cb5099a3d
236080e7-0a61-56fb-942d-884f0e9f373a,c99cd3b5-dd8f-50ef-b953-32e667166f1f,GEO-BG-30025,Sensor1,E,2025-02-14T13:37:22Z,2026-03-12T19:49:08Z,c76351b3-15ff-565a-ba04-b3bc9ea9f099,134cfdf5-95f1-538d-bac0-6e738abf33d3
f3221e8e-8c8a-56c2-907f-13b881535def,687ee49a-9199-5a74-b3cf-06947e39337c,DL-UM-40032,Primary,,2025-02-14T13:32:10Z,,b7d801d3-1403-5274-ba08-f7f3c73468c0,
04e4a16c-f910-5a58-9aaf-7bbb4a1f7a89,687ee49a-9199-5a74-b3cf-06947e39337c,GEO-UM-40032,Sensor1,V,2025-02-14T13:32:10Z,,b7d801d3-1403-5274-ba08-f7f3c73468c0,
b6ff0614-46a7-5881-ae14-d1d165c8e513,ad20dffd-b32c-51ff-ba8f-48b36f378991,DL-UM-40016,Primary,,2025-02-17T19:52:05Z,2025-10-29T21:39:47Z,7c5d897d-3107-5856-a471-12d0a3dcb50a,caf664d1-6b90-5077-ae4a-a2a87e34d57c
6355fa94-1cf9-56a0-8837-f9be1356a2cc,ad20dffd-b32c-51ff-ba8f-48b36f378991,MDM-3000000002,Modem,,2025-02-17T19:52:05Z,2025-10-29T21:39:47Z,7c5d897d-3107-5856-a471-12d0a3dcb50a,caf664d1-6b90-5077-ae4a-a2a87e34d57c
3d23b82e-5b27-5149-b16a-2374ced8e2ec,ad20dffd-b32c-51ff-ba8f-48b36f378991,GEO-UM-40016,Sensor1,S,2025-02-17T19:52:05Z,2025-10-29T21:39:47Z,7c5d897d-3107-5856-a471-12d0a3dcb50a,caf664d1-6b90-5077-ae4a-a2a87e34d57c
9a00bd52-c0c7-5d7c-a9ec-b650efc0321d,c13dea8a-1be7-5f6a-8866-d4da3d80f831,DL-UM-40022,Primary,,2025-02-20T13:51:54Z,2025-03-03T22:29:27Z,495126a8-9970-584b-9a7d-3063dc0d1100,139852cf-f5be-52ce-a57e-8abef2740abd
9fecf59e-f4ac-5b8f-aede-35b69267bbc9,c13dea8a-1be7-5f6a-8866-d4da3d80f831,GEO-UM-40022,Sensor1,H,2025-02-20T13:51:54Z,2025-03-03T22:29:27Z,495126a8-9970-584b-9a7d-3063dc0d1100,139852cf-f5be-52ce-a57e-8abef2740abd
129edb6d-ef65-5456-94b3-c1723ae28373,bcddc185-2e20-5bdd-9c27-895489fb2546,DL-UM-40039,Primary,,2025-02-24T19:36:48Z,2025-03-19T20:02:38Z,1d9f512e-097f-56f2-821b-cdb10205e3a8,723bba96-678f-50e5-b5f4-2c7901da8efc
bcd8ab39-fc38-58b6-9503-a910f92c1f6c,bcddc185-2e20-5bdd-9c27-895489fb2546,GEO-UM-40039,Sensor1,H,2025-02-24T19:36:48Z,2025-03-19T20:02:38Z,1d9f512e-097f-56f2-821b-cdb10205e3a8,723bba96-678f-50e5-b5f4-2c7901da8efc
b374e22c-3150-5f63-a72e-633e6ffd2f5c,5af2736a-0aef-53c6-8f1e-88e9b34664fb,DL-UM-40000,Primary,,2025-02-24T21:55:02Z,2026-08-21T18:09:14Z,e28c1467-395e-5621-ad90-dc8686c7b07b,dec81e81-b615-5b9b-bcb3-573ae9d18012
58e4cf22-b639-5f0a-8b18-d34d679835d0,5af2736a-0aef-53c6-8f1e-88e9b34664fb,GEO-UM-40000,Sensor1,V,2025-02-24T21:55:02Z,2026-08-21T18:09:14Z,e28c1467-395e-5621-ad90-dc8686c7b07b,dec81e81-b615-5b9b-bcb3-573ae9d18012
66f93b05-ff5a-533e-9961-d7a3365c2f28,5af2736a-0aef-53c6-8f1e-88e9b34664fb,SLM-UA-40002,Microphone,,2025-02-24T21:55:02Z,2026-08-21T18:09:14Z,e28c1467-395e-5621-ad90-dc8686c7b07b,dec81e81-b615-5b9b-bcb3-573ae9d18012
998730dc-8f57-5d19-a8fd-f1529f4657d8,85b44473-43cb-5ed7-9942-e8da7441db37,DL-BE-30056,Primary,,2025-02-28T22:05:34Z,2025-03-11T17:47:48Z,178cf1e7-4b10-551b-9cdb-285eeaa7ecbf,124e3768-bedd-5b7f-b70c-451344a8529f
414823ff-2ba7-5d10-8b35-9514a367a9c8,dafbf061-cb36-53da-a978-394d3832258e,DL-BE-30028,Primary,,2025-03-03T14:05:39Z,2025-03-11T18:43:36Z,83a82143-ff25-503c-bfd1-3a9dc4079606,8694c522-9c64-5a83-a566-e95543da5fd5
523597fe-d0ab-5d4f-9393-d681dbdd5681,231ad31c-9f99-52c5-b020-a41d774ccea5,DL-UM-40014,Primary,,2025-03-04T14:44:15Z,2025-04-21T19:06:35Z,3a2460e8-9f37-5237-8a47-f54639ed1223,4c0a442d-3f2a-5667-a7d0-09744235d50a
57e5549b-284d-52ff-af31-8d699ca9b682,231ad31c-9f99-52c5-b020-a41d774ccea5,GEO-UM-40014,Sensor1,BH,2025-03-04T14:44:15Z,2025-03-17T18:17:25Z,3a2460e8-9f37-5237-8a47-f54639ed1223,98c0aafa-9dc4-5d9a-adb3-542488594dc5
5fbb75aa-1cd4-5394-8602-7ac982afaeba,9d070830-8baa-5e67-9313-482de45ab2be,DL-D10-350004,Primary,,2025-03-06T20:44:31Z,2025-10-07T19:30:18Z,e9c87234-aae1-52b6-840f-eef736f9313a,45abcb0e-1ae3-5b30-bbc8-5d9f29c9c6ec
ccd62818-0a75-5106-80ed-3e9d1e8ab038,24b7a8ef-b62f-5ff4-b27f-f4ca2562b3d4,DL-UM-40031,Primary,,2025-03-10T17:58:26Z,2025-09-01T20:32:33Z,2f581b60-5ca5-56d6-959e-32c9c5e873a5,06023736-a12c-53cf-9d5a-a8c60eb104c0
c2db85c3-c4c7-57a5-89db-00f2b82c162e,24b7a8ef-b62f-5ff4-b27f-f4ca2562b3d4,GEO-UM-40031,Sensor1,H,2025-03-10T17:58:26Z,2025-09-01T20:32:33Z,2f581b60-5ca5-56d6-959e-32c9c5e873a5,06023736-a12c-53cf-9d5a-a8c60eb104c0
80b4b570-f441-5998-bc04-80793e44d844,cd4e407c-d29b-5e3d-bf1a-35e75153b551,DL-BE-30020,Primary,,2025-03-12T12:23:57Z,2025-03-25T18:04:44Z,1af4181d-6072-5a83-be89-0319ca15cb3a,8e07f5f7-01d4-541b-8b1a-7a4c10717553
2f6dbcaa-630e-51f2-b6e1-52adc9f7ed50,1ea53ca9-e48f-53f3-9900-2ff346319cc4,DL-BE-30013,Primary,,2025-03-17T18:32:43Z,2026-08-17T18:07:35Z,7794ae89-e7e7-549d-8cbc-57af96d1d3ca,e1c43b5c-3431-5a54-ba63-718450693e52
4b61aaed-dd40-5ddd-95eb-b90dcfc82e52,1ea53ca9-e48f-53f3-9900-2ff346319cc4,GEO-BG-30031,Sensor1,N,2025-03-17T18:32:43Z,2026-07-08T19:18:36Z,7794ae89-e7e7-549d-8cbc-57af96d1d3ca,21070c7c-b137-57f7-a0c9-1fa1e18c6a91
856c738b-7be0-51bb-a28c-bc1d6e6a9152,284b3e48-7ba9-5464-ac0a-c4b8992d3d0c,DL-BE-30028,Primary,,2025-03-20T19:35:59Z,2025-05-05T19:37:05Z,f8ab083d-dad4-5f91-b453-a6192a44163d,a7f53442-7dd2-5f28-8435-9d58dfdab0a4
ff28a533-8ec6-5530-beac-4159a9708907,1631f9ec-4aee-5161-a0e2-0866ae15452c,DL-UM-40020,Primary,,2025-03-24T13:59:33Z,2025-04-10T20:24:41Z,16241afd-74a2-5583-89e9-52eff2c8e21d,780ccc41-6a69-51db-9417-d85dd49af689
fee03ae7-cd9c-5bdf-aba6-e069f382547f,de7d92b2-5a26-5fd6-8ea9-9d44b4179c11,DL-D10-300005,Primary,,2025-03-28T14:19:36Z,2025-05-23T20:55:20Z,a5ce2434-61f6-5a8d-bc5b-a42bbba8d951,41ab18e5-9f2d-5fbd-9e96-2f82e2037844
cd1aebb1-538f-59aa-869e-5383d675b981,de7d92b2-5a26-5fd6-8ea9-9d44b4179c11,GEO-V12-400003,Sensor1,W,2025-03-28T14:19:36Z,2025-05-23T20:55:20Z,a5ce2434-61f6-5a8d-bc5b-a42bbba8d951,41ab18e5-9f2d-5fbd-9e96-2f82e2037844
7e0a02b8-8ebc-52e1-a067-d3be839662e8,de7d92b2-5a26-5fd6-8ea9-9d44b4179c11,SLM-S50-500023,Microphone,,2025-03-28T14:19:36Z,2025-05-23T20:55:20Z,a5ce2434-61f6-5a8d-bc5b-a42bbba8d951,41ab18e5-9f2d-5fbd-9e96-2f82e2037844
e00a6083-d66f-548b-9717-d5282dd6eb55,912a989d-9bf0-53e8-8d9f-8eb57f2dfb33,DL-UM-40039,Primary,,2025-03-30T14:40:12Z,2025-11-03T22:13:24Z,2bf564fb-15da-5557-84b9-5810c8ce9f0d,7f2496bb-f5c0-57d1-a7eb-e73f9741f9f3
dc27cfb6-8062-5bc7-bb7f-5140b74e7a13,912a989d-9bf0-53e8-8d9f-8eb57f2dfb33,GEO-UM-40039,Sensor1,BH,2025-03-30T14:40:12Z,2025-11-03T22:13:24Z,2bf564fb-15da-5557-84b9-5810c8ce9f0d,7f2496bb-f5c0-57d1-a7eb-e73f9741f9f3
8aa01dcf-f242-5c57-b150-aaf0985274c6,6cbd4270-a9ca-525b-93bd-df1e830f0974,DL-BE-30002,Primary,,2025-04-03T12:21:41Z,2025-12-15T20:36:47Z,41bd9d4a-54b4-5b40-897c-d46d4ef53e94,7cd79b6a-d3d0-58e1-bbf4-fb8e70f75a64
eda51e40-c854-5ee9-a9f5-786cdec3f420,6cbd4270-a9ca-525b-93bd-df1e830f0974,GEO-BG-30000,Sensor1,E,2025-04-03T12:21:41Z,2025-12-15T20:36:47Z,41bd9d4a-54b4-5b40-897c-d46d4ef53e94,7cd79b6a-d3d0-58e1-bbf4-fb8e70f75a64
d5db0ba7-aac4-5d41-b3a2-aa87bcbb268b,752b26c9-de29-5d44-a39a-b2e3e3d7289f,DL-D10-350006,Primary,,2025-04-03T13:25:16Z,2025-04-25T19:52:59Z,3ef66a05-2f40-521a-ac39-8d606d60f30a,610d129e-7915-57af-be62-b34822bede9c
15075131-a486-53ef-a090-1dbf7f505f1c,a28e5abb-82de-5dd9-9481-9283209197b7,DL-BE-30027,Primary,,2025-04-04T15:52:02Z,2025-11-27T19:05:42Z,76063b6d-f6f1-5812-9115-ee337fead598,30204aef-dcd5-5966-a2fb-2d365eaf6d5d
44513d88-4683-5d90-90a0-543ddce3b5fd,485749f4-36f9-5f40-8869-d07d9945b8ce,DL-BE-30050,Primary,,2025-04-07T20:05:03Z,2025-06-22T20:02:58Z,b1b984ce-f3a5-55e5-8b58-56172896031e,6d26c832-e9d8-50b6-b9b9-bde276d6a6f6
74141eb3-c8e5-52c5-a38b-3241bc3b7fb2,2a111c96-0525-5e3f-976b-52cc47a680f6,DL-D10-300003,Primary,,2025-04-07T12:08:06Z,2026-05-07T21:46:26Z,27dafa32-fb34-53a7-88cc-399f0ded913a,c6a16ccb-4e68-53db-8ae7-dbcc4841df1e
04cff39f-81c6-5767-86ac-65cacfa355ec,2a111c96-0525-5e3f-976b-52cc47a680f6,GEO-C22-450007,Sensor1,V,2025-04-07T12:08:06Z,2026-05-07T21:46:26Z,27dafa32-fb34-53a7-88cc-399f0ded913a,c6a16ccb-4e68-53db-8ae7-dbcc4841df1e
6106f056-d9f5-51e6-98c3-8b041f590ecf,5212d8de-6a8f-577d-ab18-4db398a46837,DL-UM-40022,Primary,,2025-04-09T18:33:38Z,2026-08-04T21:36:10Z,b06111f5-665b-5161-8ebe-a8dba4e4442d,46a7105d-c5ca-5d28-af85-145585a7c3a1
2bc4b0a6-5eaf-5af6-87f3-fc6dd3f43ba2,5212d8de-6a8f-577d-ab18-4db398a46837,GEO-UM-40022,Sensor1,H,2025-04-09T18:33:38Z,2026-08-04T21:36:10Z,b06111f5-665b-5161-8ebe-a8dba4e4442d,46a7105d-c5ca-5d28-af85-145585a7c3a1
d49a657e-275a-577d-86d8-e7b35cd757e8,64935d44-ceaf-5eee-b60f-4691c49eebe9,DL-BE-30023,Primary,,2025-04-11T17:57:59Z,2025-12-12T19:23:14Z,e674cac0-89bc-572e-9e41-43a8caed7719,6074c4fc-665c-5aba-83e9-a7967f89c43f
f89bb820-98b1-5111-b395-cf9f4f58a908,64935d44-ceaf-5eee-b60f-4691c49eebe9,GEO-BG-30027,Sensor1,V,2025-04-11T17:57:59Z,2025-12-12T19:23:14Z,e674cac0-89bc-572e-9e41-43a8caed7719,6074c4fc-665c-5aba-83e9-a7967f89c43f
d28caa93-05ef-5c3b-8188-8b4f7e2df7b8,a4dca78f-8836-5954-b24d-bf34bf1344d8,DL-BE-30044,Primary,,2025-04-13T17:09:38Z,2025-04-27T19:58:38Z,3bcb566f-8f1b-545f-a85a-2a2f9c38cae9,aabef929-6cd4-54ed-8941-755d8df4a4f5
c9b05e2d-5c69-566c-b995-b711c9e54f2b,c03e8f7c-45c8-5a28-909a-c953ec2fe017,DL-D10-300001,Primary,,2025-04-15T12:46:36Z,,59e8213b-190a-5e79-a8b9-6bab11d0df00,
b6656cd4-64ef-5e0d-9f17-21266cd1961e,c03e8f7c-45c8-5a28-909a-c953ec2fe017,SLM-S50-500002,Microphone,,2025-04-15T12:46:36Z,,59e8213b-190a-5e79-a8b9-6bab11d0df00,
d0f883ed-a9c7-516c-8e0e-c87573a7fb4b,f1e3d438-e956-5abf-a8dd-03cfa9be40ec,DL-BE-30061,Primary,,2025-04-15T18:48:20Z,2026-06-30T21:13:02Z,74ebaf11-bf88-5447-818c-951d17d721c3,23f52378-daa4-5384-851b-d6e781b2dbc5
c5522c8e-dd9c-545b-aed5-6ea32bc8da50,624c4d48-754f-50c3-a25d-74b32b0400af,DL-UM-40020,Primary,,2025-04-17T18:25:55Z,2025-07-28T23:30:37Z,f71278d7-cf94-5e7d-9b58-8fb46a03a739,3b3f8df2-cc7f-563b-8b4c-9dc33910e6fd
b3e53317-a80d-51f5-9560-2923443ea239,f5c59de6-8b68-5a5f-a43a-b2405a72b450,DL-UM-40024,Primary,,2025-04-18T11:50:48Z,2025-07-30T19:02:28Z,6dff1297-9429-5b63-84a9-14a1b686e54d,acad1ce2-7d46-5ed0-95fb-eea3510fd44e
5133be77-b124-5ff7-a08a-4cd401321fd2,f5c59de6-8b68-5a5f-a43a-b2405a72b450,GEO-UM-40024,Sensor1,W,2025-04-18T11:50:48Z,2025-07-30T19:02:28Z,6dff1297-9429-5b63-84a9-14a1b686e54d,acad1ce2-7d46-5ed0-95fb-eea3510fd44e
0b8997c3-8635-52c7-8339-bec388700916,1ba4ac85-9c7c-52eb-bb88-d43da9e0c636,DL-BE-30056,Primary,,2025-04-21T18:19:04Z,2025-05-12T21:26:54Z,717cb7c3-da02-570c-ad7f-983c1940a842,35b1cd2a-962e-5e81-948e-89f51894187a
4e6cb37b-6ab7-5204-9a23-6361e6c0795c,e5c7e027-bee0-540e-bcd8-96430a85f356,DL-BE-30048,Primary,,2025-04-28T17:42:15Z,2025-07-30T15:48:23Z,d488267f-ab00-5ed5-a417-c34cff5bdef1,c7bd4769-8223-559c-8d91-52c8819622f3
3aa3415f-791c-5717-94f4-cb8e5e814a0d,85b7c4cf-c714-5cb3-a02e-d8c6538ebfc6,DL-D10-350002,Primary,,2025-04-29T12:03:32Z,2026-01-10T22:08:39Z,35b3114a-f9eb-52cd-b59a-23fe4d5b6452,7f1a06df-e751-520e-921a-a4ef28962732
261a0255-fadb-5a41-bc82-6ce79f33353d,ba0152f5-8c0b-538e-b635-b4f4fd2be57b,DL-UM-40004,Primary,,2025-04-30T19:28:58Z,2025-08-18T20:14:40Z,e7f1b29c-eacf-549f-b769-cd8ca4ae4efa,8756b85c-4275-5ac3-98a4-45fc91b3b6ba
7ab82657-345c-56ec-9a49-a2e969d0fd61,ba0152f5-8c0b-538e-b635-b4f4fd2be57b,GEO-UM-40004,Sensor1,V,2025-04-30T19:28:58Z,2025-08-18T20:14:40Z,e7f1b29c-eacf-549f-b769-cd8ca4ae4efa,8756b85c-4275-5ac3-98a4-45fc91b3b6ba
c5f33029-66f1-5558-b7d7-1c3709fe9002,ba0152f5-8c0b-538e-b635-b4f4fd2be57b,MDM-3000000005,Modem,,2025-04-30T19:28:58Z,2025-08-18T20:14:40Z,e7f1b29c-eacf-549f-b769-cd8ca4ae4efa,8756b85c-4275-5ac3-98a4-45fc91b3b6ba
08dd0ab3-0a7f-5670-8e16-b3d58f85e398,aafce180-140e-5d47-8d28-9ef2fa02e017,DL-D10-350006,Primary,,2025-05-05T17:05:59Z,2025-06-05T19:13:32Z,f1dfb6ed-9933-5cac-aa8a-fbcb322ade3f,2ec894fd-f5a3-5c67-ae6d-f92d6d1b3f35
fe519ada-bb1e-590d-969f-724e2959df34,17c771e0-7d7d-53c6-b80a-1cb0874a1f7a,DL-UM-40006,Primary,,2025-05-05T20:15:42Z,2025-07-28T19:56:28Z,c658aba8-f78f-53a0-8834-4a90b6d62322,85139a02-ecab-5c17-9265-6167b5b1813b
0c2227eb-73d4-5ac5-ba4c-7bcd60121435,17c771e0-7d7d-53c6-b80a-1cb0874a1f7a,GEO-UM-40006,Sensor1,W,2025-05-05T20:15:42Z,2025-07-28T19:56:28Z,c658aba8-f78f-53a0-8834-4a90b6d62322,85139a02-ecab-5c17-9265-6167b5b1813b
a534aeec-2f9c-5631-8545-46e1b2ef30c9,f036b8ce-56ec-5019-bf09-6a4f6558ee0b,DL-UM-40037,Primary,,2025-05-09T10:11:00Z,2026-08-24T19:29:42Z,fb21c564-fdf5-5dd8-aecc-3246f0d4760e,ec617bbd-8f61-58bd-8c3a-755dd81ca07a
d64606e3-41df-577d-8abd-ccf48b510366,f036b8ce-56ec-5019-bf09-6a4f6558ee0b,GEO-UM-40037,Sensor1,BH,2025-05-09T10:11:00Z,2026-08-24T19:29:42Z,fb21c564-fdf5-5dd8-aecc-3246f0d4760e,ec617bbd-8f61-58bd-8c3a-755dd81ca07a
e563dafb-3579-5842-808b-1b2715cd1222,eb7603bb-25c8-5477-b097-70811d009be1,DL-BE-30036,Primary,,2025-05-12T19:05:06Z,2025-08-06T19:38:32Z,479525d3-8f52-5e20-9658-15c0eda2c454,6ead2d37-ccd3-5aa1-84db-fdc341ac3ab1
0b849885-071e-5605-940c-4945504dff5a,eb7603bb-25c8-5477-b097-70811d009be1,GEO-BG-30030,Sensor1,N,2025-05-12T19:05:06Z,2025-08-06T19:38:32Z,479525d3-8f52-5e20-9658-15c0eda2c454,6ead2d37-ccd3-5aa1-84db-fdc341ac3ab1
e3df1411-5102-5665-a5a8-f7f7076dbd50,eb7603bb-25c8-5477-b097-70811d009be1,GEO-BG-30033,Sensor2,W,2025-05-12T19:05:06Z,2025-08-06T19:38:32Z,479525d3-8f52-5e20-9658-15c0eda2c454,6ead2d37-ccd3-5aa1-84db-fdc341ac3ab1
599d8c46-8098-5b04-9803-83b1c1f42294,ec2c0b26-c9f3-574c-b931-b4ce4364271a,DL-BE-30020,Primary,,2025-05-12T14:02:32Z,2025-08-11T21:38:11Z,3c67b3c8-a923-58d1-bef3-f4cd65a7660e,5088028d-b4b9-5e63-8f87-71a08e33546d
a1e984da-5c00-5a64-af69-6792290d4965,a38daa97-4302-5c7b-942b-a327f608bef3,DL-BE-30054,Primary,,2025-05-15T12:51:33Z,2025-10-20T21:29:01Z,573b7554-4d76-541b-bf24-fd4f506ed123,37032d81-87dd-5de5-886c-3131a989ee17
32d10fc5-078f-5339-86bd-bd10f41d4d57,8c467d9d-20a4-5e50-9d4b-3e60777555d5,DL-UM-40002,Primary,,2025-05-19T13:47:45Z,2025-08-04T20:00:12Z,e8ef77c5-4524-5de6-9b2c-d50cd20c6fb1,e6821838-3f39-5769-b1d4-b4beba392cec
2d98bee0-302f-53f2-8bf9-a444323c11fe,8c467d9d-20a4-5e50-9d4b-3e60777555d5,GEO-UM-40002,Sensor1,E,2025-05-19T13:47:45Z,2025-08-04T20:00:12Z,e8ef77c5-4524-5de6-9b2c-d50cd20c6fb1,e6821838-3f39-5769-b1d4-b4beba392cec
76a2a8a0-9a5a-52d7-9105-bbd9113404c0,8c467d9d-20a4-5e50-9d4b-3e60777555d5,MDM-3000000000,Modem,,2025-05-19T13:47:45Z,2025-08-04T20:00:12Z,e8ef77c5-4524-5de6-9b2c-d50cd20c6fb1,e6821838-3f39-5769-b1d4-b4beba392cec
9fbb7c6f-6b9f-5e97-8b4f-d91b14ea0141,c0f44f97-12d3-5d1e-a460-cd29f5100a01,DL-BE-30039,Primary,,2025-05-20T19:58:40Z,2025-11-24T21:27:58Z,90c2aedc-3217-5578-97c7-c616a0ab6578,1ff34248-06ce-5926-a5ce-0076c4ed3c85
1a1bbbbf-665e-5109-96fc-694a627620b1,658562e1-da87-547b-83e2-292f525a15b6,DL-BE-30028,Primary,,2025-05-21T11:46:11Z,,ba2b5d87-5282-5144-87c6-9b99d3dd4aaf,
2c5e26df-e9bf-5fc7-9106-1033963732d5,3c0e339f-3ad8-5afb-9433-7461547959b6,DL-D10-350005,Primary,,2025-05-23T15:59:08Z,2026-02-06T19:21:58Z,636db6f7-4737-58e8-8644-f9d7d55fb4e2,8879c782-fe7a-5541-bdea-ac9a5616b1f6
c80455c8-000e-5287-b07d-e631e79604a1,3c0e339f-3ad8-5afb-9433-7461547959b6,GEO-V12-400004,Sensor1,E,2025-05-23T15:59:08Z,2025-07-17T14:56:13Z,636db6f7-4737-58e8-8644-f9d7d55fb4e2,16104d34-34e1-55bd-8a88-8ed0f4b63705
f03e2c9c-7e2a-52dc-92d2-8dfddc8b2d56,3c0e339f-3ad8-5afb-9433-7461547959b6,GEO-V12-400006,Sensor2,N,2025-05-23T15:59:08Z,2026-02-06T19:21:58Z,636db6f7-4737-58e8-8644-f9d7d55fb4e2,8879c782-fe7a-5541-bdea-ac9a5616b1f6
c12e8002-cced-5aaf-82db-17301165d785,3c0e339f-3ad8-5afb-9433-7461547959b6,SLM-S50-500020,Microphone,,2025-05-23T15:59:08Z,2026-02-06T19:21:58Z,636db6f7-4737-58e8-8644-f9d7d55fb4e2,8879c782-fe7a-5541-bdea-ac9a5616b1f6
d9fcf7fb-c935-5028-ac22-500c322ae4a4,dff599d6-16a1-50d5-aff1-4b7480e4c9ac,DL-BE-30017,Primary,,2025-05-23T20:46:24Z,2025-06-04T20:08:25Z,6e41dd8c-a83f-5325-87bf-6bf900cb0919,ecb41877-1747-5651-8c38-a4ae1efb6009
d4e565a9-bae8-51d9-a10f-1f57acfaa869,dff599d6-16a1-50d5-aff1-4b7480e4c9ac,GEO-BG-30018,Sensor1,E,2025-05-23T20:46:24Z,2025-06-04T20:08:25Z,6e41dd8c-a83f-5325-87bf-6bf900cb0919,ecb41877-1747-5651-8c38-a4ae1efb6009
e82f79ea-396f-5cba-a07e-74bffbc12eb0,14817a6a-9530-52a4-9cc8-71e4c3d4a5b9,DL-BE-30021,Primary,,2025-05-26T14:53:46Z,2025-11-04T20:49:34Z,2f1bc6ea-8506-5c8d-af0b-bb356dc60957,b1e7affa-f8b1-59a5-95db-374f3d92cf7d
0cdec60f-73d8-5186-a885-1b4e4f0ade09,f3c4f214-1bbc-5411-ada5-74d90a6c1aa1,DL-BE-30006,Primary,,2025-05-28T14:14:45Z,2026-07-14T18:22:42Z,5b0d958d-2bbf-5436-aa32-cad0cdd80fea,06616156-c452-53e0-8daa-e33b2d016e53
bdd41665-4589-5479-83c6-063561c6b35f,d6a77f38-3a9d-5b35-bdc3-f659d8598532,DL-BE-30034,Primary,,2025-05-30T14:56:06Z,2025-12-24T22:41:25Z,c74914ba-4299-557f-993c-6b8e0fd953c0,70754b63-ecea-5def-8395-1a2906e45540
9dc9647f-c390-5600-8a6a-dffdac6fc834,d6a77f38-3a9d-5b35-bdc3-f659d8598532,GEO-BG-30024,Sensor1,V,2025-05-30T14:56:06Z,2025-12-24T22:41:25Z,c74914ba-4299-557f-993c-6b8e0fd953c0,70754b63-ecea-5def-8395-1a2906e45540
a196c507-618c-596f-b1e1-4da15c03c0dc,d6a77f38-3a9d-5b35-bdc3-f659d8598532,GEO-BG-30026,Sensor2,BH,2025-05-30T14:56:06Z,2025-12-24T22:41:25Z,c74914ba-4299-557f-993c-6b8e0fd953c0,70754b63-ecea-5def-8395-1a2906e45540
204fe2b8-eacf-5513-903e-e7676cba4ef6,0ad2944f-b375-59db-bd71-27480426420c,DL-BE-30053,Primary,,2025-06-02T18:59:02Z,2025-07-08T21:00:37Z,2d7b3d6f-efaf-570b-9ae2-7d0c30ac7f44,6f9d517d-13e3-597a-b2f9-70051ca05294
59b632e7-cc69-57eb-b2b0-b13280f4b89a,0d6ee26c-1fe1-51b8-b478-b188db567755,DL-BE-30056,Primary,,2025-06-02T20:04:22Z,2026-05-21T17:47:12Z,9319c1d1-588e-59ca-a4c2-a4626310ddde,40c57576-f620-5f5a-bd16-71933d7ea441
f5ac7cf1-7b71-516d-b21d-5f1d9335ac93,5910dce9-b4fb-57d2-bd48-b6b6d41c8d1a,DL-D10-300002,Primary,,2025-06-03T20:45:18Z,2026-07-29T18:44:39Z,fd06f24b-61c5-555d-9ed5-79b1145695ea,cbff4edd-896b-5153-94c2-906b43413c33
c239d4f3-b32a-5aab-9d1b-741540d13eb4,5910dce9-b4fb-57d2-bd48-b6b6d41c8d1a,GEO-C22-450000,Sensor1,E,2025-06-03T20:45:18Z,2026-07-29T18:44:39Z,fd06f24b-61c5-555d-9ed5-79b1145695ea,cbff4edd-896b-5153-94c2-906b43413c33
6d50019b-46bf-5541-95ca-ea7618dbe6d0,5910dce9-b4fb-57d2-bd48-b6b6d41c8d1a,GEO-C22-450001,Sensor2,E,2025-06-03T20:45:18Z,2026-07-29T18:44:39Z,fd06f24b-61c5-555d-9ed5-79b1145695ea,cbff4edd-896b-5153-94c2-906b43413c33
e73c9196-7c7a-5541-87d2-ed2e116b7a0c,5910dce9-b4fb-57d2-bd48-b6b6d41c8d1a,GEO-V12-400008,Sensor3,H,2025-06-03T20:45:18Z,2026-07-29T18:44:39Z,fd06f24b-61c5-555d-9ed5-79b1145695ea,cbff4edd-896b-5153-94c2-906b43413c33
a2efbdf8-1257-5f18-beda-974617ced3a1,085446c6-a03d-5fbe-81f4-bcc5361b544a,DL-BE-30060,Primary,,2025-06-04T17:33:45Z,2025-10-09T21:58:08Z,445dae1d-c741-5322-b9d6-97a403e12def,ed83d360-323c-5493-9fec-a67806f03fa3
cfe89bd2-302d-51e7-ad23-ae4eb0eda2a1,9ba58970-591b-548d-b2b4-3c82dc246da0,DL-UM-40014,Primary,,2025-06-05T19:45:15Z,2025-11-05T22:38:44Z,ed589bad-32c5-5651-8a4a-fdf1b98cb390,4f66eb8e-ebd1-5107-ab97-896669d8e2e9
e6111aee-68f5-5a91-9b20-760da0910e8c,9ba58970-591b-548d-b2b4-3c82dc246da0,GEO-UM-40014,Sensor1,V,2025-06-05T19:45:15Z,2025-11-05T22:38:44Z,ed589bad-32c5-5651-8a4a-fdf1b98cb390,4f66eb8e-ebd1-5107-ab97-896669d8e2e9
96b1acc9-0738-509f-a64b-431becf139b5,b423d6c8-349f-543d-884a-1309aa65b6a5,DL-BE-30044,Primary,,2025-06-12T11:35:56Z,2026-03-16T20:00:55Z,8cbb31d1-289e-5d20-9a98-2fefe2eec67a,f9f9cd9e-c97d-548f-9a18-664d8b34f723
dd9dfbec-4f6f-5f94-a5ba-ae5b0d30bbca,2193b3ec-2eb1-5cc1-9d7c-080e63a9b7cf,DL-D10-350001,Primary,,2025-06-17T14:05:15Z,2025-09-03T17:31:15Z,abe91659-6d22-543b-80e6-4214517e47bc,98e58ed8-52ec-5de1-ad7e-29e04b8054d2
2c734fad-1b5d-5476-8b07-09381621a84f,bf368b80-b53f-5615-a358-deab7d3f8dc9,DL-BE-30010,Primary,,2025-06-18T10:12:30Z,2025-12-27T01:04:26Z,018a7c1c-c5e1-5ab4-bb6d-159f5b24479b,4aa067f5-8a00-568f-99ba-597e79ffa431
23e41378-8584-5584-9737-6d0445a5a403,bf368b80-b53f-5615-a358-deab7d3f8dc9,GEO-BG-30010,Sensor1,E,2025-06-18T10:12:30Z,2025-12-27T01:04:26Z,018a7c1c-c5e1-5ab4-bb6d-159f5b24479b,4aa067f5-8a00-568f-99ba-597e79ffa431
74899b6a-9f3f-5eec-94eb-de135cbcc93f,e1306bce-736a-526a-bf50-3f8e7f5ba163,DL-BE-30024,Primary,,2025-06-20T21:53:02Z,2026-01-02T20:03:17Z,ef257d9f-0132-5d04-83a0-006c478911ff,40cf38ad-c028-591a-9cfd-ffd27dfd3914
77c154df-67e9-5652-9d2c-1ba247282491,570f3018-cd06-5820-931a-2d0ad0b706ef,DL-D10-350006,Primary,,2025-06-23T16:45:34Z,2025-07-22T18:38:55Z,d5a1816b-b00f-5a17-8240-e3356e734bd2,96f37a45-bcb7-5d26-ab92-a8444ccb508b
7c76933c-6cb6-56ce-8507-6bb136f6f648,81912a7e-3e1f-5991-a887-c044244ee43e,DL-UM-40029,Primary,,2025-06-27T20:30:04Z,2025-10-24T21:24:43Z,d55772b5-1e51-5c4d-aa23-5847c2f3e91d,33832bb7-b01d-509f-b552-0751668b8ccf
1fbf91a2-4ca1-5f9f-933e-1ebe173e7218,730ad179-f076-55e4-8c0a-5b810d5b6bbd,DL-BE-30007,Primary,,2025-06-30T18:04:07Z,2026-02-02T19:00:41Z,edb119a6-9c82-5774-a0f7-8b2c674438d1,c4bb43f3-e5f4-52ac-a038-625623dd7186
8fe83a22-2050-5785-b658-17bef62eeffb,730ad179-f076-55e4-8c0a-5b810d5b6bbd,GEO-BG-30017,Sensor1,W,2025-06-30T18:04:07Z,2026-02-02T19:00:41Z,edb119a6-9c82-5774-a0f7-8b2c674438d1,c4bb43f3-e5f4-52ac-a038-625623dd7186
5054cae6-981b-5588-bdde-49520ee2178c,df7ba510-d8bd-5ba1-92ed-3e6e9fdd8eb3,DL-D10-300005,Primary,,2025-06-30T14:20:31Z,2026-02-19T19:24:20Z,f463cd44-9292-59a3-821b-3abda3144e82,e8809625-fd63-566b-8ba5-1e75c166c913
44637f34-943b-5d9f-9257-eca7783393e9,df7ba510-d8bd-5ba1-92ed-3e6e9fdd8eb3,GEO-C22-450003,Sensor1,H,2025-06-30T14:20:31Z,2026-02-19T19:24:20Z,f463cd44-9292-59a3-821b-3abda3144e82,e8809625-fd63-566b-8ba5-1e75c166c913
7c322c30-56f6-5f09-b73d-e352a117dfbd,df7ba510-d8bd-5ba1-92ed-3e6e9fdd8eb3,SLM-S50-500023,Microphone,,2025-06-30T14:20:31Z,2026-02-19T19:24:20Z,f463cd44-9292-59a3-821b-3abda3144e82,e8809625-fd63-566b-8ba5-1e75c166c913
ad110dd3-d07c-599a-ab77-a83b1f619fbd,7d7b364a-a33c-5897-8c5c-8ccf1b4ff55a,DL-UM-40009,Primary,,2025-07-01T20:50:45Z,2026-04-09T19:58:20Z,6ccfe8d8-931f-580d-b79d-f2dd5e1681c0,d449aaac-0d35-5569-a41a-36c51467ad86
851b2c2f-67e6-5d2a-a3bd-9e53f4fb31eb,7d7b364a-a33c-5897-8c5c-8ccf1b4ff55a,GEO-UM-40009,Sensor1,BH,2025-07-01T20:50:45Z,2026-04-09T19:58:20Z,6ccfe8d8-931f-580d-b79d-f2dd5e1681c0,d449aaac-0d35-5569-a41a-36c51467ad86
9fb029f7-594e-57da-a538-5a14b39c85e6,7d7b364a-a33c-5897-8c5c-8ccf1b4ff55a,MDM-3000000001,Modem,,2025-07-01T20:50:45Z,2026-04-09T19:58:20Z,6ccfe8d8-931f-580d-b79d-f2dd5e1681c0,d449aaac-0d35-5569-a41a-36c51467ad86
9ba94eb2-7538-5a8e-a202-290ae2461ad5,81c60d58-fe86-51f0-a969-20fdd5415a0f,DL-BE-30033,Primary,,2025-07-03T13:54:51Z,2025-09-25T19:56:37Z,6d2260c5-8d79-542c-9edb-b80840ff3f56,9bfdf5aa-59b8-519d-8150-9edfa222c093
d8267377-a408-5ea5-88d0-ec9e3c059643,ae89966b-2562-52a1-8108-3be610fed956,DL-BE-30015,Primary,,2025-07-06T16:13:47Z,2026-08-06T18:30:10Z,ba93891d-38f6-51f7-9dd6-1750d9eedc7e,e6c46f65-b27f-5b34-8f93-83e4b761796e
31f1509d-2a9e-5db8-b72c-ba708459c61b,ae89966b-2562-52a1-8108-3be610fed956,GEO-BG-30013,Sensor1,W,2025-07-06T16:13:47Z,2026-07-14T20:22:29Z,ba93891d-38f6-51f7-9dd6-1750d9eedc7e,8f7dd3f0-a06b-55f0-8619-b70dba05f190
a44459f6-d020-5c04-a0fa-4661af3d7fac,8b0baf9c-34d1-5e93-b740-791eaa849489,DL-BE-30059,Primary,,2025-07-07T14:27:54Z,2026-06-29T20:10:23Z,52885638-5a7c-513c-bde1-b1ad42dc7d47,fedae370-4af5-5c23-87bf-83a181aab9e6
4d4e995b-3c97-51c5-9848-784076be45d5,899648e4-bc73-5a43-8a07-bfb89a1a353c,DL-UM-40030,Primary,,2025-07-08T18:04:46Z,2025-07-23T19:11:20Z,8727b6ff-d70c-5cd7-b579-0e1a5a065657,8e9bb896-b81a-5cf0-b56f-3e37f700f8cf
d8a0bcdf-6ff5-5f9e-af0f-16ba5e041372,f8a89c44-c592-55ac-a740-2e74d9c707f3,DL-UM-40038,Primary,,2025-07-14T13:55:29Z,2025-11-06T21:47:41Z,c6c6e2f0-eb3a-5873-90a8-a50aeb655105,d28dd11f-5e84-52cf-a215-cc0c414961da
e7e94d9e-d4ff-56b4-b1b6-5a38a1fdba79,f8a89c44-c592-55ac-a740-2e74d9c707f3,GEO-UM-40038,Sensor1,S,2025-07-14T13:55:29Z,2025-11-06T21:47:41Z,c6c6e2f0-eb3a-5873-90a8-a50aeb655105,d28dd11f-5e84-52cf-a215-cc0c414961da
88fbc151-f67f-5350-bb50-162f3b174558,49afe112-2ea2-503f-b9fc-84fa7e59ab72,DL-BE-30043,Primary,,2025-07-16T12:13:37Z,2025-11-07T21:10:05Z,039f6ba1-3d02-5721-8c91-cff7ec031171,0db54aee-634c-5ce9-9402-21bfc23ef35f
f92a797a-2a64-585b-b6bd-2815fc588346,5a439d8f-3230-57c0-a334-27133cb0a760,DL-BE-30055,Primary,,2025-07-17T19:09:42Z,2025-11-17T19:56:31Z,69396c3f-c2fd-5db0-a74c-70c1c805382e,13bfb5f8-2d40-5734-ae44-709f7a7581a7
60dfd1a8-d6e0-5498-9ba3-bba8b1450258,3c0e339f-3ad8-5afb-9433-7461547959b6,GEO-C22-450005,Sensor1,E,2025-07-17T14:57:13Z,2026-02-06T19:21:58Z,7b7cd690-10a7-5da1-8bf6-ae3a2dc2a7d2,8879c782-fe7a-5541-bdea-ac9a5616b1f6
e7a9ccd8-c9ab-5257-8c5c-7fe5ccc5a996,758eb49a-dee5-5f93-9445-6e0cba5f4b71,DL-BE-30049,Primary,,2025-07-18T14:04:22Z,2026-03-16T18:12:38Z,4b58a49b-3faf-5030-a9fe-5b1065cda3de,f0db97a6-ab85-52c2-9086-8b663bf79fb2
cc1209ca-c28f-5f0e-b837-46bfa48a1194,ff20dd46-4b67-5598-a319-5d0c346e5c11,DL-BE-30017,Primary,,2025-07-21T15:53:31Z,2025-11-19T22:34:21Z,a623c6c2-7799-5e19-adcc-4e7cee83e231,38904167-5f0a-55ba-833a-9d42d4c5f18d
b1669b2f-2aa8-5b7c-b50c-c132b07b3e36,ff20dd46-4b67-5598-a319-5d0c346e5c11,GEO-BG-30018,Sensor1,BH,2025-07-21T15:53:31Z,2025-11-19T22:34:21Z,a623c6c2-7799-5e19-adcc-4e7cee83e231,38904167-5f0a-55ba-833a-9d42d4c5f18d
ab0e974d-1532-5bab-8176-fb00fc1ba49d,5c6c3fa2-50e7-5f00-94be-8b0a3e10e654,DL-BE-30053,Primary,,2025-07-23T17:13:33Z,2026-04-13T17:46:56Z,61e41df1-1bda-5324-8d6e-78a6e091a146,0fafead2-56b5-56d3-858c-9084a6994ea1
9076c1ca-b7e0-5beb-8378-6c61b188e3c4,24282bec-4553-57fe-b131-bc5a5e78aaf0,DL-UM-40006,Primary,,2025-07-31T19:21:54Z,2026-01-26T19:40:01Z,f5f88ed6-8cfa-59a9-bca9-af85c18d3551,d61df66f-d615-51e8-9068-429ee7136850
859963cb-8a14-5f6c-9939-f67b85ddfc80,24282bec-4553-57fe-b131-bc5a5e78aaf0,GEO-UM-40006,Sensor1,E,2025-07-31T19:21:54Z,2026-01-26T19:40:01Z,f5f88ed6-8cfa-59a9-bca9-af85c18d3551,d61df66f-d615-51e8-9068-429ee7136850
8fe025f9-10ad-547d-86a3-c4d87b3231e9,0d5b8690-9588-53f9-80aa-4c0bd6f2c2f3,DL-BE-30041,Primary,,2025-08-04T15:53:29Z,2025-11-21T20:02:37Z,0d843f92-380c-55a5-9012-417b3162b550,6974b94b-23d6-508a-b402-6dda56792cf0
eb630803-4b80-5df8-b263-1c5adffccab4,0d5b8690-9588-53f9-80aa-4c0bd6f2c2f3,GEO-BG-30029,Sensor1,N,2025-08-04T15:53:29Z,2025-11-21T20:02:37Z,0d843f92-380c-55a5-9012-417b3162b550,6974b94b-23d6-508a-b402-6dda56792cf0
c784c18a-134d-51cb-81b0-59958a7e8e71,84f8a272-014d-5506-8790-968f98d28ad1,DL-UM-40025,Primary,,2025-08-04T17:19:04Z,2025-09-15T21:34:49Z,678d2d44-bf61-5a93-9452-625e7d75f3fc,45292785-b30f-501d-93d6-626a303f2cad
df9dd57f-5a9d-5fc8-85d8-8e72bec595f8,84f8a272-014d-5506-8790-968f98d28ad1,GEO-UM-40025,Sensor1,S,2025-08-04T17:19:04Z,2025-09-15T21:34:49Z,678d2d44-bf61-5a93-9452-625e7d75f3fc,45292785-b30f-501d-93d6-626a303f2cad
cc08993b-7ef8-5038-bb2e-ff552e85ab5a,515798f3-d0a3-5778-ab13-57635cde510e,DL-D10-350006,Primary,,2025-08-07T14:03:17Z,,ea892dbb-4267-56a7-a34b-8a2a78027655,
6560ece0-5bfe-5b79-9237-c35643aba170,8c77e2d8-205c-5a56-a82a-1ccea6218827,DL-UM-40020,Primary,,2025-08-07T15:45:04Z,2025-09-08T21:34:55Z,216947e2-0314-59b7-9a97-7a881bed529a,d501e0d3-29b2-5726-8cb2-1886f839d96a
c44a5a73-53c3-5ae1-818f-838b6afc15a8,a89de6d5-df3e-512e-b559-12a7bcaf3329,DL-UM-40024,Primary,,2025-08-08T13:30:57Z,2025-11-26T21:30:13Z,bef73bbe-8854-5ddf-8ebf-34e10ded756c,675f2f54-914f-5454-8444-8b381e5c8c2d
1af783e1-39e0-5510-8a21-55acaf6d858a,a89de6d5-df3e-512e-b559-12a7bcaf3329,GEO-UM-40024,Sensor1,V,2025-08-08T13:30:57Z,2025-11-26T21:30:13Z,bef73bbe-8854-5ddf-8ebf-34e10ded756c,675f2f54-914f-5454-8444-8b381e5c8c2d
9fd6aafa-cd54-54b8-b380-0382be5c5c34,725cd768-8723-5539-8c8e-2ae589a9d70d,DL-BE-30037,Primary,,2025-08-12T15:34:18Z,2026-02-24T20:43:36Z,b7cc9225-4313-5b0b-9662-250cb2e09eb9,8bb739b9-863b-59b3-a819-adb3be6390a3
e62a8ef3-76c8-5eb6-9945-5581906e7c12,382f3a80-bc85-5636-824c-9244eccb6750,DL-BE-30000,Primary,,2025-08-12T14:55:09Z,2026-03-16T18:39:24Z,dc391e1e-5e86-5827-a55c-54120c063315,a209a50c-eecb-5ea1-93be-21d9c0ee9601
f9825128-a080-5b16-8021-b2e46d386740,382f3a80-bc85-5636-824c-9244eccb6750,GEO-BG-30007,Sensor1,H,2025-08-12T14:55:09Z,2026-03-16T18:39:24Z,dc391e1e-5e86-5827-a55c-54120c063315,a209a50c-eecb-5ea1-93be-21d9c0ee9601
e24ef089-0d64-5432-902a-8884e31dff9b,21030d2d-8942-56c2-aa7d-cc95da689c3c,DL-UM-40030,Primary,,2025-08-15T19:34:32Z,2026-05-11T17:35:48Z,58b2d28e-3951-5c9d-8929-9c8d9327f80d,8fe77895-0a56-5cf4-9150-31a7b621d728
63441f99-5be0-507f-94d6-8de5884951b5,21030d2d-8942-56c2-aa7d-cc95da689c3c,GEO-UM-40030,Sensor1,BH,2025-08-15T19:34:32Z,2026-05-11T17:35:48Z,58b2d28e-3951-5c9d-8929-9c8d9327f80d,8fe77895-0a56-5cf4-9150-31a7b621d728
95690651-12ee-5cac-b1f9-c5eeedc4440d,42cdb855-1bd1-51e1-b01b-22fcafa482fc,DL-UM-40003,Primary,,2025-08-15T22:12:23Z,2025-09-03T19:54:05Z,5b2e0f43-c758-5559-9831-f085829cc219,af9da438-851a-542a-9f1c-83de569250ee
c9cb36c1-abc0-536c-99e1-2b3ae35a9a59,42cdb855-1bd1-51e1-b01b-22fcafa482fc,GEO-UM-40003,Sensor1,W,2025-08-15T22:12:23Z,2025-09-03T19:54:05Z,5b2e0f43-c758-5559-9831-f085829cc219,af9da438-851a-542a-9f1c-83de569250ee
46f657d5-5d6d-5c6e-9ec5-ef3fb3e70ed6,42cdb855-1bd1-51e1-b01b-22fcafa482fc,MDM-3000000006,Modem,,2025-08-15T22:12:23Z,2025-09-03T19:54:05Z,5b2e0f43-c758-5559-9831-f085829cc219,af9da438-851a-542a-9f1c-83de569250ee
e07edcf8-dcf2-5c8f-aa50-f143ae398e3f,b49e3687-672c-5eb1-bb62-7c3c61cdf7f4,DL-UM-40002,Primary,,2025-08-21T19:05:09Z,2025-12-04T19:31:37Z,8d62bffe-32c2-5359-99fa-4b3adb22a8a4,38841ab1-0ba6-59ec-b499-9a1c359956cc
8e094503-0d7d-545f-aeae-b54d5674e887,b49e3687-672c-5eb1-bb62-7c3c61cdf7f4,GEO-UM-40002,Sensor1,H,2025-08-21T19:05:09Z,2025-12-04T19:31:37Z,8d62bffe-32c2-5359-99fa-4b3adb22a8a4,38841ab1-0ba6-59ec-b499-9a1c359956cc
5daf53a2-230c-57b7-8bab-68961e265e7f,b49e3687-672c-5eb1-bb62-7c3c61cdf7f4,MDM-3000000000,Modem,,2025-08-21T19:05:09Z,2025-12-04T19:31:37Z,8d62bffe-32c2-5359-99fa-4b3adb22a8a4,38841ab1-0ba6-59ec-b499-9a1c359956cc
d9e1f0f3-eaa1-53e2-b22e-842104a7f31f,845698ad-2868-523d-89b9-1187d817d27e,DL-UM-40012,Primary,,2025-08-22T14:26:05Z,2026-02-24T00:43:37Z,4a0d23f2-d955-5951-acf7-0d6a1e4973be,980eae79-6226-5ac6-8ab0-d02869418242
b85607c5-13a0-5e68-b642-73e679619c4a,845698ad-2868-523d-89b9-1187d817d27e,GEO-UM-40012,Sensor1,V,2025-08-22T14:26:05Z,2026-02-24T00:43:37Z,4a0d23f2-d955-5951-acf7-0d6a1e4973be,980eae79-6226-5ac6-8ab0-d02869418242
c98b3189-8320-5c14-b061-224d105f2749,845698ad-2868-523d-89b9-1187d817d27e,MDM-3000000012,Modem,,2025-08-22T14:26:05Z,2026-02-24T00:43:37Z,4a0d23f2-d955-5951-acf7-0d6a1e4973be,980eae79-6226-5ac6-8ab0-d02869418242
03a77ac2-b11e-54d0-9cfb-fd14102d565a,8bbb534c-0abd-50c0-b0be-99b0bc7744f5,DL-UM-40023,Primary,,2025-08-25T17:01:01Z,,74a2b47e-3ce8-53ea-94a0-f781b24eb81a,
ce6cc492-4fec-5945-b507-027fcc5560b2,b68b9136-1508-5a5a-9672-9caa77b4a654,DL-BE-30020,Primary,,2025-08-25T11:17:25Z,2026-07-20T21:50:43Z,83569c7f-4d84-587a-bb80-fe5d86dfec84,b94102f2-2f63-57a2-818d-6d2ded823fc5
001ed13f-03af-595e-8032-ced5cc258c8c,8b4dd566-2535-5873-ba2f-e9d5a55b9614,DL-UM-40027,Primary,,2025-08-25T14:26:15Z,2025-11-29T20:55:39Z,9a5cb91d-7c97-5836-891f-e572b7b909b4,2162b1d2-8013-52f2-9dd5-dfe97563e2c3
55d71e60-6cce-5533-be55-fe94e4bdbef4,7cde98b1-e9a8-54ef-a397-e90341ad02d4,DL-D10-300006,Primary,,2025-08-29T13:59:19Z,2026-04-30T18:26:33Z,dfcbfd24-80c0-5958-a9fa-77c8042e7109,3d3c0843-3324-55aa-82f1-b7e2a5626ea3
a8efc0b9-140e-5087-829c-53190dcbb162,7cde98b1-e9a8-54ef-a397-e90341ad02d4,GEO-V12-400010,Sensor1,H,2025-08-29T13:59:19Z,2026-04-30T18:26:33Z,dfcbfd24-80c0-5958-a9fa-77c8042e7109,3d3c0843-3324-55aa-82f1-b7e2a5626ea3
464c78f4-b70c-5429-9dd5-ccaeb8af51fa,e6df8b0d-ece6-56a6-bd66-5bf54b9566bb,DL-BE-30048,Primary,,2025-09-08T15:21:12Z,,d9b0741b-7a69-58bc-88c2-42f1239e8f6f,
9a956c79-6a5f-51bc-b64f-d0724cfaf034,cf64ac91-2cd7-5b93-a7c9-7f0d6d1cc0b5,DL-UM-40018,Primary,,2025-09-10T12:29:47Z,,20218bdb-d78f-5037-8e96-ce8af47d061f,
5e32c33e-f4f3-5f5b-be0e-c5205a175b1e,d0491fe3-69f1-5341-89de-1d5eccffd4ff,DL-BE-30036,Primary,,2025-09-10T16:46:58Z,2026-04-24T21:37:21Z,24d5e6b5-3083-5746-8496-87647da00a9c,58e49d6f-f2b3-5752-8fa0-14c5e8359984
aad38b43-f076-54c8-b3fd-ec25f9f00d9c,d0491fe3-69f1-5341-89de-1d5eccffd4ff,GEO-BG-30030,Sensor1,V,2025-09-10T16:46:58Z,2026-04-24T21:37:21Z,24d5e6b5-3083-5746-8496-87647da00a9c,58e49d6f-f2b3-5752-8fa0-14c5e8359984
2d9a0048-4117-5d1e-a227-009c3c59bebe,d0491fe3-69f1-5341-89de-1d5eccffd4ff,GEO-BG-30033,Sensor2,E,2025-09-10T16:46:58Z,2026-04-24T21:37:21Z,24d5e6b5-3083-5746-8496-87647da00a9c,58e49d6f-f2b3-5752-8fa0-14c5e8359984
7a7f1f30-0557-5efd-b6fb-77e8f0dde154,1308259b-e674-5fd8-9680-68e94c6c614b,DL-D10-350001,Primary,,2025-09-15T18:28:43Z,,b74ac645-ea6e-5dbc-9138-10ec119699eb,
ffc69ca4-82cb-56f7-b57a-d7811dd669a3,9413c7b1-639a-5a97-a6a1-768122aa724d,DL-UM-40031,Primary,,2025-09-16T15:35:49Z,,17368fa5-b957-5b80-87ac-5930910de238,
8708aff4-77f1-5f0f-b2a2-57838bc266b2,9413c7b1-639a-5a97-a6a1-768122aa724d,GEO-UM-40031,Sensor1,H,2025-09-16T15:35:49Z,,17368fa5-b957-5b80-87ac-5930910de238,
33fea03a-742b-562a-a84b-1fafbf4e4cd4,51672461-76b6-52fe-9027-5259a2e5ca0c,DL-BE-30058,Primary,,2025-09-16T17:08:19Z,2025-12-07T20:14:00Z,d7232f95-1e44-502b-ba62-f379bf4754a2,41038c14-f4c6-5369-8380-e1304c8472ad
4fa32e08-67aa-5b35-b1c5-24b00ba0eae1,1ebc2d7b-c166-518d-b7f9-6d69f59915e7,DL-BE-30050,Primary,,2025-09-17T20:48:20Z,2026-02-23T21:38:51Z,fe7d3be7-0856-5b56-971c-ff4a17c33587,f2e000ee-530a-5b44-a505-d67c60fa42b5
af81efe1-b829-5651-b78d-f6e70647bbec,a317a46a-7d03-5deb-be3f-7dcff1b4672d,DL-D10-350007,Primary,,2025-09-22T16:44:32Z,2026-01-02T21:38:54Z,82e3c722-c1ad-57ac-ad23-f18e391272e2,26f1a128-0cbe-5750-a5d2-7a54c3edb18a
b1a1daef-11f1-5162-bff9-209bf7143266,756fe979-eb44-5e0f-80c2-eb7f773e3657,DL-BE-30038,Primary,,2025-09-29T18:51:22Z,,e43d0beb-bbfa-5829-aa9d-d4d0a594910a,
eb76e366-9fe2-52af-bfda-866cf5a574d6,15c2066c-fb2a-5482-866b-d2be1d06b0e3,DL-UM-40025,Primary,,2025-09-29T20:26:05Z,2025-12-17T18:38:25Z,f35f15c2-2f00-5af2-8f38-7c0b352d7adc,e84dc1dd-f4b2-50aa-a03d-ca66d5eb46d0
8a5218bb-b193-575e-878b-e629f42b5fb8,15c2066c-fb2a-5482-866b-d2be1d06b0e3,GEO-UM-40025,Sensor1,H,2025-09-29T20:26:05Z,2025-12-17T18:38:25Z,f35f15c2-2f00-5af2-8f38-7c0b352d7adc,e84dc1dd-f4b2-50aa-a03d-ca66d5eb46d0
8fbcbd38-00da-5c8a-8668-59cd22856822,cb976fba-c4c3-57fc-8e5a-1b592e8ce7b6,DL-D10-350003,Primary,,2025-10-01T17:34:25Z,2026-03-27T18:09:57Z,a7214281-dab5-5a81-bf77-3b0f8a9748c2,fcfc5246-1330-5a9b-8bcc-3ef762c79a5a
105464d5-a128-53dc-9873-9e3148f72773,cb976fba-c4c3-57fc-8e5a-1b592e8ce7b6,SLM-S50-500021,Microphone,,2025-10-01T17:34:25Z,2026-03-27T18:09:57Z,a7214281-dab5-5a81-bf77-3b0f8a9748c2,fcfc5246-1330-5a9b-8bcc-3ef762c79a5a
9cf86859-45e0-5641-aa12-eb84f089da2f,bab8c278-43ab-5bba-b265-4b738ef4e146,DL-UM-40026,Primary,,2025-10-08T18:23:49Z,2025-12-08T21:08:55Z,ee704916-ba5a-5dc9-a74f-09d6a9c83cb9,53c84642-859e-5674-b9c8-68c19694e9ec
53071ce2-7002-59c1-949d-0fb98cdf8ac7,bab8c278-43ab-5bba-b265-4b738ef4e146,GEO-UM-40026,Sensor1,S,2025-10-08T18:23:49Z,2025-10-31T20:21:53Z,ee704916-ba5a-5dc9-a74f-09d6a9c83cb9,fced2c31-cc25-5900-af7e-d8923b55f7f6
56520f4c-d8cb-5a14-85cc-491deb3157c4,47e38cb4-54e3-59f4-b332-f3a9c231df3d,DL-BE-30009,Primary,,2025-10-10T12:40:02Z,,a780519d-b42c-5b5c-bcad-44092ac3c906,
3950661f-77f6-5c01-968b-002f72add18c,1f1ee62a-b7a0-5f1a-b15a-0617787bf536,DL-BE-30033,Primary,,2025-10-16T19:42:34Z,2026-02-25T22:38:48Z,4acf2255-1eeb-5628-8956-febe3837c525,2edec38a-b5a9-5858-bfe7-e1fd0ec21190
d7807604-4d0c-5860-a07c-a6de3ae96ba9,1c3f299c-3854-59be-9bea-202466286e81,DL-D10-350000,Primary,,2025-10-18T11:43:33Z,,5777df5b-55b9-5f24-a36c-7d8cac7d01b6,
3c0c480b-9915-5ef6-bc16-5cb39f4a317b,1c3f299c-3854-59be-9bea-202466286e81,SLM-S50-500019,Microphone,,2025-10-18T11:43:33Z,,5777df5b-55b9-5f24-a36c-7d8cac7d01b6,
267924b2-e090-58e1-ab8a-f5cf12f0707b,1c3f299c-3854-59be-9bea-202466286e81,GEO-V12-400013,Sensor1,V,2025-10-18T11:43:33Z,,5777df5b-55b9-5f24-a36c-7d8cac7d01b6,
c4d07087-7d83-5976-86ab-940ae6c19340,6f442cec-e9f9-5fb3-a51b-7eefb904e177,DL-UM-40004,Primary,,2025-10-20T19:47:50Z,2026-02-19T21:20:39Z,8aba3b7e-4bb1-541b-a973-27d1481f6534,c78d367e-7358-5a7b-9859-809a92b91547
c0d7791a-07f8-5a26-9c5a-81b07f5ec247,6f442cec-e9f9-5fb3-a51b-7eefb904e177,GEO-UM-40004,Sensor1,E,2025-10-20T19:47:50Z,2026-01-14T22:31:35Z,8aba3b7e-4bb1-541b-a973-27d1481f6534,981e29c7-216e-5362-ae6c-5748f62ac004
980e5ea5-c8f0-5c59-9084-7f76877fc338,6f442cec-e9f9-5fb3-a51b-7eefb904e177,MDM-3000000005,Modem,,2025-10-20T19:47:50Z,2026-02-19T21:20:39Z,8aba3b7e-4bb1-541b-a973-27d1481f6534,c78d367e-7358-5a7b-9859-809a92b91547
2ec40208-3efe-518e-a8e0-e601caf1c45e,0cbc951c-6c2b-5b9b-a64b-4c7f286d8dcb,DL-D10-350004,Primary,,2025-10-20T11:59:22Z,2026-01-06T18:43:14Z,c51ec13c-9216-52ae-9540-9a4b0db9ca7a,304ed42f-330a-59fe-8260-f102a32bb61b
c8506ca0-506c-5da1-b5d1-a208aadbcee4,7ca91ca9-81f6-5bc9-ac98-dc8c6887e4bf,DL-UM-40036,Primary,,2025-10-21T21:43:50Z,2025-12-14T22:46:07Z,65f41cc1-8fa3-521f-9d40-40585d27717b,1de011cd-dd4e-50a6-bf9c-a1c645a234cc
786acb83-917c-55af-92df-b0fee0a1e66c,7ca91ca9-81f6-5bc9-ac98-dc8c6887e4bf,GEO-UM-40036,Sensor1,H,2025-10-21T21:43:50Z,2025-12-14T22:46:07Z,65f41cc1-8fa3-521f-9d40-40585d27717b,1de011cd-dd4e-50a6-bf9c-a1c645a234cc
78c83112-8282-59c5-ac2f-05010369cacb,aa3370f8-e96f-5e63-8ab4-7b08bdb7fce8,DL-UM-40003,Primary,,2025-10-24T21:42:02Z,2026-01-07T19:19:50Z,c1bd9dc1-9f45-5792-a721-5c093fd41ed3,bf4437c8-7f9e-589f-8e5e-708d9f2a6609
c824928c-ceab-5445-a22f-ca6c28941f74,aa3370f8-e96f-5e63-8ab4-7b08bdb7fce8,GEO-UM-40003,Sensor1,W,2025-10-24T21:42:02Z,2026-01-07T19:19:50Z,c1bd9dc1-9f45-5792-a721-5c093fd41ed3,bf4437c8-7f9e-589f-8e5e-708d9f2a6609
042f4fb2-f68e-5d27-b4cf-b8654b47c94b,aa3370f8-e96f-5e63-8ab4-7b08bdb7fce8,MDM-3000000006,Modem,,2025-10-24T21:42:02Z,2026-01-07T19:19:50Z,c1bd9dc1-9f45-5792-a721-5c093fd41ed3,bf4437c8-7f9e-589f-8e5e-708d9f2a6609
254161e5-cb47-5890-9147-59871c7fe7c7,2697ae8b-aa6b-5fbc-aec7-4ee43d5e0e5e,DL-BE-30016,Primary,,2025-10-28T18:39:37Z,,6e832042-2f98-5cca-a889-7206c6c6d259,
262f3e8c-9ea7-515b-93d0-bbdb165d5a53,2697ae8b-aa6b-5fbc-aec7-4ee43d5e0e5e,GEO-BG-30006,Sensor1,N,2025-10-28T18:39:37Z,,6e832042-2f98-5cca-a889-7206c6c6d259,
ff26d30d-4b9b-5437-8bd3-3841b7d0271d,17adf41c-a856-50b9-a364-cc9f00edd2b8,DL-BE-30060,Primary,,2025-11-07T21:50:08Z,2026-04-15T17:56:40Z,c42c32b1-e7be-5dd5-bed3-029089e607d1,cf269ea9-0ca0-591d-9c24-32151ff2b549
6eb957e5-77cb-538a-ab75-fc34379a84d5,2d120ac9-a6f7-55d7-964d-16eb6bc6cc4b,DL-UM-40020,Primary,,2025-11-15T14:46:51Z,2026-06-24T21:19:56Z,623772d7-cbde-563b-9bd4-8c8c690698ec,12c62e69-e116-5889-8ddf-b50b59a53f94
622b7159-ea5b-5627-8b35-11347d24e7e3,61ab3d0f-25d5-5ed2-aed4-341a72f0a99d,DL-BE-30043,Primary,,2025-11-17T15:57:43Z,2026-03-16T20:26:44Z,f007f4ce-3964-5599-9f5b-4b77f9d302a8,3de6ee3c-79d5-5f35-8be3-15355d47269f
7783081d-17a1-5ace-b09a-047673d80928,61f07d0c-eddb-553d-9102-069477d6e122,DL-BE-30021,Primary,,2025-11-17T21:18:58Z,2026-02-26T19:33:55Z,40fc7f71-09f8-5292-83bd-d7349df6c645,e3d737d8-2761-559e-a87b-9023586200bf
a93536b3-cfbf-56a3-a067-15d8a98d63f7,9a3524fe-5e96-5871-ac67-2f3309901db9,DL-UM-40029,Primary,,2025-11-21T14:58:19Z,,bb61e1bb-38a7-5212-8b61-ed4a45e92929,
62c85c52-cbad-5c60-afae-6bb30e77fd51,1bef9877-7d0a-5ecf-a84e-9dec7d5af6f0,DL-BE-30017,Primary,,2025-11-24T14:42:32Z,2026-01-26T21:58:04Z,949d2599-61ba-525c-ae44-63f6167e639c,eddbd897-adb2-5a49-af9f-b4b6d428d18d
91cf0cb7-81c7-5dca-adf4-321a7dc856b7,1bef9877-7d0a-5ecf-a84e-9dec7d5af6f0,GEO-BG-30018,Sensor1,BH,2025-11-24T14:42:32Z,2026-01-12T18:47:54Z,949d2599-61ba-525c-ae44-63f6167e639c,57b255cb-efde-5734-90be-e874dd6a83d8
88b2685a-c946-54be-8a12-da9efcacfdc2,fa8dd712-7b4f-58d2-b333-fd870155c4fb,DL-UM-40039,Primary,,2025-11-24T19:04:53Z,,1dce61af-9ba1-56c4-bd44-a24b832b6925,
ea6e5351-0b7f-512f-8cb3-9066bc367514,b1cb4999-f9a6-585d-9bab-cb1f3c088f53,DL-UM-40038,Primary,,2025-11-27T18:03:30Z,2026-08-04T17:26:47Z,a346653f-2dc9-5fd6-ac79-5e0d32e1141e,031f56c2-eb75-56e2-8ee9-4083b1104c92
88a0724f-9628-5820-a996-52cd9f9f6215,b1cb4999-f9a6-585d-9bab-cb1f3c088f53,GEO-UM-40038,Sensor1,N,2025-11-27T18:03:30Z,2026-08-04T17:26:47Z,a346653f-2dc9-5fd6-ac79-5e0d32e1141e,031f56c2-eb75-56e2-8ee9-4083b1104c92
7059e9e8-29e2-5caf-ba9d-f3d725f74d8d,b07765d7-a063-57b6-8694-4bdf232ea2e6,DL-BE-30054,Primary,,2025-12-01T18:41:57Z,2026-04-20T19:35:45Z,1cc16c5e-f445-59f9-97fc-97f01e049fcb,d22e94af-0bf4-5b4d-a2d7-ed6d8421411d
a3cb1456-1f2c-57c1-bc13-81c31428a0a4,87d46f8f-6107-5d16-afb8-0be02dc241ee,DL-BE-30039,Primary,,2025-12-03T15:00:01Z,2026-02-19T19:40:46Z,0e0cf3a4-6e5c-5f51-94bf-c35fd92cdab3,181f9feb-27ab-5be6-a57c-06b6f5b811d8
c0cae7e7-b73e-5dd0-8447-e8abe9c92edc,31237179-1f61-5569-bd49-87289be71a19,DL-BE-30055,Primary,,2025-12-04T13:04:16Z,,dcf41499-59fc-5034-891e-566f1416ede6,
55311282-b73f-5c1a-82c6-5153a61407d7,9662415a-125a-5d59-b6f8-1a6c07a00e6b,DL-BE-30041,Primary,,2025-12-08T15:01:13Z,2026-04-29T20:31:57Z,19ae3188-bb54-59de-928e-822e6980d8fd,651d9793-32d9-5b0a-917b-7c727c346d24
829360b0-e701-53cd-b69f-50fecae31e1a,9662415a-125a-5d59-b6f8-1a6c07a00e6b,GEO-BG-30029,Sensor1,N,2025-12-08T15:01:13Z,2026-04-29T20:31:57Z,19ae3188-bb54-59de-928e-822e6980d8fd,651d9793-32d9-5b0a-917b-7c727c346d24
c125b26b-8938-5c6d-a2de-0b5e9fb86a45,ae5a314a-cd47-56f1-8d50-7117bc5b77e6,DL-UM-40035,Primary,,2025-12-09T19:08:16Z,2026-02-09T19:23:33Z,327f53ed-7faa-5ce4-a6f2-2190e8813bee,87c4663f-7f7e-5262-af8a-d25ef6474660
bb889887-9356-5f86-ab28-ca7ae008c729,ae5a314a-cd47-56f1-8d50-7117bc5b77e6,GEO-UM-40035,Sensor1,E,2025-12-09T19:08:16Z,2026-02-09T19:23:33Z,327f53ed-7faa-5ce4-a6f2-2190e8813bee,87c4663f-7f7e-5262-af8a-d25ef6474660
c60def3d-d72c-5423-9e7f-54f4926e45c5,d5cd49f4-305f-5b90-b52c-f13c9297edb4,DL-UM-40016,Primary,,2025-12-10T20:44:59Z,,1e3fccc0-dff7-5a51-8451-39a1812bd0d9,
d835fc27-882c-5dc2-9c8b-2622b43418fb,d5cd49f4-305f-5b90-b52c-f13c9297edb4,MDM-3000000002,Modem,,2025-12-10T20:44:59Z,,1e3fccc0-dff7-5a51-8451-39a1812bd0d9,
f9c39915-8e46-52ec-9ee1-c3c9ede55f4d,d5cd49f4-305f-5b90-b52c-f13c9297edb4,GEO-UM-40016,Sensor1,S,2025-12-10T20:44:59Z,,1e3fccc0-dff7-5a51-8451-39a1812bd0d9,
35389ef2-6c78-54c6-a5e0-10e9ddf51cab,90793f2c-37a9-542c-b6fd-d604eb0053eb,DL-UM-40026,Primary,,2025-12-14T20:53:03Z,,dd9d9a1f-8985-5980-97a2-f6582a278dbf,
1d0d872f-0e69-51d3-9563-1415ca5f9209,90793f2c-37a9-542c-b6fd-d604eb0053eb,GEO-UM-40026,Sensor1,S,2025-12-14T20:53:03Z,,dd9d9a1f-8985-5980-97a2-f6582a278dbf,
bcc6cb65-bd2c-53a2-9748-b8d518114393,1d82d2ac-f960-53fc-9518-61b4b8ef0614,DL-UM-40014,Primary,,2025-12-17T16:56:55Z,,a8184d05-945e-5895-92e7-b36b880d2bc8,
b1240055-a323-5a0a-aabd-e150e527f7cb,1d82d2ac-f960-53fc-9518-61b4b8ef0614,GEO-UM-40014,Sensor1,H,2025-12-17T16:56:55Z,,a8184d05-945e-5895-92e7-b36b880d2bc8,
6f7f4140-ea47-5cca-9f8f-dd5491d6b502,de258815-3ece-55ab-b4c6-4e89ab00a84a,DL-UM-40002,Primary,,2025-12-22T13:15:36Z,,58194062-86b9-59ae-ab31-763891ebc2c7,
6798c13a-d500-5a72-a8a6-a397fdc9b749,de258815-3ece-55ab-b4c6-4e89ab00a84a,MDM-3000000000,Modem,,2025-12-22T13:15:36Z,,58194062-86b9-59ae-ab31-763891ebc2c7,
6ed4ec09-c7fe-5087-b5b0-82bfbc4c0f2f,cbd30fc0-740b-5264-840d-516962c0180a,DL-BE-30023,Primary,,2025-12-25T20:20:16Z,,7d9478a5-d804-5d3f-b9b8-8673aca9bbc6,
eae5d836-748a-59da-a71f-a7e15d9ec64f,cbd30fc0-740b-5264-840d-516962c0180a,GEO-BG-30027,Sensor1,S,2025-12-25T20:20:16Z,,7d9478a5-d804-5d3f-b9b8-8673aca9bbc6,
e2ea5201-728e-5c5a-bbbd-f15955ff5a2a,2ee830e0-0fe6-54e5-a9d1-2966bdbd6bee,DL-BE-30051,Primary,,2025-12-28T20:44:40Z,2026-01-14T21:09:12Z,10733b1c-e2d7-5557-8331-ac8523e7c8be,4b2f7e7b-7884-595a-b9f4-8e2470ab99b3
63191299-652a-5520-be87-e2309758959e,bf6c6ff6-b6f3-556d-8508-1f175bf906f1,DL-D10-300004,Primary,,2025-12-30T17:03:37Z,2026-02-09T22:08:27Z,49fdfbd0-fd00-59b2-af68-b0264f62c258,80cb060c-4be6-57ae-baab-4b454280377e
0ccde1f2-971f-5ca7-a3fb-f086f7e95d16,bf6c6ff6-b6f3-556d-8508-1f175bf906f1,GEO-V12-400009,Sensor1,V,2025-12-30T17:03:37Z,2026-02-09T22:08:27Z,49fdfbd0-fd00-59b2-af68-b0264f62c258,80cb060c-4be6-57ae-baab-4b454280377e
99926b0a-e8a8-5d6d-a7af-5ac2ee5f600c,bf6c6ff6-b6f3-556d-8508-1f175bf906f1,SLM-S50-500016,Microphone,,2025-12-30T17:03:37Z,2026-02-09T22:08:27Z,49fdfbd0-fd00-59b2-af68-b0264f62c258,80cb060c-4be6-57ae-baab-4b454280377e
773b4899-c683-5d43-96eb-1482bf55d189,564f1aaf-30c9-5bec-b31f-534a0ed899e6,DL-BE-30057,Primary,,2025-12-31T14:00:45Z,2026-02-17T20:31:17Z,9e44fd4f-3317-5e92-9f38-3a461e71ea29,bf7b93b0-1176-5fc1-95ca-7ca9c8373339
826cf6b1-15ea-5219-8165-2d94f1b0004e,a2bea843-e7a9-5c5b-b2f9-5508a84655f6,DL-UM-40036,Primary,,2026-01-02T22:44:27Z,2026-02-23T22:42:44Z,ed927240-5755-545d-8d1d-d310d9e54e5f,16e1b7df-9e32-5445-a6af-e2f5f370334d
c3e790a5-977d-5161-b791-b5c636a90c10,a2bea843-e7a9-5c5b-b2f9-5508a84655f6,GEO-UM-40036,Sensor1,N,2026-01-02T22:44:27Z,2026-02-23T22:42:44Z,ed927240-5755-545d-8d1d-d310d9e54e5f,16e1b7df-9e32-5445-a6af-e2f5f370334d
28fcf8e8-8677-53c4-a7f2-0483aeb2e2a3,0375a0a6-0134-544d-8076-4266db7c1c3e,DL-BE-30034,Primary,,2026-01-05T14:07:40Z,2026-01-19T18:12:43Z,27bab249-b8a1-5939-a7fe-f5c1adc427e3,68c3b79a-2579-5612-8c90-2df08abd64e9
f6482ebc-0bda-5b7c-b2c9-4c9cfd2ec18e,0375a0a6-0134-544d-8076-4266db7c1c3e,GEO-BG-30024,Sensor1,W,2026-01-05T14:07:40Z,2026-01-19T18:12:43Z,27bab249-b8a1-5939-a7fe-f5c1adc427e3,68c3b79a-2579-5612-8c90-2df08abd64e9
ae17ed0e-36ac-544c-a651-a4a5d71dd235,0375a0a6-0134-544d-8076-4266db7c1c3e,GEO-BG-30026,Sensor2,S,2026-01-05T14:07:40Z,2026-01-19T18:12:43Z,27bab249-b8a1-5939-a7fe-f5c1adc427e3,68c3b79a-2579-5612-8c90-2df08abd64e9
f244b948-d159-5a34-9a2f-df108bbac484,3552dd50-1504-5236-910f-18c1736708d1,DL-UM-40024,Primary,,2026-01-05T15:43:26Z,2026-03-18T19:14:34Z,c8d6e95f-1c70-5d6a-bc93-11a15efa0337,793e8af9-39e9-5dff-940c-ff0ce702e933
96443329-8127-5093-b456-0d0212c31002,3552dd50-1504-5236-910f-18c1736708d1,GEO-UM-40024,Sensor1,V,2026-01-05T15:43:26Z,2026-03-18T19:14:34Z,c8d6e95f-1c70-5d6a-bc93-11a15efa0337,793e8af9-39e9-5dff-940c-ff0ce702e933
04a5f8bc-b160-5872-8bc8-d573e8b3b5e3,9f7b5893-a5f1-584d-882b-a6e95b9b128a,DL-BE-30024,Primary,,2026-01-08T15:36:32Z,2026-03-25T20:59:24Z,67f29a0b-0878-51dc-8d4a-8ff7f2496ff1,ecdf2c27-5881-518c-9157-4d90f161222f
eb4491b6-e92b-5eaa-bd13-c08f9b9113f3,cfabcd8f-c6fd-54e6-bf11-81b9526474bc,DL-BE-30010,Primary,,2026-01-12T22:47:02Z,,b0da1ca9-8585-5cba-b234-69f4dd298193,
78a14bb0-75e0-5a94-91cb-438cf1e870d9,94c2ebf7-39c8-5332-8155-4fabd4117d85,DL-BE-30046,Primary,,2026-01-12T21:56:30Z,2026-04-10T17:39:17Z,7073cd54-8981-565e-9530-7407b495d3fe,2bb0654f-3970-56c8-9c87-ccce1fcc508a
7c3b2bf9-2dd3-5a25-badd-922959b76ea3,b1b31b3c-08de-5857-855f-436136211979,DL-UM-40007,Primary,,2026-01-19T16:55:17Z,2026-07-07T17:24:35Z,bf498fd5-5feb-5c59-850e-8e72b65d8cf3,e1177fd0-ade0-50d6-ae3d-99dbf29dc86d
46a22c30-f008-5bb4-b0b3-c42778e8f964,b1b31b3c-08de-5857-855f-436136211979,MDM-3000000013,Modem,,2026-01-19T16:55:17Z,2026-07-07T17:24:35Z,bf498fd5-5feb-5c59-850e-8e72b65d8cf3,e1177fd0-ade0-50d6-ae3d-99dbf29dc86d
490e20b6-b5fc-52c3-9ad5-533ef514797c,3cd3d87a-a00b-5e0a-aa84-983d4d5f21eb,DL-D10-350002,Primary,,2026-01-19T20:54:01Z,2026-02-23T18:26:25Z,3fdf75f5-87ec-534f-802d-c67b1f032ab2,a3d03afa-8f19-5db7-bd34-5b3ee1760900
60cab295-faa2-5df5-be0f-986552cbd4a1,547ccf37-0f3b-5096-9ade-a3383cf7fedc,DL-UM-40025,Primary,,2026-01-19T18:06:08Z,,b713f25d-cf90-5d91-8ac3-af6650ccc45a,
97647ac3-c6e4-5617-aee9-a1665a610e68,547ccf37-0f3b-5096-9ade-a3383cf7fedc,GEO-UM-40025,Sensor1,BH,2026-01-19T18:06:08Z,,b713f25d-cf90-5d91-8ac3-af6650ccc45a,
fc875eb3-0ea4-50d9-b679-6fe1bd93552f,e3480462-a717-547b-b6fe-4c2ba1c6e280,DL-BE-30018,Primary,,2026-01-19T21:06:38Z,,b03b6027-3428-511c-9c3b-57e5b50234ea,
a0821725-7fe4-552f-bc17-0609ad1777ec,e3480462-a717-547b-b6fe-4c2ba1c6e280,GEO-BG-30021,Sensor1,S,2026-01-19T21:06:38Z,,b03b6027-3428-511c-9c3b-57e5b50234ea,
d391e552-aa12-5804-a515-33ffc3ab412e,0240c141-1064-5609-a56b-aad01bdf0d97,DL-BE-30027,Primary,,2026-01-21T19:31:26Z,2026-07-21T18:21:32Z,5e41d5f7-299b-5ecc-8e5e-1073e18d3b14,4a3fbd35-17e4-5187-9522-847149e20ebb
4f90232a-7cae-540d-9d15-097b261fba17,cd27f0d8-667b-5a2a-9c08-35514dd237a8,DL-D10-350007,Primary,,2026-01-22T16:45:36Z,,9559006b-3912-5e04-9755-f34be2b574d7,
afe06b6a-d249-5f99-a6a1-179998fed96d,45a135cd-0aa7-5218-ae19-8749e8bbb062,DL-BE-30002,Primary,,2026-01-26T14:09:45Z,2026-08-28T17:43:59Z,f859c74b-ee1d-58c7-a2ca-1ee69e638d6c,603e28b6-54dd-5a76-923a-12edb28111fb
1d9da74b-8631-5691-b713-dad59af38474,45a135cd-0aa7-5218-ae19-8749e8bbb062,GEO-BG-30000,Sensor1,V,2026-01-26T14:09:45Z,2026-08-28T17:43:59Z,f859c74b-ee1d-58c7-a2ca-1ee69e638d6c,603e28b6-54dd-5a76-923a-12edb28111fb
fe3ecd17-3f4b-5352-a051-012bd53097de,d403f16f-e30d-5977-abd7-453048d68b22,DL-D10-350004,Primary,,2026-01-26T17:29:54Z,,4c82fbcf-0224-5fdd-bd39-7ea028a87e67,
21040f1e-ff0e-57ef-9e97-795fdf33d65d,2c6b8ef5-fc14-5d86-8385-2ca64cb40ad1,DL-BE-30017,Primary,,2026-02-02T20:57:52Z,2026-05-11T21:31:17Z,c1ced37d-35de-53e8-8948-4caf43db7de3,6aea9dad-3c11-5f8e-96c9-988cd4644893
b9f59387-aeec-5e88-a3c7-7aafd379eb62,a0702453-5b6b-5c34-8c89-1e5cd2063c45,DL-UM-40017,Primary,,2026-02-02T17:10:57Z,2026-03-23T20:52:53Z,3e5f1f96-8d54-5f44-9171-670bb699c9bd,2d18740f-e081-5989-b3de-9d2a14fbdbb3
0c6b3a35-a6c3-56da-af54-0c38b73c7647,a0702453-5b6b-5c34-8c89-1e5cd2063c45,GEO-UM-40017,Sensor1,S,2026-02-02T17:10:57Z,2026-03-23T20:52:53Z,3e5f1f96-8d54-5f44-9171-670bb699c9bd,2d18740f-e081-5989-b3de-9d2a14fbdbb3
eca2c731-6341-5f06-8b17-96222dc60c1a,afc3c585-0e34-574d-8917-ac9b2407640b,DL-BE-30051,Primary,,2026-02-03T18:13:44Z,2026-03-27T20:31:44Z,5e9415d3-c190-5c70-990e-0f8e0981da03,06bae738-66bb-5238-b7ea-ae678f5ccc8f
bbb95af9-e305-59d9-a885-0deaedd8c210,97bf0ccd-9856-5b03-91ac-27c72fdabb64,DL-UM-40003,Primary,,2026-02-14T18:22:56Z,,ac386abf-85ed-5260-858e-e8af1687f3d0,
0fa693d6-6221-5036-9b2c-c0aeca7d05f8,97bf0ccd-9856-5b03-91ac-27c72fdabb64,GEO-UM-40003,Sensor1,V,2026-02-14T18:22:56Z,,ac386abf-85ed-5260-858e-e8af1687f3d0,
7dec65d8-f0df-5f21-9800-6cb2dc4b87bc,97bf0ccd-9856-5b03-91ac-27c72fdabb64,MDM-3000000006,Modem,,2026-02-14T18:22:56Z,,ac386abf-85ed-5260-858e-e8af1687f3d0,
77986511-9266-5a31-ac98-64dcf246b89c,97bf0ccd-9856-5b03-91ac-27c72fdabb64,SLM-UA-40001,Microphone,,2026-02-14T18:22:56Z,,ac386abf-85ed-5260-858e-e8af1687f3d0,
66a28d11-e51b-521a-ae2d-ace3365b5fd0,8a66569b-41e2-52b0-8dc3-72cf334ed96d,DL-BE-30007,Primary,,2026-02-23T16:59:05Z,,13f90eed-d2d7-5fea-aab0-a264f0b46c84,
583e1956-5e6d-5f03-9e4e-f63bdacdb4e6,8a66569b-41e2-52b0-8dc3-72cf334ed96d,GEO-BG-30017,Sensor1,H,2026-02-23T16:59:05Z,,13f90eed-d2d7-5fea-aab0-a264f0b46c84,
fde1c834-f89e-523c-ac35-92fe72e53154,900f852b-f648-558c-b575-64da7c67b492,DL-D10-300005,Primary,,2026-02-23T16:59:37Z,,59ae9931-c8d9-5a1d-925f-5297200ea1be,
b5e3a210-166e-5192-8d67-c666246e5d39,900f852b-f648-558c-b575-64da7c67b492,GEO-V12-400003,Sensor1,BH,2026-02-23T16:59:37Z,2026-03-23T21:39:30Z,59ae9931-c8d9-5a1d-925f-5297200ea1be,343b3351-64a7-5974-b4cc-163360540711
b3ad7c4f-62dd-53db-9a15-07dbc0ffcefd,251201c3-25f7-5e6e-a847-9de159f2c00c,DL-UM-40035,Primary,,2026-02-23T19:21:52Z,,b4ac9ac8-4e85-5001-a91c-e20e5f3f7164,
03d36aa6-f7f8-5450-ac78-3b230ad5a6c1,251201c3-25f7-5e6e-a847-9de159f2c00c,GEO-UM-40035,Sensor1,E,2026-02-23T19:21:52Z,,b4ac9ac8-4e85-5001-a91c-e20e5f3f7164,
40bd4e7b-9413-5e39-b95a-1b7f85bb1a4e,6c65cc4f-4787-556c-ba72-a3ccd53f90f8,DL-BE-30037,Primary,,2026-03-02T14:10:23Z,,41bf4178-5c1f-5d84-bea9-74726da227c4,
7f71bb09-b206-5b1a-9a94-01394c8a95db,db85389d-fd0f-50e9-a0a5-05ea6a6b6152,DL-UM-40015,Primary,,2026-03-02T20:02:59Z,2026-04-06T17:38:28Z,d3c915f9-9708-5e00-9b1f-6c7e1e02f775,5c3f20ed-523d-54cb-9eff-4ff0652c4689
08c757e3-8833-5bba-ae12-6ee787be7fa3,45af2736-c9d7-5382-a29d-6fb98e6c38aa,DL-BE-30033,Primary,,2026-03-03T21:06:26Z,,235423b0-524c-5203-83ca-892cce1f25b6,
32865de5-d5b2-57e0-938b-721627793d5b,7cba167e-138b-5d6d-a5e3-a0cb946f72cc,DL-UM-40010,Primary,,2026-03-05T16:21:40Z,2026-06-09T19:18:35Z,f712b2ea-44da-5f8c-b691-ef1b4e18b57e,d4317e9a-e4b8-5370-89ae-b56663e5ba45
c145f691-15fe-549a-b55f-b2159999df09,7cba167e-138b-5d6d-a5e3-a0cb946f72cc,GEO-UM-40010,Sensor1,S,2026-03-05T16:21:40Z,2026-06-09T19:18:35Z,f712b2ea-44da-5f8c-b691-ef1b4e18b57e,d4317e9a-e4b8-5370-89ae-b56663e5ba45
fc703f3c-4e4b-56fe-b24b-bc9e4079ec7e,7cba167e-138b-5d6d-a5e3-a0cb946f72cc,MDM-3000000010,Modem,,2026-03-05T16:21:40Z,2026-06-09T19:18:35Z,f712b2ea-44da-5f8c-b691-ef1b4e18b57e,d4317e9a-e4b8-5370-89ae-b56663e5ba45
5f359545-6d3b-51e0-88bd-ffa1189667a3,dd4338bd-88d7-5c55-ba10-01b77b779f12,DL-UM-40021,Primary,,2026-03-06T14:24:16Z,2026-08-17T19:10:41Z,4ad719a0-dcac-5c73-ad34-4615438188ca,736568dd-cf16-50c4-8c30-404a7f42211e
15431da5-697d-5152-a6b0-ac3234e9cafa,dd4338bd-88d7-5c55-ba10-01b77b779f12,GEO-UM-40021,Sensor1,H,2026-03-06T14:24:16Z,2026-08-17T19:10:41Z,4ad719a0-dcac-5c73-ad34-4615438188ca,736568dd-cf16-50c4-8c30-404a7f42211e
adafccad-344d-521a-a435-09ca1a5914f6,10388eb4-b37d-509d-90a0-fa791257488f,DL-D10-300004,Primary,,2026-03-08T17:05:06Z,2026-03-31T17:49:33Z,91349947-77e5-520e-a334-5f7fb490461a,7fbf45a1-2ab2-5b53-a548-7498aca0a6f8
f3a5b3fe-a018-5e2a-b5c3-5c367e87105c,10388eb4-b37d-509d-90a0-fa791257488f,GEO-V12-400009,Sensor1,V,2026-03-08T17:05:06Z,2026-03-31T17:49:33Z,91349947-77e5-520e-a334-5f7fb490461a,7fbf45a1-2ab2-5b53-a548-7498aca0a6f8
3225299c-fa28-5237-99d2-39016c86ace7,961205f6-0e94-5490-b9a6-12927dc79412,DL-UM-40036,Primary,,2026-03-09T14:48:32Z,,35a1d610-eda9-57a1-aa23-0a02390da818,
7fa56276-057c-598c-99b7-c0a5d276847a,961205f6-0e94-5490-b9a6-12927dc79412,GEO-UM-40036,Sensor1,BH,2026-03-09T14:48:32Z,,35a1d610-eda9-57a1-aa23-0a02390da818,
aa2a16f1-bf36-5757-bcf4-c8a8260a6bdc,84055a8b-6980-5881-ad4a-eccb589748e7,DL-BE-30021,Primary,,2026-03-09T14:05:40Z,2026-06-12T16:03:32Z,46dbaf01-3ea4-591f-86bf-e19cfc71eed8,00a00e9b-30ab-5ab6-8b7b-5e1e599cc268
81f2e6d3-ba7a-578f-87ab-80caf56db712,cbd564d6-67a0-5c84-a559-d9d5ee78d5a2,DL-UM-40034,Primary,,2026-03-13T16:52:49Z,2026-07-16T18:04:00Z,9c601d4b-d70d-5d0c-b7a9-d7bd4a1d0329,5ed29d9d-2b39-58b7-a527-825309fb0f51
2466a64e-d2a0-5969-891d-b58281789246,cbd564d6-67a0-5c84-a559-d9d5ee78d5a2,GEO-UM-40034,Sensor1,S,2026-03-13T16:52:49Z,2026-07-16T18:04:00Z,9c601d4b-d70d-5d0c-b7a9-d7bd4a1d0329,5ed29d9d-2b39-58b7-a527-825309fb0f51
5c67c958-5035-58a9-b6e5-56c2d3a739bf,058292b3-b14b-5ba3-bb06-8999e0ed6fbb,DL-D10-350005,Primary,,2026-03-18T19:26:24Z,2026-07-28T10:25:26Z,08e671ed-e6e9-51bb-b770-5d1e5ffacc96,a58a6b48-1772-50d2-8cc7-9c4454f9193e
e3d54b63-fa39-5387-93ca-d050e9f93365,058292b3-b14b-5ba3-bb06-8999e0ed6fbb,GEO-V12-400004,Sensor1,N,2026-03-18T19:26:24Z,2026-07-28T10:25:26Z,08e671ed-e6e9-51bb-b770-5d1e5ffacc96,a58a6b48-1772-50d2-8cc7-9c4454f9193e
cd0383f7-8826-5a38-a5ab-dae888be848d,058292b3-b14b-5ba3-bb06-8999e0ed6fbb,GEO-C22-450005,Sensor2,H,2026-03-18T19:26:24Z,2026-07-28T10:25:26Z,08e671ed-e6e9-51bb-b770-5d1e5ffacc96,a58a6b48-1772-50d2-8cc7-9c4454f9193e
33b3fd1a-f136-5352-ad1e-6f08ed839c9d,0271962b-0a47-57e5-8682-50336e330618,DL-BE-30058,Primary,,2026-03-19T15:58:56Z,2026-05-27T21:01:35Z,25241df7-2b21-59e6-b91d-f11359e46e71,b0dae4d2-df14-53ec-8de9-28737caf0f36
323b647e-02f2-508d-9269-474d33200474,f0e79ab9-c279-5c99-b696-89a1f92ebd54,DL-BE-30034,Primary,,2026-03-19T14:01:25Z,2026-07-02T19:25:08Z,6287d3e9-ffea-57b5-a1cf-d41e9524b1e4,fbb15441-9fcf-5921-bd86-7fe2640041d3
da0304fe-afb1-5485-ba78-b4fe8cd443ea,f0e79ab9-c279-5c99-b696-89a1f92ebd54,GEO-BG-30024,Sensor1,E,2026-03-19T14:01:25Z,2026-07-02T19:25:08Z,6287d3e9-ffea-57b5-a1cf-d41e9524b1e4,fbb15441-9fcf-5921-bd86-7fe2640041d3
9c367413-651b-5060-9351-cf05bca7bf6a,f0e79ab9-c279-5c99-b696-89a1f92ebd54,GEO-BG-30026,Sensor2,H,2026-03-19T14:01:25Z,2026-07-02T19:25:08Z,6287d3e9-ffea-57b5-a1cf-d41e9524b1e4,fbb15441-9fcf-5921-bd86-7fe2640041d3
12218cac-a340-5fdc-bba2-1333296df182,40a1cf37-e8df-5946-a14a-ec66b6256758,DL-UM-40005,Primary,,2026-03-20T19:10:31Z,,eed49100-b73c-5a3f-a8f5-a71cfde8274d,
76625ee8-c1cc-55bf-a1b9-a76688664f66,40a1cf37-e8df-5946-a14a-ec66b6256758,GEO-UM-40005,Sensor1,BH,2026-03-20T19:10:31Z,,eed49100-b73c-5a3f-a8f5-a71cfde8274d,
00270fe4-febe-517e-a015-215cea53b06b,40a1cf37-e8df-5946-a14a-ec66b6256758,MDM-3000000003,Modem,,2026-03-20T19:10:31Z,,eed49100-b73c-5a3f-a8f5-a71cfde8274d,
702dd98b-d1e1-516e-8860-b56c330a78fc,900f852b-f648-558c-b575-64da7c67b492,GEO-C22-450003,Sensor1,BH,2026-03-23T21:40:30Z,,21d744e9-ddac-567c-800e-5ca4086b612c,
17a34a6b-b1d2-59bc-9c23-b58112cb4689,2e332027-29cd-5473-833f-f54fc18b733d,DL-UM-40013,Primary,,2026-03-23T18:46:35Z,,500acafc-81af-544e-92b5-fe0f7f1269ae,
c77a451d-9ef7-50e3-abe5-910e9144a8be,b4b3aa35-e0bc-5deb-bd66-8803a315d412,DL-UM-40017,Primary,,2026-03-30T13:37:52Z,2026-08-18T17:35:29Z,ffbffeb6-7f63-5212-a699-bf578ec8dba0,1f1dedbd-9f8e-5eb2-8a3e-94ee37a2f727
39712473-ffb7-5f20-9f8b-125fc95a278f,b4b3aa35-e0bc-5deb-bd66-8803a315d412,GEO-UM-40017,Sensor1,N,2026-03-30T13:37:52Z,2026-08-18T17:35:29Z,ffbffeb6-7f63-5212-a699-bf578ec8dba0,1f1dedbd-9f8e-5eb2-8a3e-94ee37a2f727
fac74511-ad3b-5d3e-a4e7-30dd504ebede,a5285486-bc8c-5b15-a9d3-80d2ee8f1dd3,DL-UM-40008,Primary,,2026-03-31T20:03:16Z,,d1977aae-27e9-592a-911d-57b02b3fe91e,
a4bd5c98-aa0f-5808-9afe-d13c84d64260,62a90f12-41fc-5783-a580-65a81ddc316f,DL-BE-30039,Primary,,2026-04-02T15:14:29Z,,724a0805-797a-5998-96cc-801f4b408ddf,
0fe7ed14-e9c7-560b-a91c-3a5a0033010a,c95c5462-05c3-5ae1-8ea2-da6a1bcea049,DL-UM-40011,Primary,,2026-04-08T17:59:50Z,2026-05-29T21:14:42Z,c7409f2d-62dc-5e6e-8473-abe2acd9230e,25ef46dc-aa3c-5b47-9093-7be79672cd76
27192557-1df7-58ce-ac18-53a244062b50,c95c5462-05c3-5ae1-8ea2-da6a1bcea049,MDM-3000000009,Modem,,2026-04-08T17:59:50Z,2026-05-29T21:14:42Z,c7409f2d-62dc-5e6e-8473-abe2acd9230e,25ef46dc-aa3c-5b47-9093-7be79672cd76
ebc6c4e7-fd09-599a-b1b4-bc53f1a14936,fc5d46a4-e94b-5a61-a147-3c17eafc21ef,DL-BE-30000,Primary,,2026-04-09T19:06:51Z,,ddb83d54-3a4e-5917-a1cb-ca5f605a10e1,
e19902f7-b2a3-5e7f-9979-d25c554f74a2,fc5d46a4-e94b-5a61-a147-3c17eafc21ef,GEO-BG-30007,Sensor1,S,2026-04-09T19:06:51Z,,ddb83d54-3a4e-5917-a1cb-ca5f605a10e1,
d83b3382-e1ef-5a72-93b1-368aeb7793ef,4f91eeed-b1bf-5e6a-aed6-29c672aec11b,DL-D10-350002,Primary,,2026-04-09T18:35:38Z,2026-05-04T18:01:25Z,48c41198-8858-56ca-8d51-947ad01f2a22,a0a9bceb-1946-590e-a2f8-10c55fe3661b
479c0c62-9efa-5f07-b834-5cfe1e60a4d9,4dcdc9ae-5b75-5495-b55d-d5d6aec785d8,DL-UM-40004,Primary,,2026-04-10T14:05:21Z,,f9a31c24-870f-5a1d-bbbb-5a3e94dba47b,
621a0dc3-a850-5c96-8247-d2c969f5931e,4dcdc9ae-5b75-5495-b55d-d5d6aec785d8,GEO-UM-40004,Sensor1,BH,2026-04-10T14:05:21Z,,f9a31c24-870f-5a1d-bbbb-5a3e94dba47b,
84b86618-31a0-5d47-b37c-f3b104677a7b,4dcdc9ae-5b75-5495-b55d-d5d6aec785d8,MDM-3000000005,Modem,,2026-04-10T14:05:21Z,,f9a31c24-870f-5a1d-bbbb-5a3e94dba47b,
4548e50c-e512-5e66-be14-ec13bc4cc04d,071d5838-fc3f-5a81-8d98-f9cb5f3877bf,DL-BE-30011,Primary,,2026-04-11T21:58:39Z,,30a6be60-871f-5f48-a555-bc1c04f500fe,
ea8dc609-93ef-595a-bc62-591dbbb0831f,67f137e4-931a-53a9-a776-1c0323ae15fc,DL-UM-40009,Primary,,2026-04-13T22:45:39Z,,7ef6d428-5298-5576-a753-274bd26039e1,
4dd8a771-caa6-5fe0-990b-e8fab865792a,67f137e4-931a-53a9-a776-1c0323ae15fc,GEO-UM-40009,Sensor1,E,2026-04-13T22:45:39Z,,7ef6d428-5298-5576-a753-274bd26039e1,
2e961cf8-28fd-5225-976e-72e0262dbd73,67f137e4-931a-53a9-a776-1c0323ae15fc,MDM-3000000001,Modem,,2026-04-13T22:45:39Z,,7ef6d428-5298-5576-a753-274bd26039e1,
38b7d832-4aad-551d-ab82-806e289c6f07,66489656-7265-5f02-b259-05f0861e3a58,DL-UM-40024,Primary,,2026-04-13T15:57:45Z,2026-05-18T23:38:53Z,c9da348a-99a8-5d47-8b16-e00490ed40ae,2d26dbb2-de4a-5e1a-a32e-e906f63e65c0
53961309-1610-5e9c-8803-e187d7dc6f5e,66489656-7265-5f02-b259-05f0861e3a58,GEO-UM-40024,Sensor1,E,2026-04-13T15:57:45Z,2026-05-18T23:38:53Z,c9da348a-99a8-5d47-8b16-e00490ed40ae,2d26dbb2-de4a-5e1a-a32e-e906f63e65c0
85e48d15-2bfe-5830-bc7c-4b7defda7beb,7190fbb4-08b7-5579-9ae8-060b91a2fb73,DL-UM-40040,Primary,,2026-04-13T17:43:39Z,,a177ea8a-2ef1-5581-be4d-c7cf3805ca46,
7f5fae1b-ef5b-5c5d-a7ca-7ead73d96c68,7190fbb4-08b7-5579-9ae8-060b91a2fb73,GEO-UM-40040,Sensor1,BH,2026-04-13T17:43:39Z,2026-06-08T19:46:52Z,a177ea8a-2ef1-5581-be4d-c7cf3805ca46,451b656d-5238-55fb-ab9b-3b667793ec0a
636a5b19-6cc6-5aaf-8068-418d453f2bef,b7026009-6fd2-55ba-9706-873ece3acfb6,DL-BE-30046,Primary,,2026-04-17T21:24:29Z,,d0223438-c882-5a8b-8fba-148effe17aec,
4ed97d5f-8b37-5067-bdf9-200557a27f3b,3c1ea72a-a1e8-5603-acc4-6559a0a38ea2,DL-UM-40006,Primary,,2026-04-17T21:59:03Z,,da650cf9-8e0c-5dff-9cf9-94db19ad9cf3,
6af9f76d-6320-5907-b481-d735b2e4bac7,3c1ea72a-a1e8-5603-acc4-6559a0a38ea2,GEO-UM-40006,Sensor1,H,2026-04-17T21:59:03Z,,da650cf9-8e0c-5dff-9cf9-94db19ad9cf3,
fb28e90d-88ed-5db0-a568-a66d529deec0,2ad3e1d5-1318-5a85-8265-e53cf6bc39ed,DL-BE-30060,Primary,,2026-04-21T12:17:44Z,,ac9301d8-a0d6-5248-9508-e789f3229d74,
faa3d4a7-d19f-5cc8-8444-340fc9bf3e94,8f487016-5cab-5455-a9c8-07728123779b,DL-UM-40012,Primary,,2026-04-24T19:28:34Z,,f77440ee-139a-5dd8-974d-b637457afcaf,
d442c818-0a60-5c32-87aa-a0ef3361829a,8f487016-5cab-5455-a9c8-07728123779b,GEO-UM-40012,Sensor1,V,2026-04-24T19:28:34Z,,f77440ee-139a-5dd8-974d-b637457afcaf,
f0245368-1447-5350-ae01-e56d11b75159,8f487016-5cab-5455-a9c8-07728123779b,MDM-3000000012,Modem,,2026-04-24T19:28:34Z,,f77440ee-139a-5dd8-974d-b637457afcaf,
1cf8ad56-6505-57b6-a0c6-3fbf1d029059,6f127bcf-b9f3-5d19-a45f-a757a18fab20,DL-BE-30051,Primary,,2026-04-24T18:57:26Z,2026-06-22T21:31:01Z,82da3c41-5611-504c-a4f7-2636963e63b7,a10d73be-25b4-5a3d-9d57-86b7b6143b28
fcc5c88e-eb34-5333-84b5-83b12a742733,9c9449c9-0b20-5dd7-bbfe-e7062656d4a9,DL-D10-300000,Primary,,2026-04-27T11:26:47Z,2026-06-03T18:29:52Z,a58eea5f-3fa5-554f-8e15-d50428977a09,43bdb844-0236-571e-a1f8-5df2b5553672
85a71771-48a5-50a1-8669-05c1019dfa70,d1ba0e6e-dfe7-5032-b484-1094cde963df,DL-BE-30057,Primary,,2026-04-29T13:41:07Z,2026-06-16T19:44:09Z,8955066b-dea1-5527-9c61-2bfb1a58d2f9,9e95c038-01fb-53df-b1ec-18786f8d3cae
335be49e-7f80-5c93-b74f-cb08a705efe9,b96a5990-a37c-5e67-9888-be4c2f1f2f05,DL-D10-350008,Primary,,2026-04-29T14:48:29Z,,2033efb5-63ff-54ed-b379-953469309b32,
38b70dc6-9b35-5efb-8f4b-de0534ab43b9,b96a5990-a37c-5e67-9888-be4c2f1f2f05,GEO-C22-450008,Sensor1,S,2026-04-29T14:48:29Z,,2033efb5-63ff-54ed-b379-953469309b32,
585bccd9-a4e4-5ce7-bcd5-7d6414ba6ae5,b96a5990-a37c-5e67-9888-be4c2f1f2f05,SLM-S50-500015,Microphone,,2026-04-29T14:48:29Z,,2033efb5-63ff-54ed-b379-953469309b32,
197b49c8-c2da-5512-a309-9264b90e3629,34a3af8f-ba43-5968-9031-bc477d430cac,DL-BE-30054,Primary,,2026-05-01T15:35:24Z,2026-06-22T21:33:29Z,dab88456-dc4b-51dd-9a4b-10f50c260611,053cda27-a602-5676-aebe-2b2cd8d02066
edf241bc-eabd-543a-8502-379f57d0f0ce,9ee1c6f6-bf17-5f39-b15c-d2de9cc64e4e,DL-BE-30036,Primary,,2026-05-04T17:34:13Z,2026-05-25T21:56:28Z,c9c1026a-9ba2-5a32-8eb6-7672a43b78c6,de481a26-0475-5f5f-8691-b05df9cd9aca
d495c58e-7707-5b25-b04b-62ecb92335a9,a027b07d-a9f4-5e88-96f3-6dfb65c84b21,DL-D10-300004,Primary,,2026-05-07T20:55:58Z,,d133e7c6-df04-5747-8cbf-0e16d56f70a1,
dee22a9c-ac60-5162-afea-91fab1b0b3b6,a33ca704-c821-5e84-9d76-7fc1880297d7,DL-D10-350003,Primary,,2026-05-07T14:03:04Z,,db899559-8bc2-5a64-be44-ad826aacd5c4,
52e57a58-a9c7-5b99-ba2f-b54ca09cb09a,b12b7ddd-deed-5b29-a96f-fff006ef94c0,DL-UM-40015,Primary,,2026-05-08T16:18:17Z,2026-06-13T17:30:06Z,bee489e9-13b4-5673-a5e7-6d9dd434eeb3,ff0b9b9d-a72f-543d-8948-dedf2db7a3a1
f7501b7e-fddf-556b-8516-484417fc8d5d,b12b7ddd-deed-5b29-a96f-fff006ef94c0,GEO-UM-40015,Sensor1,BH,2026-05-08T16:18:17Z,2026-06-13T17:30:06Z,bee489e9-13b4-5673-a5e7-6d9dd434eeb3,ff0b9b9d-a72f-543d-8948-dedf2db7a3a1
45780e11-3355-5a61-b32b-3aadbfeb3bad,5b81498f-16ed-5355-855a-fd4ff32e2d22,DL-BE-30024,Primary,,2026-05-11T14:50:39Z,,3417d1f4-96b9-56f5-9fba-5834168e7001,
37289fd4-f6c0-5fca-945c-df62d6b2bbf0,d5385bcc-26b3-53c5-bb5e-c2974010c558,DL-BE-30044,Primary,,2026-05-12T14:29:27Z,,8797a354-157c-5078-87f4-8781f44cfab3,
b96004ae-a476-5325-ae87-7d753628813e,870f3c78-eed4-5f5b-a343-c051c797f57a,DL-UM-40030,Primary,,2026-05-17T15:29:04Z,,c18a5a6d-07bd-5214-9c07-faa87ca57fed,
e78fb6ad-5e32-575a-93eb-5a03241e7d52,870f3c78-eed4-5f5b-a343-c051c797f57a,GEO-UM-40030,Sensor1,S,2026-05-17T15:29:04Z,,c18a5a6d-07bd-5214-9c07-faa87ca57fed,
8d8b2151-0407-5152-99bb-e406b3b3314d,818bd84c-1d20-58fe-99c4-390c0a221dea,DL-D10-350002,Primary,,2026-05-20T14:20:21Z,,0bcdf625-1e6a-5ac4-a64e-86f10396dcf0,
0a0c67ec-bf6f-5108-98fc-4837bf561fe9,cd8704c6-d453-5894-be88-06c87b6ae5a7,DL-BE-30049,Primary,,2026-05-21T16:28:38Z,2026-08-03T17:25:59Z,22e3d2c4-d8bb-5cb3-b616-d3980904a78e,a923a2be-e630-5fdb-bcc6-8cb71dbdda5c
f2a9523d-cc80-5a1c-8a09-e653c82ee219,e1a05289-34cf-5969-b6d2-855c87a7072a,DL-UM-40028,Primary,,2026-05-26T15:14:22Z,2026-06-29T17:32:20Z,3bfb323a-9bee-54e1-98f1-451ed81a75fa,20d4b467-887b-5bd6-9ca9-72ef1014cac2
aed27ff2-cce9-59b4-ae18-8213bed99183,e1a05289-34cf-5969-b6d2-855c87a7072a,GEO-UM-40028,Sensor1,H,2026-05-26T15:14:22Z,2026-06-29T17:32:20Z,3bfb323a-9bee-54e1-98f1-451ed81a75fa,20d4b467-887b-5bd6-9ca9-72ef1014cac2
3cd262f7-23fa-5fea-810d-6de529d0935f,a2e33616-6e76-5d29-a3bb-7a122d5aac76,DL-BE-30041,Primary,,2026-05-28T13:33:16Z,2026-07-20T21:21:39Z,310ebf2c-536f-54b5-a612-29e4a93ce36b,62707953-51c9-5b37-be19-a2ce8a3b0b66
9078cb03-f8a1-54f2-b9b8-45607c1ec088,a2e33616-6e76-5d29-a3bb-7a122d5aac76,GEO-BG-30029,Sensor1,W,2026-05-28T13:33:16Z,2026-07-06T19:26:14Z,310ebf2c-536f-54b5-a612-29e4a93ce36b,7d10fc4c-3fc7-5886-98af-053aa33cd924
487147d2-0ad5-5bff-a2a3-85760f4df142,e85eb4e8-d972-592a-82e2-aba488a1e880,DL-BE-30036,Primary,,2026-06-01T13:23:01Z,,a6ef3f23-3ca9-5011-aec3-79d60104b490,
9b174b01-9718-5a82-843e-0304e4a184cb,e85eb4e8-d972-592a-82e2-aba488a1e880,GEO-BG-30030,Sensor1,E,2026-06-01T13:23:01Z,,a6ef3f23-3ca9-5011-aec3-79d60104b490,
9145384f-3628-5316-a723-1d035d21b0bd,e85eb4e8-d972-592a-82e2-aba488a1e880,GEO-BG-30033,Sensor2,H,2026-06-01T13:23:01Z,,a6ef3f23-3ca9-5011-aec3-79d60104b490,
11336a8c-8e00-56da-9737-f7548f2a8568,1d29b066-27af-5020-8aa3-51c6df9a46bd,DL-UM-40024,Primary,,2026-06-01T11:18:54Z,2026-06-26T19:32:03Z,86a55635-5bad-572c-a9a1-2525b0c91312,5a2a6a4b-0b58-5b4b-a9d7-1dd524dcc174
a113e895-6642-5b8c-b879-bfb04e3087a2,e17705f0-7f3d-5a00-a30e-22fc5ba9c119,DL-BE-30056,Primary,,2026-06-01T14:42:50Z,,28d3718b-fa5f-593b-84a7-c4b10573062c,
fa064c4f-7ca9-53ca-803f-3d13b0f4b99d,6974cd1e-c830-5c2f-821d-ad6c9c3976cf,DL-UM-40011,Primary,,2026-06-07T18:29:22Z,,cdeca6f9-b371-501b-b381-4fe19345548f,
d952d396-6a20-51b8-b069-bda701250bf8,6974cd1e-c830-5c2f-821d-ad6c9c3976cf,MDM-3000000009,Modem,,2026-06-07T18:29:22Z,,cdeca6f9-b371-501b-b381-4fe19345548f,
03ec1723-bd68-5db7-9d4a-d6cacf5e8975,a4c02f55-8dcf-5845-8ec4-0810bb6481f2,DL-BE-30053,Primary,,2026-06-10T13:31:55Z,,5a066aa5-95c9-58d8-ae22-bd7937bc048c,
8e32f3d1-22da-5a9f-899f-e6ce6ee64026,5abeed0f-0fec-581b-abe8-b2affd848b20,DL-BE-30017,Primary,,2026-06-15T19:01:15Z,,83a639da-12a4-5b51-8236-6154eec153aa,
9e8d8650-8a20-5ac1-8b61-ac5b0c6b6a96,5abeed0f-0fec-581b-abe8-b2affd848b20,GEO-BG-30018,Sensor1,H,2026-06-15T19:01:15Z,,83a639da-12a4-5b51-8236-6154eec153aa,
b7cf5990-6d18-5422-bb4c-ff4a4bb8cabc,85f3e84b-a996-514c-9907-4267b9c6d260,DL-D10-300003,Primary,,2026-06-18T16:41:21Z,2026-07-29T20:03:23Z,c1707742-4459-5675-ab1b-0a072a67706f,eb87de4f-a0c7-5d2b-98d9-66d7513e4b39
9338e4a5-8f70-5434-8243-3c8ce7c8d324,85f3e84b-a996-514c-9907-4267b9c6d260,GEO-C22-450007,Sensor1,N,2026-06-18T16:41:21Z,2026-07-29T20:03:23Z,c1707742-4459-5675-ab1b-0a072a67706f,eb87de4f-a0c7-5d2b-98d9-66d7513e4b39
b0d7f51a-b4a9-5e0e-911e-c0327fb56cff,8d0e43c8-b670-592b-86fd-5b014f54748f,DL-UM-40001,Primary,,2026-06-22T19:31:31Z,,574bc0b4-999b-5621-973d-bc9d56d95b33,
4d4d93aa-00e5-5d05-929b-5c9378de45cc,9de44986-3e87-5659-9c41-b835a91cc48d,DL-UM-40015,Primary,,2026-06-23T14:51:14Z,,cce57f61-5c89-53d9-8a2d-6acada5897a3,
4df3be3a-3d84-551a-8b2e-970efd3769b3,9de44986-3e87-5659-9c41-b835a91cc48d,GEO-UM-40015,Sensor1,V,2026-06-23T14:51:14Z,,cce57f61-5c89-53d9-8a2d-6acada5897a3,
a7a9cdf1-154c-5f04-9193-5cc91d10e9d9,620d8c3a-694e-541a-aebc-2369d6eb65ce,DL-BE-30057,Primary,,2026-06-25T15:07:21Z,2026-07-27T21:46:06Z,2762fdf6-ae07-5b05-8835-c056cfd3010c,0deb5632-f7ed-5494-a0e7-820b371932f9
dfa37def-b0a0-538d-9a39-6eb47332e48d,4d39cb9a-a4c4-520e-8313-5a157b50c482,DL-UM-40010,Primary,,2026-06-25T12:41:31Z,2026-07-13T19:07:11Z,ab483df8-926d-571a-9c79-0fc879a87878,5222afa9-557d-5a57-92b3-d890bb996f13
89d23bb8-2ab9-57d8-b7fe-3ae881bc0bd8,4d39cb9a-a4c4-520e-8313-5a157b50c482,MDM-3000000010,Modem,,2026-06-25T12:41:31Z,2026-07-13T19:07:11Z,ab483df8-926d-571a-9c79-0fc879a87878,5222afa9-557d-5a57-92b3-d890bb996f13
9d0b73c2-5bf2-53cb-b5d6-8160d9be3eb5,c644d0e5-1254-59f2-9b51-e6ec2f06c855,DL-D10-300006,Primary,,2026-06-26T20:30:15Z,2026-07-01T18:29:10Z,54614496-1b54-5052-a7f2-73accc3d6cbe,b6c1ed60-eb84-57f9-b26f-bb8499b8c0cc
5319893f-071c-5eeb-83b2-e6ec3ba936b4,c644d0e5-1254-59f2-9b51-e6ec2f06c855,GEO-V12-400010,Sensor1,W,2026-06-26T20:30:15Z,2026-07-01T18:29:10Z,54614496-1b54-5052-a7f2-73accc3d6cbe,b6c1ed60-eb84-57f9-b26f-bb8499b8c0cc
a5aa4545-f0ef-565a-a58e-729bde494fde,d78a4313-5cfd-536d-a38d-b0bddd874353,DL-UM-40020,Primary,,2026-07-02T15:40:29Z,,71c41a73-ecb9-53af-81a3-68a9dbe0fa61,
357e1e0e-7da4-5fe0-bf19-ca1efe3aacf2,629171ca-dd1d-5d69-8531-4fd59e4c9c15,DL-UM-40028,Primary,,2026-07-03T18:40:45Z,,63eeefac-3a36-5728-bf8c-aa5be419433f,
a9680804-d824-5b28-8dd3-0b0038eda956,629171ca-dd1d-5d69-8531-4fd59e4c9c15,GEO-UM-40028,Sensor1,S,2026-07-03T18:40:45Z,,63eeefac-3a36-5728-bf8c-aa5be419433f,
ac6d7256-8e1d-5dc2-9a61-a908d646dd5f,3087136e-6912-5df0-8424-1acbbffa57d8,DL-BE-30051,Primary,,2026-07-06T12:40:57Z,2026-08-11T18:57:19Z,5d0daec6-db38-5c64-b04f-007bc2e1e1f5,4897eb26-9d0a-583a-8c64-6eb22f1c3ce0
6874354e-8a81-546a-a03b-7715c0fc4793,f57d4050-a37b-59ed-99c6-83b8a418e7e0,DL-BE-30058,Primary,,2026-07-06T18:23:32Z,2026-07-27T20:46:29Z,141a8d75-1f74-502e-b149-0a59387a2ce9,d572222f-f1ca-5603-b91e-109ddea4b5a8
b1ac2d85-7a29-511f-8656-3cffea64ccfa,f02b890f-cfaa-5947-9174-ba498e3e3214,DL-UM-40024,Primary,,2026-07-09T12:50:04Z,2026-09-02T18:18:06Z,ddb6af27-feb2-5053-8c1e-038748618e2b,2c843453-bf2b-5fba-afe9-18d091a6cb09
ebc79491-4f08-577a-9375-221acbbbe71c,f02b890f-cfaa-5947-9174-ba498e3e3214,GEO-UM-40024,Sensor1,N,2026-07-09T12:50:04Z,2026-09-02T18:18:06Z,ddb6af27-feb2-5053-8c1e-038748618e2b,2c843453-bf2b-5fba-afe9-18d091a6cb09
a1fd01d2-cff3-557c-8d8e-0292febf838b,7251780c-0227-52a5-b322-7d794efeeae4,DL-BE-30034,Primary,,2026-07-16T14:17:26Z,2026-08-03T10:57:55Z,1e986715-4a31-5061-a7b3-ade89fa016cd,2d04d520-f77e-5c65-8416-99787e354bcc
a516971f-3385-5666-a1be-7de996cc24e8,7251780c-0227-52a5-b322-7d794efeeae4,GEO-BG-30024,Sensor1,E,2026-07-16T14:17:26Z,2026-08-03T10:57:55Z,1e986715-4a31-5061-a7b3-ade89fa016cd,2d04d520-f77e-5c65-8416-99787e354bcc
b07de294-e7d7-5f9d-973e-65a8c3a04ed2,7251780c-0227-52a5-b322-7d794efeeae4,GEO-BG-30026,Sensor2,S,2026-07-16T14:17:26Z,2026-08-03T10:57:55Z,1e986715-4a31-5061-a7b3-ade89fa016cd,2d04d520-f77e-5c65-8416-99787e354bcc
c0e59e9b-12ee-5ab2-82be-cd8830735bb2,0146cf5f-8e9f-54e0-8c99-74cc561cfe79,DL-D10-300006,Primary,,2026-07-16T13:00:12Z,,1fc506aa-8cc0-59df-aa45-8537766f7879,
60e6c37e-4951-5935-80f4-41530424d79c,0146cf5f-8e9f-54e0-8c99-74cc561cfe79,GEO-V12-400010,Sensor1,W,2026-07-16T13:00:12Z,,1fc506aa-8cc0-59df-aa45-8537766f7879,
79f49a37-c2c6-5e87-9489-a838c3604957,ed8e8566-1da6-539e-970d-9e437c21fd76,DL-UM-40007,Primary,,2026-07-18T13:55:02Z,,b011df9a-688e-5679-a62f-6f14eaf431b1,
9c6a017e-7e41-5b27-8c81-80366c1d17ad,ed8e8566-1da6-539e-970d-9e437c21fd76,MDM-3000000013,Modem,,2026-07-18T13:55:02Z,,b011df9a-688e-5679-a62f-6f14eaf431b1,
27237de7-d996-5dd0-afdb-a30a5909863f,e9a5c458-23c6-5603-b9db-cfecd288de5a,DL-UM-40010,Primary,,2026-07-20T18:19:11Z,,94db642c-6a14-53ec-994e-243805c4a5e8,
13e86b43-54e0-563f-b395-0c6365f60d5f,e9a5c458-23c6-5603-b9db-cfecd288de5a,GEO-UM-40010,Sensor1,S,2026-07-20T18:19:11Z,,94db642c-6a14-53ec-994e-243805c4a5e8,
30c63adc-43f4-5f05-ba5c-fc852e0225b6,e9a5c458-23c6-5603-b9db-cfecd288de5a,MDM-3000000010,Modem,,2026-07-20T18:19:11Z,,94db642c-6a14-53ec-994e-243805c4a5e8,
25620b6f-cf74-5759-9361-8f2b638da684,f50a39c6-5bba-5898-85c5-a0bce52b964c,DL-BE-30020,Primary,,2026-07-24T18:05:34Z,,aa3015d5-b3ff-50cf-9112-cc49a5ae728a,
610428b8-fed7-5e95-ab8b-d7115847d59d,ba5c9caf-0c1f-5697-b2f0-0413912d9718,DL-BE-30041,Primary,,2026-07-27T18:01:30Z,,50c1a826-fe14-5148-9b82-4e7f8a6a6a39,
004f802d-fec8-56bd-8329-4f72f688391f,ba5c9caf-0c1f-5697-b2f0-0413912d9718,GEO-BG-30029,Sensor1,H,2026-07-27T18:01:30Z,,50c1a826-fe14-5148-9b82-4e7f8a6a6a39,
5020deb3-0cfc-5ace-a9a1-355c4bf3eb0a,10741b7a-7128-541d-9014-4430bbdf27c9,DL-BE-30054,Primary,,2026-07-27T19:23:44Z,,a3a9efec-2450-5bae-b27f-bcc444dfee1b,
b0802ff4-af83-505c-894c-9bd84a783be9,f885b9b2-01e3-5d18-ba0d-679fd2e67d33,DL-BE-30021,Primary,,2026-07-27T12:34:02Z,,a301d397-cb5e-5a3d-9874-68df54492016,
96f54296-12ac-55c8-ac17-760f44fcf15e,e9bc388d-d765-5fa9-971f-25cd6edb60da,DL-BE-30006,Primary,,2026-07-29T19:11:16Z,2026-08-17T21:38:17Z,d28a2907-d3f9-53b1-8e7e-0e9b0b95faf4,6e5c04c9-28b7-51d5-b3a9-bac52768c76d
ad7f038a-ae0b-5ee9-83c5-01893e8753c6,b3c67ff5-3417-50ce-b80d-86322f75f7cc,DL-BE-30061,Primary,,2026-07-31T15:10:01Z,,356a239d-63fc-55d7-9694-be656fd683b0,
599b08c4-0852-5a9e-9dcf-99e3b1552144,acc9f583-6155-5aa1-8db3-66d5bf488b71,DL-D10-350005,Primary,,2026-08-03T21:15:26Z,,d033a821-1bae-512f-ac61-ab5f741a83a0,
3c01986a-e820-53c4-80e4-2d97d62b06c9,acc9f583-6155-5aa1-8db3-66d5bf488b71,GEO-V12-400004,Sensor1,N,2026-08-03T21:15:26Z,,d033a821-1bae-512f-ac61-ab5f741a83a0,
adc46309-35c1-51ad-8e1e-a99cdba00c09,acc9f583-6155-5aa1-8db3-66d5bf488b71,GEO-V12-400006,Sensor2,E,2026-08-03T21:15:26Z,,d033a821-1bae-512f-ac61-ab5f741a83a0,
169a75e8-706f-5fae-b4db-6c3c8f513650,4078c8f0-069a-5fb7-b687-eda62f199d00,DL-BE-30027,Primary,,2026-08-04T17:21:23Z,,4b2eae3f-058d-58e5-aa00-5d5fe923fdda,
b7ea895b-80d7-5724-9dc8-5d0ab65da32e,c510fb66-687a-5ac5-bd14-b0d1fec9bd86,DL-D10-300003,Primary,,2026-08-10T12:36:09Z,,2af26ab0-d26c-518b-9f68-6a985c5e5a86,
f2bf249c-3b56-5a9f-b150-cbb87b4a936e,c510fb66-687a-5ac5-bd14-b0d1fec9bd86,GEO-C22-450007,Sensor1,W,2026-08-10T12:36:09Z,,2af26ab0-d26c-518b-9f68-6a985c5e5a86,
639787de-0d20-597e-8abf-c509bc67d1f7,5f051fae-eb6c-5346-9b7c-f97974c246af,DL-BE-30034,Primary,,2026-08-12T17:28:56Z,,f1a346fe-5307-5b29-9bd7-a7c66614edb6,
a5174c6d-5aa2-5941-81ba-5d5346b8a66b,5f051fae-eb6c-5346-9b7c-f97974c246af,GEO-BG-30026,Sensor1,H,2026-08-12T17:28:56Z,2026-08-31T17:57:41Z,f1a346fe-5307-5b29-9bd7-a7c66614edb6,93972683-c3e1-5065-94f4-db2fa61607a3
9a7d5498-77f9-5964-8ded-1d242fb2ce51,d1196793-2004-5521-b0cb-0f1f65e66c5b,DL-BE-30015,Primary,,2026-08-13T14:56:26Z,,528057d1-7dd1-5f32-9f68-bbfff9b72f79,
38a61a70-e742-57b8-b671-2acff2bd7f13,baa54b05-4904-5cb6-9cc3-e5293cc25ec0,DL-UM-40022,Primary,,2026-08-14T14:25:28Z,,54b395f1-86f8-5e55-9031-6fb1109658d0,
15e49a80-6011-5db4-9a1d-b43aa9eb5c4e,baa54b05-4904-5cb6-9cc3-e5293cc25ec0,GEO-UM-40022,Sensor1,H,2026-08-14T14:25:28Z,,54b395f1-86f8-5e55-9031-6fb1109658d0,
36c1599a-8435-5523-ba6d-c29338f03f53,baa54b05-4904-5cb6-9cc3-e5293cc25ec0,MDM-3000000014,Modem,,2026-08-14T14:25:28Z,,54b395f1-86f8-5e55-9031-6fb1109658d0,
072cb905-9f20-5849-9d29-1908a3c1500c,27e397c7-d7cd-5ee1-bfa3-cbf11aac8d13,DL-BE-30057,Primary,,2026-08-24T14:36:32Z,2026-09-01T18:41:13Z,78db7612-931e-55ff-ba84-b67d2a209c9e,19415674-3acb-50dd-a594-d79aaf6eafec
e5309108-0bff-5f87-9864-a19909b3e343,4f32f0d1-a697-54ad-b79c-9461633a32e8,DL-BE-30051,Primary,,2026-08-26T14:48:34Z,,97dae393-cd56-59bd-8470-074b9abf495e,
294ed053-5e46-5b92-9f42-734aa8013523,06b7660e-7f41-50b1-b208-8bd78dbf0fce,DL-UM-40000,Primary,,2026-08-26T22:33:38Z,,0b656fde-a753-5bb3-8f09-0972b5eb492f,
433359df-8cfe-5d16-8085-a278cb080938,06b7660e-7f41-50b1-b208-8bd78dbf0fce,GEO-UM-40000,Sensor1,W,2026-08-26T22:33:38Z,,0b656fde-a753-5bb3-8f09-0972b5eb492f,
abd1e68e-0bfb-576c-a23c-d422e9a938d6,45f8e73a-cca6-53ed-aef9-30e59cf2932d,DL-BE-30013,Primary,,2026-08-27T13:07:40Z,,2b5d24d2-263c-5a35-a3c9-d97dafe8e99a,
9b83fbb5-8454-56c2-b6c8-c308d6eed37a,45f8e73a-cca6-53ed-aef9-30e59cf2932d,GEO-BG-30031,Sensor1,E,2026-08-27T13:07:40Z,,2b5d24d2-263c-5a35-a3c9-d97dafe8e99a,
37381f82-2ffd-58ba-a354-75331923e24c,ee868d4c-dd3a-58ae-8ae2-dc72eab50646,DL-UM-40017,Primary,,2026-08-28T13:23:14Z,,a47d8c6c-175a-595b-8045-72fb528c8e52,
78ee27af-5bd5-5a04-bd31-7664ed31399c,ee868d4c-dd3a-58ae-8ae2-dc72eab50646,GEO-UM-40017,Sensor1,S,2026-08-28T13:23:14Z,,a47d8c6c-175a-595b-8045-72fb528c8e52,
