Asset Group,Asset ID,Equipment Type,Manufacturer,Model / Station,Serial Number,Current Office,Last Calibration Service,Next Calibration Due,Notes,Availability Status,Lifecycle Status,Staff,Project ID,Project Name,Location Type,Location,Deployment Date,Retirement Reason,Firmware Version,Pre Amp Serial,Element Serial,Static IP,Carrier,SIM ICCID,Phone Number
Seismographs,DL-BE-18794,Data Logger,Instantel,Minimate,BE18794,Ottawa,,,,Deployed or NOT Available,Active,,,,,,,,,,,,,,
Seismographs,DL-BE-14187,Data Logger,Instantel,Minimate,BE14187,Ottawa,,,,Deployed or NOT Available,Active,,,,,,,,,,,,,,
Seismographs,DL-BE-11209,Data Logger,Instantel,Minimate,BE11209,Ottawa,,,,Deployed or NOT Available,Active,,,,,,,,,,,,,,
Seismographs,DL-BE-21045,Data Logger,Instantel,Minimate,BE21045,Ottawa,,,,Deployed or NOT Available,Active,,,,,,,,,,,,,,
Seismographs,DL-BE-20280,Data Logger,Instantel,Minimate,BE20280,Ottawa,,,,Deployed or NOT Available,Active,,,,,,,,,,,,,,
Seismographs,DL-UM-18425,Data Logger,Instantel,Micromate,UM18425,Ottawa,,,,Deployed or NOT Available,Active,,,,,,,,,,,,,,
Seismographs,DL-UM-21927,Data Logger,Instantel,Micromate,UM21927,Ottawa,,,,Deployed or NOT Available,Active,,,,,,,,,,,,,,
Seismographs,DL-UM-18392,Data Logger,Instantel,Micromate,UM18392,Ottawa,,,,Deployed or NOT Available,Active,,,,,,,,,,,,,,
Seismographs,DL-UM-21931,Data Logger,Instantel,Micromate,UM21931,Ottawa,,,,Deployed or NOT Available,Active,,,,,,,,,,,,,,
Seismographs,DL-UM-16960,Data Logger,Instantel,Micromate,UM16960,Ottawa,,,,Deployed or NOT Available,Active,,,,,,,,,,,,,,
Seismographs,DL-UM-15392,Data Logger,Instantel,Micromate,UM15392,Ottawa,,,,Deployed or NOT Available,Active,,,,,,,,,,,,,,
Seismographs,DL-UM-16818,Data Logger,Instantel,Micromate,UM16818,Ottawa,,,,Deployed or NOT Available,Active,,,,,,,,,,,,,,
Seismographs,DL-UM-16598,Data Logger,Instantel,Micromate,UM16598,Ottawa,,,,Deployed or NOT Available,Active,,,,,,,,,,,,,,
Seismographs,DL-UM-12572,Data Logger,Instantel,Micromate,UM12572,Ottawa,,,,Deployed or NOT Available,Active,,,,,,,,,,,,,,
Seismographs,DL-UM-11555,Data Logger,Instantel,Micromate,UM11555,Ottawa,,,,Deployed or NOT Available,Active,,,,,,,,,,,,,,
Seismographs,DL-UM-12108,Data Logger,Instantel,Micromate,UM12108,Ottawa,,,,Deployed or NOT Available,Active,,,,,,,,,,,,,,
Seismographs,DL-UM-21925,Data Logger,Instantel,Micromate,UM21925,Ottawa,,,,Deployed or NOT Available,Active,,,,,,,,,,,,,,
Seismographs,DL-UM-18473,Data Logger,Instantel,Micromate,UM18473,Ottawa,,,,Deployed or NOT Available,Active,,,,,,,,,,,,,,
Seismographs,DL-UM-21929,Data Logger,Instantel,Micromate,UM21929,Ottawa,,,,Deployed or NOT Available,Active,,,,,,,,,,,,,,
Seismographs,DL-UM-17270,Data Logger,Instantel,Micromate,UM17270,Ottawa,,,,Deployed or NOT Available,Active,,,,,,,,,,,,,,
Seismographs,DL-UM-17281,Data Logger,Instantel,Micromate,UM17281,Ottawa,,,,Deployed or NOT Available,Active,,,,,,,,,,,,,,
Seismographs,DL-UM-18390,Data Logger,Instantel,Micromate,UM18390,Ottawa,,,,Deployed or NOT Available,Active,,,,,,,,,,,,,,
Seismographs,DL-UM-21933,Data Logger,Instantel,Micromate,UM21933,Ottawa,,,,Deployed or NOT Available,Active,,,,,,,,,,,,,,
Seismographs,DL-UM-17198,Data Logger,Instantel,Micromate,UM17198,Ottawa,,,,Deployed or NOT Available,Active,,,,,,,,,,,,,,
Seismographs,DL-UM-17269,Data Logger,Instantel,Micromate,UM17269,Ottawa,,,,Deployed or NOT Available,Active,,,,,,,,,,,,,,
Seismographs,DL-BE-17158,Data Logger,Instantel,Minimate,BE17158,Ottawa,,,,Deployed or NOT Available,Active,,,,,,,,,,,,,,
Seismographs,DL-BE-20237,Data Logger,Instantel,Minimate,BE20237,Ottawa,,,,Deployed or NOT Available,Active,,,,,,,,,,,,,,
Seismographs,DL-BE-18852,Data Logger,Instantel,Minimate,BE18852,Ottawa,,,,Deployed or NOT Available,Active,,,,,,,,,,,,,,
Seismographs,DL-UM-12100,Data Logger,Instantel,Micromate,UM12100,Ottawa,,,,Deployed or NOT Available,Active,,,,,,,,,,,,,,
Seismographs,DL-UM-17263,Data Logger,Instantel,Micromate,UM17263,Ottawa,,,,Deployed or NOT Available,Active,,,,,,,,,,,,,,
Seismographs,DL-UM-16815,Data Logger,Instantel,Micromate,UM16815,Ottawa,,,,Deployed or NOT Available,Active,,,,,,,,,,,,,,
Seismographs,DL-UM-17176,Data Logger,Instantel,Micromate,UM17176,Ottawa,,,,Deployed or NOT Available,Active,,,,,,,,,,,,,,
Seismographs,DL-UM-15403,Data Logger,Instantel,Micromate,UM15403,Ottawa,,,,Deployed or NOT Available,Active,,,,,,,,,,,,,,
Seismographs,DL-UM-17314,Data Logger,Instantel,Micromate,UM17314,Ottawa,,,,Deployed or NOT Available,Active,,,,,,,,,,,,,,
Seismographs,DL-UM-15720,Data Logger,Instantel,Micromate,UM15720,Ottawa,,,,Deployed or NOT Available,Active,,,,,,,,,,,,,,
Seismographs,DL-UM-21932,Data Logger,Instantel,Micromate,UM21932,Ottawa,,,,Deployed or NOT Available,Active,,,,,,,,,,,,,,
Seismographs,DL-UM-17179,Data Logger,Instantel,Micromate,UM17179,Ottawa,,,,Deployed or NOT Available,Active,,,,,,,,,,,,,,
Seismographs,GEO-,Geophone,Instantel,Series III,,Ottawa,,,,Deployed or NOT Available,Active,,,,,,,,,,,,,,
Seismographs,GEO-,Geophone,Instantel,Series III,,Ottawa,,,,Deployed or NOT Available,Active,,,,,,,,,,,,,,
Seismographs,GEO-,Geophone,Instantel,Series III,,Ottawa,,,,Deployed or NOT Available,Active,,,,,,,,,,,,,,
Seismographs,GEO-,Geophone,Instantel,Series III,,Ottawa,,,,Deployed or NOT Available,Active,,,,,,,,,,,,,,
Seismographs,GEO-,Geophone,Instantel,Series III,,Ottawa,,,,Deployed or NOT Available,Active,,,,,,,,,,,,,,
Seismographs,GEO-UM-18425,Geophone,Instantel,Micromate,UM18425,Ottawa,,,,Deployed or NOT Available,Active,,,,,,,,,,,,,,
Seismographs,GEO-UM-21927,Geophone,Instantel,Micromate,UM21927,Ottawa,,,,Deployed or NOT Available,Active,,,,,,,,,,,,,,
Seismographs,GEO-UM-18392,Geophone,Instantel,Micromate,UM18392,Ottawa,,,,Deployed or NOT Available,Active,,,,,,,,,,,,,,
Seismographs,GEO-UM-21931,Geophone,Instantel,Micromate,UM21931,Ottawa,,,,Deployed or NOT Available,Active,,,,,,,,,,,,,,
Seismographs,GEO-UM-16960,Geophone,Instantel,Micromate,UM16960,Ottawa,,,,Deployed or NOT Available,Active,,,,,,,,,,,,,,
Seismographs,GEO-UM-15392,Geophone,Instantel,Micromate,UM15392,Ottawa,,,,Deployed or NOT Available,Active,,,,,,,,,,,,,,
Seismographs,GEO-UM-16818,Geophone,Instantel,Micromate,UM16818,Ottawa,,,,Deployed or NOT Available,Active,,,,,,,,,,,,,,
Seismographs,GEO-UM-16598,Geophone,Instantel,Micromate,UM16598,Ottawa,,,,Deployed or NOT Available,Active,,,,,,,,,,,,,,
Seismographs,GEO-UM-12572,Geophone,Instantel,Micromate,UM12572,Ottawa,,,,Deployed or NOT Available,Active,,,,,,,,,,,,,,
Seismographs,GEO-UM-11555,Geophone,Instantel,Micromate,UM11555,Ottawa,,,,Deployed or NOT Available,Active,,,,,,,,,,,,,,
Seismographs,GEO-UM-12108,Geophone,Instantel,Micromate,UM12108,Ottawa,,,,Deployed or NOT Available,Active,,,,,,,,,,,,,,
Seismographs,GEO-UM-21925,Geophone,Instantel,Micromate,UM21925,Ottawa,,,,Deployed or NOT Available,Active,,,,,,,,,,,,,,
Seismographs,GEO-UM-18473,Geophone,Instantel,Micromate,UM18473,Ottawa,,,,Deployed or NOT Available,Active,,,,,,,,,,,,,,
Seismographs,GEO-UM-21929,Geophone,Instantel,Micromate,UM21929,Ottawa,,,,Deployed or NOT Available,Active,,,,,,,,,,,,,,
Seismographs,GEO-UM-17270,Geophone,Instantel,Micromate,UM17270,Ottawa,,,,Deployed or NOT Available,Active,,,,,,,,,,,,,,
Seismographs,GEO-UM-17281,Geophone,Instantel,Micromate,UM17281,Ottawa,,,,Deployed or NOT Available,Active,,,,,,,,,,,,,,
Seismographs,GEO-UM-18390,Geophone,Instantel,Micromate,UM18390,Ottawa,,,,Deployed or NOT Available,Active,,,,,,,,,,,,,,
Seismographs,GEO-UM-21933,Geophone,Instantel,Micromate,UM21933,Ottawa,,,,Deployed or NOT Available,Active,,,,,,,,,,,,,,
Seismographs,GEO-UM-17198,Geophone,Instantel,Micromate,UM17198,Ottawa,,,,Deployed or NOT Available,Active,,,,,,,,,,,,,,
Seismographs,GEO-UM-17269,Geophone,Instantel,Micromate,UM17269,Ottawa,,,,Deployed or NOT Available,Active,,,,,,,,,,,,,,
Seismographs,GEO-,Geophone,Instantel,Series III,,Ottawa,,,,Deployed or NOT Available,Active,,,,,,,,,,,,,,
Seismographs,GEO-,Geophone,Instantel,Series III,,Ottawa,,,,Deployed or NOT Available,Active,,,,,,,,,,,,,,
Seismographs,GEO-,Geophone,Instantel,Series III,,Ottawa,,,,Deployed or NOT Available,Active,,,,,,,,,,,,,,
Seismographs,GEO-UM-12100,Geophone,Instantel,Micromate,UM12100,Ottawa,,,,Deployed or NOT Available,Active,,,,,,,,,,,,,,
Seismographs,GEO-UM-17263,Geophone,Instantel,Micromate,UM17263,Ottawa,,,,Deployed or NOT Available,Active,,,,,,,,,,,,,,
Seismographs,GEO-UM-16815,Geophone,Instantel,Micromate,UM16815,Ottawa,,,,Deployed or NOT Available,Active,,,,,,,,,,,,,,
Seismographs,GEO-UM-17176,Geophone,Instantel,Micromate,UM17176,Ottawa,,,,Deployed or NOT Available,Active,,,,,,,,,,,,,,
Seismographs,GEO-UM-15403,Geophone,Instantel,Micromate,UM15403,Ottawa,,,,Deployed or NOT Available,Active,,,,,,,,,,,,,,
Seismographs,GEO-UM-17314,Geophone,Instantel,Micromate,UM17314,Ottawa,,,,Deployed or NOT Available,Active,,,,,,,,,,,,,,
Seismographs,GEO-UM-15720,Geophone,Instantel,Micromate,UM15720,Ottawa,,,,Deployed or NOT Available,Active,,,,,,,,,,,,,,
Seismographs,GEO-UM-21932,Geophone,Instantel,Micromate,UM21932,Ottawa,,,,Deployed or NOT Available,Active,,,,,,,,,,,,,,
Seismographs,GEO-UM-17179,Geophone,Instantel,Micromate,UM17179,Ottawa,,,,Deployed or NOT Available,Active,,,,,,,,,,,,,,
Seismographs,DL-D10-M108854,Data Logger,Sigicom,D10M,108854,Ottawa,,,,Deployed or NOT Available,Active,,,,,,,,,,,,,,
Seismographs,SLM-S50-13657,"Microphone, Sound Level Meter",Sigicom,S50,13657,Ottawa,,,,Deployed or NOT Available,Active,,,,,,,,,,,,,,
Seismographs,GEO-V12-33100,Geophone,Sigicom,V12,33100,Ottawa,,,,Deployed or NOT Available,Active,,,,,,,,,,,,,,
Seismographs,DL-D10-107245,Data Logger,Sigicom,D10,107245,Ottawa,,,,Deployed or NOT Available,Active,,,,,,,,,,,,,,
Seismographs,SLM-S50-13656,"Microphone, Sound Level Meter",Sigicom,S50,13656,Ottawa,,,,Deployed or NOT Available,Active,,,,,,,,,,,,,,
Seismographs,GEO-V12-35590,Geophone,Sigicom,V12,35590,Ottawa,,,,Deployed or NOT Available,Active,,,,,,,,,,,,,,
Seismographs,DL-D10-106943,Data Logger,Sigicom,D10,106943,Ottawa,,,,Deployed or NOT Available,Active,,,,,,,,,,,,,,
Seismographs,SLM-S50-14489,"Microphone, Sound Level Meter",Sigicom,S50,14489,Ottawa,,,,Deployed or NOT Available,Active,,,,,,,,,,,,,,
Seismographs,GEO-V12-33140,Geophone,Sigicom,V12,33140,Ottawa,,,,Deployed or NOT Available,Active,,,,,,,,,,,,,,
Seismographs,DL-D10-107246,Data Logger,Sigicom,D10,107246,Ottawa,,,,Deployed or NOT Available,Active,,,,,,,,,,,,,,
Seismographs,SLM-S50-13595,"Microphone, Sound Level Meter",Sigicom,S50,13595,Ottawa,,,,Deployed or NOT Available,Active,,,,,,,,,,,,,,
Seismographs,GEO-V12-33230,Geophone,Sigicom,V12,33230,Ottawa,,,,Deployed or NOT Available,Active,,,,,,,,,,,,,,
Seismographs,DL-D10-109420,Data Logger,Sigicom,D10,109420,Ottawa,,,,Deployed or NOT Available,Active,,,,,,,,,,,,,,
Seismographs,SLM-S50-13863,"Microphone, Sound Level Meter",Sigicom,S50,13863,Ottawa,,,,Deployed or NOT Available,Active,,,,,,,,,,,,,,
Seismographs,GEO-V12-33630,Geophone,Sigicom,V12,33630,Ottawa,,,,Deployed or NOT Available,Active,,,,,,,,,,,,,,
Seismographs,DL-D10-109426,Data Logger,Sigicom,D10,109426,Ottawa,,,,Deployed or NOT Available,Active,,,,,,,,,,,,,,
Seismographs,SLM-S50-14567,"Microphone, Sound Level Meter",Sigicom,S50,14567,Ottawa,,,,Deployed or NOT Available,Active,,,,,,,,,,,,,,
Seismographs,DL-D10-107500,Data Logger,Sigicom,D10,107500,Ottawa,,,,Deployed or NOT Available,Active,,,,,,,,,,,,,,
Seismographs,GEO-V12-30240,Geophone,Sigicom,V12,30240,Ottawa,,,,Deployed or NOT Available,Active,,,,,,,,,,,,,,
Seismographs,DL-D10-109424,Data Logger,Sigicom,D10,109424,Ottawa,,,,Deployed or NOT Available,Active,,,,,,,,,,,,,,
Seismographs,SLM-S50-14586,"Microphone, Sound Level Meter",Sigicom,S50,14586,Ottawa,,,,Deployed or NOT Available,Active,,,,,,,,,,,,,,
Seismographs,GEO-V12-32630,Geophone,Sigicom,V12,32630,Ottawa,,,,Deployed or NOT Available,Active,,,,,,,,,,,,,,
Seismographs,DL-D10-109245,Data Logger,Sigicom,D10,109245,Ottawa,,,,Deployed or NOT Available,Active,,,,,,,,,,,,,,
Seismographs,SLM-S50-14587,"Microphone, Sound Level Meter",Sigicom,S50,14587,Ottawa,,,,Deployed or NOT Available,Active,,,,,,,,,,,,,,
Seismographs,GEO-V12-34750,Geophone,Sigicom,V12,34750,Ottawa,,,,Deployed or NOT Available,Active,,,,,,,,,,,,,,
Seismographs,DL-D10-109425,Data Logger,Sigicom,D10,109425,Ottawa,,,,Deployed or NOT Available,Active,,,,,,,,,,,,,,
Seismographs,SLM-S50-13778,"Microphone, Sound Level Meter",Sigicom,S50,13778,Ottawa,,,,Deployed or NOT Available,Active,,,,,,,,,,,,,,
Seismographs,DL-D10-107270,Data Logger,Sigicom,D10,107270,Ottawa,,,,Deployed or NOT Available,Active,,,,,,,,,,,,,,
Seismographs,SLM-S50-13593,"Microphone, Sound Level Meter",Sigicom,S50,13593,Ottawa,,,,Deployed or NOT Available,Active,,,,,,,,,,,,,,
Seismographs,GEO-V12-32980,Geophone,Sigicom,V12,32980,Ottawa,,,,Deployed or NOT Available,Active,,,,,,,,,,,,,,
Seismographs,DL-D10-109418,Data Logger,Sigicom,D10,109418,Ottawa,,,,Deployed or NOT Available,Active,,,,,,,,,,,,,,
Seismographs,SLM-S50-14574,"Microphone, Sound Level Meter",Sigicom,S50,14574,Ottawa,,,,Deployed or NOT Available,Active,,,,,,,,,,,,,,
Seismographs,GEO-V12-32620,Geophone,Sigicom,V12,32620,Ottawa,,,,Deployed or NOT Available,Active,,,,,,,,,,,,,,
Seismographs,DL-D10-107243,Data Logger,Sigicom,D10,107243,Ottawa,,,,Deployed or NOT Available,Active,,,,,,,,,,,,,,
Seismographs,SLM-S50-14485,"Microphone, Sound Level Meter",Sigicom,S50,14485,Ottawa,,,,Deployed or NOT Available,Active,,,,,,,,,,,,,,
Seismographs,GEO-V12-35360,Geophone,Sigicom,V12,35360,Ottawa,,,,Deployed or NOT Available,Active,,,,,,,,,,,,,,
Seismographs,DL-D10-106932,Data Logger,Sigicom,D10,106932,Ottawa,,,,Deployed or NOT Available,Active,,,,,,,,,,,,,,
Seismographs,SLM-S50-13658,"Microphone, Sound Level Meter",Sigicom,S50,13658,Ottawa,,,,Deployed or NOT Available,Active,,,,,,,,,,,,,,
Seismographs,GEO-V12-32350,Geophone,Sigicom,V12,32350,Ottawa,,,,Deployed or NOT Available,Active,,,,,,,,,,,,,,
Seismographs,DL-D10-106930,Data Logger,Sigicom,D10,106930,Ottawa,,,,Deployed or NOT Available,Active,,,,,,,,,,,,,,
Seismographs,SLM-S50-13596,"Microphone, Sound Level Meter",Sigicom,S50,13596,Ottawa,,,,Deployed or NOT Available,Active,,,,,,,,,,,,,,
Seismographs,GEO-V12-35060,Geophone,Sigicom,V12,35060,Ottawa,,,,Deployed or NOT Available,Active,,,,,,,,,,,,,,
Seismographs,DL-D10-109252,Data Logger,Sigicom,D10,109252,Ottawa,,,,Deployed or NOT Available,Active,,,,,,,,,,,,,,
Seismographs,SLM-S50-14658,"Microphone, Sound Level Meter",Sigicom,S50,14658,Ottawa,,,,Deployed or NOT Available,Active,,,,,,,,,,,,,,
Seismographs,GEO-V12-34690,Geophone,Sigicom,V12,34690,Ottawa,,,,Deployed or NOT Available,Active,,,,,,,,,,,,,,
Seismographs,DL-D10-112607,Data Logger,Sigicom,D10,112607,Ottawa,,,,Deployed or NOT Available,Active,,,,,,,,,,,,,,
Seismographs,SLM-S50-13599,"Microphone, Sound Level Meter",Sigicom,S50,13599,Ottawa,,,,Deployed or NOT Available,Active,,,,,,,,,,,,,,
Seismographs,DL-D10-109251,Data Logger,Sigicom,D10,109251,Ottawa,,,,Deployed or NOT Available,Active,,,,,,,,,,,,,,
Seismographs,SLM-S50-13648,"Microphone, Sound Level Meter",Sigicom,S50,13648,Ottawa,,,,Deployed or NOT Available,Active,,,,,,,,,,,,,,
Seismographs,GEO-V12-33640,Geophone,Sigicom,V12,33640,Ottawa,,,,Deployed or NOT Available,Active,,,,,,,,,,,,,,
Seismographs,DL-D10-109248,Data Logger,Sigicom,D10,109248,Ottawa,,,,Deployed or NOT Available,Active,,,,,,,,,,,,,,
Seismographs,SLM-S50-14488,"Microphone, Sound Level Meter",Sigicom,S50,14488,Ottawa,,,,Deployed or NOT Available,Active,,,,,,,,,,,,,,
Seismographs,GEO-V12-35640,Geophone,Sigicom,V12,35640,Ottawa,,,,Deployed or NOT Available,Active,,,,,,,,,,,,,,
Seismographs,DL-D10-106948,Data Logger,Sigicom,D10,106948,Ottawa,,,,Deployed or NOT Available,Active,,,,,,,,,,,,,,
Seismographs,SLM-S50-12703,"Microphone, Sound Level Meter",Sigicom,S50,12703,Ottawa,,,,Deployed or NOT Available,Active,,,,,,,,,,,,,,
Seismographs,GEO-V12-32420,Geophone,Sigicom,V12,32420,Ottawa,,,,Deployed or NOT Available,Active,,,,,,,,,,,,,,
Seismographs,GEO-C22-107411,Geophone,Sigicom,C22,107411,Ottawa,,,,Deployed or NOT Available,Active,,,,,,,,,,,,,,
Seismographs,DL-D10-106944,Data Logger,Sigicom,D10,106944,Ottawa,,,,Deployed or NOT Available,Active,,,,,,,,,,,,,,
Seismographs,SLM-S50-14614,"Microphone, Sound Level Meter",Sigicom,S50,14614,Ottawa,,,,Deployed or NOT Available,Active,,,,,,,,,,,,,,
Seismographs,DL-D10-107247,Data Logger,Sigicom,D10,107247,Ottawa,,,,Deployed or NOT Available,Active,,,,,,,,,,,,,,
Seismographs,SLM-S50-14603,"Microphone, Sound Level Meter",Sigicom,S50,14603,Ottawa,,,,Deployed or NOT Available,Active,,,,,,,,,,,,,,
Seismographs,DL-D10-106942,Data Logger,Sigicom,D10,106942,Ottawa,,,,Deployed or NOT Available,Active,,,,,,,,,,,,,,
Seismographs,GEO-V12-33290,Geophone,Sigicom,V12,33290,Ottawa,,,,Deployed or NOT Available,Active,,,,,,,,,,,,,,
Seismographs,DL-UM-16982,Data Logger,Instantel,Micromate,UM16982,Toronto,,,,Deployed or NOT Available,Active,,,,,,,,,,,,,,
Seismographs,DL-UM-17049,Data Logger,Instantel,Micromate,UM17049,Toronto,,,,Deployed or NOT Available,Active,,,,,,,,,,,,,,
Seismographs,SLM-UA-10775,"Microphone, Sound Level Meter",Instantel,Micromate,UA10775,Toronto,,,,Deployed or NOT Available,Active,,,,,,,,,,,,,,
Seismographs,DL-UM-21945,Data Logger,Instantel,Micromate,UM21945,Toronto,,,,Available,Active,,,,,,,,,,,,,,
Seismographs,SLM-UA-10899,"Microphone, Sound Level Meter",Instantel,Micromate,UA10899,Toronto,,,,Available,Active,,,,,,,,,,,,,,
Seismographs,DL-UM-17273,Data Logger,Instantel,Micromate,UM17273,Toronto,,,,Deployed or NOT Available,Active,,,,,,,,,,,,,,
Seismographs,SLM-UA-10602,"Microphone, Sound Level Meter",Instantel,Micromate,UA10602,Toronto,,,,Deployed or NOT Available,Active,,,,,,,,,,,,,,
Seismographs,DL-UM-7134,Data Logger,Instantel,Micromate,UM7134,Toronto,,,,Available,Active,,,,,,,,,,,,,,
Seismographs,GEO-UM-17049,Geophone,Instantel,Micromate,UM17049,Toronto,,,,Deployed or NOT Available,Active,,,,,,,,,,,,,,
Seismographs,GEO-UM-21945,Geophone,Instantel,Micromate,UM21945,Toronto,,,,Available,Active,,,,,,,,,,,,,,
Seismographs,GEO-UM-17273,Geophone,Instantel,Micromate,UM17273,Toronto,,,,Deployed or NOT Available,Active,,,,,,,,,,,,,,
Seismographs,GEO-UM-7134,Geophone,Instantel,Micromate,UM7134,Toronto,,,,Available,Active,,,,,,,,,,,,,,
Seismographs,DL-UM-12574,Data Logger,Instantel,Micromate,UM12574,Toronto,,,,Available,Active,,,,,,,,,,,,,,
Seismographs,GEO-UM-12574,Geophone,Instantel,Micromate,UM12574,Toronto,,,,Available,Active,,,,,,,,,,,,,,
Seismographs,GEO-UM-21926,Geophone,Instantel,Micromate,UM21926,Toronto,,,,Available,Active,,,,,,,,,,,,,,
Seismographs,SLM-UA-10601,"Microphone, Sound Level Meter",Instantel,Micromate,UA10601,Toronto,,,,Available,Active,,,,,,,,,,,,,,
Seismographs,DL-UM-17278,Data Logger,Instantel,Micromate,UM17278,Toronto,,,,Available,Active,,,,,,,,,,,,,,
Seismographs,DL-UM-17266,Data Logger,Instantel,Micromate,UM17266,Toronto,,,,Available,Active,,,,,,,,,,,,,,
Seismographs,DL-UM-16984,Data Logger,Instantel,Micromate,UM16984,Toronto,,,,Available,Active,,,,,,,,,,,,,,
Seismographs,DL-UM-8293,Data Logger,Instantel,Micromate,UM8293,Toronto,,,,Available,Active,,,,,,,,,,,,,,
Seismographs,DL-UM-15717,Data Logger,Instantel,Micromate,UM15717,Toronto,,,,Available,Active,,,,,,,,,,,,,,
Seismographs,DL-UM-18423,Data Logger,Instantel,Micromate,UM18423,Toronto,,,,Available,Active,,,,,,,,,,,,,,
Seismographs,DL-UM-17268,Data Logger,Instantel,Micromate,UM17268,Toronto,,,,Available,Active,,,,,,,,,,,,,,
Seismographs,GEO-UM-17278,Geophone,Instantel,Micromate,UM17278,Toronto,,,,Available,Active,,,,,,,,,,,,,,
Seismographs,GEO-UM-17266,Geophone,Instantel,Micromate,UM17266,Toronto,,,,Available,Active,,,,,,,,,,,,,,
Seismographs,GEO-UM-16984,Geophone,Instantel,Micromate,UM16984,Toronto,,,,Available,Active,,,,,,,,,,,,,,
Seismographs,GEO-UM-8293,Geophone,Instantel,Micromate,UM8293,Toronto,,,,Available,Active,,,,,,,,,,,,,,
Seismographs,GEO-UM-15717,Geophone,Instantel,Micromate,UM15717,Toronto,,,,Available,Active,,,,,,,,,,,,,,
Seismographs,GEO-UM-18423,Geophone,Instantel,Micromate,UM18423,Toronto,,,,Available,Active,,,,,,,,,,,,,,
Seismographs,GEO-UM-17268,Geophone,Instantel,Micromate,UM17268,Toronto,,,,Available,Active,,,,,,,,,,,,,,
Seismographs,SLM-UA-10608,"Microphone, Sound Level Meter",Instantel,SLM,UA10608,Toronto,,,,Available,Active,,,,,,,,,,,,,,
Seismographs,DL-UM-16920,Data Logger,Instantel,Micromate,UM16920,Toronto,,,,Deployed or NOT Available,Active,,,,,,,,,,,,,,
Seismographs,DL-UM-16920,Geophone,Instantel,Micromate,UM16920,Toronto,,,,Deployed or NOT Available,Active,,,,,,,,,,,,,,
Seismographs,SLM-UA-10445,"Microphone, Sound Level Meter",Instantel,SLM,UA10445,Toronto,,,,Deployed or NOT Available,Active,,,,,,,,,,,,,,
Seismographs,DL-UM-18235,Data Logger,Instantel,Micromate,UM18235,Toronto,,,,Deployed or NOT Available,Active,,,,,,,,,,,,,,
Seismographs,GEO-UM-18235,Geophone,Instantel,Micromate,UM18235,Toronto,,,,Deployed or NOT Available,Active,,,,,,,,,,,,,,
Seismographs,SLM-UA-10658,"Microphone, Sound Level Meter",Instantel,SLM,UA10658,Toronto,,,,Deployed or NOT Available,Active,,,,,,,,,,,,,,
Seismographs,DL-UM-15713,Data Logger,Instantel,Micromate,UM15713,Toronto,,,,Available,Active,,,,,,,,,,,,,,
Seismographs,GEO-UM-15713,Geophone,Instantel,Micromate,UM15713,Toronto,,,,Available,Active,,,,,,,,,,,,,,
Seismographs,DL-UM-17284,Data Logger,Instantel,Micromate,UM17284,Toronto,,,,Available,Active,,,,,,,,,,,,,,
Seismographs,GEO-UM-17284,Geophone,Instantel,Micromate,UM17284,Toronto,,,,Available,Active,,,,,,,,,,,,,,
Seismographs,DL-UM-16842,Data Logger,Instantel,Micromate,UM16842,Toronto,,,,Available,Active,,,,,,,,,,,,,,
Seismographs,GEO-UM-16842,Geophone,Instantel,Micromate,UM16842,Toronto,,,,Available,Active,,,,,,,,,,,,,,
Seismographs,SLM-UA-10605,"Microphone, Sound Level Meter",Instantel,SLM,UA10605,Toronto,,,,Available,Active,,,,,,,,,,,,,,
Seismographs,DL-BE-18797,Data Logger,Instantel,Minimate Plus,BE18797,Toronto,,,,Deployed or NOT Available,Active,,,,,,,,,,,,,,
Seismographs,DL-UM-15389,Data Logger,Instantel,Micromate,UM15389,Toronto,,,,Deployed or NOT Available,Active,,,,,,,,,,,,,,
Seismographs,DL-UM-13816,Data Logger,Instantel,Micromate,UM13816,Toronto,,,,Deployed or NOT Available,Active,,,,,,,,,,,,,,
Seismographs,DL-BE-20916,Data Logger,Instantel,Minimate Plus,BE20916,Toronto,,,,Available,Active,,,,,,,,,,,,,,
Seismographs,DL-BE-19059,Data Logger,Instantel,Minimate Plus,BE19059,Toronto,,,,Available,Active,,,,,,,,,,,,,,
Seismographs,DL-UM-12105,Data Logger,Instantel,Micromate,UM12105,Toronto,,,,Deployed or NOT Available,Active,,,,,,,,,,,,,,
Seismographs,DL-UM-20781,Data Logger,Instantel,Micromate,UM20781,Toronto,,,,Deployed or NOT Available,Active,,,,,,,,,,,,,,
Seismographs,DL-UM-20931,Data Logger,Instantel,Micromate,UM20931,Toronto,,,,Deployed or NOT Available,Active,,,,,,,,,,,,,,
Seismographs,DL-UM-15390,Data Logger,Instantel,Micromate,UM15390,Toronto,,,,Deployed or NOT Available,Active,,,,,,,,,,,,,,
Seismographs,DL-UM-18271,Data Logger,Instantel,Micromate,UM18271,Toronto,,,,Deployed or NOT Available,Active,,,,,,,,,,,,,,
Seismographs,DL-UM-21926,Data Logger,Instantel,Micromate,UM21926,Toronto,,,,Deployed or NOT Available,Active,,,,,,,,,,,,,,
Seismographs,DL-UM-18234,Data Logger,Instantel,Micromate,UM18234,Toronto,,,,Deployed or NOT Available,Active,,,,,,,,,,,,,,
Seismographs,DL-UM-20908,Data Logger,Instantel,Micromate,UM20908,Toronto,,,,Deployed or NOT Available,Active,,,,,,,,,,,,,,
Seismographs,DL-UM-15396,Data Logger,Instantel,Micromate,UM15396,Toronto,,,,Deployed or NOT Available,Active,,,,,,,,,,,,,,
Seismographs,DL-UM-17259,Data Logger,Instantel,Micromate,UM17259,Toronto,,,,Deployed or NOT Available,Active,,,,,,,,,,,,,,
Seismographs,DL-UM-18471,Data Logger,Instantel,Micromate,UM18471,Toronto,,,,Deployed or NOT Available,Active,,,,,,,,,,,,,,
Seismographs,GEO-,Geophone,Instantel,Series III,,Toronto,,,,Deployed or NOT Available,Active,,,,,,,,,,,,,,
Seismographs,GEO-UM-15389,Geophone,Instantel,Micromate,UM15389,Toronto,,,,Deployed or NOT Available,Active,,,,,,,,,,,,,,
Seismographs,GEO-UM-13816,Geophone,Instantel,Micromate,UM13816,Toronto,,,,Deployed or NOT Available,Active,,,,,,,,,,,,,,
Seismographs,GEO-,Geophone,Instantel,Series III,,Toronto,,,,Deployed or NOT Available,Active,,,,,,,,,,,,,,
Seismographs,GEO-,Geophone,Instantel,Series III,,Toronto,,,,Deployed or NOT Available,Active,,,,,,,,,,,,,,
Seismographs,GEO-UM-12105,Geophone,Instantel,Micromate,UM12105,Toronto,,,,Deployed or NOT Available,Active,,,,,,,,,,,,,,
Seismographs,GEO-UM-20781,Geophone,Instantel,Micromate,UM20781,Toronto,,,,Deployed or NOT Available,Active,,,,,,,,,,,,,,
Seismographs,GEO-UM-20931,Geophone,Instantel,Micromate,UM20931,Toronto,,,,Deployed or NOT Available,Active,,,,,,,,,,,,,,
Seismographs,GEO-UM-15390,Geophone,Instantel,Micromate,UM15390,Toronto,,,,Deployed or NOT Available,Active,,,,,,,,,,,,,,
Seismographs,GEO-UM-18234,Geophone,Instantel,Micromate,UM18234,Toronto,,,,Deployed or NOT Available,Active,,,,,,,,,,,,,,
Seismographs,GEO-UM-20908,Geophone,Instantel,Micromate,UM20908,Toronto,,,,Deployed or NOT Available,Active,,,,,,,,,,,,,,
Seismographs,GEO-UM-15396,Geophone,Instantel,Micromate,UM15396,Toronto,,,,Deployed or NOT Available,Active,,,,,,,,,,,,,,
Seismographs,GEO-UM-17259,Geophone,Instantel,Micromate,UM17259,Toronto,,,,Deployed or NOT Available,Active,,,,,,,,,,,,,,
Seismographs,DL-D10-108052,Data Logger,Sigicom,D10M,108052,Toronto,,,,Deployed or NOT Available,Active,,,,,,,,,,,,,,
Seismographs,GEO-V12-32960,Geophone,Sigicom,V12,32960,Toronto,,,,Deployed or NOT Available,Active,,,,,,,,,,,,,,
Seismographs,SLM-S50-14026,"Microphone, Sound Level Meter",Sigicom,S50,14026,Toronto,,,,Deployed or NOT Available,Active,,,,,,,,,,,,,,
Seismographs,SLM-UA-10694,"Microphone, Sound Level Meter",Instantel,SLM,UA10694,Toronto,,,,Available,Active,,,,,,,,,,,,,,
Seismographs,SLM-UA-10607,"Microphone, Sound Level Meter",Instantel,SLM,UA10607,Toronto,,,,Available,Active,,,,,,,,,,,,,,
Seismographs,DL-D10-M109564,Data Logger,Sigicom,D10M,109564,Toronto,,,,Available,Active,,,,,,,,,,,,,,
Seismographs,SLM-S50-14419,"Microphone, Sound Level Meter",Sigicom,S50,14419,Toronto,,,,Available,Active,,,,,,,,,,,,,,
Seismographs,SLM-S50-13768,"Microphone, Sound Level Meter",Sigicom,S50,13768,Toronto,,,,Available,Active,,,,,,,,,,,,,,
Seismographs,DL-D10-M108859,Data Logger,Sigicom,D10M,108859,Toronto,,,,Available,Active,,,,,,,,,,,,,,
Seismographs,DL-BE-20745,Data Logger,Instantel,Minimate Plus,BE20745,Toronto,,,,Available,Active,,,,,,,,,,,,,,
Seismographs,DL-BE-20717,Data Logger,Instantel,Minimate Plus,BE20717,Toronto,,,,Available,Active,,,,,,,,,,,,,,
Seismographs,DL-BE-13168,Data Logger,Instantel,Minimate Plus,BE13168,Toronto,,,,Available,Active,,,,,,,,,,,,,,
Seismographs,DL-BE-20600,Data Logger,Instantel,Minimate Plus,BE20600,Toronto,,,,Available,Active,,,,,,,,,,,,,,
Seismographs,DL-BE-20273,Data Logger,Instantel,Minimate Plus,BE20273,Toronto,,,,Available,Active,,,,,,,,,,,,,,
Seismographs,GEO-UM-16982,Geophone,Instantel,Micromate,UM16982,Toronto,,,,Deployed or NOT Available,Active,,,,,,,,,,,,,,
Seismographs,DL-D10-M108201,Data Logger,Sigicom,D10M,108201,Toronto,,,,Deployed or NOT Available,Active,,,,,,,,,,,,,,
Seismographs,GEO-V12-35920,Geophone,Sigicom,V12,35920,Toronto,,,,Deployed or NOT Available,Active,,,,,,,,,,,,,,
Seismographs,SLM-S50-14605,"Microphone, Sound Level Meter",Sigicom,S50,14605,Toronto,,,,Deployed or NOT Available,Active,,,,,,,,,,,,,,
Seismographs,DL-D10-M109561,Data Logger,Sigicom,D10M,109561,Toronto,,,,Deployed or NOT Available,Active,,,,,,,,,,,,,,
Seismographs,GEO-V12-35080,Geophone,Sigicom,V12,35080,Toronto,,,,Deployed or NOT Available,Active,,,,,,,,,,,,,,
Seismographs,SLM-S50-14568,"Microphone, Sound Level Meter",Sigicom,S50,14568,Toronto,,,,Deployed or NOT Available,Active,,,,,,,,,,,,,,
Seismographs,DL-D10-M108194,Data Logger,Sigicom,D10M,108194,Toronto,,,,Deployed or NOT Available,Active,,,,,,,,,,,,,,
Seismographs,GEO-V12-35910,Geophone,Sigicom,V12,35910,Toronto,,,,Deployed or NOT Available,Active,,,,,,,,,,,,,,
Seismographs,SLM-S50-14599,"Microphone, Sound Level Meter",Sigicom,S50,14599,Toronto,,,,Deployed or NOT Available,Active,,,,,,,,,,,,,,
Seismographs,GEO-C22-109027,Geophone,Sigicom,C22,109027,Toronto,,,,Available,Active,,,,,,,,,,,,,,
Seismographs,DL-D10-M108857,Data Logger,Sigicom,D10M,108857,Toronto,,,,Deployed or NOT Available,Active,,,,,,,,,,,,,,
Seismographs,GEO-V12-32950,Geophone,Sigicom,V12,32950,Toronto,,,,Deployed or NOT Available,Active,,,,,,,,,,,,,,
Seismographs,SLM-S50-13763,"Microphone, Sound Level Meter",Sigicom,S50,13763,Toronto,,,,Deployed or NOT Available,Active,,,,,,,,,,,,,,
Seismographs,DL-D10-M106796,Data Logger,Sigicom,D10M,106796,Toronto,,,,Deployed or NOT Available,Active,,,,,,,,,,,,,,
Seismographs,GEO-V12-35240,Geophone,Sigicom,V12,35240,Toronto,,,,Deployed or NOT Available,Active,,,,,,,,,,,,,,
Seismographs,SLM-S50-13769,"Microphone, Sound Level Meter",Sigicom,S50,13769,Toronto,,,,Deployed or NOT Available,Active,,,,,,,,,,,,,,
Seismographs,DL-D10-M106791,Data Logger,Sigicom,D10M,106791,Toronto,,,,Deployed or NOT Available,Active,,,,,,,,,,,,,,
Seismographs,GEO-V12-33280,Geophone,Sigicom,V12,33280,Toronto,,,,Deployed or NOT Available,Active,,,,,,,,,,,,,,
Seismographs,SLM-S50-14486,"Microphone, Sound Level Meter",Sigicom,S50,14486,Toronto,,,,Deployed or NOT Available,Active,,,,,,,,,,,,,,
Seismographs,DL-D10-M106795,Data Logger,Sigicom,D10M,106795,Toronto,,,,Deployed or NOT Available,Active,,,,,,,,,,,,,,
Seismographs,GEO-V12-32670,Geophone,Sigicom,V12,32670,Toronto,,,,Deployed or NOT Available,Active,,,,,,,,,,,,,,
Seismographs,SLM-S50-14585,"Microphone, Sound Level Meter",Sigicom,S50,14585,Toronto,,,,Deployed or NOT Available,Active,,,,,,,,,,,,,,
Seismographs,GEO-C22-119235,Geophone,Sigicom,C22,119235,Toronto,,,,Deployed or NOT Available,Active,,,,,,,,,,,,,,
Seismographs,GEO-C22-109077,Geophone,Sigicom,C22,109077,Toronto,,,,Deployed or NOT Available,Active,,,,,,,,,,,,,,
Seismographs,GEO-V12-30220,Geophone,Sigicom,V12,30220,Toronto,,,,Available,Active,,,,,,,,,,,,,,
Seismographs,GEO-C22-107428,Geophone,Sigicom,C22,107428,Toronto,,,,Deployed or NOT Available,Active,,,,,,,,,,,,,,
Seismographs,DL-D10-109246,Data Logger,Sigicom,D10,109246,Toronto,,,,Deployed or NOT Available,Active,,,,,,,,,,,,,,
Seismographs,GEO-V12-34760,Geophone,Sigicom,V12,34760,Toronto,,,,Deployed or NOT Available,Active,,,,,,,,,,,,,,
Seismographs,SLM-S50-14584,"Microphone, Sound Level Meter",Sigicom,S50,14584,Toronto,,,,Deployed or NOT Available,Active,,,,,,,,,,,,,,
Seismographs,DL-D10-M108856,Data Logger,Sigicom,D10M,108856,Toronto,,,,Deployed or NOT Available,Active,,,,,,,,,,,,,,
Seismographs,GEO-V12-32710,Geophone,Sigicom,V12,32710,Toronto,,,,Deployed or NOT Available,Active,,,,,,,,,,,,,,
Seismographs,SLM-S50-14829,"Microphone, Sound Level Meter",Sigicom,S50,14829,Toronto,,,,Deployed or NOT Available,Active,,,,,,,,,,,,,,
Seismographs,DL-D10-M107860,Data Logger,Sigicom,D10M,107860,Toronto,,,,Deployed or NOT Available,Active,,,,,,,,,,,,,,
Seismographs,GEO-V12-35250,Geophone,Sigicom,V12,35250,Toronto,,,,Deployed or NOT Available,Active,,,,,,,,,,,,,,
Seismographs,DL-BE-20266,Data Logger,Instantel,Minimate Plus,BE20266,Sudbury,,,,Available,,,,,,,,,,,,,,,
Seismographs,DL-BA-12665,Data Logger,Instantel,Minimate Plus,BA12665,Sudbury,,,,Available,,,,,,,,,,,,,,,
Seismographs,DL-BA-18570,Data Logger,Instantel,Minimate Plus,BA18570,Sudbury,,,,Available,,,,,,,,,,,,,,,
Seismographs,DL-BA-17595,Data Logger,Instantel,Minimate Plus,BA17595,Sudbury,,,,Available,,,,,,,,,,,,,,,
Seismographs,DL-BE-22114,Data Logger,Instantel,Minimate Plus,BE22114,Sudbury,,,,Available,,,,,,,,,,,,,,,
Seismographs,DL-UM-12104,Data Logger,Instantel,Minimate Plus,UM12104,Sudbury,,,,Available,,James Hicks,,,,,,,,,,,,,
Seismographs,DL-UM-12107,Data Logger,Instantel,Micromate,UM12107,Sudbury,,,,Available,,James Hicks,,,,,,,,,,,,,
Seismographs,DL-UM-12102,Data Logger,Instantel,Micromate,UM12102,Sudbury,,,,Available,,,,,,,,,,,,,,,
Seismographs,DL-BE-21639,Data Logger,Instantel,Minimate Plus,BE21639,Sudbury,,,,Available,,Rachel Charette,,,,,,,,,,,,,
Seismographs,DL-BE-20593,Data Logger,Instantel,Minimate Plus,BE20593,Sudbury,,,,Available,,JLV,,,,,,,,,,,,,
Seismographs,DL-BE-18791,Data Logger,Instantel,Minimate Plus,BE18791,Sudbury,,,,Available,,Rachel Charette,,,,,,,,,,,,,
Seismographs,DL-BE-13175,Data Logger,Instantel,Minimate Plus,BE13175,Sudbury,,,,Available,,James Ross,,,,,,,,,,,,,
Seismographs,DL-BE-13170,Data Logger,Instantel,Minimate Plus,BE13170,Sudbury,,,,Available,,Kamal Mistry,,,,,,,,,,,,,
Seismographs,DL-BE-17159,Data Logger,Instantel,Minimate Plus,BE17159,Sudbury,,,,Available,,James Hicks,,,,,,,,,,,,,
Seismographs,DL-BE-20715,Data Logger,Instantel,Minimate Plus,BE20715,Sudbury,,,,Available,,James Ross,,,,,,,,,,,,,
Seismographs,DL-MP-13332,Data Logger,Instantel,Minimate Pro4,MP13332,Sudbury,,,,Available,,,,,,,,,,,,,,,
Seismographs,DL-BE-13367,Data Logger,Instantel,Minimate Plus,BE13367,Sudbury,,,,Available,,JLV,,,,,,,,,,,,,
Seismographs,DL-BE-18798,Data Logger,Instantel,Minimate Plus,BE18798,Sudbury,,,,Available,,James Hicks,,,,,,,,,,,,,
Seismographs,DL-BE-20241,Data Logger,Instantel,Minimate Plus,BE20241,Sudbury,,,,Available,,James Ross,,,,,,,,,,,,,
Seismographs,DL-BE-13533,Data Logger,Instantel,Minimate Plus,BE13533,Sudbury,,,,Available,,James Hicks,,,,,,,,,,,,,
Seismographs,DL-UM-15714,Data Logger,Instantel,Micromate,UM15714,Sudbury,,,,Available,,Rachel Charette,,,,,,,,,,,,,
Seismographs,DL-UM-13817,Data Logger,Instantel,Micromate,UM13817,Sudbury,,,,Available,,,,,,,,,,,,,,,
Seismographs,DL-UM-16922,Data Logger,Instantel,Micromate,UM16922,Sudbury,,,,Available,,James Hicks,,,,,,,,,,,,,
Seismographs,DL-UM-17178,Data Logger,Instantel,Micromate,UM17178,Sudbury,,,,Available,,James Hicks,,,,,,,,,,,,,
Seismographs,DL-UM-17207,Data Logger,Instantel,Micromate,UM17207,Sudbury,,,,Available,,James Hicks,,,,,,,,,,,,,
Seismographs,DL-UM-14055,Data Logger,Instantel,Micromate,UM14055,Sudbury,,,,Available,,James Ross,,,,,,,,,,,,,
Seismographs,DL-UM-21943,Data Logger,Instantel,Micromate,UM21943,Sudbury,,,,Available,,Noah M,,,,,,,,,,,,,
Seismographs,DL-BE-21519,Data Logger,Instantel,Minimate Plus,BE21519,Sudbury,,,1124 Perreault Garage,Deployed or NOT Available,,James Hicks,,,,,,,,,,,,,
Seismographs,DL-BA-15136,Data Logger,Instantel,Minimate Plus,BA15136,Sudbury,,,"Belanger Seismograph - gave to Todd June 26, 2025",Deployed or NOT Available,,James Ross,,,,,,,,,,,,,
Seismographs,DL-BA-15135,Data Logger,Instantel,Minimate Plus,BA15135,Sudbury,,,Belanger Seismograph - in office,Deployed or NOT Available,,Rachel Charette,,,,,,,,,,,,,
Seismographs,DL-BE-20594,Data Logger,Instantel,Minimate Plus,BE20594,Sudbury,,,Bracebridge Station - Track,Deployed or NOT Available,,,,,,,,,,,,,,,
Seismographs,DL-BA-13245,Data Logger,Instantel,Minimate Plus,BA13245,Sudbury,,,In office,Deployed or NOT Available,,Rachel Charette,,,,,,,,,,,,,
Seismographs,DL-BE-17199,Data Logger,Instantel,Minimate Plus,BE17199,Sudbury,,,In office,Deployed or NOT Available,,James Hicks,,,,,,,,,,,,,
Seismographs,DL-BA-9478,Data Logger,Instantel,Minimate Plus,BA9478,Sudbury,,,In office. Had issues with unit staying on. Could be dead battery.,Deployed or NOT Available,,Amanda Tocholke,,,,,,,,,,,,,
Seismographs,DL-UM-16847,Data Logger,Instantel,Micromate,UM16847,Sudbury,,,Won't stay connected,Deployed or NOT Available,,,,,,,,,,,,,,,
Seismographs,DL-UM-15387,Data Logger,Instantel,Micromate,UM15387,Sudbury,,,In office out of cal,Deployed or NOT Available,,South East Lobe 2,01937805 - Vale M-Dam Vibration Monitoring,,,,,,,,,,,,
Seismographs,DL-UM-16842,Data Logger,Instantel,Micromate,UM16842,Sudbury,,,M North Mid,Deployed or NOT Available,,James Ross,01937805 - Vale M-Dam Vibration Monitoring,,,,,,,,,,,,
Seismographs,DL-UM-16984,Data Logger,Instantel,Micromate,UM16984,Sudbury,,,m North South,Deployed or NOT Available,,James Ross,01937805 - Vale M-Dam Vibration Monitoring,,,,,,,,,,,,
Seismographs,DL-UM-15713,Data Logger,Instantel,Micromate,UM15713,Sudbury,,,m South East Lobe 1,Deployed or NOT Available,,James Ross,01937805 - Vale M-Dam Vibration Monitoring,,,,,,,,,,,,
Seismographs,DL-UM-16956,Data Logger,Instantel,Micromate,UM16956,Sudbury,,,M South West lobe,Deployed or NOT Available,,James Hicks,01937805 - Vale M-Dam Vibration Monitoring,,,,,,,,,,,,
Seismographs,DL-UM-21947,Data Logger,Instantel,Micromate,UM21947,Sudbury,,,M-North-North,Deployed or NOT Available,,James Ross,01937805 - Vale M-Dam Vibration Monitoring,,,,,,,,,,,,
Seismographs,DL-UM-18426,Data Logger,Instantel,Micromate,UM18426,Sudbury,,,337 Power Street,Deployed or NOT Available,,,02005117 - CC Mine,,,,,,,,,,,,
Seismographs,DL-UM-15426,Data Logger,Instantel,Micromate,UM15426,Sudbury,,,50 Diorite Street,Deployed or NOT Available,,,02005717 - CC Mine,,,,,,,,,,,,
Seismographs,DL-UM-11558,Data Logger,Instantel,Micromate,UM11558,Sudbury,,,7 Market Street,Deployed or NOT Available,,James Hicks,02005717 - CC Mine,,,,,,,,,,,,
Seismographs,DL-UM-8294,Data Logger,Instantel,Micromate,UM8294,Sudbury,,,21 Market Street,Deployed or NOT Available,,James Hicks,02005717 - Copper Cliff Mine,,,,,,,,,,,,
Seismographs,DL-UM-15816,Data Logger,Instantel,Micromate,UM15816,Sudbury,,,10 Park Street,Deployed or NOT Available,,,02005717 - Vale CC Mine,,,,,,,,,,,,
Seismographs,DL-UM-17180,Data Logger,Instantel,Micromate,UM17180,Sudbury,,,15 Cobalt,Deployed or NOT Available,,,02005717 - Vale CC Mine,,,,,,,,,,,,
Seismographs,DL-UM-16849,Data Logger,Instantel,Micromate,UM16849,Sudbury,,,50 Diorite,Deployed or NOT Available,,James Hicks,02005717 - Vale CC Mine,,,,,,,,,,,,
Seismographs,DL-UM-16821,Data Logger,Instantel,Micromate,UM16821,Sudbury,,,7 Gribble Street,Deployed or NOT Available,,James Hicks,02005717 - Vale CC Mine,,,,,,,,,,,,
Seismographs,DL-UM-16958,Data Logger,Instantel,Micromate,UM16958,Sudbury,,,3555 Falconbridge,Deployed or NOT Available,,,02100832 - Garson Vale Mine,,,,,,,,,,,,
Seismographs,DL-UM-17258,Data Logger,Instantel,Micromate,UM17258,Sudbury,,,10 Solski Ct.,Deployed or NOT Available,,Rachel Charette,02100832 - Vale Garson Mine,,,,,,,,,,,,
Seismographs,DL-UM-16917,Data Logger,Instantel,Micromate,UM16917,Sudbury,,,126 Cedar,Deployed or NOT Available,,RC,02100832 - Vale Garson Mine,,,,,,,,,,,,
Seismographs,DL-UM-23130,Data Logger,Instantel,Micromate,UM23130,Sudbury,,,65 Ravina Ave,Deployed or NOT Available,,,02100832 - Vale Garson Mine,,,,,,,,,,,,
Seismographs,DL-UM-11556,Data Logger,Instantel,Micromate,UM11556,Sudbury,,,TBMBF New Nov 4 2024,Deployed or NOT Available,,Rachel Charette,02205049 - TBMBF New Nov 4 2024,,,,,,,,,,,,
Seismographs,DL-UM-16959,Data Logger,Instantel,Micromate,UM16959,Sudbury,,,Komatsu Mining Corp,Deployed or NOT Available,,Sudbury staff,02302761 - NATT,,,,,,,,,,,,
Seismographs,DL-UM-19392,Data Logger,Instantel,Micromate,UM19392,Sudbury,,,Walden Equipment,Deployed or NOT Available,,Jacob Lemieux Vandal,02302761 - NATT,,,,,,,,,,,,
Seismographs,DL-UM-17256,Data Logger,Instantel,Micromate,UM17256,Sudbury,,,Gas line borehole geo,Deployed or NOT Available,,,02400157 Kingsway Buffet,,,,,,,,,,,,
Seismographs,DL-BE-11308,Data Logger,Instantel,Minimate Plus,BE11308,Sudbury,,,2115 Navanod Road,Deployed or NOT Available,,James Hicks,02404336 - Nottingham Extendicare,,,,,,,,,,,,
Seismographs,DL-BE-13603,Data Logger,Instantel,Minimate Plus,BE13603,Sudbury,,,60 Nottingham,Deployed or NOT Available,,,02404336 - Nottingham Extendicare,,,,,,,,,,,,
Seismographs,DL-BE-18793,Data Logger,Instantel,Minimate Plus,BE18793,Sudbury,,,60 Nottingham Ave.,Deployed or NOT Available,,Jacob Lemieux Vandal,02404336 - Nottingham Extendicare,,,,,,,,,,,,
Seismographs,DL-UM-12569,Data Logger,Instantel,Micromate,UM12569,Sudbury,,,Track,Deployed or NOT Available,,JR,02406301 - ONTC - Matheson,,,,,,,,,,,,
Seismographs,DL-BE-20913,Data Logger,Instantel,Minimate Plus,BE20913,Sudbury,,,Cochrane Storage Shed,Deployed or NOT Available,,James Ross,02406301 - ONTC Cochrane,,,,,,,,,,,,
Seismographs,DL-BE-20590,Data Logger,Instantel,Minimate Plus,BE20590,Sudbury,,,cochrane building,Deployed or NOT Available,,James Ross,02406301 - ontc cochrane building,,,,,,,,,,,,
Seismographs,DL-UM-16845,Data Logger,Instantel,Micromate,UM16845,Sudbury,,,Gas Main across rd from site,Deployed or NOT Available,,James Hicks,02410719.001 - Earls Rd Gas Main,,,,,,,,,,,,
Seismographs,DL-BE-11208,Data Logger,Instantel,Minimate Plus,BE11208,Sudbury,,,Hydro Pole Near Gas Line,Deployed or NOT Available,,Jacob Lemieux Vandal,02503803 - Champagne Street,,,,,,,,,,,,
Seismographs,DL-BA-13247,Data Logger,Instantel,Minimate Plus,BA13247,Sudbury,,,290 Wellington Street,Deployed or NOT Available,,Rachel Charette,02504024 - Hutton Subdivision,,,,,,,,,,,,
Seismographs,DL-UM-17272,Data Logger,Instantel,Micromate,UM17272,Sudbury,,,West Tower,Deployed or NOT Available,,JR,02504512 - MTO 2025-6024,,,,,,,,,,,,
Seismographs,DL-UM-15424,Data Logger,Instantel,Micromate,UM15424,Sudbury,,,With MOdem 72.142.185.72 or 72.142.178.43,Deployed or NOT Available,,James Ross,02504512 - MTO 2025-6024,,,,,,,,,,,,
Seismographs,DL-UM-18472,Data Logger,Instantel,Micromate,UM18472,Sudbury,,,Wood Poles new seismograph,Deployed or NOT Available,,,02504512 - MTO 2025-6024,,,,,,,,,,,,
Seismographs,DL-UM-15395,Data Logger,Instantel,Micromate,UM15395,Sudbury,,,West Tower,Deployed or NOT Available,,James Ross,02504512 - MTO 2025-6024 HYD Tower,,,,,,,,,,,,
Seismographs,DL-UM-17282,Data Logger,Instantel,Micromate,UM17282,Sudbury,,,With MOdem 72.142.185.72 or 72.142.178.43,Deployed or NOT Available,,,02504512 MTO 2025-6024,,,,,,,,,,,,
Seismographs,DL-BE-20745,Data Logger,Instantel,Minimate Plus,BE20745,Sudbury,,,Scrubber VM2,Deployed or NOT Available,,James Ross,02504839 - Scrubber Vibration Monitoring,,,,,,,,,,,,
Seismographs,DL-BE-20600,Data Logger,Instantel,Minimate Plus,BE20600,Sudbury,,,Scrubber VM1,Deployed or NOT Available,,James Ross,02504839 - Scrubber VM,,,,,,,,,,,,
Seismographs,DL-BE-20278,Data Logger,Instantel,Minimate Plus,BE20278,Sudbury,,,311Sig RENTAL,Deployed or NOT Available,,James Ross,02505067 - Lynn Lake - 311Sig RENTAL,,,,,,,,,,,,
Seismographs,DL-BE-20591,Data Logger,Instantel,Minimate Plus,BE20591,Sudbury,,,311Sig RENTAL,Deployed or NOT Available,,James Ross,02505067 - Lynn Lake - 311Sig RENTAL,,,,,,,,,,,,
Seismographs,DL-BE-19045,Data Logger,Instantel,Minimate Plus,BE19045,Sudbury,,,311SIG Rental,Deployed or NOT Available,,Rachel Charette,02505067 - Lynn Lake 311Sig RENTAL,,,,,,,,,,,,
Seismographs,DL-BE-18795,Data Logger,Instantel,Minimate Plus,BE18795,Sudbury,,,"46.4566634, -81.1869522",Deployed or NOT Available,,James Hicks,02505831 - Creighton Mine waterline,,,,,,,,,,,,
Seismographs,DL-BE-21515,Data Logger,Instantel,Minimate Plus,BE21515,Sudbury,,,Parking Lot,Deployed or NOT Available,,James Ross,02506214 - Creighton Berm,,,,,,,,,,,,
Seismographs,DL-BE-13601,Data Logger,Instantel,Minimate Plus,BE13601,Sudbury,,,Train Tracks,Deployed or NOT Available,,,02506214 - Creighton Berm,,,,,,,,,,,,
Seismographs,DL-BE-18907,Data Logger,Instantel,Minimate Plus,BE18907,Sudbury,,,Left Unit,Deployed or NOT Available,,James Ross,02507782 - Grassy Narrows,,,,,,,,,,,,
Seismographs,DL-UM-8291,Data Logger,Instantel,Micromate,UM8291,Sudbury,,,Right Unit,Deployed or NOT Available,,James Hicks,02507782 - Grassy Narrows,,,,,,,,,,,,
Seismographs,DL-BE-13532,Data Logger,Instantel,Minimate Plus,BE13532,Sudbury,,,Beach Bridge,Deployed or NOT Available,,James Hicks,02507805 - Meatbird Recreation Area Rehab,,,,,,,,,,,,
Seismographs,DL-BE-17156,Data Logger,Instantel,Minimate Plus,BE17156,Sudbury,,,South Pond,Deployed or NOT Available,,James Hicks,02507805 - Meatbird Recreation Area Rehab,,,,,,,,,,,,
Seismographs,DL-BE-20744,Data Logger,Instantel,Minimate Plus,BE20744,Sudbury,,,Vermillion Waterline North Bridge,Deployed or NOT Available,,James Hicks,02507805 - Meatbird Recreation Area Rehab,,,,,,,,,,,,
Seismographs,DL-BE-21043,Data Logger,Instantel,Minimate Plus,BE21043,Sudbury,,,Vermillion Waterline South Bridge,Deployed or NOT Available,,James Hicks,02507805 - Meatbird Recreation Area Rehab,,,,,,,,,,,,
Seismographs,DL-BE-11418,Data Logger,Instantel,Minimate Plus,BE11418,Sudbury,,,Location TBD in Field,Deployed or NOT Available,,JR,02509137.000 - Niagara Glenn Trail Boulder Removal,,,,,,,,,,,,
Seismographs,DL-UM-18389,Data Logger,Instantel,Micromate,UM18389,Sudbury,,,632 Notre Dame Ave.,Deployed or NOT Available,,,02600465 - CGS Infrastructure Repair,,,,,,,,,,,,
Seismographs,DL-UM-15401,Data Logger,Instantel,Micromate,UM15401,Sudbury,,,,Deployed or NOT Available,,James Hicks,02601603 - Brunello,,,,,,,,,,,,
Seismographs,DL-UM-17052,Data Logger,Instantel,Micromate,UM17052,Sudbury,,,,Deployed or NOT Available,,James Ross,02601603 - Brunello Halifax,,,,,,,,,,,,
Seismographs,DL-UM-15398,Data Logger,Instantel,Micromate,UM15398,Sudbury,,,,Deployed or NOT Available,,James Ross,02601603 - brunello Halifax,,,,,,,,,,,,
Seismographs,DL-UM-18420,Data Logger,Instantel,Micromate,UM18420,Sudbury,,,Sudbury Arena,Deployed or NOT Available,,James Ross,02631465.000 - CGS Events Center,,,,,,,,,,,,
Seismographs,DL-UM-12103,Data Logger,Instantel,Micromate,UM12103,Sudbury,,,Sudbury Theater Center,Deployed or NOT Available,,James Ross,02631465.000 - CGS Events Center,,,,,,,,,,,,
Seismographs,DL-UM-12232,Data Logger,Instantel,Micromate,UM12232,Sudbury,,,Tom Davies Square,Deployed or NOT Available,,James Ross,02631465.000 - CGS Events Center,,,,,,,,,,,,
Seismographs,DL-BE-12189,Data Logger,Instantel,Minimate Plus,BE12189,Sudbury,,,42 Manominee - Rock Breakers unit,Deployed or NOT Available,,,50 Manominee - 02113198,,,,,,,,,,,,
Seismographs,DL-UM-15715,Data Logger,Instantel,Micromate,UM15715,Sudbury,,,,Deployed or NOT Available,,,calibration,,,,,,,,,,,,
Seismographs,DL-UM-15376,Data Logger,Instantel,Micromate,UM15376,Sudbury,,,,Deployed or NOT Available,,James Ross,Calibration,,,,,,,,,,,,
Seismographs,DL-UM-17604,Data Logger,Instantel,Micromate,UM17604,Sudbury,,,,Deployed or NOT Available,,,calibration,,,,,,,,,,,,
Seismographs,DL-UM-17605,Data Logger,Instantel,Micromate,UM17605,Sudbury,,,,Deployed or NOT Available,,,Calibration,,,,,,,,,,,,
Seismographs,DL-UM-17175,Data Logger,Instantel,Micromate,UM17175,Sudbury,,,M North Mid,Deployed or NOT Available,,,Calibration,,,,,,,,,,,,
Seismographs,DL-BA-9057,Data Logger,Instantel,Minimate Plus,BA9057,Sudbury,,,"May have water damage - June 27, 2025",Deployed or NOT Available,,,in office,,,,,,,,,,,,
Seismographs,DL-BE-20617,Data Logger,Instantel,Minimate Plus,BE20617,Sudbury,,,unit was submerged in water. might be damaged,Deployed or NOT Available,,,in office,,,,,,,,,,,,
Seismographs,DL-UM-8295,Data Logger,Instantel,Micromate,UM8295,Sudbury,,,,Deployed or NOT Available,,,in office - needs calibration,,,,,,,,,,,,
Seismographs,DL-UM-17208,Data Logger,Instantel,Micromate,UM17208,Sudbury,,,,Deployed or NOT Available,,,in office - needs calibration,,,,,,,,,,,,
Seismographs,DL-BE-21022,Data Logger,Instantel,Minimate Plus,BE21022,Sudbury,,,,Deployed or NOT Available,,RC,In T Bay office,,,,,,,,,,,,
Seismographs,DL-BE-20910,Data Logger,Instantel,Minimate Plus,BE20910,Sudbury,,,,Deployed or NOT Available,,Rachel Charette,office,,,,,,,,,,,,
Seismographs,DL-BE-21706,Data Logger,Instantel,Minimate Plus,BE21706,Sudbury,,,,Deployed or NOT Available,,Jacob Lemieux Vandal,office,,,,,,,,,,,,
Seismographs,DL-BA-9207,Data Logger,Instantel,Minimate Plus,BA9207,Sudbury,,,,Deployed or NOT Available,,,Pedersen Unit - With Jack,,,,,,,,,,,,
Seismographs,DL-BE-20588,Data Logger,Instantel,Minimate Plus,BE20588,Sudbury,,,"Unit Stolen in Cochrane On, at ONTC train station for ONTC reinstated stations project.",Deployed or NOT Available,,James Ross,STOLEN SEISMOGRAPH - 02406301 - ontc cochrane track,,,,,,,,,,,,
Seismographs,DL-UM-16817,Data Logger,Instantel,Micromate,UM16817,Sudbury,,,TBMBF,Deployed or NOT Available,,James Ross,TBCC new unit to be installed in May 2026,,,,,,,,,,,,
Seismographs,GEO-UM-12104,Geophone,Instantel,Micromate,UM12104,Sudbury,,,,,,,,,,,,,,,,,,,
Seismographs,GEO-UM-12107,Geophone,Instantel,Micromate,UM12107,Sudbury,,,,,,,,,,,,,,,,,,,
Seismographs,GEO-UM-12102,Geophone,Instantel,Micromate,UM12102,Sudbury,,,,,,,,,,,,,,,,,,,
Seismographs,GEO-UM-15714,Geophone,Instantel,Micromate,UM15714,Sudbury,,,,,,,,,,,,,,,,,,,
Seismographs,GEO-UM-13817,Geophone,Instantel,Micromate,UM13817,Sudbury,,,,,,,,,,,,,,,,,,,
Seismographs,GEO-UM-16922,Geophone,Instantel,Micromate,UM16922,Sudbury,,,,,,,,,,,,,,,,,,,
Seismographs,GEO-UM-17178,Geophone,Instantel,Micromate,UM17178,Sudbury,,,,,,,,,,,,,,,,,,,
Seismographs,GEO-UM-17207,Geophone,Instantel,Micromate,UM17207,Sudbury,,,,,,,,,,,,,,,,,,,
Seismographs,GEO-UM-14055,Geophone,Instantel,Micromate,UM14055,Sudbury,,,,,,,,,,,,,,,,,,,
Seismographs,GEO-UM-21943,Geophone,Instantel,Micromate,UM21943,Sudbury,,,,,,,,,,,,,,,,,,,
Seismographs,GEO-UM-16847,Geophone,Instantel,Micromate,UM16847,Sudbury,,,,,,,,,,,,,,,,,,,
Seismographs,GEO-UM-15387,Geophone,Instantel,Micromate,UM15387,Sudbury,,,,,,,,,,,,,,,,,,,
Seismographs,GEO-UM-16842,Geophone,Instantel,Micromate,UM16842,Sudbury,,,,,,,,,,,,,,,,,,,
Seismographs,GEO-UM-16984,Geophone,Instantel,Micromate,UM16984,Sudbury,,,,,,,,,,,,,,,,,,,
Seismographs,GEO-UM-15713,Geophone,Instantel,Micromate,UM15713,Sudbury,,,,,,,,,,,,,,,,,,,
Seismographs,GEO-UM-16956,Geophone,Instantel,Micromate,UM16956,Sudbury,,,,,,,,,,,,,,,,,,,
Seismographs,GEO-UM-21947,Geophone,Instantel,Micromate,UM21947,Sudbury,,,,,,,,,,,,,,,,,,,
Seismographs,GEO-UM-18426,Geophone,Instantel,Micromate,UM18426,Sudbury,,,,,,,,,,,,,,,,,,,
Seismographs,GEO-UM-15426,Geophone,Instantel,Micromate,UM15426,Sudbury,,,,,,,,,,,,,,,,,,,
Seismographs,GEO-UM-11558,Geophone,Instantel,Micromate,UM11558,Sudbury,,,,,,,,,,,,,,,,,,,
Seismographs,GEO-UM-8294,Geophone,Instantel,Micromate,UM8294,Sudbury,,,,,,,,,,,,,,,,,,,
Seismographs,GEO-UM-15816,Geophone,Instantel,Micromate,UM15816,Sudbury,,,,,,,,,,,,,,,,,,,
Seismographs,GEO-UM-17180,Geophone,Instantel,Micromate,UM17180,Sudbury,,,,,,,,,,,,,,,,,,,
Seismographs,GEO-UM-16849,Geophone,Instantel,Micromate,UM16849,Sudbury,,,,,,,,,,,,,,,,,,,
Seismographs,GEO-UM-16821,Geophone,Instantel,Micromate,UM16821,Sudbury,,,,,,,,,,,,,,,,,,,
Seismographs,GEO-UM-16958,Geophone,Instantel,Micromate,UM16958,Sudbury,,,,,,,,,,,,,,,,,,,
Seismographs,GEO-UM-17258,Geophone,Instantel,Micromate,UM17258,Sudbury,,,,,,,,,,,,,,,,,,,
Seismographs,GEO-UM-16917,Geophone,Instantel,Micromate,UM16917,Sudbury,,,,,,,,,,,,,,,,,,,
Seismographs,GEO-UM-23130,Geophone,Instantel,Micromate,UM23130,Sudbury,,,,,,,,,,,,,,,,,,,
Seismographs,GEO-UM-11556,Geophone,Instantel,Micromate,UM11556,Sudbury,,,,,,,,,,,,,,,,,,,
Seismographs,GEO-UM-16959,Geophone,Instantel,Micromate,UM16959,Sudbury,,,,,,,,,,,,,,,,,,,
Seismographs,GEO-UM-19392,Geophone,Instantel,Micromate,UM19392,Sudbury,,,,,,,,,,,,,,,,,,,
Seismographs,GEO-UM-17256,Geophone,Instantel,Micromate,UM17256,Sudbury,,,,,,,,,,,,,,,,,,,
Seismographs,GEO-UM-16845,Geophone,Instantel,Micromate,UM16845,Sudbury,,,,,,,,,,,,,,,,,,,
Seismographs,GEO-UM-17272,Geophone,Instantel,Micromate,UM17272,Sudbury,,,,,,,,,,,,,,,,,,,
Seismographs,GEO-UM-15424,Geophone,Instantel,Micromate,UM15424,Sudbury,,,,,,,,,,,,,,,,,,,
Seismographs,GEO-UM-18472,Geophone,Instantel,Micromate,UM18472,Sudbury,,,,,,,,,,,,,,,,,,,
Seismographs,GEO-UM-15395,Geophone,Instantel,Micromate,UM15395,Sudbury,,,,,,,,,,,,,,,,,,,
Seismographs,GEO-UM-17282,Geophone,Instantel,Micromate,UM17282,Sudbury,,,,,,,,,,,,,,,,,,,
Seismographs,GEO-UM-8291,Geophone,Instantel,Micromate,UM8291,Sudbury,,,,,,,,,,,,,,,,,,,
Seismographs,GEO-UM-18389,Geophone,Instantel,Micromate,UM18389,Sudbury,,,,,,,,,,,,,,,,,,,
Seismographs,GEO-UM-15401,Geophone,Instantel,Micromate,UM15401,Sudbury,,,,,,,,,,,,,,,,,,,
Seismographs,GEO-UM-17052,Geophone,Instantel,Micromate,UM17052,Sudbury,,,,,,,,,,,,,,,,,,,
Seismographs,GEO-UM-15398,Geophone,Instantel,Micromate,UM15398,Sudbury,,,,,,,,,,,,,,,,,,,
Seismographs,GEO-UM-18420,Geophone,Instantel,Micromate,UM18420,Sudbury,,,,,,,,,,,,,,,,,,,
Seismographs,GEO-UM-12103,Geophone,Instantel,Micromate,UM12103,Sudbury,,,,,,,,,,,,,,,,,,,
Seismographs,GEO-UM-12232,Geophone,Instantel,Micromate,UM12232,Sudbury,,,,,,,,,,,,,,,,,,,
Seismographs,GEO-UM-15715,Geophone,Instantel,Micromate,UM15715,Sudbury,,,,,,,,,,,,,,,,,,,
Seismographs,GEO-UM-15376,Geophone,Instantel,Micromate,UM15376,Sudbury,,,,,,,,,,,,,,,,,,,
Seismographs,GEO-UM-17604,Geophone,Instantel,Micromate,UM17604,Sudbury,,,,,,,,,,,,,,,,,,,
Seismographs,GEO-UM-17605,Geophone,Instantel,Micromate,UM17605,Sudbury,,,,,,,,,,,,,,,,,,,
Seismographs,GEO-UM-17175,Geophone,Instantel,Micromate,UM17175,Sudbury,,,,,,,,,,,,,,,,,,,
Seismographs,GEO-UM-8295,Geophone,Instantel,Micromate,UM8295,Sudbury,,,,,,,,,,,,,,,,,,,
Seismographs,GEO-UM-17208,Geophone,Instantel,Micromate,UM17208,Sudbury,,,,,,,,,,,,,,,,,,,
Seismographs,GEO-UM-16817,Geophone,Instantel,Micromate,UM16817,Sudbury,,,,,,,,,,,,,,,,,,,
Seismographs,SLM-S50-13589,"Microphone, Sound Level Meter",Sigicom,S50,13589,Toronto,,,,Deployed or NOT Available,Active,,,,,,,,,,,,,,
Seismographs,DL-D10-112604,Data Logger,Sigicom,D10,112604,Toronto,,,,Deployed or NOT Available,Active,,,,,,,,,,,,,,
Seismographs,GEO-V12-35680,Geophone,Sigicom,V12,35680,Toronto,,,,Deployed or NOT Available,Active,,,,,,,,,,,,,,
Seismographs,SLM-S50-13844,"Microphone, Sound Level Meter",Sigicom,S50,13844,Toronto,,,,Deployed or NOT Available,Active,,,,,,,,,,,,,,
Seismographs,DL-D10-M108840,Data Logger,Sigicom,D10M,108840,Toronto,,,,Deployed or NOT Available,Active,,,,,,,,,,,,,,
Seismographs,GEO-V12-35050,Geophone,Sigicom,V12,35050,Toronto,,,,Deployed or NOT Available,Active,,,,,,,,,,,,,,
Seismographs,SLM-S50-14415,"Microphone, Sound Level Meter",Sigicom,S50,14415,Toronto,,,,Deployed or NOT Available,Active,,,,,,,,,,,,,,
Seismographs,DL-UM-18236,Data Logger,Instantel,Micromate,UM18236,Toronto,,,,Deployed or NOT Available,Active,,,,,,,,,,,,,,
Seismographs,GEO-UM-18236,Geophone,Instantel,Micromate,UM18236,Toronto,,,,Deployed or NOT Available,Active,,,,,,,,,,,,,,
Seismographs,DL-D10-M106794,Data Logger,Sigicom,D10M,106794,Toronto,,,,Available,Active,,,,,,,,,,,,,,
Seismographs,DL-D10-M106793,Data Logger,Sigicom,D10M,106793,Toronto,,,,Deployed or NOT Available,Active,,,,,,,,,,,,,,
Seismographs,GEO-V12-35740,Geophone,Sigicom,V12,35740,Toronto,,,,Deployed or NOT Available,Active,,,,,,,,,,,,,,
Seismographs,SLM-S50-13859,"Microphone, Sound Level Meter",Sigicom,S50,13859,Toronto,,,,Deployed or NOT Available,Active,,,,,,,,,,,,,,
Seismographs,GEO-C22-108404,Geophone,Sigicom,C22,108404,Toronto,,,,Deployed or NOT Available,Active,,,,,,,,,,,,,,
Seismographs,SLM-C50-118929,"Microphone, Sound Level Meter",Sigicom,C50,118929,Toronto,,,,Deployed or NOT Available,Active,,,,,,,,,,,,,,
Seismographs,GEO-C22-110483,Geophone,Sigicom,C22,110483,Toronto,,,,Deployed or NOT Available,Active,,,,,,,,,,,,,,
Seismographs,SLM-C50-117795,"Microphone, Sound Level Meter",Sigicom,C50,117795,Toronto,,,,Deployed or NOT Available,Active,,,,,,,,,,,,,,
Seismographs,GEO-C22-117227,Geophone,Sigicom,C22,117227,Toronto,,,,Deployed or NOT Available,Active,,,,,,,,,,,,,,
Seismographs,SLM-C50-117797,"Microphone, Sound Level Meter",Sigicom,C50,117797,Toronto,,,,Deployed or NOT Available,Active,,,,,,,,,,,,,,
Seismographs,GEO-C22-108774,Geophone,Sigicom,C22,108774,Toronto,,,,Deployed or NOT Available,Active,,,,,,,,,,,,,,
Seismographs,GEO-C22-108771,Geophone,Sigicom,C22,108771,Toronto,,,,Deployed or NOT Available,Active,,,,,,,,,,,,,,
Seismographs,GEO-C22-108770,Geophone,Sigicom,C22,108770,Toronto,,,,Deployed or NOT Available,Active,,,,,,,,,,,,,,
Seismographs,SLM-C50-118985,"Microphone, Sound Level Meter",Sigicom,C50,118985,Toronto,,,,Deployed or NOT Available,Active,,,,,,,,,,,,,,
Seismographs,GEO-C22-108788,Geophone,Sigicom,C22,108788,Toronto,,,,Deployed or NOT Available,Active,,,,,,,,,,,,,,
Seismographs,SLM-C50-118987,"Microphone, Sound Level Meter",Sigicom,C50,118987,Toronto,,,,Deployed or NOT Available,Active,,,,,,,,,,,,,,
Seismographs,GEO-C22-119234,Geophone,Sigicom,C22,119234,Toronto,,,,Available,Active,,,,,,,,,,,,,,
Seismographs,GEO-C22-108775,Geophone,Sigicom,C22,108775,Toronto,,,,Deployed or NOT Available,Active,,,,,,,,,,,,,,
Seismographs,SLM-C50-117794,"Microphone, Sound Level Meter",Sigicom,C50,117794,Toronto,,,,Deployed or NOT Available,Active,,,,,,,,,,,,,,
Seismographs,GEO-C22-109024,Geophone,Sigicom,C22,109024,Toronto,,,,Deployed or NOT Available,Active,,,,,,,,,,,,,,
Seismographs,GEO-C22-119236,Geophone,Sigicom,C22,119236,Toronto,,,,Deployed or NOT Available,Active,,,,,,,,,,,,,,
Seismographs,GEO-C22-109496,Geophone,Sigicom,C22,109496,Toronto,,,,Deployed or NOT Available,Active,,,,,,,,,,,,,,
Seismographs,GEO-C22-119233,Geophone,Sigicom,C22,119233,Toronto,,,,Deployed or NOT Available,Active,,,,,,,,,,,,,,
Seismographs,GEO-C22-110372,Geophone,Sigicom,C22,110372,Toronto,,,,Deployed or NOT Available,Active,,,,,,,,,,,,,,
Seismographs,GEO-C22-108777,Geophone,Sigicom,C22,108777,Toronto,,,,Deployed or NOT Available,Active,,,,,,,,,,,,,,
Seismographs,SLM-C50-118930,"Microphone, Sound Level Meter",Sigicom,C50,118930,Toronto,,,,Deployed or NOT Available,Active,,,,,,,,,,,,,,
Seismographs,GEO-C22-110370,Geophone,Sigicom,C22,110370,Toronto,,,,Deployed or NOT Available,Active,,,,,,,,,,,,,,
Seismographs,SLM-C50-118932,"Microphone, Sound Level Meter",Sigicom,C50,118932,Toronto,,,,Deployed or NOT Available,Active,,,,,,,,,,,,,,
Seismographs,GEO-C22-107436,Geophone,Sigicom,C22,107436,Toronto,,,,Deployed or NOT Available,Active,,,,,,,,,,,,,,
Seismographs,SLM-C50-118931,"Microphone, Sound Level Meter",Sigicom,C50,118931,Toronto,,,,Deployed or NOT Available,Active,,,,,,,,,,,,,,
Seismographs,GEO-C22-108786,Geophone,Sigicom,C22,108786,Toronto,,,,Deployed or NOT Available,Active,,,,,,,,,,,,,,
Seismographs,DL-D10-M106790,Data Logger,Sigicom,D10M,106790,Toronto,,,,Available,Active,,,,,,,,,,,,,,
Seismographs,GEO-V12-33660,Geophone,Sigicom,V12,33660,Toronto,,,,Available,Active,,,,,,,,,,,,,,
Seismographs,SLM-S50-14257,"Microphone, Sound Level Meter",Sigicom,S50,14257,Toronto,,,,Available,Active,,,,,,,,,,,,,,
Seismographs,DL-D10-M109559,Data Logger,Sigicom,D10M,109559,Toronto,,,,Deployed or NOT Available,Active,,,,,,,,,,,,,,
Seismographs,GEO-V12-33040,Geophone,Sigicom,V12,33040,Toronto,,,,Deployed or NOT Available,Active,,,,,,,,,,,,,,
Seismographs,SLM-S50-13654,"Microphone, Sound Level Meter",Sigicom,S50,13654,Toronto,,,,Deployed or NOT Available,Active,,,,,,,,,,,,,,
Seismographs,DL-D10-M108049,Data Logger,Sigicom,D10M,108049,Toronto,,,,Deployed or NOT Available,Active,,,,,,,,,,,,,,
Seismographs,GEO-V12-32940,Geophone,Sigicom,V12,32940,Toronto,,,,Deployed or NOT Available,Active,,,,,,,,,,,,,,
Seismographs,SLM-S50-13759,"Microphone, Sound Level Meter",Sigicom,S50,13759,Toronto,,,,Deployed or NOT Available,Active,,,,,,,,,,,,,,
Seismographs,DL-D10-M107861,Data Logger,Sigicom,D10M,107861,Toronto,,,,Deployed or NOT Available,Active,,,,,,,,,,,,,,
Seismographs,GEO-V12-33620,Geophone,Sigicom,V12,33620,Toronto,,,,Deployed or NOT Available,Active,,,,,,,,,,,,,,
Seismographs,SLM-S50-13777,"Microphone, Sound Level Meter",Sigicom,S50,13777,Toronto,,,,Deployed or NOT Available,Active,,,,,,,,,,,,,,
Seismographs,DL-D10-M106792,Data Logger,Sigicom,D10M,106792,Toronto,,,,Deployed or NOT Available,Active,,,,,,,,,,,,,,
Seismographs,GEO-V12-35780,Geophone,Sigicom,V12,35780,Toronto,,,,Deployed or NOT Available,Active,,,,,,,,,,,,,,
Seismographs,SLM-S50-14604,"Microphone, Sound Level Meter",Sigicom,S50,14604,Toronto,,,,Deployed or NOT Available,Active,,,,,,,,,,,,,,
Seismographs,DL-D10-M106788,Data Logger,Sigicom,D10M,106788,Toronto,,,,Deployed or NOT Available,Active,,,,,,,,,,,,,,
Seismographs,SLM-S50-14579,"Microphone, Sound Level Meter",Sigicom,S50,14579,Toronto,,,,Deployed or NOT Available,Active,,,,,,,,,,,,,,
Seismographs,GEO-C22-110482,Geophone,Sigicom,C22,110482,Toronto,,,,Available,Active,,,,,,,,,,,,,,
Seismographs,GEO-C22-107429,Geophone,Sigicom,C22,107429,Toronto,,,,Available,Active,,,,,,,,,,,,,,
Seismographs,GEO-C22-109028,Geophone,Sigicom,C22,109028,Toronto,,,,Available,Active,,,,,,,,,,,,,,
Seismographs,GEO-C22-108787,Geophone,Sigicom,C22,108787,Toronto,,,,Deployed or NOT Available,Active,,,,,,,,,,,,,,
Seismographs,GEO-C22-109029,Geophone,Sigicom,C22,109029,Toronto,,,,Deployed or NOT Available,Active,,,,,,,,,,,,,,
Seismographs,GEO-C22-109495,Geophone,Sigicom,C22,109495,SWO,,,,Deployed or NOT Available,Active,,,,,,,,,,,,,,
Seismographs,DL-BE-12198,Data Logger,Instantel,Minimate Plus,BE12198,SWO,,,,Deployed or NOT Available,Active,,,,,,,,,,,,,,
Seismographs,DL-BE-22118,Data Logger,Instantel,Minimate Plus,BE22118,SWO,,,,Deployed or NOT Available,Active,,,,,,,,,,,,,,
Seismographs,DL-BE-12800,Data Logger,Instantel,Minimate Plus,BE12800,SWO,,,,Deployed or NOT Available,Active,,,,,,,,,,,,,,
Seismographs,DL-BE-21044,Data Logger,Instantel,Minimate Plus,BE21044,SWO,,,,Deployed or NOT Available,Active,,,,,,,,,,,,,,
Seismographs,DL-D10-108860,Data Logger,Sigicom,D10,108860,SWO,,,,Deployed or NOT Available,Active,,,,,,,,,,,,,,
Seismographs,DL-BE-13562,Data Logger,Instantel,Minimate Plus,BE13562,SWO,,,,Deployed or NOT Available,Active,,,,,,,,,,,,,,
Seismographs,DL-BE-6091,Data Logger,Instantel,Minimate Plus,BE6091,SWO,,,,Deployed or NOT Available,Active,,,,,,,,,,,,,,
Seismographs,DL-BE-19743,Data Logger,Instantel,Minimate Plus,BE19743,SWO,,,,Deployed or NOT Available,Active,,,,,,,,,,,,,,
Seismographs,DL-BE-21517,Data Logger,Instantel,Minimate Plus,BE21517,SWO,,,,Deployed or NOT Available,Active,,,,,,,,,,,,,,
Seismographs,DL-BE-21026,Data Logger,Instantel,Minimate Plus,BE21026,SWO,,,,Deployed or NOT Available,Active,,,,,,,,,,,,,,
Seismographs,DL-BE-14044,Data Logger,Instantel,Minimate Plus,BE14044,SWO,,,,Deployed or NOT Available,Active,,,,,,,,,,,,,,
Seismographs,DL-BE-11309,Data Logger,Instantel,Minimate Plus,BE11309,SWO,,,,Deployed or NOT Available,Active,,,,,,,,,,,,,,
Seismographs,DL-BE-21707,Data Logger,Instantel,Minimate Plus,BE21707,SWO,,,,Deployed or NOT Available,Active,,,,,,,,,,,,,,
Seismographs,DL-UM-21936,Data Logger,Instantel,Micromate,UM21936,SWO,,,,Deployed or NOT Available,Active,,,,,,,,,,,,,,
Seismographs,DL-UM-17055,Data Logger,Instantel,Micromate,UM17055,SWO,,,,Deployed or NOT Available,Active,,,,,,,,,,,,,,
Seismographs,DL-UM-16985,Data Logger,Instantel,Micromate,UM16985,SWO,,,,Deployed or NOT Available,Active,,,,,,,,,,,,,,
Seismographs,DL-BE-13599,Data Logger,Instantel,Minimate Plus,BE13599,SWO,,,,Deployed or NOT Available,Active,,,,,,,,,,,,,,
Seismographs,DL-BE-20613,Data Logger,Instantel,Minimate Plus,BE20613,SWO,,,,Deployed or NOT Available,Active,,,,,,,,,,,,,,
Seismographs,DL-BE-13169,Data Logger,Instantel,Minimate Plus,BE13169,SWO,,,,Deployed or NOT Available,Active,,,,,,,,,,,,,,
Seismographs,DL-BE-20710,Data Logger,Instantel,Minimate Plus,BE20710,SWO,,,,Deployed or NOT Available,Active,,,,,,,,,,,,,,
Seismographs,DL-BE-19060,Data Logger,Instantel,Minimate Plus,BE19060,SWO,,,,Deployed or NOT Available,Active,,,,,,,,,,,,,,
Seismographs,DL-BE-22113,Data Logger,Instantel,Minimate Plus,BE22113,SWO,,,,Deployed or NOT Available,Active,,,,,,,,,,,,,,
Seismographs,DL-BE-21027,Data Logger,Instantel,Minimate Plus,BE21027,SWO,,,,Deployed or NOT Available,Active,,,,,,,,,,,,,,
Seismographs,DL-BE-13563,Data Logger,Instantel,Minimate Plus,BE13563,SWO,,,,Deployed or NOT Available,Active,,,,,,,,,,,,,,
Seismographs,DL-BE-20909,Data Logger,Instantel,Minimate Plus,BE20909,SWO,,,,Deployed or NOT Available,Active,,,,,,,,,,,,,,
Seismographs,DL-BE-13561,Data Logger,Instantel,Minimate Plus,BE13561,SWO,,,,Deployed or NOT Available,Active,,,,,,,,,,,,,,
Seismographs,DL-UM-15402,Data Logger,Instantel,Micromate,UM15402,SWO,,,Or in TO? On both lists,Deployed or NOT Available,Active,,,,,,,,,,,,,,
Seismographs,GEO-C22-108401,Data Logger,Sigicom,C22,108401,SWO,,,,Deployed or NOT Available,Active,,,,,,,,,,,,,,
Seismographs,GEO-C22-109034,Data Logger,Sigicom,C22,109034,SWO,,,,Deployed or NOT Available,Active,,,,,,,,,,,,,,
Seismographs,DL-BE-20233,Data Logger,Instantel,Minimate Plus,BE20233,SWO,,,,Deployed or NOT Available,Active,,,,,,,,,,,,,,
Seismographs,DL-UM-16850,Data Logger,Instantel,Micromate,UM16850,SWO,,,,Deployed or NOT Available,Active,,,,,,,,,,,,,,
Seismographs,DL-BE-13604,Data Logger,Instantel,Minimate Plus,BE13604,SWO,,,,Deployed or NOT Available,Active,,,,,,,,,,,,,,
Seismographs,DL-BE-20240,Data Logger,Instantel,Minimate Plus,BE20240,SWO,,,,Deployed or NOT Available,Active,,,,,,,,,,,,,,
Seismographs,DL-BE-11063,Data Logger,Instantel,Minimate Plus,BE11063,SWO,,,,Deployed or NOT Available,Active,,,,,,,,,,,,,,
Seismographs,DL-BE-21514,Data Logger,Instantel,Minimate Plus,BE21514,SWO,,,,Deployed or NOT Available,Active,,,,,,,,,,,,,,
Seismographs,GEO-BT-1652,Geophone,Instantel,Series III,BT1652,SWO,,,,Deployed or NOT Available,Active,,,,,,,,,,,,,,
Seismographs,GEO-BG-20107,Geophone,Instantel,Series III,BG20107,SWO,,,,Deployed or NOT Available,Active,,,,,,,,,,,,,,
Seismographs,GEO-BT-1874,Geophone,Instantel,Series III,BT1874,SWO,,,,Deployed or NOT Available,Active,,,,,,,,,,,,,,
Seismographs,GEO-BG-20003,Geophone,Instantel,Series III,BG20003,SWO,,,,Deployed or NOT Available,Active,,,,,,,,,,,,,,
Seismographs,GEO-V12-33650,Geophone,Sigicom,V12,33650,SWO,,,,Deployed or NOT Available,Active,,,,,,,,,,,,,,
Seismographs,SLM-S50-14583,"Microphone, Sound Level Meter",Sigicom,S50,14583,SWO,,,,Deployed or NOT Available,Active,,,,,,,,,,,,,,
Seismographs,GEO-BG-1588,Geophone,Instantel,Series III,BG1588,SWO,,,,Deployed or NOT Available,Active,,,,,,,,,,,,,,
Seismographs,GEO-BG-18857,Geophone,Instantel,Series III,BG18857,SWO,,,,Deployed or NOT Available,Active,,,,,,,,,,,,,,
Seismographs,GEO-BT-2995,Geophone,Instantel,Series III,BT2995,SWO,,,,Deployed or NOT Available,Active,,,,,,,,,,,,,,
Seismographs,GEO-BT-3233,Geophone,Instantel,Series III,BT3233,SWO,,,,Deployed or NOT Available,Active,,,,,,,,,,,,,,
Seismographs,GEO-BG-19721,Geophone,Instantel,Series III,BG19721,SWO,,,,Deployed or NOT Available,Active,,,,,,,,,,,,,,
Seismographs,GEO-BG-20116,Geophone,Instantel,Series III,BG20116,SWO,,,,Deployed or NOT Available,Active,,,,,,,,,,,,,,
Seismographs,GEO-BG-18199,Geophone,Instantel,Series III,BG18199,SWO,,,,Deployed or NOT Available,Active,,,,,,,,,,,,,,
Seismographs,GEO-BT-2900,Geophone,Instantel,Series III,BT2900,SWO,,,,Deployed or NOT Available,Active,,,,,,,,,,,,,,
Seismographs,GEO-UM-21936,Geophone,Instantel,Micromate,UM21936,SWO,,,,Deployed or NOT Available,Active,,,,,,,,,,,,,,
Seismographs,GEO-UM-17055,Geophone,Instantel,Micromate,UM17055,SWO,,,,Deployed or NOT Available,Active,,,,,,,,,,,,,,
Seismographs,GEO-UM-16985,Geophone,Instantel,Micromate,UM16985,SWO,,,,Deployed or NOT Available,Active,,,,,,,,,,,,,,
Seismographs,GEO-BG-8242,Geophone,Instantel,Series III,BG8242,SWO,,,,Deployed or NOT Available,Active,,,,,,,,,,,,,,
Seismographs,GEO-BT-2990,Geophone,Instantel,Series III,BT2990,SWO,,,,Deployed or NOT Available,Active,,,,,,,,,,,,,,
Seismographs,GEO-BG-18208,Geophone,Instantel,Series III,BG18208,SWO,,,,Deployed or NOT Available,Active,,,,,,,,,,,,,,
Seismographs,GEO-BT-1560,Geophone,Instantel,Series III,BT1560,SWO,,,,Deployed or NOT Available,Active,,,,,,,,,,,,,,
Seismographs,GEO-BG-19707,Geophone,Instantel,Series III,BG19707,SWO,,,,Deployed or NOT Available,Active,,,,,,,,,,,,,,
Seismographs,GEO-BT-1475,Geophone,Instantel,Series III,BT1475,SWO,,,,Deployed or NOT Available,Active,,,,,,,,,,,,,,
Seismographs,GEO-BT-1470,Geophone,Instantel,Series III,BT1470,SWO,,,,Deployed or NOT Available,Active,,,,,,,,,,,,,,
Seismographs,GEO-BE-13563,Geophone,Instantel,Series III,BE13563,SWO,,,,Deployed or NOT Available,Active,,,,,,,,,,,,,,
Seismographs,GEO-BG-7861,Geophone,Instantel,Series III,BG7861,SWO,,,,Deployed or NOT Available,Active,,,,,,,,,,,,,,
Seismographs,GEO-BG-19735,Geophone,Instantel,Series III,BG19735,SWO,,,,Deployed or NOT Available,Active,,,,,,,,,,,,,,
Seismographs,GEO-BG-18201,Geophone,Instantel,Series III,BG18201,SWO,,,,Deployed or NOT Available,Active,,,,,,,,,,,,,,
Seismographs,DL-UM-16850,Data Logger,Instantel,Micomate,UM16850,SWO,,,,Deployed or NOT Available,Active,,,,,,,,,,,,,,
Seismographs,GEO-BT-1478,Geophone,Instantel,Series III,BT1478,SWO,,,,Deployed or NOT Available,Active,,,,,,,,,,,,,,
Seismographs,GEO-BT-2992,Geophone,Instantel,Series III,BT2992,SWO,,,,Deployed or NOT Available,Active,,,,,,,,,,,,,,
Seismographs,GEO-BG-16652,Geophone,Instantel,Series III,BG16652,SWO,,,,Deployed or NOT Available,Active,,,,,,,,,,,,,,
Seismographs,GEO-UM-16850,Geophone,Instantel,Micromate,UM16850,SWO,,,,Deployed or NOT Available,Active,,,,,,,,,,,,,,
Seismographs,GEO-UM-16850,Geophone,Instantel,Micromate,UM16850,SWO,,,,Deployed or NOT Available,Active,,,,,,,,,,,,,,
Seismographs,GEO-UM-15402,Geophone,Instantel,Micromate,UM15402,SWO,,,,Deployed or NOT Available,Active,,,,,,,,,,,,,,
Seismographs,DL-UM-15411,Data Logger,Instantel,Micromate,UM15411,Kitchener,,,,Available,Active,,,,,,,,,,,,,,
Seismographs,DL-BE-20750,Data Logger,Instantel,Minimate Plus,BE20750,Kitchener,,,,Available,Active,,,,,,,,,,,,,,
Seismographs,DL-BE-20914,Data Logger,Instantel,Minimate Plus,BE20914,Kitchener,,,,Available,Active,,,,,,,,,,,,,,
Seismographs,DL-BE-20601,Data Logger,Instantel,Minimate Plus,BE20601,Kitchener,,,,Available,Active,,,,,,,,,,,,,,
Seismographs,DL-BE-20614,Data Logger,Instantel,Minimate Plus,BE20614,Kitchener,,,,Available,Active,,,,,,,,,,,,,,
Seismographs,DL-BE-17160,Data Logger,Instantel,Minimate Plus,BE17160,Kitchener,,,,Available,Active,,,,,,,,,,,,,,
Seismographs,DL-BE-13171,Data Logger,Instantel,Minimate Plus,BE13171,Kitchener,,,,Available,Active,,,,,,,,,,,,,,
Seismographs,DL-BE-17107,Data Logger,Instantel,Minimate Plus,BE17107,Kitchener,,,,Available,Active,,,,,,,,,,,,,,
Seismographs,DL-BE-19049,Data Logger,Instantel,Minimate Plus,BE19049,Kitchener,,,,Available,Active,,,,,,,,,,,,,,
Seismographs,DL-BE-11066,Data Logger,Instantel,Minimate Plus,BE11066,Kitchener,,,,Available,Active,,,,,,,,,,,,,,
Seismographs,DL-BE-20232,Data Logger,Instantel,Minimate Plus,BE20232,Kitchener,,,,Available,Active,,,,,,,,,,,,,,
Seismographs,DL-BE-10813,Data Logger,Instantel,Minimate Plus,BE10813,Kitchener,,,,Available,Active,,,,,,,,,,,,,,
Seismographs,DL-D10-107273,Data Logger,Sigicom,D10,107273,Kitchener,,,,Available,Active,,,,,,,,,,,,,,
Seismographs,DL-D10-109254,Data Logger,Sigicom,D10,109254,Kitchener,,,,Available,Active,,,,,,,,,,,,,,
Seismographs,DL-BE-20714,Data Logger,Instantel,Minimate Plus,BE20714,Kitchener,,,,Available,Active,,,,,,,,,,,,,,
Seismographs,DL-BE-17191,Data Logger,Instantel,Minimate Plus,BE17191,Kitchener,,,,Available,Active,,,,,,,,,,,,,,
Seismographs,DL-BE-13176,Data Logger,Instantel,Minimate Plus,BE13176,Kitchener,,,,Available,Active,,,,,,,,,,,,,,
Seismographs,DL-BE-20622,Data Logger,Instantel,Minimate Plus,BE20622,Kitchener,,,,Available,Active,,,,,,,,,,,,,,
Seismographs,DL-BE-12799,Data Logger,Instantel,Minimate Plus,BE12799,Kitchener,,,,Available,Active,,,,,,,,,,,,,,
Seismographs,DL-BE-17200,Data Logger,Instantel,Minimate Plus,BE17200,Kitchener,,,,Available,Active,,,,,,,,,,,,,,
Seismographs,DL-D10-108051,Data Logger,Sigicom,D10,108051,Kitchener,,,,Available,Active,,,,,,,,,,,,,,
Seismographs,GEO-C22-108778,Geophone,Sigicom,C22,108778,Kitchener,,,,Available,Active,,,,,,,,,,,,,,
Seismographs,GEO-C22-109025,Geophone,Sigicom,C22,109025,Kitchener,,,,Available,Active,,,,,,,,,,,,,,
Seismographs,GEO-UM-15411,Geophone,Instantel,Micromate,UM15411,Kitchener,,,,Available,Active,,,,,,,,,,,,,,
Seismographs,GEO-BG-20118,Geophone,Instantel,Series III,BG20118,Kitchener,,,,Available,Active,,,,,,,,,,,,,,
Seismographs,GEO-BT-1570,Geophone,Instantel,Series III,BT1570,Kitchener,,,,Available,Active,,,,,,,,,,,,,,
Seismographs,GEO-BT-3177,Geophone,Instantel,Series III,BT3177,Kitchener,,,,Available,Active,,,,,,,,,,,,,,
Seismographs,GEO-BG-20121,Geophone,Instantel,Series III,BG20121,Kitchener,,,,Available,Active,,,,,,,,,,,,,,
Seismographs,GEO-BG-10146,Geophone,Instantel,Series III,BG10146,Kitchener,,,,Available,Active,,,,,,,,,,,,,,
Seismographs,GEO-BG-18287,Geophone,Instantel,Series III,BG18287,Kitchener,,,,Available,Active,,,,,,,,,,,,,,
Seismographs,GEO-BT-3231,Geophone,Instantel,Series III,BT3231,Kitchener,,,,Available,Active,,,,,,,,,,,,,,
Seismographs,GEO-BG-17970,Geophone,Instantel,Series III,BG17970,Kitchener,,,,Available,Active,,,,,,,,,,,,,,
Seismographs,GEO-BG-18200,Geophone,Instantel,Series III,BG18200,Kitchener,,,,Available,Active,,,,,,,,,,,,,,
Seismographs,GEO-BT-1577,Geophone,Instantel,Series III,BT1577,Kitchener,,,,Available,Active,,,,,,,,,,,,,,
Seismographs,SLM-S50-14416,"Microphone, Sound Level Meter",Sigicom,S50,14416,Kitchener,,,,Available,Active,,,,,,,,,,,,,,
Seismographs,GEO-V12-30220,Geophone,Sigicom,V12,30220,Kitchener,,,,Available,Active,,,,,,,,,,,,,,
Seismographs,GEO-V12-32930,Geophone,Sigicom,V12,32930,Kitchener,,,,Available,Active,,,,,,,,,,,,,,
Seismographs,GEO-V12-32690,Geophone,Sigicom,V12,32690,Kitchener,,,,Available,Active,,,,,,,,,,,,,,
Seismographs,GEO-V12-33010,Geophone,Sigicom,V12,33010,Kitchener,,,,Available,Active,,,,,,,,,,,,,,
Seismographs,GEO-BG-8209,Geophone,Instantel,Series III,BG8209,Kitchener,,,,Available,Active,,,,,,,,,,,,,,
Seismographs,GEO-BT-2991,Geophone,Instantel,Series III,BT2991,Kitchener,,,,Available,Active,,,,,,,,,,,,,,
Seismographs,GEO-BG-18162,Geophone,Instantel,Series III,BG18162,Kitchener,,,,Available,Active,,,,,,,,,,,,,,
Seismographs,GEO-BG-18201,Geophone,Instantel,Series III,BG18201,Kitchener,,,,Available,Active,,,,,,,,,,,,,,
Seismographs,GEO-BG-19998,Geophone,Instantel,Series III,BG19998,Kitchener,,,,Available,Active,,,,,,,,,,,,,,
Seismographs,GEO-BG-12145,Geophone,Instantel,Series III,BG12145,Kitchener,,,,Available,Active,,,,,,,,,,,,,,
Seismographs,GEO-BG-19999,Geophone,Instantel,Series III,BG19999,Kitchener,,,,Available,Active,,,,,,,,,,,,,,
Seismographs,GEO-V12-32660,Geophone,Sigicom,V12,32660,Kitchener,,,,Available,Active,,,,,,,,,,,,,,
Seismographs,GEO-V12-32700,Geophone,Sigicom,V12,32700,Kitchener,,,,Available,Active,,,,,,,,,,,,,,
Seismographs,GEO-V12-35760,Geophone,Sigicom,V12,35760,Kitchener,,,,Available,Active,,,,,,,,,,,,,,
Seismographs,SLM-S50-12424,"Microphone, Sound Level Meter",Sigicom,S50,12424,Kitchener,,,,Available,Active,,,,,,,,,,,,,,
Seismographs,SLM-S50-14578,"Microphone, Sound Level Meter",Sigicom,S50,14578,Kitchener,,,,Available,Active,,,,,,,,,,,,,,
Seismographs,DL-D10-109247,Data Logger,Sigicom,D10,109247,London,,,,Available,Active,,,,,,,,,,,,,,
Seismographs,SLM-S50-14575,Data Logger,Sigicom,S50,14575,London,,,,Available,Active,,,,,,,,,,,,,,
Seismographs,SLM-S50-13595,Data Logger,Sigicom,S50,13595,London,,,,Available,Active,,,,,,,,,,,,,,
Seismographs,DL-D10-109562,Data Logger,Sigicom,D10,109562,London,,,,Available,Active,,,,,,,,,,,,,,
Seismographs,DL-D10-106941,Data Logger,Sigicom,D10,106941,London,,,,Available,Active,,,,,,,,,,,,,,
Seismographs,DL-D10-109427,Data Logger,Sigicom,D10,109427,London,,,,Available,Active,,,,,,,,,,,,,,
Seismographs,DL-BE-12192,Data Logger,Sigicom,Minimate Plus,BE12192,London,,,,Available,Active,,,,,,,,,,,,,,
Seismographs,GEO-V12-32410,Data Logger,Sigicom,V12,32410,London,,,,Available,Active,,,,,,,,,,,,,,
Seismographs,DL-D10-109253,Data Logger,Sigicom,D10,109253,London,,,,Available,Active,,,,,,,,,,,,,,
Seismographs,DL-D10-106789,Data Logger,Sigicom,D10,106789,London,,,,Available,Active,,,,,,,,,,,,,,
Seismographs,GEO-V12-34740,Data Logger,Sigicom,V12,34740,London,,,,Available,Active,,,,,,,,,,,,,,
Seismographs,GEO-V12-32380,Data Logger,Sigicom,V12,32380,London,,,,Available,Active,,,,,,,,,,,,,,
Seismographs,GEO-V12-32700,Data Logger,Instantel,V12,32700,London,,,,Available,Active,,,,,,,,,,,,,,
Seismographs,DL-UM-21934,Data Logger,Instantel,Micromate,UM21934,London,,,,Available,Active,,,,,,,,,,,,,,
Seismographs,DL-BE-13598,Data Logger,Instantel,Minimate Plus,BE13598,London,,,,Available,Active,,,,,,,,,,,,,,
Seismographs,DL-BE-20231,Data Logger,Instantel,Minimate Plus,BE20231,London,,,,Available,Active,,,,,,,,,,,,,,
Seismographs,DL-UM-7139,Data Logger,Instantel,Micromate,UM7139,London,,,,Available,Active,,,,,,,,,,,,,,
Seismographs,DL-BE-12193,Data Logger,Instantel,Minimate Plus,BE12193,London,,,,Available,Active,,,,,,,,,,,,,,
Seismographs,DL-BE-19051,Data Logger,Instantel,Minimate Plus,BE19051,London,,,,Available,Active,,,,,,,,,,,,,,
Seismographs,SLM-S50-108860,Data Logger,Sigicom,S50,108860,London,,,,Available,Active,,,,,,,,,,,,,,
Seismographs,DL-BE-11140,Data Logger,Instantel,Minimate Plus,BE11140,London,,,,Available,Active,,,,,,,,,,,,,,
Seismographs,DL-BE-12194,Data Logger,Instantel,Minimate Plus,BE12194,London,,,,Available,Active,,,,,,,,,,,,,,
Seismographs,DL-BE-18796,Data Logger,Instantel,Minimate Plus,BE18796,London,,,,Available,Active,,,,,,,,,,,,,,
Seismographs,GEO-V12-108860,Data Logger,Sigicom,V12,108860,London,,,,Available,Active,,,,,,,,,,,,,,
Seismographs,DL-BE-20281,Data Logger,Instantel,Minimate Plus,BE20281,London,,,,Available,Active,,,,,,,,,,,,,,
Seismographs,DL-BE-13564,Data Logger,Instantel,Minimate Plus,BE13564,London,,,,Available,Active,,,,,,,,,,,,,,
Seismographs,DL-BE-20239,Data Logger,Instantel,Minimate Plus,BE20239,London,,,,Available,Active,,,,,,,,,,,,,,
Seismographs,DL-BE-20599,Data Logger,Instantel,Minimate Plus,BE20599,London,,,,Available,Active,,,,,,,,,,,,,,
Seismographs,DL-BE-18453,Data Logger,Instantel,Minimate Plus,BE18453,London,,,,Available,Active,,,,,,,,,,,,,,
Seismographs,DL-BE-20620,Data Logger,Instantel,Minimate Plus,BE20620,London,,,,Available,Active,,,,,,,,,,,,,,
Seismographs,DL-BE-17157,Data Logger,Instantel,Minimate Plus,BE17157,London,,,,Available,Active,,,,,,,,,,,,,,
Seismographs,DL-BE-19048,Data Logger,Instantel,Minimate Plus,BE19048,London,,,,Available,Active,,,,,,,,,,,,,,
Seismographs,DL-UM-15400,Data Logger,Instantel,Micromate,UM15400,London,,,,Available,Active,,,,,,,,,,,,,,
Seismographs,DL-UM-17183,Data Logger,Instantel,Micromate,UM17183,London,,,,Available,Active,,,,,,,,,,,,,,
Seismographs,GEO-V12-32250,Geophone,Sigicom,V12,32250,London,,,,Available,Active,,,,,,,,,,,,,,
Seismographs,GEO-V12-35710,Geophone,Sigicom,V12,35710,London,,,,Available,Active,,,,,,,,,,,,,,
Seismographs,GEO-UM-21934,Geophone,Instantel,Micromate,UM21934,London,,,,Available,Active,,,,,,,,,,,,,,
Seismographs,GEO-BT-1648,Geophone,Instantel,Series III,BT1648,London,,,,Available,Active,,,,,,,,,,,,,,
Seismographs,GEO-BG-11843,Geophone,Instantel,Series III,BG11843,London,,,,Available,Active,,,,,,,,,,,,,,
Seismographs,GEO-UM-7139,Geophone,Instantel,Micromate,UM7139,London,,,,Available,Active,,,,,,,,,,,,,,
Seismographs,GEO-BT-1649,Geophone,Instantel,Series III,BT1649,London,,,,Available,Active,,,,,,,,,,,,,,
Seismographs,GEO-BG-11747,Geophone,Instantel,Series III,BG11747,London,,,,Available,Active,,,,,,,,,,,,,,
Seismographs,SLM-S50-14613,"Microphone, Sound Level Meter",Sigicom,S50,14613,London,,,,Available,Active,,,,,,,,,,,,,,
Seismographs,GEO-BE-20108,Geophone,Instantel,Series III,BE20108,London,,,,Available,Active,,,,,,,,,,,,,,
Seismographs,GEO-BG-14056,Geophone,Instantel,Series III,BG14056,London,,,,Available,Active,,,,,,,,,,,,,,
Seismographs,GEO-BT-1543,Geophone,Instantel,Series III,BT1543,London,,,,Available,Active,,,,,,,,,,,,,,
Seismographs,GEO-BG-18607,Geophone,Instantel,Series III,BG18607,London,,,,Available,Active,,,,,,,,,,,,,,
Seismographs,GEO-BT-3001,Geophone,Instantel,Series III,BT3001,London,,,,Available,Active,,,,,,,,,,,,,,
Seismographs,GEO-BT-1856,Geophone,Instantel,Series III,BT1856,London,,,,Available,Active,,,,,,,,,,,,,,
Seismographs,GEO-BT-1616,Geophone,Instantel,Series III,BT1616,London,,,,Available,Active,,,,,,,,,,,,,,
Seismographs,GEO-BT-1757,Geophone,Instantel,Series III,BT1757,London,,,,Available,Active,,,,,,,,,,,,,,
Seismographs,GEO-BT-2899,Geophone,Instantel,Series III,BT2899,London,,,,Available,Active,,,,,,,,,,,,,,
Seismographs,GEO-BG-20875,Geophone,Instantel,Series III,BG20875,London,,,,Available,Active,,,,,,,,,,,,,,
Seismographs,GEO-UM-15400,Geophone,Instantel,Series III,UM15400,London,,,,Available,Active,,,,,,,,,,,,,,
Seismographs,GEO-BG-19701,Geophone,Instantel,Series III,BG19701,London,,,,Available,Active,,,,,,,,,,,,,,
Seismographs,GEO-UM-17183,Geophone,Instantel,Micromate,UM17183,London,,,,Available,Active,,,,,,,,,,,,,,
Seismographs,GEO-C22-108403,Geophone,Sigicom,C22,108403,Stoney Creek,,,,Available,Active,,,,,,,,,,,,,,
Seismographs,SLM-S50-107861,"Microphone, Sound Level Meter",Sigicom,S50,107861,Stoney Creek,,,,Available,Active,,,,,,,,,,,,,,
Seismographs,GEO-V12-107861,Geophone,Sigicom,V12,107861,Stoney Creek,,,,Available,Active,,,,,,,,,,,,,,
Seismographs,SLM-S50-107863,"Microphone, Sound Level Meter",Sigicom,S50,107863,Stoney Creek,,,,Available,Active,,,,,,,,,,,,,,
Seismographs,GEO-V12-107863,Geophone,Sigicom,V12,107863,Stoney Creek,,,,Available,Active,,,,,,,,,,,,,,
Seismographs,SLM-S50-2898,"Microphone, Sound Level Meter",Sigicom,S50,2898,Stoney Creek,,,,Available,Active,,,,,,,,,,,,,,
Seismographs,GEO-V12-2898,Geophone,Sigicom,V12,2898,Stoney Creek,,,,Available,Active,,,,,,,,,,,,,,
Seismographs,SLM-S50-109557,"Microphone, Sound Level Meter",Sigicom,S50,109557,Stoney Creek,,,,Available,Active,,,,,,,,,,,,,,
Seismographs,GEO-V12-109557,Geophone,Sigicom,V12,109557,Stoney Creek,,,,Available,Active,,,,,,,,,,,,,,
Seismographs,SLM-S50-109563,"Microphone, Sound Level Meter",Sigicom,S50,109563,Stoney Creek,,,,Available,Active,,,,,,,,,,,,,,
Seismographs,GEO-V12-109563,Geophone,Sigicom,V12,109563,Stoney Creek,,,,Available,Active,,,,,,,,,,,,,,
Seismographs,DL-BE-19047,Data Logger,Instantel,Minimate Plus,BE19047,Stoney Creek,,,,Available,Active,,,,,,,,,,,,,,
Seismographs,DL-BE-18790,Data Logger,Instantel,Minimate Plus,BE18790,Stoney Creek,,,,Available,Active,,,,,,,,,,,,,,
Seismographs,DL-BE-20227,Data Logger,Instantel,Minimate Plus,BE20227,Stoney Creek,,,,Available,Active,,,,,,,,,,,,,,
Seismographs,DL-BE-21066,Data Logger,Instantel,Minimate Plus,BE21066,Stoney Creek,,,,Available,Active,,,,,,,,,,,,,,
Seismographs,DL-BE-20716,Data Logger,Instantel,Minimate Plus,BE20716,Stoney Creek,,,,Available,Active,,,,,,,,,,,,,,
Seismographs,DL-BE-18908,Data Logger,Instantel,Minimate Plus,BE18908,Stoney Creek,,,,Available,Active,,,,,,,,,,,,,,
Seismographs,GEO-V12-109558,Geophone,Sigicom,V12,109558,Stoney Creek,,,,Available,Active,,,,,,,,,,,,,,
Seismographs,SLM-S50-109558,"Microphone, Sound Level Meter",Sigicom,S50,109558,Stoney Creek,,,,Available,Active,,,,,,,,,,,,,,
Seismographs,SLM-S50-13653,"Microphone, Sound Level Meter",Sigicom,S50,13653,Stoney Creek,,,,Available,Active,,,,,,,,,,,,,,
Seismographs,GEO-V12-32640,Geophone,Sigicom,V12,32640,Stoney Creek,,,,Available,Active,,,,,,,,,,,,,,
Seismographs,SLM-S50-13767,"Microphone, Sound Level Meter",Sigicom,S50,13767,Stoney Creek,,,,Available,Active,,,,,,,,,,,,,,
Seismographs,GEO-V12-33490,Geophone,Sigicom,V12,33490,Stoney Creek,,,,Available,Active,,,,,,,,,,,,,,
Seismographs,SLM-S50-13846,"Microphone, Sound Level Meter",Sigicom,S50,13846,Stoney Creek,,,,Available,Active,,,,,,,,,,,,,,
Seismographs,GEO-V12-35620,Geophone,Sigicom,V12,35620,Stoney Creek,,,,Available,Active,,,,,,,,,,,,,,
Seismographs,SLM-S50-13655,"Microphone, Sound Level Meter",Sigicom,S50,13655,Stoney Creek,,,,Available,Active,,,,,,,,,,,,,,
Seismographs,GEO-V12-32370,Geophone,Sigicom,V12,32370,Stoney Creek,,,,Available,Active,,,,,,,,,,,,,,
Seismographs,GEO-BT-2914,Geophone,Instantel,Series III,BT2914,Stoney Creek,,,,Available,Active,,,,,,,,,,,,,,
Seismographs,GEO-BG-18202,Geophone,Instantel,Series III,BG18202,Stoney Creek,,,,Available,Active,,,,,,,,,,,,,,
Seismographs,GEO-BG-22103,Geophone,Instantel,Series III,BG22103,Stoney Creek,,,,Available,Active,,,,,,,,,,,,,,
Seismographs,GEO-BG-19706,Geophone,Instantel,Series III,BG19706,Stoney Creek,,,,Available,Active,,,,,,,,,,,,,,
Seismographs,GEO-BT-1859,Geophone,Instantel,Series III,BT1859,Stoney Creek,,,,Available,Active,,,,,,,,,,,,,,
Seismographs,GEO-BG-13862,Geophone,Instantel,Series III,BG13862,Stoney Creek,,,,Available,Active,,,,,,,,,,,,,,
Seismographs,GEO-V12-35600,Geophone,Sigicom,V12,35600,Stoney Creek,,,,Available,Active,,,,,,,,,,,,,,
Seismographs,SLM-S50-14575,"Microphone, Sound Level Meter",Sigicom,S50,14575,Stoney Creek,,,,Available,Active,,,,,,,,,,,,,,
Seismographs,DL-MP-12708,Data Logger,Minimate Pro,Instantel,MP12708,Ottawa,,,,Available,Active,,,,,,,,,,,,,,
Seismographs,DL-MP-12709,Data Logger,Minimate Pro,Instantel,MP12709,Ottawa,,,,Available,Active,,,,,,,,,,,,,,
Seismographs,DL-MP-13332,Data Logger,Minimate Pro,Instantel,MP13332,Ottawa,,,,Available,Active,,,,,,,,,,,,,,
Seismographs,DL-MP-13333,Data Logger,Minimate Pro,Instantel,MP13333,Ottawa,,,,Deployed or NOT Available,Active,,,,,,,,,,,,,,
Seismographs,DL-MP-13356,Data Logger,Minimate Pro,Instantel,MP13356,Ottawa,,,,Available,Active,,,,,,,,,,,,,,
Seismographs,DL-MP-13448,Data Logger,Minimate Pro,Instantel,MP13448,Ottawa,,,,Available,Active,,,,,,,,,,,,,,
Seismographs,GEO-SE-12717,Geohpone,Series IV,Instantel,SE12717,Ottawa,,,,Available,,,,,,,,,,,,,,,
Seismographs,GEO-SE-13077,Geohpone,Series IV,Instantel,SE13077,Ottawa,,,,Available,,,,,,,,,,,,,,,
Seismographs,GEO-SE-13076,Geohpone,Series IV,Instantel,SE13076,Ottawa,,,,Available,Active,,,,,,,,,,,,,,
Seismographs,GEO-SE-12716,Geohpone,Series IV,Instantel,SE12716,Ottawa,,,,Available,,,,,,,,,,,,,,,
Seismographs,GEO-SE-13146,Geohpone,Series IV,Instantel,SE13146,Ottawa,,,,Available,,,,,,,,,,,,,,,
Seismographs,GEO-SE-13113,Geohpone,Series IV,Instantel,SE13113,Ottawa,,,,Available,,,,,,,,,,,,,,,
Acoustics,SB-199430,Acoustic Measuring,SINUS,Soundbook,199430,Ottawa,,,,Deployed or NOT Available,Active,,,,,,,,,,,,,,
Acoustics,SB-199431,Acoustic Measuring,SINUS,Soundbook,199431,Ottawa,,,,Deployed or NOT Available,Active,,,,,,,,,,,,,,
Acoustics,SB-202171,Acoustic Measuring,SINUS,Soundbook,202171,Ottawa,,,,Deployed or NOT Available,Active,,,,,,,,,,,,,,
Acoustics,DST-LD-01,"Microphone, Sound Level Meter",Larson Davis,831C,11212,Ottawa,,,,Deployed or NOT Available,Active,,,,,,,,,1712.0,323309.0,,,,
Acoustics,DST-LD-02,"Microphone, Sound Level Meter",Larson Davis,831C,11213,Ottawa,,,,Deployed or NOT Available,Active,,,,,,,,,1714.0,323316.0,,,,
Acoustics,DST-LD-03,"Microphone, Sound Level Meter",Larson Davis,831C,11209,Ottawa,,,,Deployed or NOT Available,Active,,,,,,,,,1717.0,323155.0,,,,
Acoustics,DST-LD-04,"Microphone, Sound Level Meter",Larson Davis,831C,,Ottawa,,,,Deployed or NOT Available,Active,,,,,,,,,,,,,,
Acoustics,DST-LD-05,"Microphone, Sound Level Meter",Larson Davis,831C,,Ottawa,,,,Deployed or NOT Available,Active,,,,,,,,,,,,,,
Communications,SRV-THOR-001,Server,Microsoft,Azure,,,,,,,Retired,,,,,,,Decommissioned,,,,,,,
Communications,SRV-THOR-002,Server,Microsoft,Azure,,,,,,,Retired,,,,,,,Decommissioned,,,,,,,
Communications,SRV-THOR-003,Server,Microsoft,Azure,,,,,,,Retired,,,,,,,Decommissioned,,,,,,,
Communications,SRV-THOR-004,Server,Microsoft,Azure,,,,,Ottawa,,Active,,,,,,,,,,,,,,
Communications,SRV-THOR-005,Server,Microsoft,Azure,,,,,Toronto,,Active,,,,,,,,,,,,,,
Communications,SRV-THOR-006,Server,Microsoft,Azure,,,,,Ottawa,,Active,,,,,,,,,,,,,,
Communications,SRV-THOR-007,Server,Microsoft,Azure,,,,,Sudbury,,Active,,,,,,,,,,,,,,
Communications,SRV-THOR-008,Server,Microsoft,Azure,,,,,SWO,,Active,,,,,,,,,,,,,,
Communications,SRV-THOR-009,Server,Microsoft,Azure,,,,,Ottawa,,Active,,,,,,,,,,,,,,
Communications,SRV-THOR-010,Server,Microsoft,Azure,,,,,Ottawa,,Active,,,,,,,,,,,,,,
Communications,SRV-THOR-011,Server,Microsoft,Azure,,,,,Ottawa,,Active,,,,,,,,,,,,,,
Communications,SRV-THOR-012,Server,Microsoft,Azure,,,,,Ottawa,,Retired,,,,,,,Decommissioned,,,,,,,
Communications,SRV-THOR-013,Server,Microsoft,Azure,,,,,Ottawa,,Retired,,,,,,,Decommissioned,,,,,,,
Communications,SRV-INFRANet,Server,Sigicom,,,,,,,,,,,,,,,,,,,,,,
Communications,SRV-Vision,Server,Instantel,,,,,,,,,,,,,,,,,,,,,,
Communications,SRV-Vision II,Server,Instantel,,,,,,,,,,,,,,,,,,,,,,
Communications,DST340,Cellular Service,,SIM / ISP,,Ottawa,,,,Deployed or NOT Available,Active,,,,,,,,,,,161.216.57.196,Bell,358643075669346,(343) 574-9352
Communications,DST053,Cellular Service,,SIM / ISP,,Ottawa,,,,Deployed or NOT Available,Active,,,,,,,,,,,72.139.230.234,Rogers,359225057708331,613-617-2240
Communications,DST013,Cellular Service,,SIM / ISP,,Ottawa,,,,Deployed or NOT Available,Active,,,,,,,,,,,72.142.178.47,Rogers,89302720513012024886,705-618-1098
Communications,DST199,Cellular Service,,SIM / ISP,,Ottawa,,,,Deployed or NOT Available,Active,,,,,,,,,,,70.28.206.174,Bell,89302610104304929058,(343) 550-3508
Communications,DST058,Cellular Service,,SIM / ISP,,Ottawa,,,,Deployed or NOT Available,Active,,,,,,,,,,,72.139.230.231,Rogers,89302720415969354144,613-617-2503
Communications,DST356,Cellular Service,,SIM / ISP,,Ottawa,,,,Deployed or NOT Available,Active,,,,,,,,,,,161.216.57.88,Bell,89302610206404700000,(343) 574-9376
Communications,DST291,Cellular Service,,SIM / ISP,,Ottawa,,,,Deployed or NOT Available,Active,,,,,,,,,,,174.90.198.2,Bell,89302610104315794582,(343) 571-4169
Communications,DST319,Cellular Service,,SIM / ISP,,Ottawa,,,,Deployed or NOT Available,Active,,,,,,,,,,,174.90.197.144,Bell,89302610104313769115,(613) 314-9356
Communications,DST228,Cellular Service,,SIM / ISP,,Ottawa,,,,Deployed or NOT Available,Active,,,,,,,,,,,76.70.163.120,Bell,89302610203078388184,(613) 794-5751
Communications,DST067,Cellular Service,,SIM / ISP,,Ottawa,,,,Deployed or NOT Available,Active,,,,,,,,,,,72.139.231.200,Rogers,89302720523027749047,343-996-1130
Communications,DST213,Cellular Service,,SIM / ISP,,Ottawa,,,,Deployed or NOT Available,Active,,,,,,,,,,,70.28.194.52,Bell,89302610104304948587,(613) 292-0659
Communications,DST266,Cellular Service,,SIM / ISP,,Ottawa,,,,Deployed or NOT Available,Active,,,,,,,,,,,174.90.113.1,Bell,89302610104318387574,(343) 572-0342
Communications,DST504,Cellular Service,,SIM / ISP,,Ottawa,,,,Deployed or NOT Available,Active,,,,,,,,,,,76.70.240.112,Bell,89302610104383250285,(343) 573-6221
Communications,DST176,Cellular Service,,SIM / ISP,,Ottawa,,,,Deployed or NOT Available,Active,,,,,,,,,,,70.28.200.121,Bell,89302610103049506718,(343) 550-0716
Communications,DST227,Cellular Service,,SIM / ISP,,Ottawa,,,,Deployed or NOT Available,Active,,,,,,,,,,,174.90.114.148,Bell,89302610104318387491,(613) 794-5746
Communications,DST128,Cellular Service,,SIM / ISP,,Ottawa,,,,Deployed or NOT Available,Active,,,,,,,,,,,76.70.255.25,Bell,89302610103034044162,(343) 548-2377
Communications,DST160,Cellular Service,,SIM / ISP,,Ottawa,,,,Deployed or NOT Available,Active,,,,,,,,,,,70.28.198.2,Bell,89302610103050829223,(613) 293-8617
Communications,DST174,Cellular Service,,SIM / ISP,,Ottawa,,,,Deployed or NOT Available,Active,,,,,,,,,,,70.28.192.89,Bell,358643079863069,(343) 550-0866
Communications,DST193,Cellular Service,,SIM / ISP,,Ottawa,,,,Deployed or NOT Available,Active,,,,,,,,,,,70.28.194.223,Bell,89302610103049298605,(613) 314-1361
Communications,DST267,Cellular Service,,SIM / ISP,,Ottawa,,,,Deployed or NOT Available,Active,,,,,,,,,,,174.90.114.222,Bell,89302610104318387566,(343) 572-0336
Communications,DST522,Cellular Service,,SIM / ISP,,Ottawa,,,,Deployed or NOT Available,Active,,,,,,,,,,,76.70.246.186,Bell,89302610104368200000,(343) 549-2544
Communications,DST186,Cellular Service,,SIM / ISP,,Ottawa,,,,Deployed or NOT Available,Active,,,,,,,,,,,70.28.194.103,Bell,89302610103049532177,343-548-5675
Communications,DST091,Cellular Service,,SIM / ISP,,Ottawa,,,,Deployed or NOT Available,Active,,,,,,,,,,,76.70.242.151,Bell,89302610203057771053,613-327-5462
Communications,DST016,Cellular Service,,SIM / ISP,,Ottawa,,,,Deployed or NOT Available,Active,,,,,,,,,,,72.142.178.45,Rogers,89302720513012024902,705-618-0951
Communications,DST112,Cellular Service,,SIM / ISP,,Ottawa,,,,Deployed or NOT Available,Active,,,,,,,,,,,76.70.254.85,Bell,,(613) 290-6611
Communications,DST508,Cellular Service,,SIM / ISP,,Ottawa,,,,Deployed or NOT Available,Active,,,,,,,,,,,76.70.241.225,Bell,89302610104383253222,(343) 543-3163
Communications,DST514,Cellular Service,,SIM / ISP,,Ottawa,,,,Deployed or NOT Available,Active,,,,,,,,,,,76.70.240.16,Bell,89302610104383253164,(343) 543-3027
Communications,DST246,Cellular Service,,SIM / ISP,,Ottawa,,,,Deployed or NOT Available,Active,,,,,,,,,,,174.90.115.147,Bell,89302610104318795404,(343) 571-3063
Communications,DST231,Cellular Service,,SIM / ISP,,Ottawa,,,,Deployed or NOT Available,Active,,,,,,,,,,,76.70.165.71,Bell,89302610203078387392,(613) 794-5804
Communications,DST297,Cellular Service,,SIM / ISP,,Ottawa,,,,Deployed or NOT Available,Active,,,,,,,,,,,174.90.196.46,Bell,89302610104390149918,(343) 571-4187
Communications,DST099,Cellular Service,,SIM / ISP,,Ottawa,,,,Deployed or NOT Available,Active,,,,,,,,,,,174.90.196.150,Bell,89302610103038030100,(613) 290-3924
Communications,DST424,Cellular Service,,SIM / ISP,,Ottawa,,,,Deployed or NOT Available,Active,,,,,,,,,,,161.216.21.173,Bell,89302610206415800000,(613) 296-4623
Communications,DST376,Cellular Service,,SIM / ISP,,Ottawa,,,,Deployed or NOT Available,Active,,,,,,,,,,,184.515.4.135,Rogers,358643075690284,(343) 575-5962
Communications,DST380,Cellular Service,,SIM / ISP,,Ottawa,,,,Deployed or NOT Available,Active,,,,,,,,,,,97.109.23.80,Rogers,89302720533001921694,437-247-8069
Communications,DST461,Cellular Service,,SIM / ISP,,Ottawa,,,,Deployed or NOT Available,Active,,,,,,,,,,,99.210.22.159,Rogers,89302720554014860794,613-709-4731
Communications,DST465,Cellular Service,,SIM / ISP,,Ottawa,,,,Deployed or NOT Available,Active,,,,,,,,,,,99.210.22.163,Rogers,89302720554014800000,(613) 709-7266
Communications,DST390,Cellular Service,,SIM / ISP,,Ottawa,,,,Deployed or NOT Available,Active,,,,,,,,,,,72.139.231.180,Rogers,,(416) 662-2453
Communications,DST323,Cellular Service,,SIM / ISP,,Ottawa,,,,Deployed or NOT Available,Active,,,,,,,,,,,174.90.199.118,Bell,358643075098819,(613) 314-9572
Communications,DST452,Cellular Service,,SIM / ISP,,Ottawa,,,,Deployed or NOT Available,Active,,,,,,,,,,,70.28.243.167,Bell,89302610206419200000,(343) 576-4198
Communications,DST468,Cellular Service,,SIM / ISP,,Ottawa,,,,Deployed or NOT Available,Active,,,,,,,,,,,99.210.22.166,Rogers,8930272055401480711,(613) 710-0619
Communications,DST389,Cellular Service,,SIM / ISP,,Ottawa,,,,Deployed or NOT Available,Active,,,,,,,,,,,72.139.231.179,Rogers,89302720533001921827,(416) 662-9380
Communications,DST003,Cellular Service,,SIM / ISP,,Ottawa,,,,Deployed or NOT Available,Active,,,,,,,,,,,74.198.232.129,Rogers,,705-562-9315
Communications,DST386,Cellular Service,,SIM / ISP,,Ottawa,,,,Deployed or NOT Available,Active,,,,,,,,,,,97.109.23.75,Rogers,89302720533001921744,437-231-9326
Communications,DST413,Cellular Service,,SIM / ISP,,Ottawa,,,,Deployed or NOT Available,Active,,,,,,,,,,,184.151.7.75,Bell,89302610206403669558,(343) 575-5192
Communications,DST412,Cellular Service,,SIM / ISP,,Ottawa,,,,Deployed or NOT Available,Active,,,,,,,,,,,184.151.4.201,Bell,89302610206403669541,(343) 575-5191
Communications,DST451,Cellular Service,,SIM / ISP,,Ottawa,,,,Deployed or NOT Available,Active,,,,,,,,,,,70.28.243.160,Bell,89302610206419212740,(343) 576-3916
Communications,DST402,Cellular Service,,SIM / ISP,,Ottawa,,,,Deployed or NOT Available,Active,,,,,,,,,,,161.216.52.128,Bell,89302610206404734856,
Communications,DST434,Cellular Service,,SIM / ISP,,Ottawa,,,,Deployed or NOT Available,Active,,,,,,,,,,,70.28.242.182,Bell,89302610104366458673,(343) 576-1636
Communications,DST450,Cellular Service,,SIM / ISP,,Ottawa,,,,Deployed or NOT Available,Active,,,,,,,,,,,70.28.243.27,Bell,89302610104366458657,(343) 576-3904
Communications,DST409,Cellular Service,,SIM / ISP,,Ottawa,,,,Deployed or NOT Available,Active,,,,,,,,,,,184.151.6.30,,89302610206403669517,(343) 575-5970
Communications,DST407,Cellular Service,,SIM / ISP,,Ottawa,,,,Deployed or NOT Available,Active,,,,,,,,,,,161.216.22.25,Bell,89302610206404667841,(613) 296-4879
Communications,DST385,Cellular Service,,SIM / ISP,,Ottawa,,,,Deployed or NOT Available,Active,,,,,,,,,,,97.109.23.76,Rogers,89302720533001921736,437-231-9562
Communications,DST498,Cellular Service,,SIM / ISP,,Ottawa,,,,Deployed or NOT Available,Active,,,,,,,,,,,76.70.244.62,Bell,89302610104367528466,(613) 290-7146
Communications,DST093,Cellular Service,,SIM / ISP,,Toronto,,,,Deployed or NOT Available,Active,,,,,,,,,,,72.139.230.254,Rogers,89302720415969354755,613-716-9287
Communications,DST232,Cellular Service,,SIM / ISP,,Toronto,,,,Deployed or NOT Available,Active,,,,,,,,,,,76.70.163.57,Bell,89302610104307724647,343-549-9221
Communications,DST294,Cellular Service,,SIM / ISP,,Toronto,,,,Deployed or NOT Available,Active,,,,,,,,,,,174.90.197.214,Bell,89302610104315794533,343-571-4166
Communications,DST047,Cellular Service,,SIM / ISP,,Toronto,,,,Deployed or NOT Available,Active,,,,,,,,,,,72.139.230.232,Rogers,89302720415969354151,613-617-2401
Communications,DST140,Cellular Service,,SIM / ISP,,Toronto,,,,Deployed or NOT Available,Active,,,,,,,,,,,76.70.248.235,Bell,89302610103034044279,343-548-2359
Communications,DST244,Cellular Service,,SIM / ISP,,Toronto,,,,Deployed or NOT Available,Active,,,,,,,,,,,174.90.112.216,Bell,89302610104390149850,343-571-3061
Communications,DST270,Cellular Service,,SIM / ISP,,Toronto,,,,Deployed or NOT Available,Active,,,,,,,,,,,174.90.115.36,Bell,89302610104318387517,343-572-0345
Communications,DST481,Cellular Service,,SIM / ISP,,Toronto,,,,Deployed or NOT Available,Active,,,,,,,,,,,76.70.242.87,Bell,89302610104363245479,613-294-3907
Communications,DST506,Cellular Service,,SIM / ISP,,Toronto,,,,Deployed or NOT Available,Active,,,,,,,,,,,76.70.240.35,Bell,89302610104383253016,343-543-2754
Communications,DST137,Cellular Service,,SIM / ISP,,Toronto,,,,Deployed or NOT Available,Active,,,,,,,,,,,76.70.249.85,Bell,89302610103034044253,343-548-2361
Communications,DST161,Cellular Service,,SIM / ISP,,Toronto,,,,Deployed or NOT Available,Active,,,,,,,,,,,70.28.205.194,Bell,89302610103050829272,613-294-8768
Communications,DST048,Cellular Service,,SIM / ISP,,Toronto,,,,Deployed or NOT Available,Active,,,,,,,,,,,184.151.33.62,Bell,89302610102024293417,705-665-2729
Communications,DST144,Cellular Service,,SIM / ISP,,Toronto,,,,Deployed or NOT Available,Active,,,,,,,,,,,76.70.248.242,Bell,89302610103034044196,343-548-2371
Communications,DST255,Cellular Service,,SIM / ISP,,Toronto,,,,Deployed or NOT Available,Active,,,,,,,,,,,174.90.113.5,Bell,89302610104314213071,343-571-5697
Communications,DST198,Cellular Service,,SIM / ISP,,Toronto,,,,Deployed or NOT Available,Active,,,,,,,,,,,70.28.206.119,Bell,89302610104302395542,613-324-8728
Communications,DST248,Cellular Service,,SIM / ISP,,Toronto,,,,Deployed or NOT Available,Active,,,,,,,,,,,174.90.115.176,Bell,89302610104314213048,343-571-5696
Communications,DST119,Cellular Service,,SIM / ISP,,Toronto,,,,Deployed or NOT Available,Active,,,,,,,,,,,76.70.249.22,Bell,89302610103038030894,613-290-6488
Communications,DST229,Cellular Service,,SIM / ISP,,Toronto,,,,Deployed or NOT Available,Active,,,,,,,,,,,76.70.163.94,Bell,89302610203078387384,613-794-5783
Communications,DST133,Cellular Service,,SIM / ISP,,Toronto,,,,Deployed or NOT Available,Active,,,,,,,,,,,76.70.247.15,Bell,89302610103034044113,343-548-2382
Communications,DST155,Cellular Service,,SIM / ISP,,Toronto,,,,Deployed or NOT Available,Active,,,,,,,,,,,70.28.206.202,Bell,89302610103050829280,613-294-8729
Communications,DST310,Cellular Service,,SIM / ISP,,Toronto,,,,Deployed or NOT Available,Active,,,,,,,,,,,174.90.197.194,Bell,89302610104313769065,613-314-8939
Communications,DST276,Cellular Service,,SIM / ISP,,Toronto,,,,Deployed or NOT Available,Active,,,,,,,,,,,174.90.112.244,Bell,89302358643075031430,343-572-0355
Communications,DST040,Cellular Service,,SIM / ISP,,Toronto,,,,Deployed or NOT Available,Active,,,,,,,,,,,72.139.231.1,Rogers,8930272015969354763,613-716-8746
Communications,DST146,Cellular Service,,SIM / ISP,,Toronto,,,,Deployed or NOT Available,Active,,,,,,,,,,,184.151.35.113,Bell,89302610103047150469,343-550-3295
Communications,DST449,Cellular Service,,SIM / ISP,,Toronto,,,,Deployed or NOT Available,Active,,,,,,,,,,,174.90.96.211,Bell,89302610104366487631,343-5511-357
Communications,DST159,Cellular Service,,SIM / ISP,,Toronto,,,,Deployed or NOT Available,Active,,,,,,,,,,,174.90.198.93,Bell,‘89302610104303900000,343-571-0348
Communications,DST260,Cellular Service,,SIM / ISP,,Toronto,,,,Deployed or NOT Available,Active,,,,,,,,,,,174.90.115.101,Bell,89302610104314207560,343-571-5800
Communications,DST296,Cellular Service,,SIM / ISP,,Toronto,,,,Deployed or NOT Available,Active,,,,,,,,,,,174.90.197.23,Bell,‘89302610104315794558,343-571-4159
Communications,DST326,Cellular Service,,SIM / ISP,,Toronto,,,,Deployed or NOT Available,Active,,,,,,,,,,,174.90.196.199,Bell,89302610104315794640,343-571-4173
Communications,DST194,Cellular Service,,SIM / ISP,,Toronto,,,,Deployed or NOT Available,Active,,,,,,,,,,,70.28.197.155,Bell,89302610103049298597,613-314-1363
Communications,DST072,Cellular Service,,SIM / ISP,,Toronto,,,,Deployed or NOT Available,Active,,,,,,,,,,,72.139.231.185,Rogers,89302720523027749096,343-996-1142
Communications,DST469,Cellular Service,,SIM / ISP,,Toronto,,,,Deployed or NOT Available,Active,,,,,,,,,,,99.210.22.167,Rogers,89302720554014860703,613-710-0475
Communications,DST036,Cellular Service,,SIM / ISP,,Toronto,,,,Deployed or NOT Available,Active,,,,,,,,,,,72.139.230.235,Rogers,89302720415959354193,613-617-1992
Communications,DST497,Cellular Service,,SIM / ISP,,Toronto,,,,Deployed or NOT Available,Active,,,,,,,,,,,76.70.247.148,Bell,89302610104367528458,613-290-7130
Communications,DST426,Cellular Service,,SIM / ISP,,Toronto,,,,Deployed or NOT Available,Active,,,,,,,,,,,161.216.22.32,Bell,89302610206415825198,613-296-4375
Communications,DST361,Cellular Service,,SIM / ISP,,Toronto,,,,Deployed or NOT Available,Active,,,,,,,,,,,161.216.58.69,Bell,89302610206403974453,343-575-1921
Communications,DST366,Cellular Service,,SIM / ISP,,Toronto,,,,Deployed or NOT Available,Active,,,,,,,,,,,161.216.58.69,Bell,89302610206403974453,343-575-1921
Communications,DST431,Cellular Service,,SIM / ISP,,Toronto,,,,Deployed or NOT Available,Active,,,,,,,,,,,161.216.56.54,Bell,89302610206403974990,343-575-1930
Communications,DST405,Cellular Service,,SIM / ISP,,Toronto,,,,Deployed or NOT Available,Active,,,,,,,,,,,161.216.21.67,Bell,89302610206404667825,613-296-4953
Communications,DST425,Cellular Service,,SIM / ISP,,Toronto,,,,Deployed or NOT Available,Active,,,,,,,,,,,161.216.155.29,Bell,89302610206415824290,613-296-4742
Communications,DST400,Cellular Service,,SIM / ISP,,Toronto,,,,Deployed or NOT Available,Active,,,,,,,,,,,184.151.7.33,Bell,89302610206404745233,343-575-5969
Communications,DST524,Cellular Service,,SIM / ISP,,Toronto,,,,Deployed or NOT Available,Active,,,,,,,,,,,70.28.199.85,Bell,89302610104368250235,343-549-6308
Communications,DST182,Cellular Service,,SIM / ISP,,Toronto,,,,Deployed or NOT Available,Active,,,,,,,,,,,70.28.199.47,Bell,89302610103049532136,343-548-1644
Communications,DST131,Cellular Service,,SIM / ISP,,Toronto,,,,Deployed or NOT Available,Active,,,,,,,,,,,76.70.248.156,Bell,89302610103034044139,343-548-2380
Communications,DST046,Cellular Service,,SIM / ISP,,Toronto,,,,Deployed or NOT Available,Active,,,,,,,,,,,70.28.251.162,Bell,89302610102019289651,613-407-4113
Communications,DST455,Cellular Service,,SIM / ISP,,Toronto,,,,Deployed or NOT Available,Active,,,,,,,,,,,70.28.243.221,Bell,89302610206419212336,343-542-1801
Communications,DST367,Cellular Service,,SIM / ISP,,Toronto,,,,Deployed or NOT Available,Active,,,,,,,,,,,161.216.57.189,Bell,89302610206403975005,343-575-1938
Communications,DST358,Cellular Service,,SIM / ISP,,Toronto,,,,Deployed or NOT Available,Active,,,,,,,,,,,161.216.58.148,Bell,89302610206404105784,416-577-5373
Communications,DST530,Cellular Service,,SIM / ISP,,Toronto,,,,Deployed or NOT Available,Active,,,,,,,,,,,161.216.21.46,Bell,89302610104352771360,437-448-9587
Communications,DST487,Cellular Service,,SIM / ISP,,Toronto,,,,Deployed or NOT Available,Active,,,,,,,,,,,76.70.247.136,Bell,89302610104367530041,343-548-2653
Communications,DST529,Cellular Service,,SIM / ISP,,Toronto,,,,Deployed or NOT Available,Active,,,,,,,,,,,161.216.21.226,Bell,89302610104352771386,437-448-7711
Communications,DST427,Cellular Service,,SIM / ISP,,Toronto,,,,Deployed or NOT Available,Active,,,,,,,,,,,161.216.57.146,Bell,89302610104366458749,343-576-1712
Communications,DST527,Cellular Service,,SIM / ISP,,Toronto,,,,Deployed or NOT Available,Active,,,,,,,,,,,161.216.22.246,Bell,89302610104352771428,437-431-2928
Communications,DST441,Cellular Service,,SIM / ISP,,Toronto,,,,Deployed or NOT Available,Active,,,,,,,,,,,70.28.241.186,Bell,89302610104366458616,343-576-3164
Communications,DST432,Cellular Service,,SIM / ISP,,Toronto,,,,Deployed or NOT Available,Active,,,,,,,,,,,70.28.241.122,Bell,89302610104366458798,343-576-1634
Communications,DST528,Cellular Service,,SIM / ISP,,Toronto,,,,Deployed or NOT Available,Active,,,,,,,,,,,161.216.21.247,Bell,89302610104352771436,416-557-9331
Communications,DST525,Cellular Service,,SIM / ISP,,Toronto,,,,Deployed or NOT Available,Active,,,,,,,,,,,184.151.5.143,Bell,89302610104352771402,437-441-4696
Communications,DST526,Cellular Service,,SIM / ISP,,Toronto,,,,Deployed or NOT Available,Active,,,,,,,,,,,184.151.7.210,Bell,89302610104352771410,437-446-5366
Communications,DST534,Cellular Service,,SIM / ISP,,Toronto,,,,Deployed or NOT Available,Active,,,,,,,,,,,161.216.21.51,Bell,89302610104352771394,416-884-3273
Communications,DST444,Cellular Service,,SIM / ISP,,Toronto,,,,Deployed or NOT Available,Active,,,,,,,,,,,70.28.240.13,Bell,89302610104366458640,343-576-3045
Communications,DST495,Cellular Service,,SIM / ISP,,Toronto,,,,Deployed or NOT Available,Active,,,,,,,,,,,76.70.166.244,Bell,89302610104367528664,613-290-6962
Communications,DST532,Cellular Service,,SIM / ISP,,Toronto,,,,Deployed or NOT Available,Active,,,,,,,,,,,161.216.21.120,Bell,89302610104352771378,437-449-1475
Communications,DST531,Cellular Service,,SIM / ISP,,Toronto,,,,Deployed or NOT Available,Active,,,,,,,,,,,161.216.23.111,Bell,89302610104352771444,416-347-3197
Communications,DST406,Cellular Service,,SIM / ISP,,Toronto,,,,Deployed or NOT Available,Active,,,,,,,,,,,161.216.20.17,Bell,89302610206404667833,613-296-4936
Communications,DST533,Cellular Service,,SIM / ISP,,Toronto,,,,Deployed or NOT Available,Active,,,,,,,,,,,161.216.22.209,Bell,89302610104352771352,416-459-7458
Communications,DST428,Cellular Service,,SIM / ISP,,Toronto,,,,Deployed or NOT Available,Active,,,,,,,,,,,70.28.241.141,Bell,89302610104366458756,343-576-1908
Communications,DST050,Cellular Service,,SIM / ISP,,Toronto,,,,Deployed or NOT Available,Active,,,,,,,,,,,184.151.32.224,Bell,89302610102024290363,343-540-5341
Communications,DST423,Cellular Service,,SIM / ISP,,Toronto,,,,Deployed or NOT Available,Active,,,,,,,,,,,161.216.22.117,Bell,89302610206415824274,613-296-4692
Communications,DST042,Cellular Service,,SIM / ISP,,Toronto,,,,Deployed or NOT Available,Active,,,,,,,,,,,184.151.32.240,Bell,89302610102024290355,343-540-5892
Communications,DST397,Cellular Service,,SIM / ISP,,Toronto,,,,Deployed or NOT Available,Active,,,,,,,,,,,97.109.23.73,Rogers,89302720533001921769,437-227-0134
Communications,DST399,Cellular Service,,SIM / ISP,,Toronto,,,,Deployed or NOT Available,Active,,,,,,,,,,,97.109.23.74,Rogers,89302720533001921751,437-230-4335
Communications,DST362,Cellular Service,,SIM / ISP,,Toronto,,,,Deployed or NOT Available,Active,,,,,,,,,,,161.216.57.40,Bell,89302610206403974479,343-575-1923
Communications,DST364,Cellular Service,,SIM / ISP,,Toronto,,,,Deployed or NOT Available,Active,,,,,,,,,,,161.216.145.115,Bell,89302610206403974487,343-575-1933
Communications,DST458,Cellular Service,,SIM / ISP,,Toronto,,,,Deployed or NOT Available,Active,,,,,,,,,,,174.90.97.147,Bell,89302353968092229427,343-573-9875
Communications,DST439,Cellular Service,,SIM / ISP,,Toronto,,,,Deployed or NOT Available,Active,,,,,,,,,,,70.28.240.50,Bell,89302610104366458731,343-576-2178
Communications,DST408,Cellular Service,,SIM / ISP,,Toronto,,,,Deployed or NOT Available,Active,,,,,,,,,,,161.216.21.78,Bell,89302610206404667817,613-296-5073
Communications,DST437,Cellular Service,,SIM / ISP,,Toronto,,,,Deployed or NOT Available,Active,,,,,,,,,,,70.28.242.38,Bell,89302610104366458707,343-576-1853
Communications,DST457,Cellular Service,,SIM / ISP,,SWO,,,,Deployed or NOT Available,Active,,,,,,,,,,,70.28.241.205,Bell,,
Communications,DST138,Cellular Service,,SIM / ISP,,SWO,,,,Deployed or NOT Available,Active,,,,,,,,,,,76.70.241.142,Bell,,
Communications,DST250,Cellular Service,,SIM / ISP,,SWO,,,,Deployed or NOT Available,Active,,,,,,,,,,,99.212.83.240,Rogers,,
Communications,DST029,Cellular Service,,SIM / ISP,,SWO,,,,Deployed or NOT Available,Active,,,,,,,,,,,72.142.186.215,Rogers,,
Communications,DST062,Cellular Service,,SIM / ISP,,SWO,,,,Deployed or NOT Available,Active,,,,,,,,,,,72.139.231.195,Rogers,,
Communications,DST226,Cellular Service,,SIM / ISP,,SWO,,,,Deployed or NOT Available,Active,,,,,,,,,,,76.70.161.246,Bell,,
Communications,DST316,Cellular Service,,SIM / ISP,,SWO,,,,Deployed or NOT Available,Active,,,,,,,,,,,174.90.196.202,Bell,,
Communications,DST305,Cellular Service,,SIM / ISP,,SWO,,,,Deployed or NOT Available,Active,,,,,,,,,,,161.216.154.250,Bell,,
Communications,DST348,Cellular Service,,SIM / ISP,,SWO,,,,Deployed or NOT Available,Active,,,,,,,,,,,161.216.59.90,Bell,,
Communications,DST220,Cellular Service,,SIM / ISP,,SWO,,,,Deployed or NOT Available,Active,,,,,,,,,,,70.28.207.104,Bell,,
Communications,DST211,Cellular Service,,SIM / ISP,,SWO,,,,Deployed or NOT Available,Active,,,,,,,,,,,74.198.19.99,Rogers,,
Communications,DST121,Cellular Service,,SIM / ISP,,SWO,,,,Deployed or NOT Available,Active,,,,,,,,,,,76.70.254.10,Bell,,
Communications,DST038,Cellular Service,,SIM / ISP,,SWO,,,,Deployed or NOT Available,Active,,,,,,,,,,,72.139.230.230,Rogers,,
Communications,DST230,Cellular Service,,SIM / ISP,,SWO,,,,Deployed or NOT Available,Active,,,,,,,,,,,99.212.83.241,Rogers,,
Communications,DST153,Cellular Service,,SIM / ISP,,SWO,,,,Deployed or NOT Available,Active,,,,,,,,,,,74.198.19.98,Rogers,,
Communications,DST070,Cellular Service,,SIM / ISP,,SWO,,,,Deployed or NOT Available,Active,,,,,,,,,,,72.139.231.172,Rogers,,
Communications,DST313,Cellular Service,,SIM / ISP,,SWO,,,,Deployed or NOT Available,Active,,,,,,,,,,,99.212.83.243,Rogers,,
Communications,DST035,Cellular Service,,SIM / ISP,,SWO,,,,Deployed or NOT Available,Active,,,,,,,,,,,72.142.184.167,Rogers,,
Communications,DST126,Cellular Service,,SIM / ISP,,SWO,,,,Deployed or NOT Available,Active,,,,,,,,,,,161.216.159.229,Bell,,
Communications,DST355,Cellular Service,,SIM / ISP,,SWO,,,,Deployed or NOT Available,Active,,,,,,,,,,,74.198.16.38,Rogers,,
Communications,DST332,Cellular Service,,SIM / ISP,,SWO,,,,Deployed or NOT Available,Active,,,,,,,,,,,99.212.83.245,Rogers,,
Communications,DST311,Cellular Service,,SIM / ISP,,SWO,,,,Deployed or NOT Available,Active,,,,,,,,,,,174.90.199.152,Bell,,
Communications,DST185,Cellular Service,,SIM / ISP,,SWO,,,,Deployed or NOT Available,Active,,,,,,,,,,,70.28.196.89,Bell,,
Communications,DST327,Cellular Service,,SIM / ISP,,SWO,,,,Deployed or NOT Available,Active,,,,,,,,,,,74.198.19.93,Rogers,,
Communications,DST114,Cellular Service,,SIM / ISP,,SWO,,,,Deployed or NOT Available,Active,,,,,,,,,,,76.70.254.41,Bell,,
Communications,DST064,Cellular Service,,SIM / ISP,,SWO,,,,Deployed or NOT Available,Active,,,,,,,,,,,72.139.231.174,Rogers,,
Communications,DST420,Cellular Service,,SIM / ISP,,SWO,,,,Deployed or NOT Available,Active,,,,,,,,,,,161.216.20.229,Bell,,
Communications,DST445,Cellular Service,,SIM / ISP,,SWO,,,,Deployed or NOT Available,Active,,,,,,,,,,,70.28.241.240,Bell,,
Communications,DST245,Cellular Service,,SIM / ISP,,SWO,,,,Deployed or NOT Available,Active,,,,,,,,,,,99.212.83.242,Rogers,,
Communications,DST298,Cellular Service,,SIM / ISP,,SWO,,,,Deployed or NOT Available,Active,,,,,,,,,,,174.90.196.28,Bell,,
Communications,DST109,Cellular Service,,SIM / ISP,,SWO,,,,Deployed or NOT Available,Active,,,,,,,,,,,74.198.19.130,Rogers,,
Communications,DST242,Cellular Service,,SIM / ISP,,SWO,,,,Deployed or NOT Available,Active,,,,,,,,,,,174.90.115.181,Bell,,
Communications,DST517,Cellular Service,,SIM / ISP,,SWO,,,,Deployed or NOT Available,Active,,,,,,,,,,,99.212.83.248,Rogers,,
Communications,DST071,Cellular Service,,SIM / ISP,,SWO,,,,Deployed or NOT Available,Active,,,,,,,,,,,72.139.231.173,Rogers,,
Communications,DST453,Cellular Service,,SIM / ISP,,SWO,,,,Available,Active,,,,,,,,,,,70.28.240.222,Bell,,
Communications,DST044,Cellular Service,,SIM / ISP,,SWO,,,,Available,Active,,,,,,,,,,,184.151.33.41,Bell,,
Communications,DST210,Cellular Service,,SIM / ISP,,SWO,,,,Available,Active,,,,,,,,,,,70.28.203.84,Bell,,
Communications,DST438,Cellular Service,,SIM / ISP,,SWO,,,,Available,Active,,,,,,,,,,,70.28.241.113,Bell,,
Communications,DST258,Cellular Service,,SIM / ISP,,SWO,,,,Available,Active,,,,,,,,,,,174.90.115.131,Bell,,
Communications,DST208,Cellular Service,,SIM / ISP,,SWO,,,,Available,Active,,,,,,,,,,,70.28.194.104,Bell,,
Communications,DST466,Cellular Service,,SIM / ISP,,SWO,,,,Available,Active,,,,,,,,,,,99.210.22.164,Rogers,,
Communications,DST460,Cellular Service,,SIM / ISP,,SWO,,,,Available,Active,,,,,,,,,,,97.109.23.84,Rogers,,
Communications,DST375,Cellular Service,,SIM / ISP,,Sudbury,,,,Available,Active,,,,,,,,,,,184.151.6.51,,,
Communications,DST247,Cellular Service,,SIM / ISP,,Sudbury,,,,Available,Active,,,,,,,,,,,174.90.113.220,,,
Communications,DST127,Cellular Service,,SIM / ISP,,Sudbury,,,,Available,Active,,,,,,,,,,,76.70.254.180,,,
Communications,DST097,Cellular Service,,SIM / ISP,,Sudbury,,,,Available,Active,,,,,,,,,,,72.139.231.191,,,
Communications,DST357,Cellular Service,,SIM / ISP,,Sudbury,,,,Available,Active,,,,,,,,,,,161.216.59.43,,,
Communications,DST191,Cellular Service,,SIM / ISP,,Sudbury,,,,Available,Active,,,,,,,,,,,70.28.200.240,,,
Communications,DST014,Cellular Service,,SIM / ISP,,Sudbury,,,,Available,Active,,,,,,,,,,,72.142.178.43,,,
Communications,DST273,Cellular Service,,SIM / ISP,,Sudbury,,,,Available,Active,,,,,,,,,,,174.90.112.247,,,
Communications,DST021,Cellular Service,,SIM / ISP,,Sudbury,,,,Available,Active,,,,,,,,,,,72.142.179.81,,,
Communications,DST214,Cellular Service,,SIM / ISP,,Sudbury,,,,Available,Active,,,,,,,,,,,70.28.198.213,,,
Communications,DST280,Cellular Service,,SIM / ISP,,Sudbury,,,,Available,Active,,,,,,,,,,,174.90.197.77,,,
Communications,DST100,Cellular Service,,SIM / ISP,,Sudbury,,,,Available,Active,,,,,,,,,,,174.90.98.206,,,
Communications,DST505,Cellular Service,,SIM / ISP,,Thunder Bay,,,,Available,Active,,,,,,,,,,,76.70.241.70,,,
Communications,DST101,Cellular Service,,SIM / ISP,,Sudbury,,,,Available,Active,,,,,,,,,,,184.151.7.168,,,
Communications,DST069,Cellular Service,,SIM / ISP,,Sudbury,,,,Available,Active,,,,,,,,,,,72.139.231.201,,,
Communications,DST237,Cellular Service,,SIM / ISP,,Sudbury,,,,Available,Active,,,,,,,,,,,174.90.113.15,,,
Communications,DST359,Cellular Service,,SIM / ISP,,Sudbury,,,,Available,Active,,,,,,,,,,,161.216.59.81,,,
Communications,DST217,Cellular Service,,SIM / ISP,,Sudbury,,,,Available,Active,,,,,,,,,,,70.28.206.63,,,
Communications,DST096,Cellular Service,,SIM / ISP,,Sudbury,,,,Available,Active,,,,,,,,,,,72.139.231.198,,,
Communications,DST275,Cellular Service,,SIM / ISP,,Sudbury,,,,Available,Active,,,,,,,,,,,174.90.199.143,,,
Communications,DST179,Cellular Service,,SIM / ISP,,Sudbury,,,,Available,Active,,,,,,,,,,,70.28.193.113,,,
Communications,DST253,Cellular Service,,SIM / ISP,,Sudbury,,,,Deployed or NOT Available,Active,,,,,,,,,,,174.90.115.30,,,
Communications,DST329,Cellular Service,,SIM / ISP,,Sudbury,,,,Deployed or NOT Available,Active,,,,,,,,,,,174.90.198.44,,,
Communications,DST195,Cellular Service,,SIM / ISP,,Sudbury,,,,Deployed or NOT Available,Active,,,,,,,,,,,70.28.195.169,,,
Communications,DST139,Cellular Service,,SIM / ISP,,Sudbury,,,,Deployed or NOT Available,Active,,,,,,,,,,,76.70.253.220,,,
Communications,DST317,Cellular Service,,SIM / ISP,,Sudbury,,,,Deployed or NOT Available,Active,,,,,,,,,,,174.90.199.50,,,
Communications,DST212,Cellular Service,,SIM / ISP,,Sudbury,,,,Deployed or NOT Available,Active,,,,,,,,,,,70.28.203.191,,,
Communications,DST094,Cellular Service,,SIM / ISP,,Sudbury,,,,Deployed or NOT Available,Active,,,,,,,,,,,72.139.231.190,,,
Communications,DST148,Cellular Service,,SIM / ISP,,Sudbury,,,,Deployed or NOT Available,Active,,,,,,,,,,,70.28.206.140,,,
Communications,DST152,Cellular Service,,SIM / ISP,,Sudbury,,,,Deployed or NOT Available,Active,,,,,,,,,,,70.28.193.88,,,
Communications,DST004,Cellular Service,,SIM / ISP,,Sudbury,,,,Deployed or NOT Available,Active,,,,,,,,,,,74.198.232.233,,,
Communications,DST325,Cellular Service,,SIM / ISP,,Sudbury,,,,Deployed or NOT Available,Active,,,,,,,,,,,174.90.199.131,,,
Communications,DST181,Cellular Service,,SIM / ISP,,Sudbury,,,,Deployed or NOT Available,Active,,,,,,,,,,,70.28.204.172,,,
Communications,DST263,Cellular Service,,SIM / ISP,,Sudbury,,,,Deployed or NOT Available,Active,,,,,,,,,,,174.90.112.160,,,
Communications,DST483,Cellular Service,,SIM / ISP,,Sudbury,,,,Deployed or NOT Available,Active,,,,,,,,,,,76.70.249.249,,,
Communications,DST100,Cellular Service,,SIM / ISP,,Sudbury,,,,Deployed or NOT Available,Active,,,,,,,,,,,174.90.98.206,,,
Communications,DST220,Cellular Service,,SIM / ISP,,Sudbury,,,,Deployed or NOT Available,Active,,,,,,,,,,,70.28.207.104,,,
Communications,DST196,Cellular Service,,SIM / ISP,,Thunder Bay,,,,Deployed or NOT Available,Active,,,,,,,,,,,70.28.207.224,,,
Communications,DST351,Cellular Service,,SIM / ISP,,Sudbury,,,,Deployed or NOT Available,Active,,,,,,,,,,,161.216.57.84,,,
Communications,DST122,Cellular Service,,SIM / ISP,,Sudbury,,,,Deployed or NOT Available,Active,,,,,,,,,,,184.151.52.109,,,
Communications,DST026,Cellular Service,,SIM / ISP,,Sudbury,,,,Deployed or NOT Available,Active,,,,,,,,,,,72.142.185.72,,,
Communications,DST278,Cellular Service,,SIM / ISP,,Sudbury,,,,Deployed or NOT Available,Active,,,,,,,,,,,70.28.241.160,,,
Communications,DST162,Cellular Service,,SIM / ISP,,Sudbury,,,,Deployed or NOT Available,Active,,,,,,,,,,,70.28.200.142,,,
Communications,DST215,Cellular Service,,SIM / ISP,,Sudbury,,,,Deployed or NOT Available,Active,,,,,,,,,,,70.28.200.84,,,
Communications,DST289,Cellular Service,,SIM / ISP,,Sudbury,,,,Deployed or NOT Available,Active,,,,,,,,,,,174.90.199.233,,,
Communications,DST241,Cellular Service,,SIM / ISP,,Sudbury,,,,Deployed or NOT Available,Active,,,,,,,,,,,174.90.114.169,,,
Communications,DST065,Cellular Service,,SIM / ISP,,Sudbury,,,,Deployed or NOT Available,Active,,,,,,,,,,,72.139.231.197,,,
Communications,DST025,Cellular Service,,SIM / ISP,,Sudbury,,,,Deployed or NOT Available,Active,,,,,,,,,,,72.139.229.235,,,
Communications,DST301,Cellular Service,,SIM / ISP,,Thunder Bay,,,,Deployed or NOT Available,Active,,,,,,,,,,,174.90.197.85,,,
Communications,DST098,Cellular Service,,SIM / ISP,,Sudbury,,,,Deployed or NOT Available,Active,,,,,,,,,,,184.151.33.122,,,
Communications,DST078,Cellular Service,,SIM / ISP,,Sudbury,,,,Deployed or NOT Available,Active,,,,,,,,,,,72.139.231.194,,,
Communications,DST243,Cellular Service,,SIM / ISP,,Sudbury,,,,Deployed or NOT Available,Active,,,,,,,,,,,174.90.113.24,,,
Communications,DST372,Cellular Service,,SIM / ISP,,Sudbury,,,,Deployed or NOT Available,Active,,,,,,,,,,,184.151.6.162,,,
Seismographs,DST215,Data Logger,Sigicom,D10,107249,Sudbury,,,,Deployed or NOT Available,Active,,02304484 - Vale Copper Stack,,,,,,,,,,,,
Seismographs,DST289,Data Logger,Sigicom,D10,108839,Sudbury,,,,Deployed or NOT Available,Active,,02304484 - Vale Copper Stack,,,,,,,,,,,,
Seismographs,DST241,Data Logger,Sigicom,D10,109555,Sudbury,,,,Deployed or NOT Available,Active,,Don Lita Lift Station Upgrades,,,,,,,,,,,,
Seismographs,DST065,Geophone,Sigicom,V12,30250,Sudbury,,,,Deployed or NOT Available,Active,,02304484 - Vale Copper Stack,,,,,,,,,,,,
Seismographs,DST025,Geophone,Sigicom,V12,35590,Sudbury,,,,Deployed or NOT Available,Active,,02304484 - Vale Copper Stack,,,,,,,,,,,,
Seismographs,DST301,Geophone,Sigicom,V12,33260,Sudbury,,,,Deployed or NOT Available,Active,,,,,,,,,,,,,,
Seismographs,DST098,"Microphone, Sound Level Meter",Sigicom,S50,13597,Sudbury,,,,Deployed or NOT Available,Active,,,,,,,,,,,,,,
Seismographs,DST078,"Microphone, Sound Level Meter",Sigicom,S50,13654,Sudbury,,,,Deployed or NOT Available,Active,,,,,,,,,,,,,,
Seismographs,DST243,"Microphone, Sound Level Meter",Sigicom,S50,14569,Sudbury,,,,Deployed or NOT Available,Active,,,,,,,,,,,,,,
Communications,DST372,Cellular Service,,SIM / ISP,,,,,,,Active,,,,,,,,,,,70.28.207.231,,,
Communications,DST309,Cellular Service,,SIM / ISP,,,,,,,Active,,,,,,,,,,,174.90.196.12,,,
Communications,DST143,Cellular Service,,SIM / ISP,,,,,,,Active,,,,,,,,,,,76.70.254.235,,,
Communications,DST104,Cellular Service,,SIM / ISP,,,,,,,Active,,,,,,,,,,,76.70.252.104,,,
Communications,DST381,Cellular Service,,SIM / ISP,,,,,,,Active,,,,,,,,,,,,,,
Communications,DST422,Cellular Service,,SIM / ISP,,,,,,,Active,,,,,,,,,,,,,,
Communications,DST265,Cellular Service,,SIM / ISP,,,,,,,Active,,,,,,,,,,,,,,
Geomatics,TS-001,Total Station,Trimble,S5 - 3s Robotic,37011309,Mississauga,2021-06-01 00:00:00,,,,Active,,,,,,,,,,,,,,
Geomatics,TS-002,Total Station,Leica,TS10,3305651,Mississauga,10/31/2019,,,,Active,,,,,,,,,,,,,,
Geomatics,TS-003,Total Station,Leica,TS10,3306406,Mississauga,12/27/2019,,,,Active,,,,,,,,,,,,,,
Geomatics,TS-004,Total Station,Leica,TS16,3265101,Mississauga,11/25/2019,,,,Active,,,,,,,,,,,,,,
Geomatics,FC-001,Field Controller,Leica,CS20,2460994,Mississauga,,,In use with TS16 - 3265101,,Active,,,,,,,,,,,,,,
Imaging,CAM-003,HD Camera,Sony,HDR-CX455,3187092,Ottawa,,,,,Active,,,,,,,,,,,,,,
Imaging,CAM-008,HD Camera,Sony,HDR-PJ340,3197714,Ottawa,,,"Damage - Charging only, battery glued to back",,Active,,,,,,,,,,,,,,
Imaging,CAM-006,HD Camera,Sony,HDR-PJ340,3185476,Ottawa,,,,,Active,,,,,,,,,,,,,,
Imaging,CAM-007,HD Camera,Sony,HDR - CX455,3201905,Ottawa,,,,,Active,,,,,,,,,,,,,,
Imaging,CAM-004,HD Camera,Sony,HDR-CX455,3186654,Ottawa,,,,,Active,,,,,,,,,,,,,,
Geomatics,TS-005,Total Station,Trimble,S7 - 2s Robotic,,Ottawa,,,,,Active,,,,,,,,,,,,,,
Geomatics,TS-006,Total Station,Trimble,S7 - 2s Robotic,,Ottawa,,,,,Active,,,,,,,,,,,,,,
Acoustics,AC-001,Acoustic Calibrator,Larson Davis,CAL200,18084,Ottawa,2/20/2025,,,,Active,,,,,,,,,,,,,,
Acoustics,AC-002,Acoustic Calibrator,Larson Davis,CAL200,11209,Ottawa,,,,,Active,,,,,,,,,,,,,,
Acoustics,AC-003,Acoustic Calibrator,Larson Davis,CAL200,10869,Ottawa,2024-08-10 00:00:00,,,,Active,,,,,,,,,,,,,,
Acoustics,AC-004,Acoustic Calibrator,B&K,Type 4231,3022731,Ottawa,2023-08-04 00:00:00,,,,Active,,,,,,,,,,,,,,
Imaging,CAM-001,HD Camera,Sony,AX-700,3187738,Ottawa,,,,,Active,,,,,,,,,,,,,,
Imaging,CAM-002,HD Camera,Sony,AX-700,3187737,Ottawa,,,,,Active,,,,,,,,,,,,,,
Geomatics,TS-007,Total Station,Trimble,S7 - 2s Robotic,37330789,Waterloo,2022-05-05 00:00:00,,Shoring Survey / Metrolinx Kitchener Corridor,,Active,Curtis Mossman,,,,,,,,,,,,,
Acoustics,AC-005,Acoustic Calibrator,B&K,Type 4231,3026798,Waterloo,8/16/2024,,,,Active,Brandon Shamblaw,,,,,,,,,,,,,
Geomatics,TS-008,Automated Total Station,Settop M1,,M13523146,Mississauga,,,Using SIM card 184.151.54.105,,Active,Calvin Chan,,,,,,,,,,,,,
Geomatics,TS-009,Automated Total Station,Settop M1,,M14220128,Mississauga,,,Using SIM card from DST192 (70.28.207.231),,Active,,,,,,,,,,,,,,
Geomatics,TS-010,Automated Total Station,Settop M1,,M14220150,Mississauga,,,Using SIM card from DST223 (76.70.162.116),,Active,,,,,,,,,,,,,,
Geomatics,TS-011,Automated Total Station,Settop M1,,no Settop now,Mississauga,,,no SIM card,,Active,,,,,,,,,,,,,,
Geomatics,TS-012,Total Station,Trimble,"S5 - 2"" Autolock",36950196,Waterloo,2022-12-10 00:00:00,,"Trimble Manual - London, Adelaide St. N.,",,Active,Kevin Sanza,,,,,,,,,,,,,
Geomatics,TS-013,Total Station,Trimble,"S5 - 2"" Autolock",36950373,Waterloo,2023-04-01 00:00:00,,Shoring Monitoring / Railway Work,,Active,Farhad Ahmadzadegan,,,,,,,,,,,,,
Geomatics,TS-014,Automated Total Station,Trimble,"S7 - 1"" Autolock AMTS",SN37250683,Waterloo,4/24/2023,,"Owned by Vanmar Construction Inc. Deployed at 02208928.000, Kitchener Station Park Phase 2 Condominium Development",,Active,Farhad Ahmadzadegan,,,,,,,,,,,,,
Geomatics,TS-015,Automated Total Station,Trimble,"S7 - 1"" Autolock AMTS",SN37250682,Waterloo,4/25/2023,,"Owned by Vanmar Construction Inc. Deployed at 02208928.000, Kitchener Station Park Phase 2 Condominium Development",,Active,farhad ahmadzadegan,,,,,,,,,,,,,
Acoustics,AC-006,Acoustic Calibrator,B&K,Type 4231,3019634,Mississauga,2025-03-09 00:00:00,,,,Active,,,,,,,,,,,,,,
Acoustics,AC-007,Acoustic Calibrator,B&K,Type 4231,2725443,Ottawa,2/21/2025,,,,Active,MM,,,,,,,,,,,,,
Acoustics,AC-008,Acoustic Calibrator,B&K,Type 4231,3004091,Ottawa,2/21/2025,,,,Active,,,,,,,,,,,,,,
Acoustics,AC-009,Acoustic Calibrator,B&K,Type 4231,3005407,Ottawa,1/30/2024,,,,Active,,,,,,,,,,,,,,
Air Quailty Monitroing,AQDS-001,Dust Sentry,Aeroqual,PCX,2520,Ottawa,2/26/2024,,KEV LRT Stage 2 - Abbott,,Active,,,,,,,,,,,,,,
Air Quailty Monitroing,AQDS-002,Dust Sentry,Aeroqual,PCX,2521,Ottawa,2/26/2024,,KEV LRT Stage 2 - 75 Clearly,,Active,,,,,,,,,,,,,,
Acoustics,AC-010,Acoustic Calibrator,B&K,Type 4231,3021462,Ottawa,3/18/2025,,Missing the 1/2in microphone adaptor.,,Active,Martin Villeneuve,,,,,,,,,,,,,
Geomatics,TS-016,Automated Total Station,Settop M1,,M12021135,Mississauga,,,Using SIM card from DST104 (76.70.252.104),,Active,,,,,,,,,,,,,,
Imaging,CAM-005,HD Camera,Sony,HDR-CX455,3197892,Ottawa,,,,,Active,,,,,,,,,,,,,,
Imaging,CAM-009,HD Camera,Sony,CoolPix L32,50022303,Ottawa,,,,,Active,,,,,,,,,,,,,,
Imaging,GoPro-001,HD Camera,GoPro,Black 12,27971,Ottawa,,,,,Active,,,,,,,,,,,,,,
Imaging,GoPro-002,HD Camera,GoPro,White 7,24746234,Ottawa,,,,,Active,,,,,,,,,,,,,,
Imaging,GoPro-003,HD Camera,GoPro,White 7,24744866,Ottawa,,,,,Active,,,,,,,,,,,,,,
Imaging,GoPro-004,HD Camera,GoPro,Black 7,7010173,Ottawa,,,,,Active,,,,,,,,,,,,,,
Acoustics,AC-011,Acoustic Calibrator,Bruel & Kjaer,4231,2147220,Ottawa,2026-12-01 00:00:00,,,,Active,MV,,,,,,,,,,,,,
General,AT-001,Bluetooth Asset Tracker,Apple,AirTag,,Ottawa,,,,Deployed,Active,,,,,,,,,,,,,,
General,AT-002,Bluetooth Asset Tracker,Apple,AirTag,,Ottawa,,,,Available,Active,,,,,,,,,,,,,,
General,AT-003,Bluetooth Asset Tracker,Apple,AirTag,,Ottawa,,,,Available,Active,,,,,,,,,,,,,,
General,AT-004,Bluetooth Asset Tracker,Apple,AirTag,,Ottawa,,,,Deployed or NOT Available,Active,,,,,75 Cleary Dust Sentry,,,,,,,,,
General,AT-005,Bluetooth Asset Tracker,Apple,AirTag,,Ottawa,,,,Available,Active,,,,,,,,,,,,,,
General,AT-006,Bluetooth Asset Tracker,Apple,AirTag,,Ottawa,,,,Available,Active,,,,,,,,,,,,,,
General,AT-007,Bluetooth Asset Tracker,Apple,AirTag,,Ottawa,,,,Available,Active,,,,,Abbott Dust Sentry,,,,,,,,,
General,AT-008,Bluetooth Asset Tracker,Apple,AirTag,,Ottawa,,,,Deployed,Active,,,,,NAC East Mic,,,,,,,,,
Geotechnical Monitoring,VWR-001,,Encardio Rite,EDI-54V,1908007,Waterloo,,,,Available,Active,,,,,,,,,,,,,,
Geotechnical Monitoring,VWR-002,,Encardio Rite,EDI-54V,1911003,Waterloo,,,,Available,Active,,,,,,,,,,,,,,
Geotechnical Monitoring,VWR-003,,Campbell Scientific,VWANALZYER,1378,Waterloo,,,,Available,Active,,,,,,,,,,,,,,
Geotechnical Monitoring,,,RST,Model 23600,275003,Mississauga,,,,Deployed or NOT Available,Active,,,,,,,,,,,,,,
Geotechnical Monitoring,,,RST,Model 23600,148649,Mississauga,,,,Deployed or NOT Available,Active,,,,,,,,,,,,,,
Geotechnical Monitoring,,,RST,,DR1921,Mississauga,,,,Needs Repair / Calibration,Active,,,,,,,,,,,,,,
Geotechnical Monitoring,,,Encardio Rite,,E-1808021,Mississauga,,,,Available,Active,,,,,,,,,,,,,,
Geotechnical Monitoring,,,RST,,DR3409,Mississauga,,,,Needs Repair / Calibration,Active,,,,,,,,,,,,,,
Geotechnical Monitoring,,,RST,,DR3320,Mississauga,,,,Deployed or NOT Available,Active,,,,,,,,,,,,,,
Geotechnical Monitoring,,,RST,MEMS Digital,DP2463,Mississauga,,,,Available,Active,,,,,,,,,,,,,,
Geotechnical Monitoring,,,RST,MEMS Digital,DP1337,Mississauga,,,,Needs Repair / Calibration,Active,,,,,,,,,,,,,,
Geotechnical Monitoring,VWR-004,,Campbell Scientific,VW-Analyzer,1326,Mississauga,,,,Deployed or NOT Available,Active,,,,,,,,,,,,,,
Geotechnical Monitoring,,,RST,Reel,DP2732,Waterloo,,,,Deployed or NOT Available,Active,,,,,,,,,,,,,,
Geotechnical Monitoring,,,RST,MEMS Digital,DP2732,Waterloo,,,,Deployed or NOT Available,Active,,,,,,,,,,,,,,
Geotechnical Monitoring,,,Loadsensing,,23999,Mississauga,,,,Deployed or NOT Available,Active,,,,,,,,,,,,,,
Geotechnical Monitoring,,,Loadsensing,,23619,Mississauga,,,,Available,Active,,,,,,,,,,,,,,
Geotechnical Monitoring,TLT-001,,Slope Indicator,EL Tilt Sensor,19822,Ottawa,,,,Available,Active,,,,,,,,,,,,,,
Geotechnical Monitoring,TLT-002,,Slope Indicator,EL Tilt Sensor,19890,Ottawa,,,,Available,Active,,,,,,,,,,,,,,
Geotechnical Monitoring,TLT-003,,Slope Indicator,EL Tilt Sensor,19891,Ottawa,,,,Available,Active,,,,,,,,,,,,,,
Geotechnical Monitoring,TLT-004,,Slope indicator,EL Tilt Sensor,19892,Ottawa,,,,Available,Active,,,,,,,,,,,,,,
Geotechnical Monitoring,TLT-005,,Slope indicator,VWP,2207991,Ottawa,,,,Available,Active,,,,,,,,,,,,,,
Geotechnical Monitoring,TLT-006,,Slope Indicator,VWP,2207992,Ottawa,,,,Available,Active,,,,,,,,,,,,,,
Geotechnical Monitoring,,,Campbell Scientific,VWANALYZER,1668,Waterloo,,,,Available,Active,,,,,,,,,,,,,,
Geotechnical Monitoring,VWR-005,,RST,MEMS Digital,DP3120,Waterloo,,,,Deployed or NOT Available,Active,,,,,,,,,,,,,,
Geotechnical Monitoring,,,Measurand,SAAX,271638,Ottawa,,,,Deployed or NOT Available,Active,,,,,,,,,,,,,,
Geotechnical Monitoring,,,Measurand,SAAX,181631,Ottawa,,,,Available,Active,,,,,,,,,,,,,,
,,,,,,,,,,Available,Active,,,,,,,,,,,,,,
